domain,street_address,mailable,in_target_list,flag
21tech.com,"1330 Broadway, Suite 701, Oakland, CA 94612, US",yes,,
360energysolutions.net,"8510 NW 68th St, Miami, Florida 33166, US",yes,yes,
48electric.com,"Chandler, AZ 85226, US",NO - city/state only,yes,
4btechnology.com,"100 Glenborough Dr, Suite 800, Houston, Texas 77067, US",yes,,
4c2electrical.com,"6401 Commerce Dr; Irving, Texas 75063, US",yes,yes,
4lp.com,"29092 Krentel Rd, Lacombe, Louisiana 70445, US",yes,yes,
4magnum.com,"41700 Gardenbrook Rd, Novi, Michigan 48375, US",yes,,
4standardelectric.com,"876 Vance Ave.; Memphis, TN 38126, US",yes,yes,
5stardrilling.com,"PO BOX 194, KINGSLEY, Michigan 49649, US",yes,yes,
5starengineering.com,"2151 WILLOWCREEK ROAD; PORTAGE, IN 46368, US",yes,yes,
741solutions.com,"6423 Cunningham Rd, Houston, Texas 77041, US",yes,yes,
a-1signs.com,"1441 Highway 96, Burns, Tennessee 37029, US",yes,,
a-1signsinc.com,"3950 Metropolitan St, New Orleans, Louisiana 70126, US",yes,,
a-aelectric.com,"2011 South Combee Road, Lakeland, Florida 33801-6855, US",yes,,
a-harmature.com,"1330 Westbank Expy; Westwego, Louisiana 70094, US",yes,yes,
a1eleco.com,"2783 Lapalco Blvd; Harvey, Louisiana 70058, US",yes,yes,
a1lightning.com,"10240 SW 134 Ct, Dunnellon, FL 34432, US",yes,yes,
aa-tech.com,"101 Trade Zone Drive; Ronkonkoma, NY 11779, US",yes,yes,
aaa-asphalt.com,"19155 Circle Lake Dr, Pinehurst, Texas 77362, US",yes,,
aaaelectrictx.com,"10001 s fm 1541; amarillo, TX 79118, US",yes,yes,
aaafiberglass.net,"3940 SW 113th St., Oklahoma City, Oklahoma 73173, US",yes,,
aaapaintco.com,"529 W. Roosevelt Rd., Wheaton, IL 60187, US",yes,,
aandwelectric.com,"127 W. 28th Street, Charlotte, North Carolina 28206, US",yes,yes,
aarowelectricalsolutions.com,"6410 TRUST PLACE; HUGHESVILLE, Maryland 20637, US",yes,yes,
aawva.com,"3412 BROADWAY AVE; Alexandria, Louisiana 71302, us",yes,yes,
abecelectric.com,"407 Spence Lane, Nashville, TN 37210, US",yes,yes,
abelectric.net,"1020 D St, Meridian, MS 39301, US",yes,yes,
aboutmmc.com,"5901 Fresca Dr; La Palma, California 90623, US",yes,yes,
abpowers.com,"2314 Montana; El Paso, Texas 79932, US",yes,yes,
abstractelectric.com,"116 N 12th Street, Hilbert, WI 54129, US",yes,yes,
acapellainc.com,"Petaluma, CA, US",NO - city/state only,,
accbr.com,"11914 Cloverland Court, Baton Rouge, LA 70809, US",yes,yes,
accentgraphicsinc.com,"523 E Rock Island Rd, Grand Prairie, Texas 75050, US",yes,,
accesstopower.com,"1990 Foundry Ct; Ceres, California 95307, US",yes,yes,
accuracal.com,"2834 W. Kingsley Rd., Garland, TX 75041, US",yes,,
accurateexcavation.com,"4833 30th Pl, Yuma, AZ 85365",yes,,
accuratepropertyrestoration.com,"2570 W 237th St, Unit B, Torrance, California 90505, US",yes,,
acdc-sg.com,"623 South Chestnut Drive; Suite B; Tomball, TX 77375, US",yes,yes,
acdcpowertechnologies.com,"3505 Naturally Fresh Blvd, Suite 360, Atlanta, GA 30349, US",yes,yes,
acec-ark.com,"3401 Kelley Hwy., Fort Smith, Arkansas 72904, US",yes,,
acedig.net,"502 E 16th St; Houston, Texas 77008, US",yes,yes,
aceelecservice.com,"10304 WASHINGTON PIKE; Corryton, Tennessee 37721, us",yes,yes,
aceelectrical.net,"8300 10th Ave N, Golden Valley, Minnesota 55427, US",yes,yes,
aceelectricmotor.com,"529 N Orange St, Stockton, California, US",yes,yes,
acelectricalsystems.com,"636A N MILLER RD; Springfield, Missouri 65802, us",NO - city/state only,yes,
aceviking.com,"2222 E 30th St; Erie, Pennsylvania 16510-2552, US",yes,yes,
acgtampa.com,"2706 Stallone Drive, Tampa, Florida 33605, US",yes,,
achesonautoworks.com,"8000 University Blvd., Clive, IA 50325, US",yes,,
aclightningprotection.com,"209 Plaza Drive, West Point, Nebraska 68788, US",yes,yes,
acmeelectriccompany.com,"5000 Martin St, Fort Worth, TX 76119",yes,yes,
acornelectrical.com,"PO BOX 550; PINEY FLATS, Tennessee 37686, US",yes,yes,
acrtmn.com,"Hopkins, MN 55449, US",NO - city/state only,,
acstraffic.net,"PO BOX 300666; Fern Park, Florida 32730, us",yes,yes,
actgti.com,"8666 Huebner Rd, Suite 204, SAN ANTONIO, TX 78240, US",yes,,
actionelectricalcontractors.com,"791 W Bel Air Ave; Aberdeen, Maryland 21001, US",yes,yes,
active-electric.com,"1885 Southtown Blvd, Dayton, Ohio 45439, US",yes,yes,
adc-electrical.co.uk,"Brindley Road; Hertburn Ind Est.; Washington, Tyne & Wear NE37 2SF, GB",yes,yes,
adkelectric.com,"109 Spring Run Dr; Monroeville, Pennsylvania 15146, US",yes,yes,
advance-electrical.com,"33 Appian Way, Smithfield, RI 02917, US",yes,yes,
advancedelectricalsolutions.com,"4051 S.W. 47TH AVENUE; FT. LAUDERDALE, Florida 33314, US",yes,yes,
advancedpowering.com,"30253 TOMAS; Rancho Santa Margarita, California 92688, US",yes,yes,
advancemotorsolutions.com,"175 SW 20th Way Unit N6, Dania Beach, FL 33004, US",yes,yes,
advdesign.com,"2750 KIllarney Drive, Suite 207, Woodbridge, VA 22192, US",yes,,
advind.com,"2196 Port Sheldon St., Jenison, Michigan 49428, US",yes,,
aecco.net,"620 Pratt Ave N, Schaumburg, IL 60193, US",yes,yes,
aecinc.us,"3405 PEARSON RD; Memphis, Tennessee 38118, us",yes,yes,
aeelectricservice.com,"929 5th Avenue South; Nashville, TN 37203, US",yes,yes,
aeinteriors.com,"5360 Bierson Way, Central Point, Oregon 97502, US",yes,,
aemservices.com,"185 Rowland Street, Springfield, MA 01107, US",yes,yes,
aerones.com,"Katlakalna iela 11; Riga, Riga LV-1073, LV",NO - city/state only,yes,
aerosenelectrical.com,"178 Catherine St, Albany, NY 12202",yes,yes,
aerotage.com,"240 Lookout Pl, Maitland, Florida 32751, US",yes,,
aeservices.us,"1708 Whitehead Road, 102B, Baltimore, MD 21207, US",yes,yes,
aesgs.com,"1832 Stone Ave, San Jose, California 95125, US",yes,,
aesintl.com,"101 Technology Lane; Mount Airy, North Carolina 27030, US",yes,yes,
aetnacorp.com,"175 Brookline Street; Cambridge, MA 02139, US",yes,yes,
afelectric.net,"465 Borrego Ct # B, San Dimas, CA 91773, US",yes,yes,
affordableflags.com,"3905 S HWY 85-87, COLORADO SPRINGS, Colorado 80911, US",yes,,
afi-systems.com,"10801 Nations Ford Road; Pineville, North Carolina NC 28134, US",yes,yes,
agesinc.us,"608 Center St, Smithton, Pennsylvania 15479, US",yes,yes,
agiconstruction.com,"34 Appian Way; Smithfield, Rhode Island 02917, US",yes,yes,
agostinoutilities.com,"4457 Skippack Pike, Suite 101, Schwenksville, Pennsylvania 19473, US",yes,yes,
agtservices.com,"24 Sam Stratton Rd; Amsterdam, NY 12010, US",yes,yes,
aha-engineers.com,"77 S Bedford St, Suite 140, Burlington, Massachusetts 01803, US",yes,,
ahindllc.com,"2413 Schuster Dr, Suite C, Hyattsville, Maryland 20781, US",yes,yes,
aidelectric.com,"Minneapolis, US",NO - city/state only,yes,
airconmechanical.com,"3121 SE 14th St; Des Moines, Iowa 50320, US",yes,yes,
airdinc.com,"5711 Industry Ln, #29, Frederick, Maryland 21704, US",yes,,
airekoenergygroup.com,"2415 W Sand Lake Rd, Ste. E, Orlando, Florida 32809, US",yes,yes,
airelectro.com,"9452 De Soto Ave., Los Angeles, CA 91313, US",yes,,
airportnac.com,"Brooksville , 34604, US",NO - city/state only,,
airpowerconsultants.com,"18903 W 157th Terrace; Olathe, KS 66062, US",yes,yes,
airsaviation.com,"665 Mokena Drive; Suite #104; Miami Springs, Florida 33166, US",yes,yes,
aisav.com,"58 N 300 W, Suite E, Tremonton, Utah 84337, US",yes,,
ait-marine.com,"2427 Ingleside Road, Norfolk, VA 23513, US",yes,,
aitechfl.com,"4811 Lyons Technology Pkwy, Suite 15, Coconut Creek, Florida 33073, US",yes,yes,
ajgoulderelectric.com,"4307 Hamann Parkway, Willoughby, Ohio 44094, US",yes,yes,
ajielectric.com,"11011 BROOKLET DR, STE 340; HOUSTON, Texas 77099, US",yes,yes,
aklinebuilders.com,"PO BOX 521405; BIG LAKE, Alaska 99652, US",yes,yes,
akronelectric.net,"3935 Bayless Ave, St. Louis, MO 63125, US",yes,yes,
alaelectric.com,"1728 Headland Avenue P.O. Box 8277; Dothan, Alabama 36304, US",yes,yes,
alamotransformer.com,"4931 SPACE CENTER DRIVE; SAN ANTONIO, Texas 78218, US",yes,yes,
albarell.com,"Bethlehem, Pennsylvania 18018, US",NO - city/state only,yes,
albdinc.com,"1031 S Leslie St, La Habra, California 90631, US",yes,yes,
albrechtellc.com,"P.O. Box 1451, Birmingham, Michigan 48012, US",yes,yes,
alcanelectric.com,"6670 Arctic Spur Road; Anchorage, Alaska 99518, US",yes,yes,
alcatex.com,"669 Farm Rd 1138, Royse City, TX 75189",yes,yes,
alertanalytical.com,"P.O. Box 12, Saxon, Wisconsin 54559-0012, US",yes,yes,
alessandroelectric.com,"181 Hyatt Ave; Yonkers, New York 10704-3637, US",yes,yes,
alexander-electric.com,"1411 Belfast Ave; Columbus, GA 31904, US",yes,yes,
alfatransformer.com,"6107 S Zero St, Fort Smith, AR 72903, US",yes,yes,
all-briteinc.com,"5 Industry Drive Ext; West Haven, CT 06516, US",yes,yes,
allcomelectric.com,"7042 Commerce Circle, Ste A, Pleasanton, California 94588, US",yes,yes,
alleghenycityelectric.com,"1139 Woodland Ave; Pittsburgh, Pennsylvania 15212-2664, US",yes,yes,
allelectricmotorsla.com,"11784 Sheldon St # 11; Sun Valley, California 91352-1568, US",yes,yes,
allenelectric.com,"11043 Citrus Dr #4129, Ventura, CA 93007, US",yes,yes,
allenselectricmotors.com,"400 Roy Hoppy Hopkins Dr; Vivian, Louisiana 71082, US",yes,yes,
alliedcontrol.com,"611 Garfield Avenue; West Point, PA 19486, US",yes,yes,
alliedcorrosion.com,"1550 Cobb Industrial Drive NE, Marietta, Georgia 30066, US",yes,yes,
alliedelectric.us,"4355 E University Ave; Georgetown, Texas 78626, US",yes,yes,
alliedelectrical.com,"1425 Lindbergh Dr, Beaumont, TX 77707, US",yes,yes,
allindustrialelectric.com,"432 E State Parkway Ste A, Schaumburg, Illinois 60173, US",yes,yes,
allphaseelectric.net,"1031 Pennsylvania Ave; Linden, NJ 07036, US",yes,yes,
allphaseelectricfl.com,"4301 W South Ave; Tampa, Florida 33614, US",yes,yes,
allphasela.com,"122 Salsman St, Lafayette, Louisiana 70506, US",yes,yes,
allphasepl.com,"2122 Campbell St; Sandusky, Ohio 44870, US",yes,yes,
allproelectrical.com,"94 SE 501; Warrensburg, Missouri 64093, US",yes,yes,
allsouthlightningprotection.com,"5307 N Falkenburg Rd., Bldg. A, Tampa, Florida 33610, US",yes,yes,
allstarelectrical.com,"3311 East 42nd Avenue; Denver, CO 80216, US",yes,yes,
allstarie.com,"523 E Oak Hill Drive; Spring, Texas 77386, US",yes,yes,
allstateelec.com,"4390 Interstate Dr, Macon, Georgia 31210, US",yes,yes,
alltechllc.com,"117 Hillside Dr; Lewisville, Texas 75057, US",yes,yes,
alltradeindustries.com,"11 Lakeside Dr; Wolcott, Connecticut 06716-3242, US",yes,yes,
allumiax.com,"1187 N Willow Ave STE 103-40, Clovis, California 93611, US",yes,yes,
almanelec.com,"7677 Hunnicut Rd; Dallas, Texas 75228-6947, US",yes,yes,
alphaee.com,"1100 East 34th Street; Kansas City, Missouri 64109, US",yes,yes,
alphaindustries.pro,"1909 Snyder Rd, Ulster, Pennsylvania 18850, US",yes,yes,
alphapowergroup.com,"301 E Pine St; Suite 840; Orlando, Florida 32801, US",yes,yes,
alpinecr.com,"2480 Highway 421 N; Boone, NC 28607, US",yes,yes,
alselectric.ca,"[no street] Riverview, CA (Canadian entity)",yes,yes,
alternalite.com,"North Olmsted, OH 44070, US",NO - city/state only,yes,
altimateelectric.com,"2401 Back Acre Circle; Mount Airy, Maryland 21771, US",yes,yes,
alvahgroup.com,"Oakland, CA, US",NO - city/state only,yes,
amberelectrical.com,"2251 Century Center Blvd, Irving, Texas 75062-4907, US",yes,yes,
amconindustrial.com,"1375 OAKLEY INDUSTRIAL BLVD; FAIRBURN, GA 30213, US",yes,yes,
amelectricinc.com,"15132 Clark Ave; Hacienda Heights, CA 91745, US",yes,yes,
ameninc.com,"246 Tucannon Rd, Dayton, WA 99328, US",yes,yes,
americanconnectors.com,"2000 MLK Fwy, Fort Worth, Texas 76104, US",yes,yes,
americanenergy.us,"999 Lake Dr; Issaquah, Washington 98027, US",yes,yes,
americanpowercomm.net,"1416 MARIANI CT; Tracy, California 95376, US",yes,yes,
americanscii.com,"1012 11th St, Suite 103, Modesto, California 95354, US",yes,yes,
amesolutions.com,"217 SW 28th St; Fort Lauderdale, FL 33315, US",yes,yes,
amexelectric.com,"7677 Hunnicut Rd, Dallas, Texas 75228, US",yes,yes,
amfacpro.com,"33 Arch St; Boston, Massachusetts 02110, US",yes,yes,
amp-ind.com,"260 Scotland Dr, Alabaster, Alabama 35007, US",yes,yes,
ampedi.com,"1801 W Warner Avenue, Suite 300, Chicago, IL 60613, US",yes,yes,
ampelectricalinc.com,"1420 Union St Ext, West Springfield, MA 01089",yes,yes,
ampleelectric.com,"16 Light Sky Court; Sacramento, CA 95828, US",yes,yes,
amppconstruction.com,"810 W Washington St, Winchester, IN 47394, US",yes,yes,
ampsafe.com,"2722 W Bitters Rd; Suite 125; San Antonio, Texas 78248, US",yes,yes,
amptekcontractors.com,"212 E 4th Ave N; Aurora, Minnesota 55705, US",yes,yes,
ams-corp.com,"9119 Cross Park Drive, Knoxville, Tennessee 37923, US",yes,yes,
amwestcontrol.com,"10175 E. 106th Ave., Brighton, Colorado 80601, US",yes,yes,
anchorelectricmotors.com,"678 Silver St; Agawam, Massachusetts 01001, US",yes,yes,
ancoholdings.com,"46619 SD-38; Hartford, South Dakota 57033, US",yes,yes,
anconacontrols.com,"28021 Grand Oaks Court, Wixom, Michigan 48393, US",yes,yes,
andersonandwood.com,"2120 E Lanark St; Meridian, Idaho 83642, US",yes,yes,
andrewelectric.com,"Glendora, California 91740-0000, US",NO - city/state only,yes,
angielecc.com,"4311 Belmont Ave, Dallas, Texas 75204-3032, US",yes,yes,
anmarcorporation.com,"92 Park Ave; WARMINSTER, Pennsylvania 18974, US",yes,yes,
annunciator.com,"39 Hutcheson Place, Lynbrook, N.Y. 11563, US",yes,yes,
apexelectriccompany.com,"3007 Calhoun Ave; Chattanooga, Tennessee 37407-0598, US",yes,yes,
apexelectricgroup.com,"11 3rd St, #856, Auburn, Washington 98071, US",yes,yes,
applied-dynamics.com,"38 Butternut Street; I-91 Industrial Park; Greenfield, MA 01301, US",yes,yes,
apprep.com,"11241 Nursery Rd; Hagerstown, Maryland 21740, US",yes,yes,
apspower.com,"121 Weldon Parkway, Maryland Heights, MO 63043, US",yes,yes,
arcadiaelectrical.com,"1005 Wyckoff Ave; Ridgewood, New York 11385-5354, US",yes,yes,
arcflashelectric.com,"406 Madison Avenue, Suite 7, Orange Park, FL 32065, US",yes,yes,
arcflashpro.com,"5 S Peoria St; Louisburg, KS 66053, US",yes,yes,
archiableelectric.com,"3803 Ford Circle, Cincinnati, Ohio 45227-3403, US",yes,yes,
arcoelectric.us,"1302 Rising Ridge Rd; #9; Mount Airy, Maryland 21771, US",yes,yes,
arcpowersvc.com,"3204 S County Rd 1206, Midland, TX 79706",yes,yes,
arcstarelectric.com,"3425 N 21st, Ozark, MO 65721, US",yes,yes,
areawideelectric.com,"340 N Rock Island St, Wichita, Kansas 67202-2726, US",yes,yes,
argo-sys.com,"1362 Mellon Road; Suite 100; Hanover, Maryland 21076, US",yes,yes,
armorelectrical.com,"105 N Alamo Rd, Rockwall, TX 75087",yes,yes,
armorelectricrepair.com,"531 Linkwood Rd, Rock Hill, South Carolina 29730, US",yes,yes,
arrowheadline.com,"11201 W U.S. Highway 60; Canyon, Texas 79015, US",yes,yes,
arselectricnyc.com,"77 Jericho Tpke, Mineola, New York 11501, US",yes,yes,
artesiapilarelectrical.com,"2516 W 5th St, Santa Ana, CA 92703",yes,yes,
asbenergy.com,"11557 Circle C Trail, Amarillo, Texas 79118, US",yes,yes,
ase-ar.com,"182 Whited Farm Ln, Hot Springs, AR 71913",yes,yes,
aselectric.com,"80 Cleveland Street; Nashville, TN 37207, US",yes,yes,
asesafety.com,"5055 Pilgrim Rd, Flint, MI 48507, US",yes,yes,
asfelectric.net,"76 Hill Street; Daly City, California 94014, US",yes,yes,
asignbydesign.com,"501 W. Noble St., Lebanon, IN 46052, US",yes,,
asoliswelding.com,"15500 STATE HIGHWAY 46 W, Spring Branch, TX 78070, US",yes,,
asoundlook.com,"2001 Vivigen Way, Santa Fe, New Mexico 87505, US",yes,,
astuteng.com,"Vienna, Virginia 22182, US",NO - city/state only,yes,
atekelectric.com,"175 Vincent St; Smiths Grove, Kentucky 42171, US",yes,yes,
atlas-pellizzari.com,"450 Howland Street, Redwood City, CA 94063, US",yes,yes,
atlaselectricalconst.com,"824 Metcalf St # B; Sedro Woolley, Washington 98284-1423, US",yes,yes,
atokainc.com,"2695 Airport Road, Hot Springs, AR 71913, US",yes,,
ats-inc.org,"416 Creek Side Drive; Fairfax, IA 52228, US",yes,yes,
ats4solutions.com,"55 W Army Trail Rd, Suite 101, Glendale Heights, IL 60108-2186, US",yes,,
atscc.com,"1111 N I H 35 # 206, Round Rock, Texas 78664, US",yes,yes,
auipartners.com,"9800 Hillwood Pkwy, Suite 160, Fort Worth, Texas 76177, US",yes,,
austgen.com,"801 E Main St # 1; Griffith, Indiana 46319-2885, US",yes,yes,
austinelectricalconstruction.com,"17566 MAIN STREET; BUCHANAN, Virginia 24066, US",yes,yes,
austintechgroup.com,"1800 Sandy Plains Industrial Pkwy, Ste 325, Marietta, Georgia 30066, US",yes,,
autochargingexperts.com,"3050 W Ball Rd Spc 29, Anaheim, California 92804, US",yes,yes,
automatedpower.com,"1401 E Ball Rd; G; ANAHEIM, CA 92805, US",yes,yes,
avail-engineering.com,"591 E Valley Blvd; Colton, California 92324, US",yes,yes,
averillelectric.com,"28 Norfolk Ave, Easton, Massachusetts 02375, US",yes,yes,
avsengineering.net,"Monroe, Washington 98272, US",NO - city/state only,yes,
avsolutionsatlanta.com,"4865 Warehouse Way, Suite 105, Cumming, Georgia 30041, US",yes,,
awestenterprise.com,"705 Canal St; Albany, Georgia 31707, US",yes,yes,
awjelectric.com,"[no street] Fayetteville, Arkansas 72703, US",yes,yes,
axxisbuildingsystems.com,"1200 Summit Avenue; Suite 650; Fort Worth, Texas 76102, US",yes,yes,
aye-inc.com,"88 Commonwealth Dr; Lyndhurst, Virginia 22952, US",yes,yes,
aztecpowerline.com,"1499 US-17, Wauchula, FL 33873, US",yes,yes,
babylonem.com,"750 New Horizons Blvd, Amityville, NY 11701",yes,yes,
bacalightningprotection.com,"4201 Ellison St Ne; Albuquerque, NM 87109, US",yes,yes,
balancevibration.com,"2426 Lacy Ln, Carrollton, Texas 75006, US",yes,yes,
balco.com,"898 Center Dr; Vandalia, Ohio 45377, US",yes,yes,
ballanceelectric.com,"944 Corporate Ln, Chesapeake, VA 23320",yes,yes,
bandhelectric.com,"1122 Black Diamond Way, Lodi, California 95240, US",yes,yes,
bandjelectriconline.com,"10950 Woodworth Rd, North Lima, OH 44452",yes,yes,
banks-ec.com,"100 N Tryon St; STE B220-117; Charlotte, North Carolina 28202-4029, US",yes,yes,
bansalconstruction.com,"3263 Homeward Way Ste 1, Fairfield, Ohio 45014-4237, US",yes,yes,
bantaelectric.com,"5701 State Route 128; Cleves, Ohio 45002, US",yes,yes,
bardenelectric.com,"Torrance, US",NO - city/state only,yes,
barthelectric.com,"1934 N Illinois St, Indianapolis, Indiana, US",yes,yes,
baseloadfirst.com,"3609 County Road 55A; Corpus Christi, Texas 78406, US",yes,yes,
basselectric.net,"390 Swift Ave, South San Francisco, CA 94080",yes,yes,
basselectricalnyc.com,"1017 37th Ave, New York (Long Island City), NY 11101, US",yes,yes,
battag.com,"11 Industrial Boulevard; New Castle, Delaware 19720, US",yes,yes,
baxterelectricllc.com,"3708 N Courtenay Pkwy; 113; Merritt Island, Florida 32953, US",yes,yes,
bayarealightworks.com,"1460 Yosemite Ave., San Francisco, California 94124, US",yes,yes,
bayouelectrical.net,"1843 Peters Rd; Harvey, LA 70058, US",yes,yes,
bayviewecci.com,"5151 GOLDEN FOOTHILL PKWY; EL DORADO HILLS, California 95762, US",yes,yes,
bazenelectric.com,"750 Ball Ave NE, Grand Rapids, Michigan 49503, US",yes,yes,
bb-electric.com,"9982 Lickinghole Rd.; Ashland, Virginia 23005, US",yes,yes,
bbelectricmotor.com,"332 LULU; WICHITA, Kansas 67211, US",yes,yes,
beckerle.us,"2026 Corporate 44 Dr, Fenton, Missouri 63026, US",yes,yes,
beckettelectrical.com,"P.O. Box 81381, Austin, TX 78708, US",yes,yes,
beelectricinc.com,"2211 N. Madson Rd; Liberty Lake, Washington 99019, US",yes,yes,
bei-sc.com,"604 Greenwood Rd; West Columbia, South Carolina 29169, US",yes,yes,
beischel.com,"P.O. Box 32067, 5655 Center Hill Avenue, Cincinnati, OH 45232, US",yes,,
bemotors.net,"N7317 Hwy 42; Sheboygan, Wisconsin 53083, US",yes,yes,
benfieldinc.com,"400 Hickory Drive; Suite 200; Aberdeen, Maryland 21001, US",yes,yes,
bennett-electric.com,"55 Fruit St, Boston, Massachusetts 02114-2621, US",yes,yes,
bennettelectric.com,"1414 King St; Wilmington, North Carolina 28401, US",yes,yes,
bertke.com,"11005 OH-128; Harrison, Ohio 45030, US",yes,yes,
bescoelec.com,"5324 W 46th St S, Tulsa, Oklahoma 74107, US",yes,yes,
bescoelectrical.com,"9935 NORTHCROSS CENTER COURT; HUNTERSVILLE, NC 28078, US",yes,yes,
bestrepair.net,"2406 De Bree Ave, Norfolk, VA 23517",yes,yes,
bestwayelectric.com,"728 S Campbell Ave, Tucson, AZ 85719, US",yes,yes,
bg-technologies.com,"203 S Jupiter Rd; Allen, Texas 75002, US",yes,yes,
bgasales.com,"5010 Terminal; Houston, Tx 77401, US",yes,yes,
bibleelectric.com,"1120 W Moreno Ave, Colorado Springs, Colorado 80905, US",yes,yes,
bicelectrics.com,"Miami, US",NO - city/state only,yes,
bigbearelectric.biz,"11112 Sir Barton Ln; South Jordan, UT 84095, US",yes,yes,
bigskyelectric.com,"Ontario, CA 91761, US",NO - city/state only,yes,
bittingelectric.com,"1000 Northgate Ct, Morrisville, North Carolina 27560, US",yes,yes,
bixbyelectric.com,"521 Wheeler Ave SE; Albuquerque, NM 87102, US",yes,yes,
bizcomelec.com,"682 Tuxedo Pl, Cincinnati, Ohio 45206, US",yes,yes,
bjbaldwin.com,"7060 Division Hwy; Narvon, PA 17555, US",yes,yes,
bjelectrical.com,"6265 Wiehe Road, Cincinnati, Ohio 45237, US",yes,yes,
bjemotors.com,"2900 W Francis Ave, Midland, TX 79701",yes,yes,
blackhawkneff.com,"805 Northgate Circle; New Castle, PA 16105, US",yes,yes,
blackmonservice.com,"1601 Cross Beam Drive, Charlotte, NC 28217, US",yes,yes,
blakesleeelectric.com,"14 W 3rd St; Santa Rosa, California 95401-6160, US",yes,yes,
bloomfieldelectric.com,"182 OAKWOOD DRIVE; GLASTONBURY, Connecticut 06033, US",yes,yes,
blountelectrical.com,"[no street] Franklin, TN 37064, US",yes,yes,
bls-us.com,"629 Gyrfalcon Ct; Unit A; Windsor, Colorado 80550, US",yes,yes,
blsmithelectric.com,"29252 US Highway 27; Dundee, Florida 33838, US",yes,yes,
bluecorepower.com,"2001 6th Ave, Suite 1776, Seattle, Washington 98121, US",yes,yes,
bluemountainelectric.com,"1181 NE 21st Ct; Oak Harbor, Washington 98277, US",yes,yes,
bluewhaleev.com,"980 Mercantile Dr; Suite A; Hanover, Maryland 21076, US",yes,yes,
bockmonwoody.com,"PO Box 1018, Stockton, CA 95201, US",yes,yes,
bodinedanville.com,"19 Withner Ave.; P.O. Box 701; Danville, IL 61832, US",yes,yes,
boisvertelectric.com,"28 Daniel Plummer Rd # 3; Goffstown, New Hampshire 03045-2570, US",yes,yes,
bolt-electric.com,"15721 Texaco Ave, Paramount, CA 90723, US",yes,yes,
bondedlightning.com,"2080 W. Indiantown Rd, Suite 100, Jupiter, Florida 33458, US",yes,yes,
bonnerelectric.com,"933 Richburg Rd; Hattiesburg, Mississippi 39402-9048, US",yes,yes,
bonuselectric.com,"1400 Bluff Rd; Romeoville, Illinois 60446, US",yes,yes,
bore-tech.net,"19025 SW 194th Ave, Miami, Florida 33187, US",yes,yes,
bowerselectric.net,"Olathe, US",NO - city/state only,yes,
box-electric.com,"5516 Old Wake Forest Rd, Raleigh, North Carolina 27609, US",yes,yes,
boxsystemselectrical.com,"1948 CADDO SPRINGS DR; Justin, Texas 76247, us",yes,yes,
boyetteelectric.com,"2889 Bob Bowen Rd, Blackshear, GA 31516, US",yes,yes,
br-electrical.com,"1930 Hornage Rd; Ball Ground, Georgia 30107-2443, US",yes,yes,
bradleysmotors.com,"600 East Highway 35; Gregory, TX 78359, US",yes,yes,
brandonclark.com,"3623 I-27, Lubbock, TX 79404, US",yes,yes,
branhamelectriccorp.com,"4113 S Military Hwy, Chesapeake, VA 23321",yes,yes,
bridgefieldelectric.com,"3991 Tulane Road; Orange, Texas 77630, US",yes,yes,
bridgepointelectric.com,"S 122nd East Ave, Tulsa, Oklahoma 74128, US",yes,yes,
brintelectric.com,"7825 Central Ave., Toledo, Ohio 43617, US",yes,yes,
britainelectric.com,"14149 Westfair East, Houston, Texas 77041, US",yes,yes,
brite.group,"5400 Robin Hood Rd, Norfolk, Virginia 23513, US",yes,yes,
broncoelectric.com,"1711 Art St; Bakersfield, California 93312, US",yes,yes,
bruns-pak.com,"999 New Durham Road; Edison, NJ 08817, US",yes,yes,
bryanelectricinc.com,"1840 Grassland Pkwy, Alpharetta, Georgia 30004, US",yes,yes,
btechinc.com,"10 Astro Place, Rockaway, NJ 07866, US",yes,yes,
btxconstructiongroup.com,"11332 Mosier Valley Rd; Euless, Texas 76040, US",yes,yes,
bucyelectric.com,"248 BRUCE ST; Sevierville, Tennessee 37862, us",yes,yes,
bulldogonsite.com,"30015 Groesbeck Hwy, Roseville, Michigan 48066, US",yes,yes,
bullertindustrial.com,"7630 Avianca Dr; Redding, California 96002, US",yes,yes,
bullettelectric.com,"14860 Concord Park Dr; Riverton, Utah 84065-2506, US",yes,yes,
burfordinc.com,"154 Cooper Rd, Columbus, Mississippi 39702, US",yes,yes,
burkheadelectric.com,"2714 N Jefferson Way; Indianola, Iowa 50125, US",yes,yes,
burns-electric.com,"1467 NE 66th Ave, Des Moines, IA 50313",yes,yes,
busscoinc.com,"25 FRANKLIN STREET, MALDEN, Massachusetts 02148, US",yes,yes,
bvelectric.net,"11781 Water Tank Rd, Burlington, WA 98233, US",yes,yes,
bxperts.com,"3399 Peachtree Rd NE; Ste 412; Atlanta, Georgia 30326, US",yes,yes,
c-v-e.com,"9344 Wheatlands Rd; Santee, California 92071, US",yes,yes,
c1c.net,"5555 Oakbrook Parkway, Suite #175, Norcross, GA 30093, US",yes,,
c2geng.com,"34 Industrial Lane, Huntington, WV 25702, US",yes,yes,
cableelectric.com,"3716 Rufe Snow Dr, North Richland Hills, Texas 76180, US",yes,yes,
caccamiseelectric.com,"721 PORTLAND AVE; Rochester, New York 14621, US",yes,yes,
cacyelectric.com,"1269 Greenfield Dr, El Cajon, California 92021, US",yes,yes,
caldwellelectric.com,"2334 Danbury Lane, Gainesville, GA 30507, Gainesville, Georgia 30507, US",yes,yes,
california-electrical.com,"5924 San Fernando Road; Glendale, California 91202, US",yes,yes,
callseacom.com,"3014 Hoyt Ave, Everett, Washington, US",yes,,
calselectric.com,"729 Creel Drive, Wood Dale, Illinois 60191, US",yes,yes,
calvielectric.com,"14 S. California Avenue, Atlantic City, New Jersey 08401, US",yes,yes,
camalicorp.com,"20845 Canada Rd.; Lake Forest, CA 92630, US",yes,yes,
campbellanddawes.com,"84-48 129th Street; Kew Gardens , New York 11415, US",yes,yes,
cannon-wendt.com,"4020 N. 16th Street, Phoenix, Arizona 85016, US",yes,yes,
canyonstateelectric.com,"1618 S Priest Dr; #101; Tempe, Arizona 85281, US",yes,yes,
capcityelectric.com,"9798 Karmar Ct, Suite B, New Albany, Ohio 43054, US",yes,yes,
capitolareatesting.com,"703 E. Ordnance Rd. Suite 614; Baltimore, Maryland 21226, US",yes,yes,
caps4ups.com,"[no street] Santa Clara, CA 95051, US",yes,yes,
capstarelectric.com,"3871 E University Ave, #101, Georgetown, Texas 78626, US",yes,yes,
careyelectric.com,"3925 VANCO LANE; VANDALIA, Ohio 45377, US",yes,yes,
careyelectricinc.com,"74 Crabapple Ln, Watervliet, New York 12189, US",yes,yes,
caribooindustrialelectric.com,"4220 Steve Reynolds Blvd. Unit #3 Norcross, GA 30093; Norcross, Georgia 30093, US",yes,yes,
carltonelectric.com,"1284 S Cherokee St, Denver, Colorado 80223, US",yes,yes,
carmelelectric.com,"Hampden Rd; Carmel, Maine 04419-0000, US",NO - city/state only,yes,
carolelectric.com,"3822 CERRITOS AVE.; LOS ALAMITOS, California 90720, US",yes,yes,
carolinapowerandsignalization.com,"1416 Middle River Loop, Fayetteville, NC 28312, US",yes,yes,
carrconstruction.org,"2968 FL-710 E, Okeechobee, FL 34974",yes,yes,
carroll-electric.net,"1111 NW T St, Richmond, IN 47374",yes,yes,
cascade-machinery.com,"4600 East Marginal Way S, Seattle, WA 98134, US",yes,yes,
cascadeelectrical.net,"1920 McLees Ct, Escondido, CA 92026",yes,yes,
cascademvs.com,"1705 Gill Rd; Dickinson, TX 77539, US",yes,yes,
castalia-advisors.com,"1747 Pennsylvania Avenue NW, Suite 1200, Washington, DC, District of Columbia 20006, US",yes,,
castleelectric.com,"3303 Harbor Blvd Suite B5, Costa Mesa, CA 92626, US",yes,yes,
castrejoninc.com,"9201 Isanti St NE, Blaine, MN 55449",yes,yes,
catalystair.com,"2505 Byington Solway Rd., Knoxville, TN 37931, US",yes,,
cates.com,"4001 East Plano Parkway; Suite 500; Plano, TX 75074, US",yes,yes,
cathodicprotection.com,"780 Johnson Ferry Rd, Atlanta, GA 30342, US",yes,yes,
cavelect.com,"380 NEW COMMERCE BLVD.; WILKES-BARRE, Pennsylvania 18706, US",yes,yes,
cawtn.com,"1209 E 23rd Street; Chattanooga, Tennessee 37408-2399, US",yes,yes,
cbehq.com,"1753 Old Preston Hwy N, Louisville, Kentucky 40229, US",yes,yes,
cbhelos.com,"5202 W. Military Hwy. - Bldg 11; Chesapeake, VA 23321-1014, US",yes,yes,
cbsnuclear.com,"501 Union West Blvd; MATTHEWS, NC 28104, US",yes,yes,
cciarkansas.net,"8220 MacArthur Drive, North Little Rock, AR 72118, US",yes,yes,
ccpower.com,"395 Mission Street; Carol Stream, IL 60188, US",yes,yes,
ccsjacksonville.com,"3621 Saint Augustine Rd, Jacksonville, Florida, US",yes,,
cdelectricmotors.com,"617 High Starr Dr; Corpus Christi, Texas 78408, US",yes,yes,
cdpcorp.com,"207 Travis Lane, Waukesha, WI 53189, US",yes,yes,
ce-electrical.com,"1 Hartford Sq., Suite C3, New Britain, CT 06051, US",yes,yes,
cech.com,"3984 Cabaret Trail West, Saginaw, MI 48603, US",yes,,
cecmotoru.com,"1751 12TH ST E; Palmetto, Florida 34221, US",yes,yes,
cellectric.net,"6615 Towpath Rd, East Syracuse, New York 13057, US",yes,,
celticpower.com,"E Las Olas Blvd; 1400; Fort Lauderdale, Florida 33301, US",NO - city/state only,yes,
centerline-electric.com,"28442 Constellation Road, Valencia, California 91355, US",yes,yes,
centraldoorsolutions.com,"1430 Contractors Blvd, Plover, WI 54467",yes,,
centralmasssignal.com,"41 Lawrence St, Northborough, MA 01532",yes,yes,
centralstateco.com,"15358 E Clarksville Rd; Marshall, Illinois 62441, US",yes,yes,
centralvalleyelectric.com,"24 Frazine Road, Suite A, Modesto, CA 95357, US",yes,yes,
centrimelectric.com,"439 Rt 34; Matawan, New Jersey 07747, US",yes,yes,
centripump.com,"2206 N FM-1788; Midland, TX 79707, US",yes,yes,
centuryelectricnj.com,"17 Saddle Rd, Cedar Knolls, New Jersey 07927, US",yes,yes,
certifiedtreecarellc.com,"PO Box 170157, Austin, Texas 78717, US",yes,,
cesolar.com,"455 West 1700 South, Salt Lake City, UT 84115, US",yes,,
ceymglobal.com,"Miami, Florida 33166, US",NO - city/state only,yes,
cfeocala.com,"2500 NW 10TH ST STE 104; OCALA, Florida 34475, US",yes,yes,
cgosolutions.com,"[no street] Dallas, TX, US",yes,yes,
challengeelectricltd.com,"2050 W Breese Rd; Lima, Ohio 45806, US",yes,yes,
challengerdrilling.com,"14102 Pine Meadow Ln; Tomball, Texas 77377, US",yes,yes,
chapman-electric.com,"6040 N. 57th Ave., Glendale, AZ 85301, US",yes,yes,
chargesmartev.com,"5 Southside Dr; Suite 11-184; Clifton Park, New York 12065, US",yes,yes,
chargetronix.com,"3587 Harbor Blvd; Costa Mesa, California 92626, US",yes,yes,
chargie.com,"3947 Landmark St, Culver City, California 90232, US",yes,yes,
charlesequipment.com,"530 Santa Rosa Dr; Des Plaines, Illinois 60018, US",yes,yes,
chatham-electric.com,"6300 Limousine Dr; Suite 114; Raleigh, North Carolina 27617, US",yes,yes,
chenaultconsulting.com,"4800 College Blvd., Ste 105, Farmington, NM 87402, US",yes,yes,
chestnutelectric.com,"26 CRICKET LN, Wilton, Connecticut 06897, US",yes,,
cheyennetechnical.com,"100 Buccaneer Drive, Tonkawa, Oklahoma 74653, US",yes,,
chicagopcinc.com,"1 Northfield Plz Ste 300; Winnetka, Illinois 60093-1214, US",yes,yes,
chinchorelectric.com,"1460 South Leavitt Ave.; Orange City, Florida 32763, US",yes,yes,
chippewavalleyelectricalcontractors.com,"3310 Miller St, Suite B, Eau Claire, Wisconsin 54701, US",yes,,
churneys.com,"20660 Aurora Rd, Cleveland, Ohio 44146, US",yes,,
cigroup-us.com,"1240 Icehouse Ave, Sparks, Nevada 89431, US",yes,yes,
circleelectric.com,"4606 N. 132nd St.; Butler, WI 53007, US",yes,yes,
circuitelectric.com,"1376 108th St SW; Suite A; Byron Center, MICHIGAN 49315, US",yes,yes,
cirelectric.com,"262 Breeze Ave, Ronkonkoma, New York 11779-4702, US",yes,yes,
civaeco.com,"Newtown, Pennsylvania, US",NO - city/state only,yes,
cjfranke.com,"317 N Grant St; Stockton, California 95202, US",yes,yes,
cjspower.com,"132 NE 17th Pl, Ocala, FL 34470, US",yes,yes,
clarkelectrictx.com,"246 S Collins Rd.; Sunnyvale, Texas 75182, US",yes,yes,
clarkfowlerelectric.com,"510 W Henry St; Wooster, OH 44691, US",yes,yes,
clawsons.com,"474 Park 800 Dr, Greenwood, Indiana 46143-9525, US",yes,,
clearwaterinc.net,"1105 8th Street Court SE, Hickory, NC 28602, US",yes,yes,
clementselectrical.com,"802 Friendship Rd.; Seneca, S.C. 29678, US",yes,yes,
clennonelectric.com,"210 N Main St; Wilmington, Illinois 60481-1218, US",yes,yes,
clepower.com,"22115 South Vermont Avenue, Torrance, CA 90502, US",yes,yes,
clevelandpumprepair.com,"1761 Highland rd; Twinsburg, OHIO 44087, US",yes,yes,
client-tech.com,"3636 S. Sherwood Forest Blvd, Suite 102, Baton Rouge, 70816, US",yes,,
clingerelectric.com,"736 BALTIMORE PIKE; CONCORDVILLE, Pennsylvania 19331, US",yes,yes,
clouseelectric.com,"877 E US Highway 224, Tiffin, Ohio 44883, US",yes,yes,
cloverelectric.com,"17111 Munn Road Ste 8, Chagrin Falls, OH 44023, US",yes,,
clp-engineering.com,"4582 S Ulster St; 800; Denver, Colorado 80237, US",yes,yes,
cmarmitage.com,"Rochester, us",NO - city/state only,yes,
cmhandling.com,"1055 CR 270, Leander, Texas 78641, US",yes,,
cmmsystemsar.com,"4 Perin Rd, North Little Rock, AR 72118, US",yes,yes,
cmtcompanies.com,"773 West Rayen Avenue; P.O. Box 1466; Youngstown, Ohio 44501-1466, US",yes,yes,
coalmont.com,"22577 Highway 216, Mc Calla, Alabama 35111-2705, US",yes,yes,
coastalhydraulicstx.com,"1002 West Pasadena Blvd, Deer Park, Texas 77536, US",yes,,
coastalindustrialservice.com,"3615 Peace St, Farmville, NC 27828",yes,yes,
coastalmandm.com,"14004 S Highway 288B, Angleton, Texas 77515, US",yes,yes,
coastalpacificconstruction.com,"28 Edelman, Irvine, California 92618, US",yes,,
coastlandenterprises.com,"P.O. Box 140, Middlefield, CT 06455, US",yes,,
coastlineelectricri.com,"90 Douglas Pike; Smithfield, Rhode Island 02917, US",yes,yes,
coastlinepowersolutions.com,"1965 Bennett Dr; De Land, Florida 32724, US",yes,yes,
coateselectrical.com,"501 W 1st Ave, Mitchell, SD 57301, US",yes,yes,
cobaltcivil.com,"610 N 100 E; Winchester, Indiana 47394, US",yes,yes,
cochraneng.com,"737 Rudder Rd, Saint Louis, Missouri 63026, US",yes,,
cochristian.com,"Nashville, TN 37211, US",NO - city/state only,yes,
coghlin.com,"100 Prescott St, Worcester, Massachusetts 01605-1713, US",yes,yes,
coleelectricms.com,"3980 Martin Luther King Junior Drive Southwest; Atlanta, Georgia 30336, US",yes,yes,
coleindust.com,"6408 216th St SW, Ste A, Mountlake Terrace, Washington 98043, US",yes,,
collinsautocare.com,"11814 Champion Forest Dr, Houston, TX 77066, US",yes,,
coloradolighting.com,"1831 E 73rd Ave; Unit B; Denver, Colorado 80229, US",yes,yes,
colterelectric.com,"2101 Sunnyside Ave, Winston-Salem, North Carolina 27127, US",yes,yes,
coltinelectric.com,"Fort Walton Beach, Florida 32547, US",NO - city/state only,yes,
commanderelectric.com,"500 Johnson Ave, Bohemia, NY 11716, US",yes,yes,
commerciallightning.com,"510-A Corliss St., Greensboro, NC 27406, US",NO - city/state only,yes,
commercialtradesource.com,"3924 Pendelton Way, Indianapolis, IN 46226, US",yes,,
communityplaygrounds.com,"200 Commercial Street, Vallejo, CA 94589, US",yes,,
compedgellc.com,"1050 W Town Pkwy, Altamonte Springs, Florida 32714, US",yes,,
completeelectricsrvc.com,"7403 Telegraph Rd, Montebello, CA 90640",yes,yes,
completefoundationrepairs.com,"4404 Baldwin Blvd, Corpus Christi, TX 78408",yes,,
completelandsculpture.com,"2000 Sandy Lane, Dallas, TX 75220, US",yes,,
compressedairequip.com,"111 Clinton Ave, Pitman, New Jersey 08071, US",yes,,
computersites.net,"1225 South Huron Street; DENVER, Colorado 80223, US",yes,yes,
conawayelectrical.com,"782 Old Hutchin Mill Rd., LaGrange, Georgia 30240, US",yes,yes,
concordelectriccorp.com,"305 Pinewild Dr; Rochester, New York 14606, US",yes,yes,
conduxtesmec.com,"145 Kingswood Drive; Suite 1, PO Box 668; Mankato, MN 56002, US",yes,yes,
conectsys.com,"300 Farnsworth Ave, Bordentown, New Jersey 08505, US",yes,,
connors-haas.com,"6337 Dean Parkway, Ontario, New York 14519, US",yes,yes,
conreyelectric.com,"1903 SE 7th Avenue, Portland, Oregon 97214, US",yes,yes,
constructioncco.com,"1353 W Grand Ave, Chicago, Illinois 60642, US",yes,,
cont-elec.com,"1954 ISAAC NEWTON SQUARE WEST; RESTON, Virginia 20190, US",yes,yes,
continentaltesting.com,"104 S. Main St., Union, Ohio 45322, US",yes,,
contractorswest.com,"PO Box 3277; Albuquerque, New Mexico 87190-3277, US",yes,yes,
control-works.com,"2701 Dukane Dr, Unit B, St. Charles, Illinois 60174, US",yes,yes,
controlco.com,"2493 Estand Way, Pleasant Hill, CA 94523, US",yes,,
convergerep.com,"103 East 18th Avenue, North Kansas City, Missouri 64116, US",yes,,
convergistech.com,"2393 Pendley Road, Suite 200, Cumming, GA 30041, US",yes,,
cookelectrical.com,"745 Eastport Rd; Jacksonville, Florida 32218, US",yes,yes,
corbinelectric.com,"6127 Hil Mar Dr; District Heights, Maryland 20747-2985, US",yes,yes,
coreelectric.net,"25125 Outer Drive, Melvindale, Michigan 48122, US",yes,yes,
coreelectric.us,"6430 Anderson Way; Suite B; Melbourne, FL 32940, US",yes,yes,
coresupportsys.com,"12 Mauchly; Building B; Irvine, CA 92618, US",yes,yes,
coretxllc.com,"1386 Industrial Drive, Suite 125, New Braunfels, TX 78130, US",yes,yes,
correctinc.com,"6610 Supply Row; Houston, Texas 77011, US",yes,yes,
corridornetwork.com,"3353 Southgate Ct SW, Cedar Rapids, Iowa 52404, US",yes,,
couttsbros.com,"13 Barber Rd, Randolph, ME 04346, US",yes,yes,
cove-elec.com,"200 Edgewood Road, Edgewood, Maryland 21040, US",yes,yes,
covielloelectricinc.com,"25 GARFIELD AVENUE; WOBURN, Massachusetts 01801, US",yes,yes,
cowart-inc.net,"4309 N. Valdosta Rd.; Valdosta, Georgia 31602, US",yes,yes,
cpcrowley.com,"15861 Business Center Drive, Irwindale, CA 91706, US",yes,,
cpmelectric.com,"2057 Mercer Rd, Lexington, Kentucky 40511, US",yes,yes,
cps-corp.net,"21449 Marion Ln; Suite 6; Mandeville, Louisiana 70471, US",yes,yes,
cpteng.com,"5 Hampshire Street; Mansfield, MA 02048, US",yes,yes,
craft-electric.com,"4345 Vanderbilt Place, Birmingham, Alabama 35217, US",yes,yes,
crawford-electric.com,"6426 182ND PL SW; LYNNWOOD, Washington 98037, US",yes,yes,
creacominc.com,"506 Northville St # B; Houston, Texas 77037-1202, US",yes,yes,
creekelectric.com,"2811 W Pawnee St, Wichita, KS 67213, US",yes,yes,
crelectriccompany.com,"Jonesborough, Tennessee 37659, US",NO - city/state only,yes,
crelectricservices.com,"488 W BROAD ST; Cookeville, Tennessee 38501, us",yes,yes,
crem-inc.com,"6343 W Brinkley Rd, Kennewick, Washington 99338, US",yes,yes,
cressydoor.com,"8025 S 224th St., Kent, WA 98032, US",yes,,
criterioncriticalsystems.com,"-, Sacramento, California, US",NO - city/state only,yes,
crossairllc.com,"P.O. BOX 291, Ellenboro, North Carolina 28040, US",yes,,
crossdiscipline.com,"63 Truman Rd; Ste 100; Marshfield, MO 65706, US",yes,yes,
crownelectricinc.com,"2430 PLEASANTDALE RD.; DORAVILLE, Georgia 30340, US",yes,yes,
crowneram.com,"1201 E Summit St, Crown Point, IN 46307, US",yes,yes,
cruzelectricllc.com,"Haymarket, VA 20169, US",NO - city/state only,yes,
csaconstructorstx.com,"6469 Doniphan Dr; El Paso, Texas 79932, US",yes,yes,
cse-ne.com,"10913 Olive St.; La Vista, NE 68128, US",yes,yes,
csetx.com,"5150 Service Center Dr, San Antonio, Texas 78218, US",yes,yes,
ctelectricpro.com,"Perris, California 92570, US",NO - city/state only,yes,
ctg-gmp.com,"505 S Franklin St, West Chester, Pennsylvania 19382, US",yes,,
cthomesolutions.net,"101 N Plains Industrial Rd, Wallingford, CT 06492, US",yes,,
current-electric.net,"26804 Vista Terrace, Lake Forest, California 92630, US",yes,,
current-electrical.com,"8024 SW 35th Ave, Portland, OR 97219",yes,yes,
currentdemands.com,"12 Felton Pl, Suite D, Cartersville, Georgia 30120, US",yes,,
currentelectricalservices.com,"2051 Enterprise Drive, Suite C, De Pere, WI 54115, US",yes,yes,
currentelectricco.com,"2942 N 117th St, Milwaukee, Wisconsin 53222, US",yes,,
currenteng.com,"4133 S Merchant Dr, Newburgh, Indiana 47630, US",yes,yes,
currentmasterelectric.com,"67 Main St; Mantua, New Jersey 08051, US",yes,yes,
cusaconsulting.com,"6 Merrill Industrial Drive, Suite 6, Hampton, NH 03842, US",yes,yes,
custautocont.com,"2019 Jefferson Terrace; New Iberia, Louisiana 70560, US",yes,yes,
customactuation.com,"13021 S. Choctaw Dr., Baton Rouge, LA 70815, US",yes,,
customdrilling.net,"100 Kid Ellis Rd, Mulberry, FL 33860",yes,,
customelec.com,"87 Browne Street, Oneonta, NY 13820, US",yes,yes,
customelectricusa.com,"52 Main Street, Manchester, Connecticut 06040, US",yes,yes,
cw1924.com,"2508 Mechanicsville Turnpike, Richmond, Virginia 23223, US",yes,yes,
cynergy.com,"1612 Professional Blvd; Suite H; Crofton, Maryland 21114, US",yes,yes,
cypriuminduction.com,"14310 Industrial Center Dr; Shelby Township, Michigan 48315, US",yes,yes,
daarcorp.com,"330 E Kilbourn Ave, Suite 1149, Milwaukee, Wisconsin 53202, US",yes,,
dahlbeckelectric.com,"[no street] Richmond, California 94801-1109, US",yes,yes,
daleoinc.com,"550 E Luchessa Ave; Gilroy, California 95020, US",yes,yes,
daley-electric.com,"222 21st St; Newport, Minnesota 55055, US",yes,yes,
damanindustrial.com,"754 Kittanning Hollow Rd., East Brady, PA 16028, US",yes,yes,
dancargroup.com,"10217 Plano Rd; Dallas, Texas 75238, US",yes,yes,
danddnet.com,"10 Everberg Rd., Woburn, MA 01801, US",yes,yes,
dandhwatersystems.com,"4121 Avenida de La Plata, Oceanside, CA 92056, US",yes,,
dandtpower.com,"855 O E Bieri Industrial Drive; Lowell, US",yes,yes,
daneelectric.com,"4721 SW 18th Street, Oklahoma City, Oklahoma 73128, US",yes,yes,
danfreitaselectric.com,"983 E Levin Ave; Tulare, CA 93274, US",yes,yes,
danielselectric.com,"10881 Business Dr; Fontana, California 92337, US",yes,yes,
darbyelectric.com,"402 Highway 29 Byp N, Anderson, South Carolina 29621, US",yes,yes,
dausinelectric.com,"8007 Ne Loop 410; San Antonio, Texas 78219-2821, US",yes,yes,
davcoelectric.com,"4885 Park Ridge Blvd, Boynton Beach, Florida 33426, US",yes,yes,
davesinc.com,"5104 N Harvestore Rd; Sioux Falls, South Dakota 57107, US",yes,yes,
davestreeserviceinc.com,"6541 Elm Drive, Egg Harbor, WI 54209, US",yes,,
davidcrowellelectric.com,"18271 McDurmott West, Suite J, Irvine, California 92614, US",yes,yes,
davidsonsales.com,"839 Bill France Blvd, Daytona Beach, Florida 32117, US",yes,yes,
davieshoring.com,"48177 Highway 51, Tickfaw, Louisiana 70466, US",yes,,
dayandsonsinc.com,"200 Werner Rd; Curtis Bay, Maryland 21226, US",yes,yes,
dcelectricgroup.com,"8023 GRAVENSTEIN HWY; Cotati, California 94931, us",yes,yes,
dcentersolutions.com,"444 W Ocean Blvd, Suite 800, Long Beach, California 90802, US",yes,yes,
dcesolar.com,"19410 Jetton Road, Suite 220, Cornelius, NC 28031, US",yes,,
dci123.com,"1811 Valcourt Drive, Richardson, Texas 75081, US",yes,,
ddelectricllc.net,"1380 Blue Hole Rd, Harrisburg, IL 62946",yes,,
ddmotorsystems.com,"215 Park Avenue, Syracuse, New York 13204, US",yes,yes,
deanbrothersinc.com,"1358 N Main St; Harrisonburg, Virginia 22802-4635, US",yes,yes,
decaturindustrial.com,"1650 E. Garfield Avenue; Decatur, IL 62526, US",yes,yes,
deckcon.com,"51 Winter Place, East Rutherford, NJ 07073, US",yes,,
deco-la.com,"13050 Airline Highway, Baton Rouge, Louisiana 70817, US",yes,yes,
decofsc.com,"600 APPLE VALLEY RD; Duncan, South Carolina 29334, us",yes,yes,
deelc.com,"1408 21st Ave NW, Watford City, North Dakota 58854, US",yes,yes,
degraafsystems.com,"4317 Floridatown Rd; Milton, Florida 32571-1838, US",yes,yes,
degraauwelectric.com,"401 Commerce St, Suite 5400, Nashville, Tennessee 37219, US",yes,yes,
degryseelectric.com,"2186 Rheem Dr, Pleasanton, California 94588, US",yes,yes,
dei-pe.com,"3343 N Ridge Ave, Arlington Heights, Illinois 60004, US",yes,,
deisystems.com,"24 Sunnyslope Ave; Tewksbury, Massachusetts 01876, US",yes,yes,
delcoelectric.com,"2 NW 132nd St, Oklahoma City, OK 73114, US",yes,yes,
delectricmotors.com,"94 West Sherman Avenue; VINELAND, New Jersey 08362, US",yes,yes,
delmarelectrical.com,"35 McLennan Dr; Oakville, Connecticut 06779, US",yes,yes,
deltaline.org,"7 Robert Best Rd, Egg Harbor Twp, New Jersey 08234-7300, US",yes,yes,
deltapowerinc.com,"1790 E. McFadden Avenue; Suite 106; Santa Ana, CA 92705, US",yes,yes,
deltausinc.com,"10 Fila Way; Sparks Glencoe, Maryland 21152, US",yes,yes,
demco.biz,"111 East Gordy Rd, Salisbury, Maryland 21804, US",yes,yes,
demotors.com,"690 E BUTLER RD; Butler, Pennsylvania 16002, us",yes,yes,
denverelectrical.com,"1498 S Lipan St; Denver, Colorado 80223, US",yes,yes,
des-electric.com,"11145 7 Mile Rd E, Detroit, Michigan 48234, US",yes,yes,
designbyinitiative.com,"110 Robinson Ct, Fayetteville, Georgia 30214, US",yes,yes,
designelectriccompany.com,"39 Wyoming Street; Pleasanton, CA 94566, US",yes,yes,
detroitpowersystems.com,"West Bloomfield Township, Michigan 48322, US",NO - city/state only,yes,
dewindopt.com,"13444 Barry St., Holland, MI 49424, US",yes,,
dfwcrest.com,"715 Avenue H E, Arlington, Texas 76011, US",yes,,
dgenergycorp.com,"PO Box 4675, McAllen, Texas 78502, US",yes,yes,
dhdpros.com,"179 East Campus View Blvd., Columbus, OH 43235, US",yes,,
dhittle.com,"7515 West Deschutes Ave; Kennewick, WA 99336, US",yes,yes,
diamondbarelectric.com,"13961 Central Ave.; Chino, California 91710, US",yes,yes,
diamondindustrialgroup.com,"10254 Miller Rd, Dallas, Texas 75238, US",yes,yes,
diamondrelectric.com,"718 N Main St, Enterprise, Alabama 36330, US",yes,yes,
dietzelectric.com,"4329 W Lincoln Ave; Milwaukee, WI 53219, US",yes,yes,
digtechtexas.com,"798 Globe Hill Rd, Giddings, TX 78942",yes,yes,
dillengrinc.com,"1751 Hurd Drive, Ste 111, Irving, TX 75038, US",yes,yes,
dillonlp.com,"7313 GROVE RD; Frederick, Maryland 21704, us",yes,yes,
dintoelectric.com,"121 Turnpike Dr; Middlebury, Connecticut 06762, US",yes,yes,
directionaldrilling.com,"8155 Ridge Rd, Zanesville, Ohio 43701, US",yes,yes,
directionaltech.com,"77 N Plains Industrial Rd, Wallingford, Connecticut 06492, US",yes,,
directstrikelightningprotection.github.io,"628 Davidson Dr, Verona, PA 15147, US",yes,yes,
discipleelectric.com,"1030 TROUSDALE FERRY PIKE; Lebanon, Tennessee 37087, us",yes,yes,
distinctivehospitality.com,"6215 Chesapeake Circle, Suite C, New Kent, Virginia 23124, US",yes,,
ditrol.com,"2828 Golf Course Rd; Kingsville, Texas 78363, US",yes,yes,
diversifiedsci.com,"203 SW 4th St, Okeechobee, Florida 34974, US",yes,yes,
diversitec.com,"14321 Sommerville Court; Suite 100; Midlothian, VA 23113-6837, US",yes,yes,
divienergy.com,"4275 N Thanksgiving Way; Ste 500; Lehi, Utah 84043, US",yes,yes,
divtecs.com,"35 Wiggins Ave, Bedford, MA 01730, US",yes,yes,
dixieemsi.com,"2115 Freedom Dr, Charlotte, NC 28208",yes,yes,
dixonelectrical.com,"3352 Norwood Rd; Huntington, West Virginia 25705, US",yes,yes,
djselectrical.com,"1160 Reads Run, Traverse City, Michigan 49684-9089, US",yes,yes,
dkelectricinc.com,"1785 E. LA LOMA AVENUE; SOMIS, California 93066, US",yes,yes,
dlsmith.com,"1405 SW 41st Street, Topeka, KS 66609, US",yes,yes,
dlsteiner.com,"1201 Findlay Road; Lima, Ohio 45801, US",yes,yes,
dmelectrical.com,"90 South Central Ave, Elmsford, NY 10523, US",yes,yes,
dnesco.com,"7811 N 86th St; Milwaukee, Wisconsin 53224, US",yes,yes,
dnscleveland.com,"80 Helwig St, Berea, Ohio 44017, US",yes,,
dobbinsco.com,"7600 COMMERCE LANE, TRUSSVILLE, AL 35173, US",yes,,
doctorelectric.net,"1475 Buford Drive; Suite 403-158; Lawrenceville, Georgia 30043, US",yes,yes,
doleac.com,"1120 Finlo Dr, Hattiesburg, Mississippi 39401-5046, US",yes,yes,
domesav.com,"724 First Colonial Road, Virginia Beach, Virginia 23451, US",yes,,
dominiontx.com,"16161 College Oak, San Antonio, TX 78249, US",yes,,
donovanenergy.com,"530 Walnut St; Suite 200; Cincinnati, Ohio 45202, US",yes,yes,
doreyelectric.com,"894 Widgeon Road Norfolk, Va 23513, P O BOX 10158; Norfolk, VA 23513, US",yes,yes,
dotsonelectric.com,"551 Cal Batsel Rd, Bowling Green, Kentucky 42104, US",yes,yes,
douglaselectric.us,"1812 BRIGHTON HENRIETTA TL ROAD, Rochester, New York 14623, US",yes,yes,
doyleelectricinc.com,"15035 JEFFERSON HWY; Baton Rouge, Louisiana 70817, US",yes,yes,
drbelectric.com,"3601 Second Street SW; Albuquerque, New Mexico 87105, US",yes,yes,
dreisilker.com,"352 Roosevelt Road, Glen Ellyn, IL 60137, US",yes,yes,
drscorp.net,"8955 Ridgeline Blvd, Suite 700, Highlands Ranch, CO 80129, US",yes,,
dseelectric.com,"150 N Walnut Ave; Suite B; San Dimas, California 91773, US",yes,yes,
dselectric.us,"2231 Fortune Dr; Suite B; San Jose, California 95131, US",yes,yes,
dtselectric.com,"16182 Gothard St, Huntington Beach, CA 92647, US",yes,yes,
dubakelectrical.com,"10 Beach Ave, La Grange Park, Illinois 60526, US",yes,yes,
dudetesting.com,"145 Tower Drive, Unit 9; Burr Ridge, IL 60527, US",yes,yes,
dugantool.net,"1145 E Airline Dr, East Alton, Illinois 62024, US",yes,,
dukeelec.com,"6451 FM-1541; Amarillo, Texas 79118, US",yes,yes,
durkinelectric.com,"13842 Harrison St, Blue Island, Illinois 60406-2809, US",yes,yes,
dustbusterspavementsweeping.com,"P.O. Box 603, Anoka, Minnesota 55303, US",yes,,
duthiepower.com,"2335 E. Cherry Industrial Circle; Long Beach, CA 90805, US",yes,yes,
duttonelectric.com,"12407 Mukilteo Speedway # 17; Lynnwood, Washington 98037-1518, US",yes,yes,
dvlnet.com,"115 Sinclair Road, Bristol, PA 19007, US",yes,yes,
dvorakllc.com,"2700 N Point Blvd; Baltimore, Maryland, US",yes,yes,
dwcbuilds.com,"2014 Gladstone Avenue, Nashville, TN 37210, US",yes,,
dwevans.com,"3511 Evans Corporate Ln; Durham, North Carolina 27705, US",yes,yes,
dynamic2016.com,"262 Carlton Dr, Carol Stream, Illinois 60188, US",yes,yes,
dynamicelectric.com,"12800 S. Cicero; Alsip, IL 60803, US",yes,yes,
dynamicmotions.com,"8449 W Antoine Loop; Shreveport, Louisiana 71129-8807, US",yes,yes,
dynamicsresearch.net,"3778 Timberlake Dr, Richfield, OH 44286, US",yes,yes,
dynamoelectricllc.com,"1018 Roxleigh Rd, Towson, Maryland 21286, US",yes,,
dynomill-us.com,"2018 Edwards Ave; South El Monte, California 91733, US",yes,yes,
e-hazard.com,"3018 Eastpoint Parkway; Louisville, KY 40223, US",yes,yes,
e-mllc.com,"910 Parker Ave W, Dassel, MN 55325, US",yes,yes,
e-tecinc.net,"3468 Washington Road; East Point, Georgia 30344, US",yes,yes,
e3rinc.com,"7801 Mission Center Ct, 400, San Diego, California 92108, US",yes,,
eachengineering.com,"One Gateway Center; Suite 2600; Newark, New Jersey 07102, US",yes,yes,
eagleelect.com,"3942 VALLEY AVE, Suite J, Pleasanton, California 94566, US",yes,yes,
eastcoastvalve.com,"115A Leonard Drive, Groton, Connecticut 06340, US",NO - city/state only,yes,
easternelectricllc.com,"23746 Midland Trail; Victor, West Virginia 25938, US",yes,yes,
easttexaslightningprotection.com,"934 N Texas St #1174, Emory, TX 75440",yes,yes,
ec-m.com,"5527 Mechanicsville Tpke, Mechanicsville, Virginia 23111, US",yes,yes,
ecahq.com,"7320 Arlington Ave., Raytown, Missouri 64133, US",yes,yes,
echemconsultants.com,"4 Jefferson Plaza, Suite 500, Poughkeepsie, New York 12601, US",yes,yes,
echoedcorp.com,"4597 Parkbreeze Ct; Orlando, Florida 32808, US",yes,yes,
echopower.com,"PO Box 2587, Hendersonville, TN 37077, US",yes,yes,
echosolutionsusa.com,"P.O. BOX 1615; Lake Junaluska, NC 28745, US",yes,yes,
eciwest.com,"145 East 1760 South, PO Box 606, Price, Utah 84501, US",yes,yes,
ecpwr.com,"909 King Ave; Suite 200; Columbus, Ohio 43212, US",yes,yes,
ecsintl.com,"5500 E Loop 820 S #205; Fort Worth, TX 76119, US",yes,yes,
edeusa.com,"8133 Eagle Palm Dr, Riverview, Florida 33578, US",yes,yes,
edgarelectricinc.com,"3704 Highway 412 E; Paragould, Arkansas 72450, US",yes,yes,
edgeserviceco.com,"West Monroe, Louisiana 71292, US",NO - city/state only,yes,
edi-dolejs.com,"1112 N 5th St, Minneapolis, MN 55411",yes,yes,
edmlink.com,"4001 Automation Way, Fort Collins, Colorado 80525, US",yes,yes,
edwardwscottelectric.com,"500 W Ohio Avenue, Richmond, California 94804, US",yes,yes,
eecmotor.com,"6719 Woolworth Rd; Shreveport, Louisiana 71129, US",yes,yes,
eecsi.com,"13 Prestige Cir; Ste 100; Allen, Texas 75002, US",yes,yes,
eeengineering.org,"[no street] Houston, Texas 77002, US",yes,yes,
eemsco.com,"600 W Eichel Ave; Evansville, Indiana 47710-2412, US",yes,yes,
eepros.com,"16650 North 91st Street; Scottsdale, AZ 85260, US",yes,yes,
eesc-ct.com,"215 Captain Lewis Dr, Southington, Connecticut 06489, US",yes,yes,
eescorp.com,"5 Turnberry Lane, Sandy Hook, CT 06482, US",yes,,
eesystemsusa.com,"5560 Corporate Exchange Ct SE; Grand Rapids, Michigan 49512, US",yes,yes,
eeu-inc.com,"21 Telfair Pl; Savannah, GA 31415, US",yes,yes,
efbelkelectric.com,"933 Oakridge Farm Highway, Mooresville, North Carolina 28115, US",yes,yes,
efficient-electric.com,"4800 Groves Rd, Columbus, Ohio 43232, US",yes,,
eggelectric.com,"35 W 45th St; 4; New York, New York 10036, US",yes,yes,
egmiddleton.com,"2510 Cromwell Rd, Norfolk, VA 23509",yes,yes,
ehvconstruction.com,"11881 Oakalla Loop, Killeen, Texas 76549, US",yes,yes,
eiielectric.com,"530 South Avenue East; Cranford, New Jersey 07016, US",yes,yes,
el-hy-mec.com,"8940 Zachary Ln N; Maple Grove, Minnesota 55369, US",yes,yes,
elandelectric.com,"3154 Holmgren Way, Green Bay, WI 54304, US",yes,yes,
elco-electric.com,"1957 O'Toole Way, San Jose, CA 95131, US",yes,yes,
elecpwr.com,"Chester, Virginia, US",NO - city/state only,yes,
elecsysgroup.com,"200 Summit Lake Drive, Suite 320, Valhalla, New York 10595, US",yes,yes,
electrexindustrial.com,"41700 Executive Drive, Harrison Township, Michigan 48045, US",yes,yes,
electricadvantage.com,"1084 Taft St; Rockville, Maryland 20850, US",yes,yes,
electrical-testing.com,"3 Buel St #4, Wallingford, CT 06492",yes,yes,
electrical-work.com,"[no street] Murrieta, California 92562, US",yes,yes,
electricalapparatus.net,"5619 Gallagher Dr; Gastonia, North Carolina 28052, US",yes,yes,
electricaldynamics.com,"72B Concord Street; North Reading, Massachusetts 01864, US",yes,yes,
electricalengineeringenterprises.com,"5316 E. Henry Ave., Tampa, FL 33610, US",yes,yes,
electricalexcellence.com,"PO Box 8119; Colorado Springs, Colorado 80933, US",yes,yes,
electricalinnovations.net,"830 Beckman Rd # F; Lodi, California 95240-3129, US",yes,yes,
electricalrepairserviceco.com,"PO Box 321638, Birmingham, Alabama 35232, US",yes,yes,
electricalservicesco.com,"9835 Kitty Lane, Oakland, CA 94603, US",yes,yes,
electricalsystemsinc.net,"7160 S State Rd; Suite B; Goodrich, Michigan 48438, US",yes,yes,
electricaltechniques.com,"1199 E Henri De Tonti Blvd; Springdale, AR 72762, US",yes,yes,
electriciansinc.com,"2688 Waiwai Loop, Honolulu, HI 96819, US",yes,yes,
electriciansincomaha.com,"14135 S 220th St, Suite 4, Gretna, Nebraska 68028, US",yes,,
electricinnovations.com,"[no street] Redding, California, US",yes,yes,
electricmotorrewindofrupert.com,"214 ID-24, Rupert, ID 83350",yes,yes,
electricmotorservice.net,"1928 Milwaukee Way, Tacoma, Washington 98421, US",yes,yes,
electricmotorservices.net,"6350 Indianapolis Blvd; Hammond, IN 46320, US",yes,yes,
electricmotorshop.com,"253 Fulton Street, Fresno, CA 93725, US",yes,yes,
electricmotorshopnc.com,"1225 North White Street; Wake Forest, NC 27587, US",yes,yes,
electricmotorsinc.com,"3057 b Ohio Dr; Henderson, Kentucky 42420, US",yes,yes,
electrico.net,"1501 Vaughn Rd, Wood River, Illinois 62095-1855, US",yes,yes,
electricsupplyfsd.com,"105 N Fairfax Ave; Sioux Falls, SD 57103, US",yes,yes,
electritech.com,"1334 Mays Landing Rd; Folsom, New Jersey 08037, US",yes,yes,
electroconstruction.com,"3021 Rowena Ave, Los Angeles, California 90039-2097, US",yes,yes,
electrolabcontrols.com,"159 Enterprise Parkway, Boerne, Texas 78006, US",yes,,
electromechanex.com,"158 W. WEYMOUTH ROAD; VINELAND, NJ 08360, US",yes,yes,
elemco.com,"505 Johnson Ave; Bohemia, New York 11716-2612, US",yes,yes,
elevatormotor.com,"809 E State St; Trenton, NJ 08609, US",yes,yes,
eliteelectrical.net,"PO BOX 29165; BELLINGHAM, Washington 98228, US",yes,yes,
eliteelectricgroup.com,"4226 NE 161st Ave, Suite B, Portland, Oregon 97230, US",yes,yes,
eliteindustrialllc.com,"Gillette, Wyoming 82717, US",NO - city/state only,yes,
elitepower.com,"6530 Asher Lane, Sacramento, CA 95828, US",yes,yes,
elitepowersolutions.io,"5255 W 11000 N, Highland, UT 84003",yes,yes,
elliottelectric.net,"1600 S Broadway St, Coal City, IL 60416",yes,yes,
elmelec.com,"68 Union St., Westfield, Massachusetts 01033, US",yes,yes,
elmocarterconstruction.com,"608 Adamson Rd, Cedartown, Georgia 30125, US",yes,yes,
elongo.com,"1 Harry Shupe Blvd, Wharton, New Jersey 07885, US",yes,yes,
emainc.net,"5220 Langford Park Drive, Suite A; Norcross, GA 30071, US",yes,yes,
emc-co.com,"3703 Cook Blvd; Chesapeake, VA 23323, US",yes,yes,
emerald-standard.com,"520 Preston Ave.; Pasadena, TX 77503, US",yes,yes,
emergingtech-llc.com,"1613 Columbus Street; Two Rivers, Wi 54241, US",yes,yes,
emiofkc.com,"861 S 66th Terrace, Kansas City, Kansas 66111, US",yes,yes,
empower-electric.com,"321 Homestead Rd; Nashville, Tennessee 37207, US",yes,yes,
empowerconstruct.com,"235 New York Dr; Fort Washington, Pennsylvania 19034, US",yes,yes,
emsindustrial.com,"4901 Prairie Dock Drive, Madison, Wisconsin 53718, US",yes,yes,
emtec-engineers.com,"3555 Veterans Memorial Highway, Suite M, Ronkonkoma, NY 11779, US",yes,,
emtgengineers.com,"236 Mineola Blvd., Mineola, NY 11501, US",yes,,
encoreenergygroup.com,"342 Changebridge Rd #101, Pine Brook, NJ 07058",yes,yes,
endpointcorporation.com,"6871 South Lovers Lane, Franklin, WI 53132, US",yes,,
enduro-ts.com,"200 Prosperity Dr, Knoxville, TN 37923, US",yes,yes,
energy-test.com,"Calle Begonias 3103; 02; Ampl Jardin Dorado, Baja California 22200, MX",NO - city/state only,yes,
energycx.com,"600 W Chicago Ave, 250, Chicago, Illinois 60654, US",yes,,
energygroupusa.com,"1600 East Grand Blvd.; Suite 300; Detroit, MI 48211, US",yes,yes,
energyresourcesgroup.us,"23 Commerce Park Way, Farmington, New Hampshire 03835, US",yes,yes,
energysource.com,"37 Thurber Blvd; Smithfield, Rhode Island 02917, US",yes,yes,
enertechelectrical.com,"101 Youngstown-Lowellville Road; Lowellville, Ohio 44436, US",yes,yes,
engineeredlifting.com,"601 Gravois Bluffs Blvd, Suite O, Fenton, Missouri 63026, US",yes,,
engineeredrepinc.com,"1320 N Lake St, Neenah, Wisconsin 54956, US",yes,,
enspectinc.com,"8300 Mississippi Street, Merrillville, Indiana 46410, US",yes,,
enterpriseelectric.net,"46 Capital Ave, Lisbon Falls, Maine 04252, US",yes,yes,
envibe.com,"5522 Mitchelldale St; Houston, Texas 77092, US",yes,yes,
enyartelectric.com,"1313 Prairie Ave; South Bend, Indiana 46613, US",yes,yes,
epd-mi.com,"18840 Woodworth, Redford, Michigan, US",yes,yes,
eplusadvisors.com,"9018 Heritage Pkwy, Woodridge, Illinois 60517, US",yes,,
epowernetwork.com,"1020 Segovia Circle; Placentia, CA 92870, US",yes,yes,
eps-stl.com,"48 Progress Parkway; St. Louis, MO 63043, US",yes,yes,
erwinsc.com,"1280 N La Loma Circle, Anaheim, California 92806, US",yes,yes,
esbdesignbuild.com,"11280 W Adonis Rd, Marana, AZ 85658, US",yes,,
escventura.com,"2368 Eastman Ave.; Suite 13; Ventura, CA 93003, US",yes,yes,
esiconsult.com,"1315 NW 98th Ct, Doral, Florida, US",yes,,
espatl.com,"1075 Progress Circle; Lawrenceville, GA 30043, US",yes,yes,
espohio.com,"4110 Demorest Rd, Grove City, OH 43123, US",yes,yes,
estarelectricinc.com,"4600 140th Ave N; Suite 200; Clearwater, FL 33762, US",yes,yes,
ethos.green,"729 North Main Street, Viroqua, WI 54665, US",yes,,
ettingerengineering.com,"New York, New York 10018, US",NO - city/state only,,
eurtonelectric.com,"9920 Painter Avenue; P.O. Box 2113; Santa Fe Springs, California 90670, US",yes,yes,
ev-edison.com,"[no street] Kearny, New Jersey, US",yes,yes,
evchargersusa.com,"1968 S Coast Hwy suite 639, Laguna Beach, CA 92651",yes,yes,
everhartandhoover.com,"PO Box 416, Hustontown, Pennsylvania 17229, US",yes,yes,
everywattmatters.com,"89 Middlesex Street; Glasgow, Scotland G41 1, GB",yes,yes,
evhookup.com,"80 E Hawthorne Ave, Valley Stream, NY 11581",yes,yes,
evolvedle.com,"1850 Dividend Dr, Columbus, Ohio 43228, US",yes,yes,
evolveincorporated.com,"10555 Cossey Road; Houston, TX 77070, US",yes,yes,
evrange.com,"403 W 21st St; San Pedro, California 90731, US",yes,yes,
evrevolution.com,"6300 Limousine Drive, Ste 114, Raleigh, North Carolina 27617, US",yes,yes,
ewme.com,"1974 Steam Way, Round Rock, TX 78665, US",yes,,
exbatt.com,"Economic Zone Arberia; Building #4, EXBATT Offices; Prishtina, 10000, XK",NO - city/state only,yes,
excelelectricco.com,"285 Fairforest Way; Greenville, South Carolina 29607, US",yes,yes,
excelltdinc.com,"888 E. Belvidere Rd., Unit 405, Grayslake, Illinois 60030, US",yes,yes,
excelunderground.com,"5288 Pasture Ln; Omro, Wisconsin 54963, US",yes,yes,
exele.com,"349 W Commercial St, Suite 3300, East Rochester, New York 14445, US",yes,,
exeltech.com,"7317 Jack Newell Blvd N, Fort Worth, Texas 76118, US",yes,yes,
ezelectricmotor.com,"23440 MILES RD; CLEVELAND, Ohio 44128, US",yes,yes,
ezevelectric.com,"Denver, Colorado, US",NO - city/state only,yes,
facilico.com,"4 A Street, Burlington, MA 01803, US",yes,yes,
facilitydynamics.com,"6760 Alexander Bell Drive, Suite 200, Columbia, MD 21046, US",yes,,
facilitygateway.com,"4916 East Broadway; Madison, WI 53716, US",yes,yes,
facilityitgroup.com,"5420 Newport Dr. #64; Rolling Meadows, IL 60008, US",yes,yes,
faganelectricalservice.com,"15R Greenwood Ave, Woburn, MA 01801, US",yes,yes,
failureprevention.com,"2800 E Broadway Street; C-252; Pearland, TX 77581, US",yes,yes,
farnuminsulators.com,"East Dummerston, VT 05346, US",NO - city/state only,,
fcps-electric.com,"212 McClanahan Dr, Bryant, Arkansas 72022, US",yes,yes,
feace.com,"197 Scott Swamp Rd; Farmington, Connecticut 06032, US",yes,yes,
fee-ups.com,"30001 Comercio; Rancho Santa Margarita, California 92688, US",yes,yes,
ferreirapw.com,"2 Executive Circle, Suite 125, Irvine, California 92614, US",yes,yes,
ferrellelectric.net,"3122 S Great SW Parkway; Grand Prairie, TX 75052, US",yes,yes,
fibernext.com,"41 Locke Rd, Concord, NH 03301, US",yes,,
fie-inc.com,"104 Commerce St; Lake Mary, Florida 32746, US",yes,yes,
finalphaseelectric.net,"300 Nibco Pkwy, 3rd Floor, Elkhart, Indiana 46516, US",yes,yes,
finncoservices.com,"8241 Beech Ave., Fontana, California 92335, US",yes,,
firstelectricmotor.com,"73 Olympia Ave, Woburn, MA 01801",yes,yes,
firstlineassociates.com,"211 West St, Milford, Massachusetts 01757, US",yes,,
firstpowergroupllc.com,"8941 Dutton Drive; Twinsburg, OH 44087, US",yes,yes,
fitzec.com,"6S865 Shaw Road, Big Rock/Chicago, Illinois, US",yes,yes,
fivestarelectric.org,"756 SW Bailey St, Hillsboro, OR 97123, US",yes,yes,
fkaild.com,"304 South Broadway Suite 203, Los Angeles, CA 90013, US",yes,,
fkconst.com,"2055 W 150 S, Flora, Indiana 46929, US",yes,,
flamtech-energy.com,"Homestead, Florida 33032, US",NO - city/state only,yes,
flemingtoninstrument.com,"55 Sandra Rd; Ringoes, NJ 08551, US",yes,yes,
flkeyselectric.com,"905 Overseas Highway, Key West, FL 33040, US",yes,yes,
flolo.com,"1400 Harvester; West Chicago, Illinois 60185, US",yes,yes,
floridasol.net,"Miami, Florida, US",NO - city/state only,yes,
florylineconstruction.com,"2195 S Sheridan Rd, Lennon, Michigan 48449, US",yes,yes,
flyingxelectric.com,"1227 W Campbell Rd; Ste 301; Richardson, TX 75080, US",yes,yes,
fmsolutions.net,"20171 N Bustos Way, Maricopa, Arizona 85138, US",yes,,
fnalandscape.com,"Fort Worth, US",NO - city/state only,,
focalpointpartners.com,"12400 Pillsbury Ave, Burnsville, MN 55337, US",yes,yes,
formex.us,"2082 Michelson Dr STE 100; Irvine, CA 92612-1212, US",yes,yes,
four-gen.com,"815 Commerce Drive; Suite 110; Oak Brook, IL 60523, US",yes,yes,
foxsystemsinc.com,"1771 US Hwy 41 SW, Calhoun, Georgia 30701, US",yes,yes,
foxvalleyelec.com,"11022 N 28th Dr, 155, Phoenix, Arizona 85029, US",yes,,
foygroup.net,"901 Powell Ave SW, Suite 100, Renton, Washington 98057, US",yes,yes,
fpiseattle.com,"17410 Ash Way, 8, Lynnwood, Washington 98037, US",yes,,
francisenergy.com,"15 E 5th Street; Suite 8; Tulsa, Oklahoma 74103, US",yes,yes,
frankartelectric.com,"550 E Zeller Rd, Fostoria, OH 44830",yes,yes,
franklinengineering.com,"381 Riverside Drive, Suite 200, Franklin, TN 37064, US",yes,yes,
fraziersignals.com,"1506 State Street; Suite 106; Veazie, ME 04401, US",yes,yes,
freedomaeroservice.com,"3200 HOWARD ST; Mcclellan, California 95652, us",yes,yes,
freelandelectricllc.com,"19200 Middletown Rd, Parkton, Maryland 21120, US",yes,yes,
frontiereow.com,"7217 NE 99TH STREET; VANCOUVER, WA 98662, US",yes,yes,
frontrangewireless.com,"7476 S Eagle St, Unit A, Centennial, Colorado 80112, US",yes,,
fulcrumreliability.com,"405 Main Street, Suite 700, Houston, TX 77002, US",yes,yes,
fullcircleindustrial.com,"31 Marquette Avenue; Oglesby, IL 61348, US",yes,yes,
fullerelectric.com,"1018 Cudahy Place; Suite B; San Diego, CA 92110, US",yes,yes,
fullfordelectric.com,"303 E Van Horn Rd, Fairbanks, Alaska 99701, US",yes,yes,
fusionelectric-inc.com,"4919 Windplay Drive, Suite 4; El Dorado Hills, CA 95762, US",yes,yes,
future-controls.com,"5719 Zip Dr Suite 1; Fort Myers, FL 33905, US",yes,yes,
futurefuelsenergy.com,"120 Meat Plant Rd, Lexington, South Carolina 29073, US",yes,yes,
fyi.solutions,"Spearman, Texas, US",NO - city/state only,yes,
fyrerok.com,"301 N. Spring Street, Suite 102, Bellefonte, Pennsylvania 16823, US",yes,,
g-gelectricservice.com,"15510 US-27, Lake Wales, FL 33859",yes,yes,
g3electrical.com,"1951 Stella Lake St, Las Vegas, Nevada, US",yes,yes,
gabelassociates.com,"417 Denison St, Highland Park, New Jersey 08904, US",yes,,
gadestraffic.com,"5801 W Harry; Wichita, KS 67209, US",yes,yes,
gaiadevelopment.com,"12130 Millennium Drive, Suite 300, Unit C, Playa VIsta, California 90094, US",yes,,
gallagherelectric.co,"8699 Via Giula, Boca Raton, FL 33496, US",yes,,
gandptechnology.co.uk,"Unit 2D, Chilton Industrial Estate, Chilton, County Durham DL17 0SF, GB (NON-US)",yes,yes,
gandrmetals.com,"810 Kiwanis St, Hampton, Virginia 23661, US",yes,,
garbaindustrial.com,"4919 Denver St; Tampa, FL 33619, US",yes,yes,
gardnerelectric-ky.com,"4131 Hawkins Rd, Hodgenville, KY 42748",yes,yes,
garnerconstructionwbe.com,"5301 Ravenna Ave NE, Seattle, WA 98105, US",yes,,
garnetelectric.com,"1615 E State St, Sheffield, Alabama 35660, US",yes,yes,
gatchelectrical.com,"941 Dupont Rd; Charleston, SC 29407, US",yes,yes,
gatewayelectric.com,"Cleveland, US",NO - city/state only,yes,
gavietri.com,"105 Independence Way, Coatesville, Pennsylvania 19320, US",yes,yes,
gcarterconstruction.com,"805 N Bell Blvd; Cedar Park, Texas 78613-2212, US",yes,yes,
gcats.com,"P.O. Box 560603; Dallas, Texas 75356, US",yes,yes,
gcemsinc.com,"3810 Hopkins Street, Pensacola, Florida 32505, US",yes,yes,
gdvoltage.net,"7020 Hayvenhurst Ave; Unit L; Van Nuys, California 91406, US",yes,yes,
geflorida.com,"2695 NW 4th St; Ocala, Florida 34475, US",yes,yes,
geminielectric.net,"44455 Reynolds Dr, Clinton Township, Michigan 48036, US",yes,yes,
genalco.com,"333 Reservoir St, Needham, Massachusetts 02494-3145, US",yes,,
genelco-inc.com,"14647 S 50th St; Ste- A155; Phoenix, Arizona 85044, US",yes,yes,"Inven resolved genelco-inc.com to powerxco.com (Powerx) - possible wrong-entity match, verify before mailing"
generatorsofhouston.com,"10727 Tower Oaks Blvd, Houston, Texas 77070, US",yes,yes,
generayelectric.com,"304 Valley Creek Rd; Elizabethtown, Kentucky 42701, US",yes,yes,
genesiselectric.com,"[no street] Indianapolis, Indiana, US",yes,yes,
gensolutionsllc.com,"14519 EAST FREEWAY; Houston, Texas 77015, US",yes,yes,
geoforceutilitytech.com,"2265 N NC 16 Business Hwy; Denver, North Carolina 28037, US",yes,yes,
geotecheng.com,"17407 US Highway 59, Houston, TX 77396, US",yes,,
gerstnerelectric.com,"2400 Cassens Dr, Fenton, MO 63026, US",yes,yes,
get-ny.com,"16 West 36th Street; Suite 601; New York, NY 10018, US",yes,yes,
getgenesiselectric.com,"355 Lively Blvd; Elk Grove Village, Illinois 60007, US",yes,yes,
gets-usa.com,"2631 Success Dr, Odessa, Florida 33556, US",yes,yes,
getspeedcharge.com,"7200 Gateway Blvd; Newark, California 94560, US",yes,yes,
ghec.biz,"920 Morningside Rd, Charlotte, NC 28214",yes,yes,
gibson-painting.com,"105 N 36th St, C, Lafayette, Indiana 47905, US",yes,,
gigaelectricalca.com,"[no street] Commerce, CA 90040, US",yes,yes,
gigerich.net,"4669 Malvern Road; Hot Springs, AR 71901, US",yes,yes,
gileselectriccompany.com,"1700 South Segrave Street; South Daytona, FL 32119, US",yes,yes,
gilmoreelectric.com,"2875 Jupiter Park Dr, Jupiter, FL 33458, US",yes,yes,
gilsulate.com,"26000 Springbrook Ave. #201, Santa Clarita, CA 91350, US",yes,,
gl.com,"818 W Diamond Ave #3, Gaithersburg, MD 20878",yes,,
glazetool.com,"1610 SUMMIT ST, NEW HAVEN, IN 46774, US",yes,,
glenelgconstruction.com,"7410 Coca Cola Dr; Ste 211; Hanover, Maryland 21076, US",yes,yes,
glenwoodelectric.com,"12250 CHANDLER DRIVE, WALTON, Kentucky 41094, US",yes,yes,
globalelectricusa.com,"32480 NW Cottage St, North Plains, OR 97133",yes,yes,
globalpowergroup.com,"12060 Woodside Ave, Lakeside, CA 92040, US",yes,yes,
globexcorp.com,"3620 Stutz Drive, Canfield, OH 44406, US",yes,,
globuselectric.com,"1440 N. Broad St.; Hillside, New Jersey 07205, US",yes,yes,
gmeaservices.com,"1514 Ed Bluestein Blvd.; Suite 301; Austin, Texas 78721, US",yes,yes,
gmselevator.com,"401 Borrego Court, San Dimas, California 91773, US",yes,,
gobeaon.com,"8900 Edgeworth Dr, Unit T, Capitol Heights, Maryland 20743, US",yes,yes,
godfreyelectric.com,"1222 Omar Rd, West Palm Beach, FL 33405, US",yes,yes,
goecs.com,"3702 West Valley Highway North, Suite 302, Auburn, WA 98001, US",yes,,
goemc.com,"501 West 700 South; Salt Lake City, Utah 84101, US",yes,yes,
goforthelectric.com,"16 Liberty Street; Brockport, NY 14420, US",yes,yes,
gohispeed.com,"7030 Ryburn Drive, Millington, Tennessee 38053, US",yes,yes,
goleyinc.com,"1707 BLUFFVIEW DR., DUPO, Illinois 62239-1488, US",yes,,
gonzalescontractors.com,"4001 S Hwy 349, Midland, Texas 79706, US",yes,,
goodbeeassoc.com,"1658 Cole Blvd, Golden, Colorado 80401, US",yes,,
goodenergysolutions.com,"641 E 22nd St, Lawrence, KS 66046, US",yes,,
gordonenergy.com,"15735 S Mahaffie Rd., Olathe, KS 66062, US",yes,,
gordyconstruction.com,"2960 Smith Rd, Columbus, Georgia 31808, US",yes,,
gospacego.com,"Tampa, Florida 33637, US",NO - city/state only,yes,
gprus.com,"22365 Broderick Dr, Sterling, Virginia 20166, US",yes,,
graceport.com,"1515 E Kimberly Rd., Davenport, Iowa 52807, US",yes,yes,
grandeurfasteners.com,"18798 E. State Hwy 10, Danville, Arkansas 72833, US",yes,,
graphicelectric.org,"6644 E 26th St, Commerce, CA 90040",yes,yes,
grattanline.com,"35 Sullivan Rd, North Billerica, MA 01862, US",yes,yes,
graves-electrical.com,"1958 Youth Monroe Rd; Monroe, Georgia 30655, US",yes,yes,
gravitienergy.com,"13255 Stafford Rd; #400; Missouri City, Texas 77489, US",yes,yes,
gravitytechnologies.com,"348 W 14th St, 6th Floor, New York, New York 10014, US",yes,yes,
grayelectricllc.com,"N4703 Hwy 12-16; Mauston, WI 53948, US",yes,yes,
grayspowersupply.com,"7 Vortex Dr; Oakland, Mississippi 38948, US",yes,yes,
grcs.com,"3558 Jefferson St N Ste 2, Lewisburg, WV 24901, US",yes,,
greatlakesfireonline.com,"21850 Watertown Rd, SUITE 18, Waukesha, Wisconsin 53186, US",yes,,
greatlakeslandscapedesign.com,"Oak Park, US",NO - city/state only,,
greatplainstechnicalservices.com,"2719 37th Street NW, Mandan, North Dakota 58554, US",yes,yes,
green-wealth.com,"177 E. Colorado Blvd; Pasadena, CA 91006, US",yes,yes,
greenerhorizon.com,"7 Clayton Rd., Middleboro, MA 02338, US",yes,,
greentechenergy.com,"122 East Kings Highway, Suite 503, Maple Shade, NJ 08052, US",yes,yes,
greenwayelecsvc.com,"2718 Pemberton Dr, Apopka, FL 32703",yes,yes,
greenwayelectric.com,"1424 N Mosley St, Wichita, Kansas 67214, US",yes,yes,
greerselectric.com,"1190A Co Rd 628, Dumas, MS 38625",NO - city/state only,yes,
gregandersonpainting.com,"1313 Central Ave S, Suite H, Kent, WA 98032, US",yes,,
grind-well.com,"4707 Willow Springs Road; Suite 203; Lagrange, 60525, US",yes,yes,
grnotoelectric.com,"2 Skyline Dr E, South Abington Twp., Pennsylvania 18411, US",yes,yes,
groupgdc.com,"5409 FM 2767, Tyler, TX 75708, US",yes,yes,
groveselectric.com,"2410 Squire Pl; Farmers Branch, Texas 75234-4744, US",yes,yes,
gs2contractors.com,"2108 W Griffin Pkwy; Mission, Texas 78574, US",yes,yes,
gstechnologies.com,"1800 Harrison Avenue, Kearny, New Jersey 07032, US",yes,yes,
gstpowerservice.com,"2801 Remington; Suite #3; Fort Collins, CO 80525, US",yes,yes,
gtsconsultants.com,"211 Warren St, 507, Newark, New Jersey 07103, US",yes,,
gtstechsales.com,"122 Middleboro Rd, Wilmington , DE 19804, US",yes,,
guamadvance.com,"316 W Harmon Industrial Park Rd Ste R; Tamuning, Guam 96913, US",yes,yes,
guardianlp.com,"44375 Grand River Ave; Novi, Michigan 48375, US",yes,yes,
guardianmfg.com,"2971A Oxbow Circle, Cocoa, Florida 32926, US",NO - city/state only,yes,
guardiansecurity.com,"1743 1St Ave South, Seattle, WA 98134, US",yes,,
guerreroelectrical.com,"Norman, OKLAHOMA 73071, US",NO - city/state only,yes,
gulfcoastcalibration.com,"9431 Winkler Dr, Houston, Texas 77017, US",yes,yes,
gulfelec.com,"6604 Harney Rd Ste B; Tampa, Florida 33610-9424, US",yes,yes,
gulfsoutharmature.com,"8550 Park Ave; Houma, Louisiana 70363-3677, US",yes,yes,
gulfturbineusa.com,"[no street] Birmingham, Alabama, US",yes,yes,
gumpherinc.com,"630 5th Ave; East Mckeesport, Pennsylvania 15035, US",yes,yes,
gurlitzarchitects.com,"121 S Estes Dr #100, Chapel Hill, NC 27514",yes,,
gwainc.net,"168 Laurelhurst Avenue, Columbia, SC 29210, US",yes,,
gyre9.com,"1200 Main St S, Southbury, Connecticut 06488, US",yes,yes,
h-j.com,"1920 W Blossom Ave, Nampa, Idaho 83651-8323, US",yes,yes,
h2einc.com,"23305 E. Knox Ave.; Liberty Lake, WA 99019, US",yes,yes,
hallengineering.com,"25400 Meadowbrook Road, Novi, MI 48375, US",yes,yes,
halleyeng.com,"13901 NW 118 AVE; MIAMI, Florida 33178, US",yes,yes,
hamerelectric.com,"126 Industrial Way; Longview, Washington 98632, US",yes,yes,
hamiltonelec.com,"3175 Pierce Rd, Saginaw, MI 48609, US",yes,yes,
hammondelectric.com,"3839 Sugarberry Dr; Hebron, Kentucky 41048-7981, US",yes,yes,
handhtransformer.com,"8075 Pontiac St; Commerce City, Colorado 80022, US",yes,yes,
hanlonelectric.com,"530 Old Frankstown Road, Monroeville, PA 15146, US",yes,yes,
hannonelectric.com,"1605 WAYNESBURG DR. SE; CANTON, OH 44707, US",yes,yes,
harcrowelectric.com,"1279 Mauldin Rd; Calhoun, Georgia 30701, US",yes,yes,
hardtelectric.com,"4909 N. Elston Ave., Chicago, IL 60630, US",yes,yes,
hardwiretech.com,"10900 73rd Ave N, 145, Maple Grove, Minnesota 55369, US",yes,,
hargroveelectric.com,"1522 Market Center Blvd; Dallas, Texas 75207, US",yes,yes,
harriman.com,"46 Harriman Dr, Auburn, Maine 04210, US",yes,,
harrisclaimsservices.com,"7161 North Cicero, Suite 207, Lincolnwood, Illinois 60712, US",yes,,
hart-assoc.com,"9299 W Olive Ave STE 209, Peoria, AZ 85345",yes,yes,
hartmannelectric.com,"750 Lee St, Elk Grove Village, Illinois 60007, US",yes,yes,
hauptelectrical.com,"312 N 1600 W, Mapleton, Utah 84664, US",yes,,
hawaiienergysystems.com,"99-970 Iwaena Street, Suite 100, Aiea, HI 96701, US",yes,yes,
hawk-inc.com,"1850 E North St; Crown Point, Indiana 46307, US",yes,yes,
hawkeye-construction.com,"1001 68th Street; Rosedale, MD 21237, US",yes,yes,
hawkeye-electric.com,"1710 Hawkeye Drive, Hiawatha, Iowa 52233, US",yes,yes,
hbutilities.com,"11550 IH-10 West; Suite 115; San Antonio, Texas 78230, US",yes,yes,
hdtvdenver.com,"846 S Miller St, Lakewood, CO 80226, US",yes,,
heartlandchargingservices.com,"6161 Riverside Dr; STE E; Dublin, Ohio 43017, US",yes,yes,
heartutilities.com,"1180 Lane Ave S, Jacksonville, FL 32205, US",yes,yes,
heavenlysunshine.com,"9115 Southview St., Southaven, MS 38671, US",yes,,
heckerelectric.com,"250 Industrial Ln; Wheeling, Illinois 60090, US",yes,yes,
hecoinc.com,"3509 S. Burdick St., Kalamazoo, Michigan 49001, US",yes,yes,
hecowa.com,"600 Washington Ave S; Kent, WA 98032, US",yes,yes,
heicontractors.com,"321 E Main St, Griffith, Indiana 46319, US",yes,yes,
heinekenelectric.com,"3121B U.S. Hwy 24; Beloit, Kansas 67420, US",yes,yes,
heinelectric.com,"5030 Blum Road, Martinez, CA 94553, US",yes,,
helioselectric.net,"362 Christopher Ave; Suite B; Gaithersburg, Maryland 20879, US",yes,yes,
hellerelectric.com,"Brandywine Rd, Brandywine, MD 20613, US",NO - city/state only,yes,
helmcoelectric.com,"17985 SKY PARK CIRCLE, SUITE J; IRVINE, California 92614, US",yes,yes,
henderson-services.com,"4502 Poplar Level Rd.; Louisville, KY 40213, US",yes,yes,
herndonelectric.net,"221 W Carroll St, Dothan, AL 36301, US",yes,yes,
heroldprecision.com,"1370 Hammond Road, White Bear Township, MN 55110, US",yes,,
herpellift.com,"6339 Cannons Campground Rd, Cowpens, South Carolina 29330, US",yes,,
hertzlerelectric.com,"950 E Main St; Mt. Joy, PA 17552, US",yes,yes,
hi-techcompressor.com,"1113 Branagan Drive, Tullytown, PA 19007, US",yes,,
hibbsinc.com,"1300 Industrial Road, Madisonville, KY 42431, US",yes,yes,
hickeyelectricinc.com,"1319 Green Forest Court; Suite 412; Winter Garden, FL 34787, US",yes,yes,
hickselectric.net,"1005 Orienta Ave, Altamonte Springs, FL 32701",yes,yes,
hickslp.com,"7420 FM 2449, Ponder, Texas 76259, US",yes,yes,
higginselectric.com,"10 Charles St, Medway, Massachusetts 02053-1614, US",yes,yes,
highdefinitionlogistics.com,"2100 Greenwood Dr, suite 140, Southlake, TX 76092, US",yes,,
highlineconstructionmn.com,"1420 Highway 5 N; Benton, Arkansas 72015, US",yes,yes,
highloads.com,"5901 Bayway Dr, Baytown, Texas 77520, US",yes,,
highmarkerectors.com,"1712 11th Ave SE; Watford City, ND 58854, US",yes,yes,
highsideelectric.com,"12821 S 186th Ave, Buckeye, Arizona 85326, US",yes,yes,
highvoltageelectric.com,"102 N 5th Ave; St Charles, Illinois 60174-2115, US",yes,yes,
highvoltagespecialists.com,"PO Box 16127; Augusta, GA 30919, US",yes,yes,
highwaysafetydevices.com,"6480 Harney Rd, Tampa, FL 33610, US",yes,yes,
hinckelectric.com,"75 Orville Dr # 1, Bohemia, NY 11716",yes,yes,
hinsdaleelectric.com,"1143 North Main Street, Lombard, IL 60148, US",yes,yes,
hitechelectric.com,"11116 W Little York Rd, Houston, Texas, US",yes,yes,
hitekbalancing.com,"241 Leominster Shirley Rd; #R; Lunenburg, Massachusetts 01462, US",yes,yes,
hive-power.com,"968 Postal Rd; Suite 310; Allentown, PA 18109, US",yes,yes,
hkscholz.com,"7800 Serum Ave, Ralston, NE 68127, US",yes,yes,
hmcragg.com,"10250 Yellow Circle Drive; Eden Prairie, MN 55343, US",yes,yes,
hnaengineering.com,"5411 Hayes Rd., Arlington, Tennessee 38002, US",yes,yes,
hobgoodelectric.com,"10330 Monticello Road, Winnsboro, South Carolina 29180, US",yes,yes,
hockema.com,"5306 Ballard Ave NW, Suite 204, Seattle, Washington 98107, US",yes,,
hoekstraelectric.com,"80 W 64th St; Holland, Michigan 49423, US",yes,yes,
hoffmanelectriccompany.com,"4119 Ogeechee Rd, Savannah, GA 31405",yes,yes,
hollandindustrial.com,"518 W Montgomery St, Henderson, North Carolina 27536, US",yes,yes,
homesteadelectric.com,"27839 W Concrete Dr, Ingleside, IL 60041",yes,yes,
hopeelectric.com,"41097 N Julia Ct, Antioch, Illinois 60002-2201, US",yes,yes,
horizonis.com,"1659 East Sutter Road, Glenshaw, PA 15116, US",yes,,
horizonlightinginc.com,"2351 McGaw Avenue; Irvine, California 92614, US",yes,yes,
horsepowerelectric.com,"8105 W 20th Ave; Hialeah, Florida 33014-3231, US",yes,yes,
hotspray.com,"1932 N Goldenrod Rd, Orlando, FL 32807, US",yes,,
houstonbearing.com,"5311 Cornish, Houston, Texas 77007, US",yes,,
houstondynamic.com,"8150 Lawndale Ave, Houston, TX 77012, US",yes,yes,
houstonlandscapepros.com,"1300 W Sam Houston Pkwy S, STE 100, Houston, Texas 77042, US",yes,,
houstonpumpandgear.com,"14713 Jersey Shore Dr.; Houston, TX 77047, US",yes,yes,
howe-electric.com,"4682 E. Olive Ave.; Fresno, 93702, US",yes,yes,
hreconstruction.com,"1235 Pine St, Elgin, South Carolina 29045, US",yes,yes,
hrsutilities.com,"5770A NY-37, Ogdensburg, NY 13669",NO - city/state only,yes,
hs-electric.com,"4830 Se 4th Ave; New Plymouth, Idaho 83655-5315, US",yes,yes,
hsitx.com,"6626 Rupley Cir, Houston, Texas 77087-3444, US",yes,yes,
hswilliams.com,"1320 Highway 16, Marion, VA 24354, US",yes,,
hugheselectrical.com,"5592 NE Clara Ln, Hillsboro, OR 97124",yes,yes,
hughesfire.com,"910 Shelley St, Springfield, Oregon 97477, US",yes,,
hulihanterritory.com,"1177 Atlantic Blvd, Atlantic Beach, Florida 32233-2516, US",yes,,
hummelelectric.com,"2505 Mjm Industrial Dr; Evansville, Indiana 47715-8526, US",yes,yes,
hurstelec.com,"229 W Hurst Blvd, Hurst, Texas 76053, US",yes,yes,
hurtelectric.com,"10529 W Appleton Ave, Milwaukee, Wisconsin 53225-2408, US",yes,yes,
hvmtech.com,"360 McKenna Ave., New Braunfels, Texas 78130, US",yes,,
hydroscience.com,"10569 Old Placerville Rd; Sacramento, California 95827, US",yes,yes,
i-e-electric.com,"Centennial , Colorado, US",NO - city/state only,yes,
iaqsys.com,"555 8th St Ave, Suite 1502, New York , NY 10018-4634, US",yes,,
icecontractors.net,"1415 Kathy Ln SW, Decatur, Alabama 35601, US",yes,yes,
icgroup-ca.com,"PO Box 21085; Bakersfield, CA, US",yes,yes,
iciofamerica.com,"295 Main Road, Tiverton, RI 02878, US",yes,,
icklerelectric.com,"13250 Kirkham Way, Poway, California 92064, US",yes,yes,
icorrtech.com,"810 W Hardscrabble Road; Morgan, Utah 84050, US",yes,yes,
icreed.com,"6 Evans Dr, Raymond, NH 03077, US",yes,yes,
icselectricalservices.com,"11355 Sebring Dr; Forest Park, Ohio, US",yes,yes,
iecelectric.us,"1331 NORTH 81 BYPASS; MCPHERSON, Kansas 67460, US",yes,yes,
iecelko.com,"[no street] Elko, NV 89801, US",yes,yes,
iegusa.com,"1715 Orr Industrial Ct; Charlotte, North Carolina 28213, US",yes,yes,
iemcc.net,"5118 Leopard St, Corpus Christi, TX 78408",yes,yes,
iemco.com,"4425 Oliver St, Kansas City, KS 66106, US",yes,yes,
iemsavannah.com,"1624 Dean Forest Rd; Savannah, Georgia 31408, US",yes,yes,
iemsbr.com,"8920 Buzbee Dr; Baton Rouge, LA 70809, US",yes,yes,
ietspower.com,"7265 Slocum Road, Lima, NY 14485, US",yes,yes,
iiiphaseinc.com,"5300 Pinson Valley Parkway, 6 Gilmer Industrial Park, Birmingham, Alabama 35215, US",yes,yes,
ikpower.com,"938 Lafayette St; New Orleans, Louisiana 70113-1024, US",yes,yes,
ildpower.com,"7353 Highland Rd.; B-378; Baton Rouge, LA 70808, US",yes,yes,
ilpsystems.com,"14 Shire Dr, Norfolk, Massachusetts 02056, US",yes,yes,
imagebuildingsystems.com,"1923 E 5th Street, Tempe, AZ 85288, US",yes,,
imagenationsystems.com,"549 Pylon Dr, Raleigh, North Carolina 27606, US",yes,,
ime-corp.com,"531 J P Hennessy Drive; La Vergne, TN 37086, US",yes,yes,
impaxautomation.com,"2131 Saturn Court; Bakersfield, California [CA] 93308, US",yes,yes,
imperiallighting.com,"4555 North Elston Avenue, Chicago, IL 60630, US",yes,yes,
imsnation.com,"3536 Central Pike; Hermitage, Tennessee 37076, US",yes,yes,
imworksinc.com,"444 North Bayard Avenue; Waynesboro, Virginia 22980, US",yes,yes,
inceptionsolutions.com,"101 Atlantic Ave, Waco, GA 30182, US",yes,yes,
inchargee.com,"1440 N Kingsbury St; Chicago, Illinois 60642, US",yes,yes,
indecousa.com,"65 EAST AVE K; SAN ANGELO, Texas 76903, US",yes,yes,
independencetrafficservices.com,"[no street] Aurora, Colorado 80013, US",yes,yes,
independentlighting.com,"93 S First Colonial Rd, Virginia Beach, Virginia 23454, US",yes,yes,
industrialaccess.com,"1465 Ventura Drive; Cumming, GA 30040, US",yes,yes,
industrialcomm.net,"1720 4th Avenue S, Seattle, Washington 98134, US",yes,,
industrialelec.net,"5318 Old Pineville Rd; Charlotte, North Carolina 28217, US",yes,yes,
industrialelectricalco.com,"1417 Coldwell Avenue; Modesto, California 95350, US",yes,yes,
industrialelectrictesting.com,"11321 Distribution Ave W; Jacksonville, FL 32256, US",yes,yes,
industrialfour.com,"9 Morse Drive, Essex Junction, Vermont 05452, US",yes,yes,
industrialpumpandmotor.com,"1642 Butler Plank Road, Glenshaw, Pennsylvania 15116, US",yes,yes,
industrialsplicing.com,"1842 N 109th East Ave, Tulsa, Oklahoma 74116, US",yes,,
industrialtechnical.com,"323 Oxford Ave, Mansfield, Ohio 44906, US",yes,,
industrialtechnicalservices.com,"266 Viking Ave.; Brea, CA 92821, US",yes,yes,
inexsystemsdesigns.com,"504 Fair St SW, 242, Atlanta, Georgia 30313, US",yes,,
infinityscaffold.com,"2395 Capp Rd, St Paul, MN 55114, US",yes,,
infinitysolutionsinc.com,"1629 K St NW, 300, Washington, District of Columbia 20006, US",yes,,
infratechengineering.com,"15 Maiden Ln, Suite 200, New York, NY 10038, US",yes,,
ingeniumtech.com,"4216 Maray Drive, Rockford, IL 61107, US",yes,,
inline-corp.com,"Hackensack Ave; Hackensack, New Jersey 07601, US",yes,yes,
inmanelectric.com,"314 Civic Rd, LaSalle, Illinois 61301, US",yes,yes,
innersolinc.com,"13918 E Mississippi Ave, #279, Aurora, CO 80012, US",yes,,
innova-es.com,"12780 Market Street Rd.; Houston, Texas 77015, US",yes,yes,
innovatedenergycontrols.com,"3552 Avon St; Hartland, Michigan 48353-0000, US",yes,yes,
innovet.us,"SAINT LOUIS, MO - Missouri 63123-2509, US",NO - city/state only,,
instelpower.com,"303 Greer Dr, Simpsonville, South Carolina 29681, US",yes,yes,
integral-blue.com,"1060 Centre Rd; Auburn Hills, Michigan 48326, US",yes,yes,
integratedcontroltech.com,"440 Wrangler Dr; Suite 100; Coppell, TX 75019, US",yes,yes,
integrity-crane.com,"915 Carters Creek Pike, Columbia, TN 38401, US",yes,,
intelectcorp.com,"3700 Odonnell St, Baltimore, Maryland 21224, US",yes,yes,
intelectric.net,"3718 Overland Ave., Los Angeles, CA 90034-6312, US",yes,yes,
interconnect-wiring.com,"5024 W. Vickery Blvd., Fort Worth, Texas 76107, US",yes,,
interior-tech.com,"Seattle, WA 98109, US",NO - city/state only,,
interstatepumpandtank.com,"901 Niagara St, Waukesha, WI 53186",yes,,
intertekllc.com,"6805 W River Rd S, Elyria, Ohio 44035, US",yes,,
intlsign.com,"10831 Canal Street, Largo, FL 33777, US",yes,,
intofficesolutions.com,"531 Forest Pkwy Suite 220, Forest Park, GA 30297",yes,,
ion-fs.com,"220 West Broadway Street, Dickinson, ND 58601, US",yes,yes,
ionelectric.org,"305 E. Grand River Ave.; Fowlerville, Michigan 48836, US",yes,yes,
ipatlantic.com,"12605 Branch Ave, Brandywine, MD 20613",yes,yes,
ipcosc.com,"104B S Main St, Fountain Inn, South Carolina 29644, US",NO - city/state only,yes,
ipsi.net,"1021 PINNACLE RD; HENRIETTA, New York 14467, US",yes,yes,
ipspumpservice.com,"8301 W Monroe Rd; Houston, Texas, US",yes,yes,
ireland-electric.com,"528 S Military Hwy, Virginia Beach, Virginia 23464, US",yes,yes,
irelandelectriccorp.com,"130 Ireland Blvd; Augusta, GA 30906, US",yes,yes,
iriss.com,"4 GOWERS FARM; ESSEX, CM77 8AZ, GB",yes,yes,
is-international.com,"1305 Lakes Pkwy, Suite 112, Lawrenceville, GA 30043, US",yes,yes,
islandmarineelectric.com,"401 SE 30th St; Fort Lauderdale, Florida 33316, US",yes,yes,
issisecurity.com,"1703 Cope Avenue E, St. Paul, MN 55109, US",yes,,
itcet.com,"4630 Magnolia; Casper, Wyoming 82644, US",yes,yes,
its-sav.com,"150 Telfair Road, Savannah, Georgia 31415, US",yes,yes,
itselectric.us,"Brooklyn, New York, US",NO - city/state only,yes,
ivctechnologies.com,"210 S West St, Lebanon, OH 45036, US",yes,yes,
ivsincorporated.com,"750 Junction St.; Plymouth, Michigan 48170, US",yes,yes,
iwestco.com,"815 Arnold Dr, Martinez, CA 94553, US",yes,yes,
jabbercomm.com,"1111 Jupiter Rd Ste 106a, Plano, Texas 75074-8406, US",yes,,
jackhornsbyelectric.com,"230 Commerce Center Circle, Jackson, Tennessee 38301, US",yes,yes,
jacksonelect.com,"6 Bagwell Mill Rd; Arden, North Carolina 28704, US",yes,yes,
jakeselectric.net,"5720 Dartmoor Cir; Oceanside, California 92057-5649, US",yes,yes,
jamesfvolpe.com,"81 Sackett St, New York, New York [no ZIP], US",yes,yes,
jamisonelectricinc.com,"2920 N 24th Ave; Phoenix, Arizona 85015-5947, US",yes,yes,
janda.com,"1958 W River Dr; Davenport, Iowa 52802, US",yes,yes,
jarmelkizel.com,"42 Okner Parkway, Livingston, NJ 07039, US",yes,,
javelinelectricinc.com,"3613 22nd St, Long Island City, New York 11106, US",yes,yes,
jbcontracting.com,"2999 Saint Vincent Ave; La Salle, Illinois 61301, US",yes,yes,
jbelectric.com,"3160 MacArthur Blvd, Northbrook, IL 60062-1904, US",yes,yes,
jcdriskill.com,"40 Reservoir Rd; Newport News, Virginia 23608-1126, US",yes,yes,
jceinc-us.com,"2105 Golf Course Rd SE, Rio Rancho, New Mexico 87124, US",yes,yes,
jcwrightlighting.com,"413 E 3rd Ave, Spokane, Washington 99202, US",yes,,
jdcpowersystems.com,"84 BUSINESS PARK DRIVE; Unit 106; ARMONK, New York 10504, US",yes,yes,
jdicontracts.com,"102 NE 3rd Street, Suite 120, Grand Rapids, MN 55744, US",yes,,
jdrm.com,"5604 N. Main Street, Sylvania, OH 43560, US",yes,,
jdsvi.com,"Voorhees, New Jersey 08043, US",NO - city/state only,,
jdtraditional.com,"701 Koehler Ave, 4, Ronkonkoma, New York 11779, US",yes,,
jeffcoatassoc.com,"Bessemer, US",NO - city/state only,,
jeincmn.com,"515 S Main St, Winthrop, MN 55396, US",yes,yes,
jemby.com,"4468 Technology Drive, Fremont, CA 94538, US",yes,yes,
jenkinselectric.com,"5933 Brookshire Boulevard; Charlotte, NC 28216, US",yes,yes,
jensenelectricnv.com,"150 Isidor Ct; Sparks, NV 89441, US",yes,yes,
jensengardens.com,"20714 S Hwy 50, Springfield, NE 68059, US",yes,,
jesscoelectric.com,"40006 N 56th St, Cave Creek, AZ 85331, US",yes,yes,
jesshoward.com,"6630 Taylor Road; Blacklick, Ohio 43004, US",yes,yes,
jfcelectric.com,"7451 Galilee Road; Suite 130; Roseville, CA 95678, US",yes,yes,
jfkelectric.com,"1439 W San Angelo St, Gilbert, AZ 85233, US",yes,yes,
jgblackmon.com,"1601 Cross Beam Dr, Charlotte, NC 28217",yes,yes,
jgelectricaltesting.com,"3092 Shafto Road; Suite 13; Tinton Falls, New Jersey 0753, US",yes,yes,
jhe-la.com,"10030 Florida Blvd., Walker, LA 70785, US",yes,yes,
jimberry.com,"County Road 62; Mathis, Texas 78368-0000, US",yes,yes,
jimmygraychevy.com,"181 Goodman Rd E, Southaven, Mississippi 38671-9553, US",yes,,
jitneyco.com,"1541 Commerce St; Corona, CA 92880, US",yes,yes,
jjelect.com,"2518 N Richmond St, Appleton, WI 54911, US",yes,,
jltaylorcompany.com,"15035 Berkshire Industrial Pkwy, Middlefield, Ohio 44062, US",yes,yes,
jmelectrical.com,"471 Broadway; Lynnfield, Massachusetts 01940, US",yes,yes,
jmschaefer.com,"5 Collamer Circle; East Syracuse, New York 13057, US",yes,yes,
jmselectric.com,"8676 San Juan Ave, South Gate, CA 90280, US",yes,yes,
jmtjconstruction.com,"2530 W White Ave; McKinney, TX 75071, US",yes,yes,
jnwglobal.com,"404 Castle Heights Ave N; Suite C; Lebanon, Tennessee 37087, US",yes,yes,
johnfordelectricalservices.co.uk,"5 Margaret Road, Bristol BS1 3 9DQ, GB (NON-US; record inconsistent, region listed as Connecticut)",yes,yes,
johnswaterproofing.com,"201 Airport Rd., Silverton, OR 97381, US",yes,,
jolmautilities.com,"63946 Hangard Rd; Ashland, Wisconsin 54806, US",yes,yes,
jordanhighvoltage.com,"4901 SW 51Street; Davie, Florida 33314, US",yes,yes,
jordanoelectric.com,"200 Hudson St, Hackensack, New Jersey 07601-6840, US",yes,yes,
jordantransformer.com,"1000 Syndicate Street; Jordan, Minnesota 55352, US",yes,yes,
joyceelectrical.com,"333 2nd St; Archbald, Pennsylvania 18403-1442, US",yes,yes,
jpsolar.com,"1240 East Caldwell Ave, Ste A, Visalia, CA 93292, US",yes,,
jrelectrical.com,"3002 Kingston Ct SE, Suite C, Marietta, Georgia 30064, US",yes,yes,
jsfleming.com,"28 Lord Road, Marlborough, MA 01752, US",yes,yes,
jsinspect.com,"500 S Belt Line Rd; Irving, Texas 75060, US",yes,yes,
jtcpainting.com,"91 Wright Ave, Staten Island, New York 10303, US",yes,,
jthlighting.com,"6885 146th St. West, Apple Valley, MN 55124, US",yes,,
jtlpinc.com,"2567 Ham Brown Rd; Kissimmee, Florida 34746, US",yes,yes,
jtmarineinc.com,"2501 SE Hidden Way, Vancouver, Washington 98661, US",yes,,
julesmadisoninc.com,"1227 N Cedar Rd, New Lenox, Illinois 60451, US",yes,yes,
junctionone.com,"300 Etten Dr; Building A; Monroe, Georgia 30655, US",yes,yes,
jwelectric.com,"127 E 137th St; Hammond, Indiana 46327-1143, US",yes,yes,
jwesleyservices.com,"[no street] McIntosh, Alabama, US",yes,yes,
jwfrew.com,"7845 Airpark Rd; Gaithersburg, Maryland 20879, US",yes,yes,
k2-electric.com,"9498 670 W, Sandy, UT 84070",yes,yes,
k7c.com,"P.O. BOX 70205, Reno, Nevada 89570-0205, US",yes,,
kaiserelectric.com,"1552 Fencorp Dr, Fenton, Missouri 63026, US",yes,yes,
kaizenmech.com,"Lafayette, Louisiana, US",NO - city/state only,yes,
kakouusa.com,"4901 Enka Hwy, Morristown, Tennessee 37813, US",yes,,
kalishelectric.com,"3325 Carter Rd; Sumter, South Carolina 29150, US",yes,yes,
kamerchandising.com,"826 Orange Ave, Coronado, California 92118, US",yes,,
kandhconstruction.com,"PO Box 80193, Fort Wayne, Indiana 46898, US",yes,,
kansaselectric.com,"1420 NW 36th Street, Newton, KS 67114, US",yes,yes,
kantaelectric.com,"34-21 56th St; Woodside, NY 11377, US",yes,yes,
karbonengineering.com,"344 Raritan Center Parkway; Edison, NJ 08837, US",yes,yes,
karianpeterson.com,"4437 Hwy 212, Montevideo, Minnesota 56265, US",yes,yes,
kbtstech.com,"41461, W 11 Mile Road, Novi, MI 48375, US",yes,,
keareselectric.com,"Lancaster, PA 17010, US",NO - city/state only,yes,
kei-inc.com,"10719 163rd Pl; Orland Park, Illinois 60467-8861, US",yes,yes,
kellycos.com,"8431 Old Marlboro Pike, Upper Marlboro, MD 20772, US",yes,yes,
kenalloy.com,"9735 Gravois Rd, St Louis, Missouri 63123, US",yes,,
kentelectricinc.com,"6655 San Fernando Rd; Glendale, CA 91201, US",yes,yes,
kevcoelectrical.com,"2481 N State Highway 161; Irving, Texas 75062, US",yes,yes,
keyelectric.biz,"4461 N Dixie Hwy, Oakland Park, FL 33334",yes,yes,
keypartsco.com,"3755 Industrial Pkwy, Birmingham, Alabama 35217, US",yes,,
kge.com,"1955 Dale Lane, Owings, MD 20736, US",yes,yes,
kgpowersystems.com,"150 Laser Court, Hauppauge, NY 11788, US",yes,yes,
kiemlehankins.com,"94 H Street; Perrysburg, Ohio 43551, US",yes,yes,
kilansolutions.com,"5700 Granite Parkway, Suite 425, Plano, TX 75024, US",yes,,
kilianelectric.com,"4107 W Harry St, Wichita, KS 67209-2754, US",yes,yes,
killencontractors.com,"P. O. BOX 786; BRANDON, Mississippi 39043, US",yes,yes,
kimbrellelectricaz.com,"7593 N 73rd Dr, Glendale, AZ 85303, US",yes,yes,
kineticwind.tech,"1807 McCowen St; Snyder, Texas 79549, US",yes,yes,
kintronic.com,"144 Pleasant Grove Rd., Bluff City, Tennessee 37618, US",yes,,
kiowalb.com,"801 MO-5; Tipton, MO 65081, US",yes,yes,
kirbyelectricinc.com,"415 Northgate Drive, Warrendale, PA 15086, US",yes,yes,
kit-communications.com,"Lebanon, US",NO - city/state only,,
kleinae.com,"2415 N French Dr; Hobbs, New Mexico 88240, US",yes,yes,
kleinbergelectric.net,"850 3rd Ave #405, Brooklyn, NY 11232",yes,yes,
klelectric.com,"4259 N Marmora Ave, Chicago, Illinois 60634-1738, US",yes,yes,
kleynelectric.com,"306 Northern Dr NW, Grand Rapids, Michigan 49534, US",yes,,
klhengrs.com,"1538 Alexandria Pike, Ste. 11, Ft. Thomas, Kentucky 41075, US",yes,,
kmelectricinc.com,"1221 Grand Avenue; Schofield, WI 54476, US",yes,yes,
kmkellyinc.com,"106 Huntoon Memorial HWY; Rochdale, MA 01542, US",yes,yes,
kmssales.com,"416 US-1, Suite A&B, Youngsville, North Carolina 27596, US",yes,,
kndelectric.com,"120 Brook Ave, Deer Park, NY 11729, US",yes,yes,
knightelectrical.com,"13997 Beach Blvd # 4; Jacksonville, Florida 32224-1271, US",yes,yes,
knightselectric.com,"11410 Old Redwood Highway, Windsor, CA 95492, US",yes,yes,
knoxcet.com,"127 Perimeter Park Rd; Suite C; Knoxville, Tennessee 37922, US",yes,yes,
ko-construction.net,"PO Box 68, Bridgeport, Texas 76426, US",yes,,
koboutility.com,"4 Victory Dr, Sandwich, MA 02563, US",yes,yes,
koester-corp.com,"813 N Perry St, Napoleon, OH 43545, US",yes,yes,
kolkay.com,"1720 Loraine Street; Enumclaw, WA 98051, US",yes,yes,
koontzelectric.com,"1223 E Broadway Street; Morrilton, Arkansas 72110, US",yes,yes,
kordfire.com,"3729 Cahuenga Blvd, Studio City, California 91604, US",yes,,
kovarikelectrical.com,"2681 Juno Bargerton Rd, Lexington, TN 38351, US",yes,yes,
kowalski.com,"2219 W. Melinda Ln., Suite A, Phoenix, AZ 85027, US",yes,,
kpselectricinc.com,"PO Box 4396, Parker, Colorado 80134, US",yes,,
krauseelectric.com,"13921 w. IL RTE 173, Zion, IL 60099, US",yes,yes,
krauthelectric.com,"4742 Allmond Ave; Louisville, Kentucky 40209, US",yes,yes,
krutilities.com,"119 E Main St, Cuba, NY 14727, US",yes,yes,
ksalighting.com,"150 E Pierce Rd; Suite 650; Itasca, Illinois 60143, US",yes,yes,
ktpowersystems.com,"433 County Road 638; Cape Girardeau, Missouri 63701, US",yes,yes,
kullc.net,"7901 Fish Pond Rd, Waco, Texas 76710, US",yes,yes,
l9electric.com,"7404 Hesperia; Hesperia, CA 92345, US",yes,yes,
laconsulting.com,"Southern California, US",NO - city/state only,,
lacrossesign.com,"1450 Oak Forest Dr, Onalaska, WI 54650, US",yes,,
lagunaindustries.com,"6950 SW Hampton St, Suite 300, Portland, Oregon 97223, US",yes,,
laibe.com,"26440 Southpoint Road; Perrysburg, Ohio 43551, US",yes,yes,
lairdelectrical.net,"1743 AR-1, Wynne, Arkansas 72396, US",yes,yes,
laiweb.net,"3216 S Brentwood Blvd, Webster Groves, Missouri 63119, US",yes,,
lakecityelectric.net,"106 S Scott St; Post Falls, Idaho 83854-7585, US",yes,yes,
lakeelectric.com,"4362 Providence Mill Road; Maiden, NC 28650, US",yes,yes,
lakelandohio.com,"6600 E Schaaf Rd, Independence, Ohio 44131, US",yes,yes,
laketownelectric.com,"8470 State Hwy 5, Waconia, Minnesota 55387, US",yes,yes,
lakewoodelectriccompany.com,"4535 S. Santa Fe Drive; Suite A; Englewood, Colorado 80110, US",yes,yes,
lameyelectric.com,"13015 Shriners Blvd, Biloxi, Mississippi 39532, US",yes,yes,
lampioncompanies.com,"Wadsworth, US",NO - city/state only,yes,
lanassociates.com,"445 Godwin Ave, Suite 9, Midland Park, NJ 07432, US",yes,,
landmarkelectricinc.com,"6250 Bunker Lake Blvd NW, Ste 209, Ramsey, Minnesota 55303, US",yes,yes,
landworxcontracting.com,"165 DORTCH LN; Paris, Tennessee 38242, us",yes,yes,
lantekavc.com,"2780 N Great Southwest Pkwy, Grand Prairie, Texas 75050, US",yes,,
lantzelectric.com,"34531 HWY 58; EUGENE, Oregon 97405, US",yes,yes,
lapropoint.com,"Sun, Valley, CA, US",NO - city/state only,,
larsonengr.com,"3524 Labore Road, White Bear Lake, MN 55110-5126, US",yes,,
larsonlightning.com,"153 S. Enola Rd., Enola, Pennsylvania 17025, US",yes,yes,
lascoelectrical.com,"18601 Lyndon B Johnson Fwy Ste 710, Mesquite, Texas 75150, US",yes,yes,
lasignal.com,"155 NORTH EUCLA AVE; SAN DIMAS, California 91773, US",yes,yes,
lauderdale-electric.com,"205 Prairie Lake Rd; Unit A; East Dundee, IL 60118, US",yes,yes,
lawrenceelectricco.com,"1820 N Wyatt Dr, El Dorado, Arkansas 71730, US",yes,yes,
lawsonelectric.com,"409 Spring Street; Chattanooga, Tennessee 37405, US",yes,yes,
lbagroup.com,"3400 Tupper Drive; Greenville, NC 27834, US",yes,yes,
lbelectric.net,"P.O. Box 51, Lisbon, Maine 04250, US",yes,yes,
lbelectricco.com,"50 Commerce Rd; Cedar Grove, New Jersey 07009, US",yes,yes,
lcelectricinc.com,"417 W 2nd St; Mount Carmel, PA 17851, US",yes,yes,
lcnetworks.com,"1151 Ringwood Ct, Suite 80, San Jose, California 95131, US",yes,,
ldpassociates.com,"1850 E Thunderbird Rd, Phoenix, AZ 85022, US",yes,yes,
leabraze.com,"2495 Industrial Pkwy West, Hayward, CA 94545, US",yes,,
leaelectric.com,"P.O. BOX 190130; BOISE, Idaho 83719, US",yes,yes,
leasorelectric.com,"231 J Thompson Rd, Rineyville, KY 40162",yes,yes,
ledlightinginc.com,"1555 Barclay Blvd., Buffalo Grove, Illinois 60089, US",yes,yes,
leedelectric.com,"12333 Los Nietos Rd, Santa Fe Springs, California 90670, US",yes,yes,
leerelectric.com,"3 Barlo Circle; Dillsburg, PA 17019, US",yes,yes,
legacypowerline.com,"PO BOX 468; WADENA, Minnesota 56482, US",yes,yes,
leict.com,"1275 Cromwell Ave, Rocky Hill, CT 06067, US",yes,yes,
lenzelectricmotor.com,"W2877 Co Rd G, Cedar Grove, WI 53013",yes,yes,
leppert-nutmeg.com,"113 West Dudley Town Rd.; Bloomfield, Connecticut 06002, US",yes,yes,
lewiselectricmotors.com,"3300 W Spur 54, Harlingen, TX 78552, US",yes,yes,
lewismotorrepair.com,"3015 4th St S, Waite Park, MN 56387",yes,yes,
lhetulsa.com,"P.O. BOX 118; OWASSO, Oklahoma 74055, US",yes,yes,
libertylinebuilders.com,"405 W Madison St, Montezuma, IA 50171, US",yes,yes,
libertymissioncritical.com,"7160 NW 5th Place; Miami, FL 33150, US",yes,yes,
libertypowerservice.com,"PO BOX 220; RUTLEDGE, Tennessee 37861, US",yes,yes,
libraelectric.net,"4736 Enterprise Drive, Oklahoma City, Oklahoma 73128, US",yes,yes,
lifetimeradon.com,"824 Wells St, Delafield, Wisconsin 53018, US",yes,,
liffey-electric.com,"55 Dorman Ave; San Francisco, California 94124, US",yes,yes,
light-serve.com,"9115 Harris Corners Pkwy, Suite 400, Charlotte, North Carolina 28269, US",yes,yes,
lighthouseelec.com,"3585 E Date Ave; Fresno, California 93725, US",yes,yes,
lightingdynamics.com,"7835 W Commercial Blvd, Tamarac, Florida 33351, US",yes,,
lightingmaintenance.com,"Alexandria, Virginia 22310, US",NO - city/state only,yes,
lightingservicesinc.net,"150 Brookside Road, Waterbury, CT 06708, US",yes,yes,
lightningbugelectric.com,"3605 Sandy Plains Rd #240-156, Marietta, Ga 30066, US",yes,,
lightningmaster.com,"2100-A Palmetto St., Clearwater, FL 33765, US",NO - city/state only,yes,
lightsinc.com,"120 NW Canal St; Seattle, Washington 98107, US",yes,yes,
lightsourceunlimited.com,"980 Corporate Woods Parkway, Vernon Hills, IL 60061, US",yes,,
linearelec.com,"15346 S 70th Ct; Orland Park, Illinois 60462, US",yes,yes,
lionheartpower.com,"13151 Executive Court, Huntley, IL 60142, US",yes,yes,
liraelectric.com,"4210 N. Lamb Blvd., Suite #130, Las Vegas, Nevada 89115, US",yes,yes,
litcoautomation.com,"1759 GRANDSTAND; SAN ANTONIO, Texas 78238, US",yes,yes,
littlejohn-reuland.com,"4575 Pacific Blvd, Vernon, CA 90058",yes,yes,
littletonelectric.com,"1001 Barry Street, Oxford, Alabama 36203, US",yes,yes,
liveelectric.vegas,"5725 S Valley View Blvd; 6; Las Vegas, Nevada 89118, US",yes,yes,
ljselectric.com,"430 Commerce Blvd; Unit C; Carlstadt, New Jersey 07072, US",yes,yes,
ljwalch.com,"6600 Preston Avenue, Livermore, California 94551, US",yes,yes,
lloydelectric.net,"605 3rd St SE, Roanoke, VA 24013",yes,yes,
lmselectric.com,"2735 Honolulu Ave, Montrose, California 91020, US",yes,yes,
lndts.com,"9337 Katy Fwy; Suite B; Houston, Texas 77024, US",yes,yes,
logiclamp.com,"231 E Imperial Hwy, Ste 104, Fullerton, California 92835, US",yes,yes,
lonestardeepwater.com,"400 N Sam Houston Parkway E STE 530, Houston, Texas (TX) 77060, US",yes,,
lonestarlightning.com,"6001 W Parmer Ln ste 370 #504, Austin, TX 78727",yes,yes,
longchampselectric.com,"700 Harvey Road; Manchester, NH 03103, US",yes,yes,
longelectric.com,"450 Technology Way, Napa, CA 94558, US",yes,yes,
longhornelectrical.com,"16 Oakview Ave; Cherry Hill, New Jersey 08002-1431, US",yes,yes,
loopelectric.com,"27 W Kendrick Ave; Hamilton, New York 13346-1211, US",yes,yes,
lorbel.com,"9400 7th Street, Suite C2, Rancho Cucamonga, California 91730, US",yes,yes,
louisptak.com,"231a Dela Vina Ave, Monterey, CA 93940",yes,,
lowe-north.com,"800 S A-Line Dr; Spring Hill, KS 66083, US",yes,yes,
lowerelectric.com,"1307 Shermer Rd, Northbrook, Illinois 60062, US",yes,,
lpmelectric.com,"3908 Winston Ave # B; Covington, Kentucky 41015-1705, US",yes,yes,
lpsnet.com,"154 Cooper Rd Unit1201, West Berlin, New Jersey 08091, US",yes,yes,
lsatx.com,"4754 Center Park Blvd, San Antonio, Texas 78128, US",yes,yes,
lsi-fl.com,"11498 Prosperous Dr; Odessa, FL 33556, US",yes,yes,
lucaelectric.com,"4575 Brownsville Rd; Powder Springs, Georgia 30127, US",yes,yes,
lucentgp.com,"13014 N Dale Mabry Hwy, Ste 246, Tampa (Carrollwood Village), Florida 33618, US",yes,yes,
ludco.com,"3210 SW Stallings Dr; Nacogdoches, Texas 75964, US",yes,yes,
ludeca.com,"1425 NW 88th Avenue; Doral, FL 33172, US",yes,yes,
lumenelectric.com,"117 S Cook St, 304, Barrington, Illinois 60010, US",yes,yes,
lydenelectric.com,"3281 E. Guasti Rd. Suite 700, Ontario, CA 91761, US",yes,yes,
lyncoelectric.net,"1520 W Amador Ave, Las Cruces, NM 88005",yes,yes,
lynnboyerinc.com,"2714 S. Commerce; P.O. Box 1611; Ardmore, Oklahoma 73402, US",yes,yes,
lywood.com,"102 Frank Adams Industrial Way, Federalsburg, MD 21632, US",yes,yes,
macconnellandassoc.com,"501 Cascade Pointe Ln, Suite 103, Cary, North Carolina 27513, US",yes,,
machineethicsllc.com,"1889 SunDolphin Dr, Muskegon, MI 49444, US",yes,,
macleanriggins.com,"2381 Ventura Rd SE, Smyrna, Georgia 30080, US",yes,yes,
madcoelectric.com,"2135 E Front St, Selma, CA 93662",yes,yes,
maddash.com,"910 Pyott Road, Crystal Lake, Illinois 60014, US",yes,yes,
maderelectricmotors.com,"7401 E Adamo Dr; Tampa, Florida 33619, US",yes,yes,
magnaproducts.com,"777 Mt Read Blvd, Rochester, NY 14606, US",yes,yes,
mainelectric.com,"P.O. BOX 563; Pueblo, Colorado 81002, US",yes,yes,
mainlinecharging.com,"1 Rodney Rd; Bryn Mawr, Pennsylvania 19010, US",yes,yes,
mainliteelectric.com,"1521 Niles Road SE, Warren, Ohio 44484, US",yes,yes,
makpower.com,"594 Broadway, Suite 701; New York, New York 10012, US",yes,yes,
malloryelectric.com,"921 N George Washington Bl # D; Yuba City, California 95993-8947, US",yes,yes,
malstromelectric.com,"18 Old Padonia Rd, Cockeysville, MD 21030, US",yes,yes,
maltonelectric.com,"1505 W CHESTNUT ST; Virginia, Minnesota 55792, us",yes,yes,
mammothelectric.com,"170 E Liberty Ave; Anaheim, California 92801, US",yes,yes,
manadaelectric.com,"10 West Main Street, Hershey, PA 17033, US",yes,yes,
manorelectric.com,"5350 Pioneer Creek Dr; Suite #3; Maple Plain, Minnesota 55359, US",yes,yes,
map-sg.com,"N92 W17420 Appleton Avenue, Suite 200, Menomonee Falls, Wisconsin 53051, US",yes,,
mappbuilt.com,"344 Third Street, Baton Rouge, Louisiana 70801, US",yes,,
mardantelectrical.com,"8967 Philips Hwy; Jacksonville, Fl 32256, US",yes,yes,
marshallslocks.com,"4205 Poole Road, Raleigh, NC 27610, US",yes,,
marshelectronics.com,"1563 South 101st Street, Milwaukee, WI 53132, US",yes,,
marstransformers.com,"4155 S Main St, Pearland, Texas 77581, US",yes,yes,
martinelectric.com,"164 Columbia Tpke; Suite B; Rensselaer, New York 12144, US",yes,yes,
martinintegrated.com,"1525 W Orange Grove Ave, Suite D, Orange, California 92868, US",yes,,
marvingroveselectric.com,"506 7th St, Wichita Falls, TX 76301",yes,yes,
maryland-electric.com,"2090 US-70, Kingston Springs, Tennessee 37082, US",yes,yes,
massbayelectric.com,"125 Orleans St, East Boston, MA 02128, US",yes,yes,
master-pt.com,"19 Airview Dr, Greenville, South Carolina 29607, US",yes,,
mastercraftinc.com,"206 Frontage Rd N, Pacific, Washington 98047, US",yes,yes,
masterelectric.com,"8555 West 123rd Street, Savage, MN 55378, US",yes,yes,
masterrig.com,"6400 Romona Blvd; Houston, TX 77086, US",yes,yes,
matchaelectric.com,"10 Fan Pier Blvd; 3rd Floor; Boston, Massachusetts 02210, US",yes,yes,
matcoelectric.com,"3913 Gates Road, Vestal, New York 13850, US",yes,yes,
matlockelectric.com,"2780 Highland Ave; Cincinnati, OH 45212, US",yes,yes,
mayberryelectric.com,"PO BOX 19839; Atlanta, GA 30325, US",yes,yes,
mayerselectric.com,"4004 Erie Ct, Cincinnati, OH 45227",yes,yes,
mba-nrg.com,"33126 Magnolia Circle, Magnolia, Texas 77354, US",yes,,
mbelectricians.com,"4769 I-55 South Frontage Rd, Jackson, MS 39212, US",yes,yes,
mbiol.com,"3145 Nw 38th St, Miami, Florida 33142-5128, US",yes,,
mc.services,"Hayesville, North Carolina 28904, US",NO - city/state only,yes,
mc4constructionnv.com,"5950 Emerald Ave, Las Vegas, NV 89122, United States",yes,yes,
mccaysouthern.com,"148 County Road 738, Riceville, Tennessee 37370, US",yes,yes,
mccequip.com,"112 Northeast Drive, Loveland, Ohio 45249, US",yes,,
mcclintockelectric.com,"[no street] Wooster, Ohio 44691, US",yes,yes,
mccordeng.com,"916 Southwest Parkway East; College Station, Texas 77840, US",yes,yes,
mccroryelec.com,"2891 Walnut Grove Rd; Memphis, Tennessee 38111, US",yes,yes,
mccullougheng.com,"5425 Gavin Hamilton Rd, Moss Point, Mississippi 39562, US",yes,,
mccuneelectric.com,"8312 W Little York Rd, Houston, Texas 77040, US",yes,yes,
mcdonaldinc.com,"Houston, Texas 77002, US",NO - city/state only,yes,
mcelectricinc.com,"326 DeGravelle Road; Amelia, LA 70340, US",yes,yes,
mcelectricpro.com,"13619 12th Street Suite B, Chino, California 91710, US",yes,yes,
mcginnis-ecc.com,"[no street] McKees Rocks, PA, US",yes,yes,
mcgoldrickelectric.com,"12 E EAGLE RD; Havertown, Pennsylvania 19083, us",yes,yes,
mcgrathelectricinc.com,"2800 Industrial Dr; Fairfield, California 94533, US",yes,yes,
mchelectric.com,"7693 Longard Rd, Livermore, California 94551, US",yes,yes,
mcinnisco.com,"5475 I-55 South Frontage Rd, Byram, MS 39272",yes,yes,
mckaylighting.com,"11440 S 146th Street, Omaha, NE 68138, US",yes,,
mckownpressurewash.com,"3211 Lafayette Blvd, Norfolk, Virginia 23509, US",yes,,
mcnabbpowerline.com,"810 Oak St; Hartley, Texas 79044, US",yes,yes,
mcroilandgas.com,"2034 McAulty Rd, Houston, TX 77032, US",yes,yes,
mdavisinc.com,"24 McMillan Way; Newark, Delaware 19713, US",yes,yes,
mdmarineelectric.com,"672 E 11th St Suite A, Tacoma, WA 98421",yes,yes,
mdrpowerline.com,"621 East Baylis Chapel, Columbia, Mississippi 39429, US",yes,yes,
mdswm.com,"913 Ridgebrook Rd, Suite 302, Sparks, MD 21152, US",yes,,
mecengineering.net,"Portland, Oregon, US",NO - city/state only,,
mechdesigninc.com,"30805 Highway 34 SW, Albany, OR 97321, US",yes,,
mecinc.biz,"4601 SE Adams St; Topeka, Kansas 66609, US",yes,yes,
mecoelec.com,"Staten Island, New York 10310, US",NO - city/state only,yes,
mecofl.com,"710 Garden Commerce Parkway, Winter Garden, Florida 34787, US",yes,yes,
meengineers.com,"14143 Denver West Pkwy, Suite 300, Golden, CO 80401, US",yes,,
megaservicesllc.com,"1870 The Exchange SE, Suite 200, Suite 200-89, Atlanta, Georgia 30339, US",yes,,
meisw.com,"2011 S Arizona Ave, Yuma, AZ 85364",yes,yes,
melvinelectric.com,"817 E Canino Rd; Houston, Texas 77037-4616, US",yes,yes,
memphiselectricco.com,"2840 Summer Oaks Dr, Suite 101, [city field garbled in source] Tennessee 38134, US",yes,yes,
mencoelectric.com,"Po Box 1645; Sugar Land, Texas 77487-1645, US",yes,yes,
mercierelectric.net,"139 Southbridge St, Auburn, MA 01501",yes,yes,
meritelectrical.com,"17723 Airline Hwy, Prairieville, Louisiana 70769, US",yes,yes,
meritelectriccompany.com,"751 Payne Ave; St. Paul, Minnesota, US",yes,yes,
merrimacindustrial.com,"111 Neck Rd, Haverhill, Massachusetts 01835, US",yes,yes,
messickandassociates.com,"7 Old Solomons Island Rd, Suite 202, Annapolis, Maryland 21401, US",yes,,
metal-services.com,"605 5th Street Northeast, Blooming Prairie, Minnesota 55917-0848, US",yes,,
metcalfconstruction.com,"5735 S COUNTY RD 175E; North Vernon, Indiana 47265, US",yes,yes,
metroelec.net,"7501 N Waukegan Rd, Niles, Illinois 60714-3731, US",yes,yes,
metropolitangarage.com,"3208 International St, Fairbanks, Alaska 99701, US",yes,,
metzgermachine.com,"2165 Spring Grove Ave.; Cincinnati, Ohio 45214, US",yes,yes,
meyerelectric.net,"7342 Farnam St; Omaha, Nebraska 68114-4654, US",yes,yes,
mgmelectricalsystems.com,"787 Brackley Rd, Severna Park, Maryland 21146, US",yes,yes,
michianacontracting.com,"7843 Lilac Road; PO Box 929; Plymouth, Indiana 46563, US",yes,yes,
micontrols.net,"15826 Lorenzo St, Channelview, Texas 77530, US",yes,yes,
mid-ohioelectric.com,"1170 MCKINLEY AVE; COLUMBUS, Ohio 43222, US",yes,yes,
mid-southelectric.net,"3869 New Getwell Rd, Memphis, TN 38118",yes,yes,
midamserv.com,"1049 W Woodside St, McPherson, Kansas 67460, US",yes,yes,
midkansaswinding.com,"243 W. Hwy 56; Galva, Kansas 67443, US",yes,yes,
midlandelectricinc.com,"1006 JEFFERSON/ PO BOX 596; DAVENPORT, Washington 99122, US",yes,yes,
midlandllc.com,"110 N CENTER ST., ELKINS, AR 72727, US",yes,yes,
midstatetraffic.com,"12501 N. Santa Fe, Oklahoma City, Oklahoma 73114, US",yes,yes,
midwestpowerline.us,"1632 Michigan Ave, Battle Creek, MI 49014",yes,yes,
mielkeelectric.com,"P.O. Box 16090; Duluth, Minnesota 55816-0090, US",yes,yes,
mikesmicroparts.net,"1901 Potrero Ave, South El Monte, CA 91733, US",yes,yes,
mikewill.com,"Huntsville, Alabama 35811, US",NO - city/state only,yes,
millenes.com,"8975 Henkels Ln Suite 702, Annapolis Junction, MD 20701",yes,yes,
miller-bradford.com,"W250N6851 HWY 164, Sussex, WI 53089, US",yes,,
millwrightindustrial.com,"4500 Wenger Road, Clayton, OH 45315, US",yes,,
milowelectric.com,"2065 Wayzata Blvd W, Long Lake, Minnesota 55356, US",yes,,
milsoft.com,"Suite 5150, Abilene, Texas 79606, US",yes,,
missionsiteservices.com,"416 Interchange St; 200; McKinney, Texas 75071, US",yes,yes,
mjmelect.com,"3225 EAST 4TH AVENUE; TAMPA, Florida 33605, US",yes,yes,
mjpriceconstruction.com,"557 Sam Powell Dairy Rd, Roanoke Rapids, North Carolina 27870, US",yes,yes,
mkireps.com,"California , US",NO - city/state only,,
mkmetalproducts.com,"90 Sawyer Pkwy, Mansfield, Ohio 44903, US",yes,,
mlexc.com,"2325 Paxton Church Road, Harrisburg, PA 17110, US",yes,,
mlschmittelectric.com,"122 Doty Circle, West Springfield, Massachusetts 01089, US",yes,yes,
mmelectriccfl.com,"4749 Patch Rd, Suite 100, Orlando, Florida 32822, US",yes,yes,
mmpowerline.com,"5081 HWY 431 NORTH; SPRINGFIELD, Tennessee 37172, US",yes,yes,
mmrservice.com,"6927 Brittmoore Rd; Houston, Texas 77041, US",yes,yes,
mneilsengineering.com,"100 Howe, Suite 235N, Sacramento, CA 95825, US",yes,,
mnidiesel.com,"7001 Easthaven Blvd, Houston, Texas 77017, US",yes,yes,
mocinc.com,"Pittsburgh, US",NO - city/state only,,
mocincorporated.com,"3977 Coffee Rd; STE D; Bakersfield, California 93308, US",yes,yes,
mockelectric.com,"548 Sisters Ferry Rd; Ridgeland, South Carolina 29936, US",yes,yes,
modcable.com,"300 Hill Ave, Nashville, Tennessee 37210, US",yes,yes,
modernelectric.com,"71 Crooks Avenue; Clifton, NJ 07011, US",yes,yes,
modernelectricalservices.net,"121 SE Shurfine Drive; Ste. 1; Ankeny, IA 50021, US",yes,yes,
mohawkvalleymaterials.com,"1914 Black River Blvd N, Rome, New York 13440, US",yes,,
mojaveelectric.com,"5525 Wynn Rd; Las Vegas, Nevada 89118, US",yes,yes,
molecularmatrix.com,"11121 Sun Center Dr; Suite C; Rancho Cordova, California 95670, US",yes,yes,
moleymagneticsinc.com,"5202 Commerce Dr, Lockport, New York 14094, US",yes,yes,
mongooseelectric.com,"3964 RIVERMARK PLZ 347; SANTA CLARA, California 95054, US",yes,yes,
montgomeryelectricinc.com,"4185 Sunshine Dr; Dacono, Colorado 80514, US",yes,yes,
monumentnh.com,"21 Factory Street, Suite 1, Nashua, NH 03060, US",yes,,
monvalleyintegration.com,"206 Distributor Drive, Morgantown, WV 26501, US",yes,yes,
mooreelectrical.com,"7528 Ravine Road; Kalamazoo, Michigan 49009, US",yes,yes,
morpheyconstruction.com,"1499 N Sherman Dr, Indianapolis, Indiana 46201-1515, US",yes,,
morrisele.com,"275 W 900 N, Springville, Utah 84663, US",yes,yes,
morse-collins.com,"5047 NY-34, Auburn, NY 13021",yes,yes,
mossandmoss.com,"381 Park Avenue South; Suite 1220; New York, NY 10016, US",yes,yes,
motorgearengineer.com,"3545 McCall Pl, Doraville, Georgia 30340, US",yes,yes,
motorshopelectricalconstructionco.com,"40 BARTLETT ST; Battle Creek, Michigan 49014, US",yes,yes,
motortechnologyinc.com,"515 Willow Springs Ln, York, PA 17406, US",yes,yes,
mottelectricllc.net,"632 S 3rd St, Paducah, Kentucky, US",yes,,
moulison.com,"10 Iron Trail Rd; Biddeford, Maine 04005-4400, US",yes,yes,
mountainec.com,"Bailey, Colorado 80421, US",NO - city/state only,,
mpeconsulting.com,"10807 Thornmint Rd, San Diego, CA 92127, US",yes,,
mptransmissions.com,"14140 Alondra Blvd., Suite A, Santa Fe Springs, CA 90670, US",yes,,
msenergy.com,"8011 Enterprise Dr, Bloomsdale, Missouri 63627, US",yes,yes,
msiconst.com,"745 Greenwood Rd; West Columbia, SC 29169, US",yes,yes,
mslelectric.com,"4938 EAST LA PALMA; ANAHEIM, California 92807, US",yes,yes,
mtillc.com,"233 Research Drive Suite 7, Milford, CT 06460, US",yes,yes,
mtlines.com,"2800 Upper River Rd, Great Falls, Montana 59405-7235, US",yes,yes,
mtmelectric.com,"316 E Burress St; Houston, TX 77022, US",yes,yes,
mtnpower.com,"P.O. BOX 27043; TUCSON, Arizona 85726, US",yes,yes,
mts-nw.com,"1915 Middle Glen Dr, Carrollton, Texas 75007-2418, US",yes,yes,
mtvsolutions.com,"782 PLYMOUTH ST.; HOLBROOK, Massachusetts 02343, US",yes,yes,
multielectrical.com,"700 N Cannon Blvd Ste C; Kannapolis, North Carolina 28083, US",yes,yes,
mundial-group.com,"[no street] New York, US",yes,yes,
musgrove.ourcareerpages.com,"8708 US-90; Live Oak, Florida 32060, US",yes,yes,
muthelectric.com,"1717 N Sanborn Blvd; Mitchell, SD 57301, US",yes,yes,
mvs-tech.com,"3923 S. Tavistock Pl., Meridian, ID 83642, US",yes,yes,
mwecinc.com,"312 W 4th Ave; Red Springs, North Carolina 28377, US",yes,yes,
mwieic.com,"2404 CLAREMONT AVE NE; ALBUQUERQUE, New Mexico 87107, US",yes,yes,
mwpowergroup.com,"[no street] Abilene, Texas 79538, US",yes,yes,
mzltg.com,"8981 Bond St, Overland Park, Kansas 66214, US",yes,,
naasco.com,"222 Grand Ave; Brookhaven Airport; Shirley, NY 11967, US",yes,yes,
nabcoelectric.com,"2800 2nd Ave; Chattanooga, Tennessee 37407-1099, US",yes,yes,
nai-ames.com,"2730 Ford St, Ames, IA 50010, US",yes,yes,
namastesolar.com,"1900 S Sunset St, Unit 1F, Longmont, Colorado 80501, US",yes,,
nascorp.biz,"22018 Sherrod Ln; Spring, Texas 77389, US",yes,yes,
naswgr.com,"12502 Berea Rd; Cleveland, Ohio 44111, US",yes,yes,
nationalbreakerservices.com,"140 Turnpike Dr, Middlebury, Connecticut 06762, US",yes,yes,
nationalcarcharging.com,"209 Kalamath St; Suite 4; Denver, Colorado 80223, US",yes,yes,
nationalconductor.com,"18119 N HWY 371; Brainerd, MN 56401, US",yes,yes,
nationalelectricworks.com,"4440 Rainier Ave #101, San Diego, CA 92120, US",yes,yes,
nationalesolutions.com,"245 Lower Morrisville Road; Fallsington, PA 19054, US",yes,yes,
nationwidepower.com,"1060 Mary Crest Road, Henderson, NV 89074, US",yes,yes,
nativesons.org,"12 NORTHWEST DR UNIT B; PLAINVILLE, Connecticut 06062, US",yes,yes,
nccommunications.com,"200 Mosswood Blvd, Youngsville, North Carolina 27596, US",yes,,
ncelectrical.com,"2915 Ball Ground Hwy, Canton, Georgia 30114, US",yes,yes,
ncexpress.pro,"4809 Landover Arbor Pl, Raleigh, North Carolina 27616, US",yes,,
ncobbelectrical.com,"3436 Olympic Ln NW; Kennesaw, Georgia 30144, US",yes,yes,
nec-llc.com,"2505 Landrum Ct; Augusta, Georgia 30907, US",yes,yes,
nellc.net,"7004 Green Mountain Road, Woodland, Washington 98674, US",yes,yes,
nelson-electricllc.com,"3896 E 600 N, Rigby, Idaho 83442, US",yes,yes,
nelsonele.com,"2111 Steel St; Opelika, Alabama 36804, US",yes,yes,
nelsonelec.com,"9620 Stone Ave N #201, Seattle, Wa 98103, US",yes,yes,
nelsonselectric.com,"401 N Walnut Rd; Turlock, CA 95382, US",yes,yes,
neoelectrical.com,"2180 Jack Breault Dr, Hudson, Wisconsin 54016, US",yes,yes,
neshaminyelectric.com,"1700 Byberry Rd; Bensalem, Pennsylvania 19020, US",yes,yes,
neutralcompanies.com,"339 Magnolia Business Park Dr, Magnolia, TX 77354",yes,yes,
newdirectionutilities.com,"21616 Kelso Dr, Hagerstown, Maryland 21742-9317, US",yes,yes,
newenglandtrafficsolutions.com,"160 Oak Street, Unit 410; Glastonbury, Connecticut 06033, US",yes,yes,
newventuretelecom.com,"6155 Getty Drive; Sherwood, AR 72117, US",yes,yes,
nextmiletech.com,"3500 AM Drive, Quakertown, PA 18951, US",yes,,
nischain.com,"1201 Rochester Rd, Troy, MI 48083, US",yes,,
nismidwest.com,"95 Center Dr; Gilberts, Illinois 60136, US",yes,yes,
nkce.com,"200 E 15th Ave, Kansas City, Missouri 64116, US",yes,yes,
nkelectric.com,"1646 RIVER RD; OWENSBORO, Kentucky 42301, US",yes,yes,
norcalbattery.com,"3432-D Cherokee Road; Stockton, CA - California 95205, US",yes,yes,
northeast-solutions.com,"Sparta, NJ 07871, US",NO - city/state only,,
northeastbatteries.com,"2300 David Dr, Bristol, PA 19007",yes,yes,
northeastlightning.com,"Brooks Rd, Wells, Vermont 05774, US",NO - city/state only,yes,
northeasttexaspower.com,"3163 FM 499; Cumby, Texas 75433, US",yes,yes,
northgeorgiacivil.com,"861 GA-98, Danielsville, Georgia 30633, US",yes,,
northlineutilitiesllc.com,"Route 146, Clifton Park, New York, US",NO - city/state only,yes,
northpointusa.com,"520 Columbia Dr, Suite 105, Johnson City, New York 13790, US",yes,yes,
northridgeelectric.com,"1150 SW 10TH AVE; POMPANO BEACH, Florida 33069, US",yes,yes,
northstarelectrical.com,"2521 West Main St, Norristown, PA 19403, US",yes,yes,
northstarpowerinc.com,"502 Main St; Edgerton, Missouri 64444, US",yes,yes,
northwestmotor.com,"2395 Delta Ln; Elk Grove Village, Illinois 60007, US",yes,yes,
novaengineeringpc.com,"2338 Cline Avenue, Schererville, Indiana 46375, US",yes,,
novelluseng.com,"44720 Helm St, Plymouth, Michigan 48170, US",yes,,
novustek.net,"12285 World Trade Dr., Ste O, San Diego, CA 92128, US",yes,,
nsklp.com,"206 E Walnut St #1404, Decatur, TX 76234, US",yes,yes,
nu-trendev.com,"1210 Remington Rd, Schaumburg, IL 60173",yes,yes,
numarkassoc.com,"1220 19th St NW, Suite 500, Washington, DC 20036, US",yes,,
nuuco.com,"4038 148th Ave NE; Redmond, WA 98052, US",yes,yes,
nvesi.com,"4551 S Washington St, Grand Forks, ND 58201, US",yes,yes,
nwinnovative.com,"1300 NE 48th Ave, 1300, Hillsboro, Oregon 97124, US",yes,,
nwsigns.com,"17201 Beaton Rd SE, Monroe, Washington 98272, US",yes,,
nyconncorp.com,"5 Shelter Rock Rd; Suite 8; Danbury, Connecticut 06810, US",yes,yes,
oasissales.com,"20701 North Scottsdale Road, Ste 107-437, Scottsdale, AZ 85255, US",yes,,
occserv.com,"6397 Nancy Ridge Drive, San Diego, California 92121, US",yes,,
oceancoastelectric.com,"176 Old Forge Rd, Monroe Township, NJ 08831",yes,yes,
oconnellelectric.com,"830 Phillips Road; Victor, NY 14564, US",yes,,
odellelectric.com,"Peace River, AB T0H, Canada",NO - city/state only,,"Canadian entity - verify, US target expected"
odysseyrf.com,"2000 Steam Way, Round Rock, Texas 78665, US",yes,,
oelectricalcontractors.com,"1520 College St, Arlington, TX 76010",yes,,Inven matched electroelectricalcontractors.com (Electro Electrical Contractors) - verify entity
ohiostatelightning.com,"1295 Chesapeake Ave #222, Columbus, OH 43212, US",yes,yes,
ohmelectricalcontracting.com,"620 S Orcas St Suite 80127; Seattle, Washington 98108, us",yes,,
oilfieldtechnical.com,"7412 NW 83rd ST, Oklahoma City, OK 73142, US",yes,yes,
okcelectric.com,"1644 NW 3rd St; Oklahoma City, Oklahoma 73106-2809, US",yes,yes,
olsenelectric.net,"325 Washington Ave S, Kent, WA 98032, US",yes,yes,
olympiatech.net,"13700 Water Tower Circle, Plymouth, Mn 55441, US",yes,yes,
olympicelectric.net,"2533 Franklin Dr # 5b; Mesquite, Texas 75150-6311, US",yes,yes,
omahaelectric.com,"8506 Madison St; Omaha, Nebraska 68127, US",yes,yes,
omegavt.com,"1000 River St, Essex Junction, Vermont 05452-4201, US",yes,yes,
omirepair.com,"2420 Tarpley Rd; Carrollton, Texas 75006, US",yes,yes,
omnielectric.io,"1600 S Central Ave; Phoenix, Arizona 85004, US",yes,yes,
omniinst.com,"112A Sylvania Place, South Plainfield, New Jersey 07080, US",NO - city/state only,yes,
onehatonehand.com,"1335 Yosemite Ave, San Francisco, California 94124, US",yes,,
oneillelectricmn.com,"6143 Osgood Ave N, Stillwater, Minnesota 55082, US",yes,yes,
onepwr.com,"Lenexa, Kansas 66219, US",NO - city/state only,yes,
onesourcerestorationllc.com,"2438 Colt Ave; New Market, Iowa 51646, US",yes,yes,
optimacommunications.com,"Irvington, New York, US",NO - city/state only,,
optimalpwr.com,"[no street] Scottsdale, Arizona 85262, US",yes,yes,
optivalighting.com,"1515 Pleasant Ridge Church Rd; Bremen, GA 30117, US",yes,yes,
ordeselectric.com,"3401 Jean Lafitte Pkwy, Chalmette, LA 70043",yes,yes,
oriontechserv.com,"P.O. Box 153, Mohnton, Pennsylvania 19540-0153, US",yes,yes,
ospmain.com,"10331 Hamilton, Detroit, MI 48202, US",yes,,
osresource.net,"1244 FM 522 Rd; West Columbia, Texas 77486, US",yes,yes,
otaenvironmentalsolutions.com,"1250 W Mockingbird Ln, STE 450, Dallas, Texas 75247, US",yes,,
otmlocating.com,"1280 Scottsville Rd., Suite 60; Rochester, New York 14624, US",yes,yes,
ouachitaelectric.com,"122 Wassan St, West Monroe, Louisiana 71292, US",yes,yes,
outback-inc.com,"13670 Hwy 36 East; Red Bluff, CA 96080, US",yes,yes,
ovissolutions.com,"615 Pennsylvania Ave., Rochester, PA 15074, US",yes,,
owensboroelectricmotor.com,"609 E. 14th Street; Owensboro, Kentucky 42303, US",yes,yes,
pacificelectrical.com,"920 S Grape St; Medford, Oregon 97501, US",yes,yes,
packerlandelectric.com,"1841 Plane Park Dr. STE B, De Pere, Wisconsin 54115-9552, US",yes,yes,
padgettswann.com,"5128 36th Ave S, Tampa, FL 33619, US",yes,yes,
pagepowersystems.com,"2020 Remount Rd, Gastonia, North Carolina 28054, US",yes,yes,
pagoda-electrical.com,"5 Front St; Mohnton, Pennsylvania 19540, US",yes,yes,
palmanelectric.com,"450 Pike Road; Huntingdon Valley, Pennsylvania 19006-2503, US",yes,yes,
palmelectric.com,"2918 W Grand Ave, Chicago, IL 60622, US",yes,yes,
palmer-electric.com,"875 Jackson Ave, Winter Park, Florida 32789, US",yes,yes,
palmierielectric.com,"939 Harding Hwy, Buena, NJ 08310",yes,yes,
paloselectric.com,"4630 138th St; Midlothian, Illinois 60445-1973, US",yes,yes,
panelshop.com,"1100 Rico Road, Monroeville, PA 15146, US",yes,yes,
paniaguas.net,"2318 Belair Rd; Baltimore, Maryland 21213, US",yes,yes,
paperperfect.com,"P.O. Box 1123, Morristown, New Jersey 07962, US",yes,,
paragonelect.com,"225 Coolidge Ave, Manchester, New Hampshire 03102, US",yes,,
parkerelectric.com,"9603 Brown Ln # A, Austin, TX 78754",yes,yes,
pateralandscaping.com,"17511 Storage Rd, Omaha, Nebraska 68136, US",yes,,
pathmasterinc.com,"1960 Midway Dr; Twinsburg, Ohio 44087-1932, US",yes,yes,
patmurphyelectric.com,"1870 Montreal Rd, Tucker, Georgia 30084, US",yes,yes,
paulsonelectric.com,"3050 12th Street SW; Cedar Rapids, Iowa 52404, US",yes,yes,
payne-electric.com,"4945 W Raymond St, Indianapolis, IN 46241",yes,yes,
pcc-pgh.com,"61 Arch Street, Carnegie, PA 15106, US",yes,yes,
pcescorp.com,"7645 E 63rd St S; Tulsa, Oklahoma, US",yes,yes,
pci-electric.com,"1620 Link Dr, Ruston, Louisiana 71270, US",yes,yes,
pcsbr.com,"11224 Boardwalk Dr; Baton Rouge, Louisiana 70816, US",yes,yes,
pcssolutions.com,"257 E HELEN RD, Palatine, Illinois 60067, US",yes,,
pdelectricinc.com,"1401 County Road 425; Hannibal, MO 63401, US",yes,yes,
pdmaintenance.com,"4510 NE 68th Dr, Vancouver, WA 98661, US",yes,yes,
peak-ind.com,"175 Ben Burton Rd; Bogart, Georgia 30622, US",yes,yes,
peakcontractinggrp.com,"Louisville, Nebraska 68037, US",NO - city/state only,yes,
peakcorrosion.com,"805 N Camino Cordon, Tucson, Arizona 85748-2001, US",yes,yes,
pecnw.com,"210 W 3rd St; Vancouver, Washington 98660, US",yes,yes,
pecs.biz,"9112 Santa Anita Ave; Rancho Cucamonga, California 91730, US",yes,yes,
pegfl.com,"6635 Narcoossee Rd, Orlando, Florida 32822-5525, US",yes,yes,
pei-electric.com,"4250 Cameron; Las Vegas, Nevada 89103, US",yes,yes,
penndelmar.com,"90 Nottingham Dr; Nottingham, Pennsylvania 19362, US",yes,yes,
pennellconsulting.com,"400 S. Jefferson, Suite 301, Spokane, WA 99204, US",yes,,
pennohioelectric.com,"1370 Sharon Hogue Rd, Masury, Ohio 44438-9754, US",yes,yes,
penrosemotors.co.nz,"44 Fairfax Avenue, Penrose, 1061, nz",yes,,
penwal.com,"10611 Acacia Street, Rancho Cucamonga, CA 91730, US",yes,,
performance-drywall.com,"8203 Willow Place Drive South, Suite 414, Houston, Texas 77070, US",yes,,
performanceelectricalllc.com,"Conyers, Georgia 30013, US",NO - city/state only,yes,
performancelandex.com,"318 ETHAN ALLEN HWY, Ridgefield, Connecticut 06877, US",yes,,
pergravis.com,"10012 N Dale Mabry Hwy; Suite 109B; Tampa, Florida 33618, US",yes,yes,
perkinsconstruction.net,"310 Depot Street, Ann Arbor, MI 48104, US",yes,,
permian-es.com,"1817 County Road 131, Tuscola, Texas 79562, US",yes,yes,
perreca.com,"520 Broadway; Newburgh, New York 12550, US",yes,yes,
perryelectricsd.com,"P.O. Box 710130, Santee, CA 92072, US",yes,yes,
peterandsonselectric.com,"4221 Saxton Green Ave, Las Vegas, NV 89141",yes,yes,
peterselectricil.com,"[no street] Maple Park, IL, US",yes,yes,
petersongrading.com,"3550 Biggers Road, Concord, NC 28025, US",yes,,
petri-electric.com,"907 N Bowser Rd, Richardson, Texas 75081, US",yes,yes,
petroguardian.com,"29089 Krentel Rd, Lacombe, LA 70445, US",yes,yes,
pettyline.com,"2610 Lay Dam Rd, Clanton, AL 35045",yes,yes,
pevarnik.com,"1302 Memorial Dr, Latrobe, Pennsylvania 15650, US",yes,yes,
pfc2.com,"7839 Hwy 190W, Livingston,, Texas 77351, US",yes,,
pfeifferelectric.com,"448 Queens Ln; San Jose, California 95112-4394, US",yes,yes,
pgdservices.com,"1880 W Oak Pkwy; Ste 112; Marietta, Georgia 30062, US",yes,yes,
pgpower.net,"1200 4th Street, Key West, FL 33040, US",yes,yes,
phase2electric.com,"2146 N COMMERCIAL AVE; Pasco, Washington 99301, us",yes,yes,
phase3eps.com,"2047 S Loop 250 W; MIDLAND, Texas 79703, US",yes,yes,
phillips-southern.org,"1822 S Mead St, Wichita, Kansas 67211-4392, US",yes,yes,
phillipselectrical.com,"4912 Summer Oak Dr.; Buford, GA 30518, US",yes,yes,
phillipstelecom.com,"8519 Glen Royal Dr, Chesterfield, Virginia 23832, US",yes,,
pierce-inc.com,"4680 E 2nd St, Suite A, Benicia, California 94510, US",yes,,
piercepowerline.com,"203 S Washington Ave; 260K; Saginaw, Michigan 48607, US",yes,yes,
piercon.net,"10 Park Pl, BLDG 6C, STE 402, Butler, New Jersey 07405, US",yes,,
pimcorp.com,"201 Circle Dr North, Suite 105, Piscataway, New Jersey 08854, US",yes,,
pineridgetech.com,"217R Main St, North Reading, Massachusetts 01864, US",NO - city/state only,,
pinnaclepowersvcs.com,"1080 Nimitz Ave, Vallejo, California 94592, US",yes,yes,
pisoev.com,"7 Cotton Mill Lane; Valatie, NY 12184, US",yes,yes,
pittelectricinc.com,"602 BECKS RUN ROAD; PITTSBURGH, Pennsylvania 15210, US",yes,yes,
pivotgen.com,"500 W Madison St, Chicago, Illinois 60661, US",yes,,
plandscapes.com,"102 County Hwy-1, Ottertail, Minnesota 56571, US",yes,,
planetsecure.net,"5008 US Highway 98 West, Unit 3, Santa Rosa Beach, FL 32459, US",yes,,
platinumcom.co,"SE Loop 820, Fort Worth, TX 76140, US",NO - city/state only,,
playercompany.com,"531 Bishop St NW, Atlanta, Georgia 30318, US",yes,yes,
plc-inc.com,"22 Woburn St # 34; Reading, Massachusetts 01867, us",yes,yes,
pmsvs.com,"32001 32nd Avenue South, Suite 325, Federal Way, Wa 98001, US",yes,,
pndengineers.com,"1506 West 36th Avenue, Anchorage, Alaska 99503, US",yes,,
pneumaticandhydraulic.com,"20500 Clay Center Dr, Houston, Texas 77449, US",yes,,
pnodeinc.com,"4080 McGinnis Ferry Rd; Ste 1003; Alpharetta, Georgia 30005, US",yes,yes,
pobinc.com,"4941 Kirschling Court, Stevens Point, WI Wisconsin 54481, US",yes,,
pointonwave.com,"1309 Utopia Ct, Tool, Texas 75143, US",yes,yes,
polarityelectric.com,"4922 146th Ave; Holland, Michigan 49423, US",yes,yes,
polelinecontractorsinc.com,"1849 S Triple X Rd; Choctaw, Oklahoma 73020-6474, US",yes,yes,
portcitysound.com,"6622 Gordon Road, Suite H, Wilmington, NC 28411, US",yes,,
porterselectric.com,"1310 N Limestone Street, Gaffney, South Carolina 29341, US",yes,yes,
portlandengineers.com,"Portland, OR 97214, US",NO - city/state only,yes,
portlighting.com,"24 London Ln, Seabrook, New Hampshire 03874, US",yes,,
positiveenergysolar.com,"1235 Siler Rd, Santa Fe, New Mexico 87507, US",yes,,
positivenergy.us,"Miami, FL 33131, US",NO - city/state only,yes,
positivepwr.com,"Lancaster, US",NO - city/state only,yes,
postelectric.net,"3235 West Hwy. 390, Panama City, FL 32405, US",yes,yes,
potterarchitects.com,"410 Colonial Ave, Union, New Jersey 07083, US",yes,,
power-upllc.com,"40 EAST MAIN STREET; MOORESVILLE, Indiana 46158, US",yes,yes,
poweral.com,"2071 Flatbush Ave, Brooklyn, NY 11234",yes,yes,
poweranalysis.us,"3400 College Dr, Louisville, KY 40299, US",yes,yes,
powercommconstruction.com,"9701 Fallard Ct; Upper Marlboro, Maryland 20772, US",yes,yes,
powerconllc.com,"110 Industrial Blvd, Eastman, GA 31023, US",yes,yes,
powerconnections.com,"115 Adris Pl, Dothan, Alabama 36303, US",yes,yes,
powerconsultingassociates.com,"2616 Grissom Drive; Nashville; Nashville, TN 37204, US",yes,yes,
powerdoctors.net,"3488 Winhoma Dr, Memphis, Tennessee 38118, US",yes,yes,
powerelectronicsus.com,"1243 n Roseburg Ct; Visalia, California 93291, US",yes,yes,
powerlineconstructors.com,"PO Box 385, Clinton, New York 13323-0385, US",yes,yes,
powerlineconsultantsllc.com,"3405 Corcoran Rd, Doe Run, MO 63637",yes,yes,
powermonitors.com,"800 N Main St, Mount Crawford, VA 22841, US",yes,yes,
powerproplusinc.com,"8751 PRESTIGE CT; Rancho Cucamonga, California 91730, us",yes,yes,
powerquality.org,"642 E 39th Place, Suite 5, Yuma, AZ 85365, US",yes,yes,
powerrepair.net,"314 McBride Lane; Corpus Christi, Texas 78408, US",yes,yes,
powerresources.net,"570 Nooseneck Hill Rd; Exeter, Rhode Island 02822, US",yes,yes,
powerservetech.com,"15074 Park of Commerce Blvd., Suite #4, Jupiter, FL 33478, US",yes,yes,
powerstore.com,"4305 Longhorn Dr., Alvarado, Texas 76009, US",yes,,
powersubservices.com,"4 Industrial Park Dr; Wheeling, West Virginia 26003, US",yes,yes,
powertechllc.com,"9004 Yellow Pine Ct, Waxhaw, NC 28173",yes,,
powertechniquesinc.com,"3210 Coolidge Hwy.; Berkley, Michigan 48072, US",yes,yes,
powertekllc.com,"1865 Air Lane Dr, Suite 12, Nashville, Tennessee 37210, US",yes,yes,
powertemp.com,"1646 Rankin Rd, Suite 300, Houston, Texas 77073, US",yes,yes,
powerworkselectric.com,"160 Gasoline Alley, Mooresville, North Carolina 28117, US",yes,yes,
ppcwa.com,"11636 SE 5th St, Suite 200, Bellevue, Washington 98005, US",yes,yes,
ppe-wa.com,"7730 Arab Dr. SE; Olympia, WA 98501, US",yes,yes,
ppecglobal.com,"91-284 Komohana St; Kapolei, Hawaii 96707, US",yes,yes,
ppultd.co.uk,"Block 10 Unit 4 Beardmore Way, Clydebank Industrial Estate, Clydebank G81 4HT, GB (NON-US)",yes,yes,
pqsmc.com,"310 Arlington Ave; 428; Charlotte, North Carolina 28203, US",yes,yes,
praisesign.com,"Grand Rapids, US",NO - city/state only,,
precision-psi.com,"2318 Kingston St, Kenner, LA 70062, US",yes,yes,
precisionelectriccolorado.com,"P.O. Box 297; Bloomfield, Nebraska 68718-0297, US",yes,yes,
precisionelectronics.net,"1048 Main Ave Dr NW; Hickory, North Carolina 28601, US",yes,yes,
precisionlandscape-inc.com,"2900 Millard Ave, Hastings, MN 55033, US",yes,,
precisionlawnirrigation.net,"2600 Crooks Rd., Rochester Hills, Michigan 48309, US",yes,,
precisionmachllc.com,"[no street] Houston, Texas 77048, US",yes,yes,
precisionsigns.net,"1000 10th Dr SE, Austin, Minnesota 55912, US",yes,,
precisiontestinggroup.com,"5475 CO-86, Elizabeth, CO 80107",yes,yes,
preferredelectric.net,"4712 Hwy 82 East; Jeanerette, Louisiana 70544, US",yes,yes,
preferredelectrical.com,"128 New Boston St, Woburn, Massachusetts 01801-6202, US",yes,yes,
premcoinc.net,"11 Beechwood Ave; New Rochelle, New York 10801, US",yes,yes,
premierautomation.com,"1100 Rico Road, Monroeville, PA 15146, US",yes,yes,
premierpowerpro.com,"1914 Albert St, Racine, Wisconsin 53404, US",yes,yes,
prenergy.com,"107 Global Circle; Suite 206; Lafayette, Louisiana 70503, US",yes,yes,
prestonlinkelectric.com,"4000 Sw 35Th Terrace; Gainesville, FL 32608, US",yes,yes,
pri-sys.com,"8482 Virginia Meadows Drive, Manassas, Virginia 20109, US",yes,yes,
pricewellandpump.com,"914 Chambers Mountain Rd, Clyde, North Carolina 28721, US",yes,,
primaryus.com,"12308 FM 179; Wolfforth, Texas 79382, US",yes,yes,
prime-electricusa.com,"3312 Girard Blvd NE, Albuquerque, NM 87107",yes,yes,
primeacdcmotors.com,"48-50 33rd St; Long Island City, NY 11101, US",yes,yes,
primeelectrical.net,"480 Enterprise Street, San Marcos, California 92078, US",yes,yes,
primeelectricgroup.com,"2932 E Huntsville Rd; Fayetteville, Arkansas 72701, US",yes,yes,
prismecs.com,"11111 Katy Fwy; Suite 910; Houston, Texas 77094, US",yes,yes,
prismpsg.com,"4340 W Chandler Blvd, Suite 8, Chandler, AZ 85226, US",yes,yes,
prizmelectrical.com,"4605 Paris St; Denver, Colorado 80239, US",yes,yes,
pro-pipecorp.com,"24780 Frenchtown Frontage Rd, Huson, Montana 59846, US",yes,,
pro-pump.com,"3750 Roosevelt St; Gary, Indiana 46408-2034, US",yes,yes,
pro-techsvc.com,"7951 Gainsford Court, Suite 125, Bristow, Virginia 20136, US",yes,yes,
procallighting.com,"1155 S Santa Fe Ave suite a, Vista, CA 92083",yes,yes,
productioncontracting.com,"161 21st St, Brooklyn, NY 11232",yes,,
productsafet.com,"901 Sheldon Drive, Cary, NC 27513, US",yes,,
proelectricinc.net,"2012 Poole Dr NW; Huntsville, Alabama 35810, US",yes,yes,
progressionelectric.com,"2823 Thorngrove Pike, Knoxville, TN 37914, US",yes,yes,
progressiveelectric.net,"1005 Central Avenue, Kearney, NE 68847, US",yes,yes,
prolectric.com,"1400 GERRARD RD; Lavonia, Georgia 30553, us",yes,yes,
prolectric.us,"811 Barkley Manor Ct; Lawrenceville, Georgia 30044, US",yes,yes,
prolinepwr.com,"289 E Schaghticoke Rd, Schaghticoke, New York 12154, US",yes,yes,
promasterelectric.com,"3841 S I-35 E Service Rd.; Waxahachie, TX 75165, US",yes,yes,
prometers.com,"3605 N RTE 47 STE E, Morris, Illinois 60450, US",yes,yes,
promptlink.com,"4005 Avenida de la Plata, Oceanside, CA 92056, US",yes,,
propumpservices.com,"2046 5th Street; Bethlehem, PA 18020, US",yes,yes,
prosign.net,"251 Boot Road, Downingtown, PA 19335, US",yes,,
provoltelectrical.com,"1050 Goffle Rd, Hawthorne, New Jersey 07506, US",yes,,
prowesteng.com,"598 Addison Ave. W., Twin Falls, Idaho 83301, US",yes,yes,
prsol.com,"451 N Claremont Ave, Chicago, Illinois 60612, US",yes,,
psihq.com,"Orlando, Florida, US",NO - city/state only,yes,
psnet.com,"831 Jupiter Park Dr, Jupiter, Florida 33458, US",yes,,
pssamerica.com,"250 Hogan Ln; Conway, AR 72034, US",yes,yes,
psserv.com,"1320 N Red Gum St, Anaheim, California 92806, US",yes,yes,
psuc.net,"3880 E EAGLE DR; ANAHEIM, California 92807, US",yes,yes,
purdy-mcguire.com,"17300 Dallas Parkway, Suite #3000, Dallas, Texas 75248, US",yes,,
pureenw.com,"Portland, Oregon 97204, US",NO - city/state only,yes,
pursercentral.com,"865 Concord Pkwy N, Concord, North Carolina 28027, US",yes,yes,
push.us,"1100 Lindy Street; Rice Lake, Wisconsin 54868, US",yes,yes,
pvicm.com,"West Chester, PA, US",NO - city/state only,yes,
pwrllc.com,"6402 Deere Rd, Syracuse, New York 13206, US",yes,yes,
pwrstoragesolutions.com,"10490 Markison Rd, Dallas, Texas 75238, US",yes,yes,
pylmanpower.com,"1132 Electric Ave; Wayland, Michigan 49348-8901, US",yes,yes,
qdelectrical.com,"9874 Dino Dr; Suite #1; Elk Grove, California 95624, US",yes,yes,
qesonline.net,"40 Scipio Rd, Beaufort, SC 29906, US",yes,yes,
qfselectric.com,"801 Union Pacific Blvd; Laredo, Texas 78045, us",yes,yes,
qlpnc.com,"743 Pershing Rd; Raleigh, North Carolina 27608, US",yes,yes,
qm3us.com,"4611 Greer Circle, M, Stone Mountain, Georgia 30083, US",yes,,
qpsolutions.com,"201 Southside Dr, Charlotte, NC 28217, US",yes,yes,
qsource.com,"227 Knickerbocker Ave, Bohemia, NY 11716, US",yes,,
qtib-engineers.com,"1800 Pembrook Dr; Suite 331; Orlando, Florida 32810, US",yes,yes,
qualcorr.com,"3159 Commerce Ct; Castle Rock, CO 80109, US",yes,yes,
qualityelectromechanical.com,"2005 S West Ave, Waukesha, Wisconsin 53189-7518, US",yes,yes,
qualityswitchgear.com,"13273 S Ih 35, Valley View, TX 76272, US",yes,yes,
quickelectric.net,"BOX 49; FAIRVIEW, Illinois 61432, US",NO - city/state only,yes,
quicklymiamilocksmith.com,"2680 NE 2nd Ave, Miami, Florida 33137, US",yes,,
quietvillagelandscaping.com,"9810 Page Avenue, St. Louis, MO 63132, US",yes,,
quinnswell.com,"6811 Williams Hwy, Grants Pass, OR 97527, US",yes,,
radec.com,"100 Rockwood St; Rochester, New York 14610-2661, US",yes,yes,
ram-tek.com,"1382 Valencia Ave., Unit M, Tustin, CA 92780, US",yes,yes,
rapaelectric.com,"1173 Lincoln Road, M-89 E.; Allegan, Michigan 49010, US",yes,yes,
rapierindustries.com,"Industrial Blvd, Rockwall, Texas 75087, US",NO - city/state only,yes,
ratliffelectric.com,"6800 S State Highway 115; Wink, Texas 79789, US",yes,yes,
ravenelectric.com,"8015 Schoon St, Anchorage, Alaska 99518, US",yes,yes,
raxisengineering.com,"1712 Texas Ave, El Paso, Texas 79901, US",yes,yes,
raygenservices.com,"14734 S HARRELL'S FERRY RD.,STE A, BATON ROUGE, Louisiana 70816, US",yes,yes,
raykermechanicalservices.com,"251 McKeithen Dr; Alexandria, Louisiana 71303, US",yes,yes,
rayselectric.co,"411 Pendleton Way B, Oakland, CA 94621",yes,yes,
rb-marine.com,"913 NW 31st Ave, Pompano Beach, Florida 33069, US",yes,yes,
rbaker.com,"190 Boundary Rd, Marlboro, New Jersey 07746, US",yes,,
rcdelectric.com,"Purcellville, Virginia, US",NO - city/state only,yes,
rcgint.com,"Dbayeh, Mount Lebanon; Dbayeh, Mount Lebanon, LB",NO - city/state only,yes,
rclsolar.com,"29 Alloway-Friesburg Road, Alloway, New Jersey 08001, US",yes,,
rcmerchant.com,"23735 Research Drive, Farmington Hills, MI 48335, US",yes,,
rcpowerinc.com,"1280 N. 10th Street, San Jose, CA 95112, US",yes,yes,
rcseventproduction.com,"3303 W. 65th St, Cleveland, OH 44102, US",yes,,
rcswv.com,"443 Ellenboro Road (Rte 16 S); Harrisville, WV 26362, US",yes,yes,
rdelectric.net,"1875 Diesel Dr ., #10, Sacramento, CA 95838 , US",yes,yes,
rdelectricinc.com,"7447 NW 48th St, Miami, FL 33166",yes,yes,
rdmcompanies.com,"4260 E Brickell St, Ontario, California 91761, US",yes,yes,
rdmicrowaves.com,"301 Rockaway Valley Rd, Boonton, New Jersey 07005, US",yes,,
reamco.com,"1528 Coosa Pines Dr, Childersburg, Alabama 35044, US",yes,yes,
rechtassociates.com,"2880 Zanker Rd, Suite 203, San Jose, California 95134, US",yes,,
reconcompany.org,"12 N.E. 52ND STREET; OKLAHOMA CITY, Oklahoma 73105, US",yes,yes,
redroverelectric.com,"Louisville, US",NO - city/state only,yes,
reedelectric.us,"11012 CANYON RD E #8-958; PUYALLUP, Washington 98373, US",yes,yes,
reedserv.com,"P.O. Box 1245, Hickory, North Carolina 28603, US",yes,yes,
reedwick.com,"15071 Veterans Memorial Hwy; Villa Rica, Georgia 30180, US",yes,yes,
reeve-electric.com,"2428 2nd Ave S; Birmingham, Alabama 35233, US",yes,yes,
referenceavs.com,"1120 E Kimberly Road, Davenport, IA 52807, US",yes,,
regencysupply.com,"9261 Jordan Avenue, Chatsworth, CA 91311, US",yes,,
regionalrepair.com,"6621 Dysinger Rd, Lockport, New York 14094, us",yes,,
reinhartassoc.com,"13419-A Immanuel Road, Pflugerville, Texas 78660, US",yes,yes,
relayingsolutions.com,"7035 Smith Corners Blvd; Suite 100; Charlotte, North Carolina 28269, US",yes,yes,
reliableec.com,"94 Compark Rd, Centerville, Ohio 45459, US",yes,,
relres.com,"5510 Feltl Road; Minnetonka, MN 55343-7920, US",yes,yes,
remisi.com,"285 Murphy Road, Hartford, Connecticut 06114, US",yes,yes,
remsausainc.com,"14500 Sam Hawken Rd; El Paso, Texas 79938, US",yes,yes,
renfrowindustrial.com,"2605 Nazareth Rd; Wellford, South Carolina 29385, US",yes,yes,
reps-resource.com,"9120 Union Centre Blvd. Suite 300, West Chester, Ohio 45069, US",yes,,
resoundenergy.com,"14522 NE North Woodinville Way, Suite 101A, Woodinville, Washington 98072, US",yes,yes,
responseservices.com,"2055 Quaker Pointe Dr, Quakertown, Pennsylvania 18951, US",yes,yes,
restech.net,"220 Phlox Ave., Metairie, Louisiana 70001, US",yes,,
retrofitcompanies.com,"1010 Hoffman Drive, Suite A, Owatonna, MN 55060, US",yes,yes,
revolt-electric.com,"Sunnyvale, CA 94089, US",NO - city/state only,yes,
rewcorp.com,"3708 Adams St, Portsmouth, Virginia 23703, US",yes,yes,
rexcollinselectric.com,"2525 S MILLER AVENUE; MARION, Indiana 46953, US",yes,yes,
ridgelineei.com,"[no street] Greenfield, IN 46140, US",yes,yes,
ridgeview-mc.com,"43720 Trade Center Pl; Sterling, Virginia 20166, US",yes,yes,
riemr.com,"211 31st Ave, Rock Island, IL 61201",yes,yes,
rightelectric.com,"317 Meridian Rd, Butler, Pennsylvania 16001-2920, US",yes,yes,
rileyelectricco.com,"PO BOX 496; CALVERT CITY, Kentucky 42029, US",yes,yes,
rinderledoor.com,"S71 W23275 Adam Drive, Big Bend, WI 53103, US",yes,,
riseelec.com,"600 West Chicago Avenue; Chicago, IL 60622, US",yes,yes,
riverselectrical.com,"3A Gill Street, Woburn, MA 01801, US",yes,yes,
rivertownlandscapes.com,"11950 Northland Dr Ne, Rockford, Michigan 49341-9724, US",yes,,
rizzoelectric.com,"255 W 12th St, New York, New York 10014-6009, US",yes,yes,
rjhaynie.com,"Loganville, Georgia 30052, US",NO - city/state only,yes,
rlscg.com,"230 S Sporting Hill Rd, Suite 200, Mechanicsburg, Pennsylvania 17050, US",yes,,
rlwiley.com,"4144 Wheeler Rd, Augusta, GA 30907",yes,yes,
rmemnc.com,"3870 S Church St, Rocky Mount, North Carolina 27803, US",yes,yes,
rmselectricalinc.com,"2670 Crain Hwy; Waldorf, Maryland 20601, US",yes,yes,
rnbcontrols.com,"4623 W Ranch Road 1431, Kingsland, TX 78639, US",yes,yes,
roberson-waite.com,"174 E Liberty Ave; Anaheim, California 92801, US",yes,yes,
roberthenrycorp.com,"404 S Frances St, South Bend, IN 46617, US",yes,yes,
rockwell.tech,"9515 Santa Clara Dr, Fort Worth, Texas 76116, US",yes,,
rodickelectric.com,"10850 SWITZER AVE STE 114; DALLAS, Texas 75238, US",yes,yes,
romeelectric.com,"36 Westside Industrial Blvd Nw; Rome, GA 30165, US",yes,yes,
rondoutelectric.net,"225 Upper North Rd, Highland, NY 12528, US",yes,yes,
root3power.com,"Houston, TX 77379, US",NO - city/state only,yes,
rosecityelectricco.com,"2150 NW 29th Ave, Portland, Oregon 97210, US",yes,yes,
rosselectric.com,"746 Babcock Road; Colorado Springs, CO 80915, US",yes,yes,
rotatingequip.com,"421 W Wrightwood Ave; Elmhurst, Illinois 60126, US",yes,yes,
rothelectrical.net,"2130 Hemphill Road, Burton, Michigan 48529, US",yes,yes,
rowe-electric.com,"2902 Taylor Ave; Parkville, Maryland 21234-6310, US",yes,yes,
royerbrothers.com,"2401 S Lorraine St; Hutchinson, Kansas 67501, US",yes,yes,
rpcompaniesinc.com,"731 N 19th Ave, Ste. B, Phoenix, Arizona 85009, US",yes,yes,
rrelectricalinc.com,"338 Industrial Blvd; Dallas, Georgia 30132, US",yes,yes,
rrengineers.com,"1635 W 13th Ave, Suite 310, Denver, Colorado 80204, US",yes,,
rsccompany.com,"6035 Dix St NE, Washington, DC 20019, US",yes,yes,
rscelectrical.com,"43750 Garfield Rd; Clinton Township, Michigan 48038, US",yes,yes,
rsecorp.com,"1820 Gateway Dr, San Mateo, California 94404, US",yes,,
rselectriccorp.com,"Kansas City, US",NO - city/state only,yes,
rtfps.net,"909 West Pushmataha Street, Butler, Alabama 36904, US",yes,yes,
rtpelectricalservices.com,"2402-A Reichard St, Durham, North Carolina 27705, US",NO - city/state only,yes,
rtsconsulting.com,"500 Ala Moana Blvd, Ste. 400, Honlulu, Hawaii 96813, US",yes,,
rubicontechservices.com,"3370 Chastain Gardens Drive; Suite 210; Kennesaw, GA 30144, US",yes,yes,
rudylhawkinselectrical.com,"600 W Hundred Rd; Chester, Virginia 23836, US",yes,yes,
ruralelectric.com,"9502 E Main Street, Mesa, AZ 85207, US",yes,yes,
russellcompanies.net,"1435 Brown St, Bettendorf, IA 52722",yes,,
rwelectric.com,"2380 Highway Rd 38, Westbrook, ON K7P 2Y7, Canada",yes,yes,"Canadian entity - verify, US target expected"
rwsheltonservices.com,"2177 CR 4448; BIVINS, Texas 75555, US",yes,yes,
s1inc.co,"7808 Asheville Hwy, Knoxville, TN 37924, US",yes,yes,
sacpower.com,"829 W. Stadium LN; Sacramento, California 95834, US",yes,yes,
sadlerelectricinc.com,"5855 S 77th St; Omaha, Nebraska 68127-4203, US",yes,yes,
sageelectric.org,"4996 Hwy 374, Green River, Wyoming 82935, US",yes,yes,
sanderstruckserviceinc.net,"112 S Main St, Clover, South Carolina 29710, US",yes,,
sandhillsutility.com,"P.O. BOX 72858; Fort Bragg, NC 28307, US",yes,yes,
sandjelectric.com,"157 Conrad Rd, Newark, New Jersey 07114, US",yes,yes,
sandlappercontrols.com,"3101 Carlisle Street STE 101, Columbia, SC 29205, US",yes,,
sarentec.com,"18058 FM 1097 East, Willis, Texas 77378, US",yes,,
saricamfg.com,"240 W Twain Ave, Urbana, OH 43078",yes,,
sas-llc.net,"3165 Pipe Court; Grand Junction, CO 81504, US",yes,yes,
sawyer-services.com,"46405 Continental Dr; Chesterfield Township, MI 48047, US",yes,yes,
sbccontrol.com,"601 Pinecrest St, Corinth, MS 38834, US",yes,yes,
sca-nr.com,"6339 Charlotte Pike, 633, Nashville, Tennessee 37209, US",yes,,
scalfoelectric.com,"3539 N Mill Rd, Vineland, NJ 08360, US",yes,yes,
schaffhouser.com,"White House, Tennessee 37188, US",NO - city/state only,yes,
schemmelectric.com,"1375 W Jarrettsville Rd; Forest Hill, Maryland 21050-1103, US",yes,yes,
schetter.com,"471 Bannon Street, Sacramento, CA 95811, US",yes,yes,
schmechtiglandscapes.com,"20860 West Indian Creek Road, Mundelein, IL 60060, US",yes,,
schmidt-industrial.com,"18723 Penick Road, Waller, Texas 77484, US",yes,yes,
schmittelectric.com,"1114 Walla Walla Ave, Wenatchee, WA 98801",yes,yes,
schwabelfab.com,"Buffalo, US",NO - city/state only,,
sclightning.com,"1375 N SHADOW DR; Mount Pleasant, South Carolina 29464, us",yes,yes,
scobeepowerline.com,"602 Lana Dr., Ste E, Cameron, Missouri 64429, US",yes,yes,
sconservices.com,"8326 West State Highway 21; Bryan, TX 77807, US",yes,yes,
scottarm.com,"2821 Engineers Rd; Belle Chasse, Louisiana 70037, US",yes,yes,
scottpoleline.com,"150 County Rd 224, Stephenville, Texas 76401, US",yes,yes,
scotttesting.com,"604 New York Ave; Trenton, New Jersey 08638-3910, US",yes,yes,
scssince1986.com,"1101 Bethlehem Pike, Flourtown, Pennsylvania 19031, US",yes,,
sdmmetro.com,"215 N Main St, Freeport, New York 11520, US",yes,yes,
seaboardcontrols.com,"Highway 90, Crosby, Texas 77532, US",NO - city/state only,yes,
seahurst.com,"2915 Chestnut Street, Everett, WA 98201, US",yes,yes,
sebiomedical.com,"4360 Hickory Boulevard, Granite Falls, North Carolina 28630, US",yes,,
secoelectric.net,"350 W Pike St, Covington, KY 41011",yes,yes,
secucontrol.com,"4721 Eisenhower Avenue, Alexandria, Virginia 22304, US",yes,yes,
select-controls.com,"45 Knickerbocker Ave Ste. 3, Bohemia, New York 11716, US",yes,,
select-painting.com,"33305 Barber Rd, Santa Clarita, CA 91390, US",yes,,
selectelectricinc.com,"1700 E Via Burton Street; Anaheim, California 92806, US",yes,yes,
selectron.com,"13535 SW 72th Avenue, 200, Portland, OR 97223, US",yes,,
semw.net,"8951 Trussway Blvd, Orlando, FL 32824, US",yes,yes,
senergyelectric.com,"6328 NW 97th Ave, Miami, FL 33178, US",yes,yes,
sentinelelectricinc.com,"Atlanta, GA, US",NO - city/state only,yes,
sentry.cc,"1313 28TH ST; Orlando, Florida 32805, us",yes,yes,
sentryelectric.com,"Lincoln, US",NO - city/state only,yes,
seomofmi.com,"3867 S Old US Highway 23, Brighton, Michigan 48114, US",yes,yes,
serranoelectric.com,"15920 Concord Cir, Morgan Hill, CA 95037",yes,,
servitechinc.com,"13892 East Smith Drive; Aurora, CO 80011, US",yes,yes,
servomd.com,"4040 W. Loomis Road; Greenfield, WI 53221, US",yes,yes,
sesiec.com,"P.O. Box 842, Newnan, GA 30264, US",yes,yes,
setransformer.com,"405 E Edgerton St; Dunn, North Carolina 28334, US",yes,yes,
seven-o.com,"87 MAIN AVE; Orange, Texas 77630, us",yes,yes,
sgiwv.com,"PO Box 96, Bridgeport, WV 26330, US",yes,yes,
shahpe.com,"416 N Frederick Ave; Gaithersburg, Maryland 20877, US",yes,yes,
shamrockservices.net,"340 Trinity Rd; Dublin, Georgia 31021, US",yes,yes,
shannonlandscaping.com,"1111 Honeyspot Rd, Stratford, Connecticut 06615, US",yes,,
sharlen.com,"9101 S Baltimore Ave, Chicago, Illinois 60617, US",yes,yes,
shaum-electric.com,"25 S Mikes Pike St, Flagstaff, AZ 86001, US",yes,yes,
shaumelectric.com,"1125 N Nappanee St; Elkhart, Indiana 46514-1798, US",yes,yes,
shaw-electricllc.com,"4119 North Point Road; Dundalk, MD 21222, US",yes,yes,
shawelec.com,"930 East River Drive, Davenport, IA 52803, US",yes,yes,
sheetscontracting.com,"1835 Whittier Avenue, D-9; Costa Mesa, California 92627, US",yes,yes,
shelbyelectric.net,"96 E EH Crump Boulevard; Memphis, Tennessee 38106, US",yes,yes,
shelleyelectric.com,"[no street] Richmond, Indiana 47374, US",yes,yes,
sheppardsvs.com,"3460 HURRICANE BAY DRIVE; THEODORE, AL 36582, US",yes,yes,
shoalselectric.com,"704 Davison Ave, Muscle Shoals, Alabama 35661, US",yes,yes,
shoemakerindustrial.com,"831 Bonham Ave; Columbus, Ohio 43211-2999, US",yes,yes,
shoemakerrigging.com,"3385 Miller Park Rd, Akron, Ohio 44312, US",yes,,
shorelinepowerservices.com,"6724 East Railway CMNS; Williamsburg, Michigan 49690, US",yes,yes,
shpowerline.com,"725 Bellview Road, Crawford, Texas 76638, US",yes,yes,
sidewindersllc.com,"14476 s Center Point Way; Bluffdale, UT 84065, US",yes,yes,
siebertelectric.com,"39411 N. 83; Lake Villa, Illinois 60046, US",yes,yes,
sierrapacificelectrical.com,"2542 Avalon Street, Riverside, California 92509, US",yes,yes,
sievertelectric.com,"1230 Hannah Avenue, Forest Park, IL 60130, US",yes,yes,
sigalutility.com,"400 Tesconi Cir; Santa Rosa, California 95401, US",yes,yes,
sigmacompanies.us,"2901 S Highland Dr STE 14A, Las Vegas, NV 89109",yes,,
sigmasignco.com,"1590 E State Highway 121, Suite 3-100, Lewisville, Texas 75056, US",yes,,
signalmetal.com,"850 E PIONEER DR, Irving, Texas 75061, US",yes,,
signatureelectriccorp.com,"3494 W 25th St, Cleveland, OH 44109",yes,yes,
signcraftind.com,"8816 Corporation Drive, Indianapolis, IN 46256, US",yes,,
silesremodeling.com,"688 College Pkwy, Rockville, Maryland 20850, US",yes,,
silvermanlight.com,"5900 Hollis St, E/F, Emeryville, California 94608, US",yes,,
silvey.com,"371 Hamp Jones Rd; Carrollton, Georgia 30117-9492, US",yes,yes,
simplifiedtech.biz,"12717 McGregor Blvd, Fort Myers, Florida 33919, US",yes,,
singerelectric.com,"1030-C Ortega Way, Placentia, CA 92870, US",NO - city/state only,yes,
sirraleighelectric.com,"26 APOTHECARY CT; Garner, North Carolina 27529, US",yes,yes,
siteengineeringinc.com,"7025 Best Friend Rd, Atlanta, Georgia 30340, US",yes,,
sitesting.net,"9375 Archibald Ave, Rancho Cucamonga, California, US",yes,yes,
sitewideps.com,"11767 Katy Fwy, 1005, Houston, Texas 77079, US",yes,yes,
skfelectric.com,"11-20 37th Ave; Long Island City, New York 11101, US",yes,yes,
skileselectric.com,"3040 W County Rd O NS, Frankfort, Indiana 46041, US",yes,yes,
skylerelectric.com,"12911 LOMA RICA DRIVE; GRASS VALLEY, California 95945, US",yes,yes,
skylinecommunications.net,"12002 A Beverly Park Rd, Everett, WA 98204, US",yes,,
skylineelectrical.com,"22755 Kelly Rd; Eastpointe, Michigan 48021-2036, US",yes,yes,
skyteam.cc,"6851 W. Sunrise Blvd, Suite 130, Plantation, FL 33313, US",yes,yes,
skytecpro.com,"Davie, FL 33328, US",NO - city/state only,yes,
slaymakergroup.com,"146 Penn Street; Washington Boro, Pa 17582, US",yes,yes,
slcnj.com,"1775 Highway 34, Suite B-3, Farmingdale, New Jersey 07727, US",yes,,
sloanelectric.com,"3520 MAIN ST, San Diego, California 92113, US",yes,yes,
sls-lighting.net,"350 West 43rd Street, Suite PHA, New York, NY - New York 10036, US",yes,,
sls-us.com,"3340 N Courtenay Pkwy, Merritt Island, Florida 32953, US",yes,yes,
smalljobselectric.com,"5002 W Linebaugh Ave, Ste C, Tampa, Florida 33624, US",yes,,
smartelectriccompanyinc.com,"1077 US Highway 70; Connellys Springs, North Carolina 28612, US",yes,yes,
smithelectricmotors.com,"320 Campbell St, Thomasville, GA 31792",yes,yes,
sms-inc.net,"12 Estate Dr, Gorham, ME 04038, US",yes,,
smsenergygroup.com,"2315 Dale Earnhardt Blvd, Kannapolis, North Carolina 28083, US",yes,yes,
solarcentex.com,"313 S. Irving Street, San Angelo, TX, US",yes,,
solarelectric.org,"2 TIBBITS AVENUE; WHITE PLAINS, NY 10606, US",yes,yes,
solarelectricsupply.com,"108 Whispering Pines Dr #235, Scotts Valley, CA 95066",yes,,
solisusa.com,"940 CALLE NEGOCIO SUITE 250; San Clemente, California 92673, us",yes,yes,
solpowerlines.com,"1301 Wall Street, P.O. Box 1123, Lecompte, Louisiana 71346, US",yes,yes,
solutionsbyapex.com,"3566 Highland Dr., Hudsonville, Michigan 49426, US",yes,yes,
solutionservicescorp.com,"1002 Shull St; West Columbia, South Carolina 29169, US",yes,yes,
sopower.com,"8501 Joor Rd, Baton Rouge, Louisiana 70818, US",yes,yes,
sosayaandsons.com,"9560 Lexington Ave, De Soto, KS 66018",yes,yes,
sourcepowerllc.com,"4718 College Park, San Antonio, Texas 78249, US",yes,yes,
southcoastlighting.com,"San Clemente, us",NO - city/state only,yes,
southcoastsolar.com,"2605 Ridgelake Drive, Metairie, LA 70002, US",yes,,
southeastelectric.com,"P. O. BOX 1504; WHITE HOUSE, Tennessee 37188, US",yes,yes,
southern-ind.com,"402 Office Park Dr; Birmingham, Alabama 35223, US",yes,yes,
southernapparatus.com,"PO Box 9856, Mobile, Alabama 36691, US",yes,yes,
southerncontracting.com,"San Marcos, California 92069, US",NO - city/state only,yes,
southernisc.com,"113 Ida Rd.; Broussard, Louisiana 70518, US",yes,yes,
southernswitch.com,"855 Virginia Ave, Palm Harbor, Florida 34683-5227, US",yes,yes,
southernwinding.com,"5302 St Paul St, Tampa, Florida 33619, US",yes,yes,
southlandelectricinc.com,"4950 Greencraig Lane, San Diego, California 92123, US",yes,yes,
southwestelectric.com,"4557 York Blvd, Los Angeles, California 90041, US",yes,yes,
southwestsignal.com,"397 RALEIGH AVE; El Cajon, California 92020, us",yes,yes,
southwindaviation.com,"5700 N Rockwell Avenue; Bethany, OK 73008, US",yes,yes,
spacecontinuumllc.com,"2150 S Canalport Ave, Chicago, Illinois 60608, US",yes,,
sparksinc.com,"[no street] Danville, Alabama 35619, US",yes,yes,
specializedelectric.com,"13301 W 43rd Dr, Unit 13, Golden, Colorado 80403, US",yes,yes,
specializedengineeringservices.com,"541 W. Capitol Expressway, #176, San Jose, California 95136, US",yes,yes,
specialtyengineering.net,"10020 NE 72nd Ave Ste 100, Vancouver, WA 98686",yes,yes,
specialtyrer.com,"PO BOX 84809; PEARLAND, Texas 77584, US",yes,yes,
specialtyservicegroup.com,"6816 Central Avenue Pike, Knoxville, Tennessee 37918, US",yes,yes,
spectra-electrical.com,"2519 W. Geneva Dr., Tempe, AZ 85282, US",yes,yes,
spectrumelectricinc.com,"1231 Seminola Blvd, Casselberry, Florida 32707, US",yes,yes,
speedwiringproducts.com,"Raleigh, NC 27614, US",NO - city/state only,yes,
spikeelectric.com,"5391 Bay Oaks Drive; Pasadena, Texas 77505, US",yes,yes,
spina-enterprises.com,"10855 W 400 N, Michigan City, Indiana 46360, US",yes,yes,
sportlighting.com,"15303 Storm Dr.; Austin, TX 78734, US",yes,yes,
sqone.com,"347 Fork Branch Rd; Dover, Delaware 19904-1230, US",yes,yes,
srdiversified.com,"5170 Golden Foothill Pkwy, Suite 200, El Dorado Hills, California 95762, US",yes,yes,
sselectric.com,"695 NW 4th Ave, Fort Lauderdale, FL 33311",yes,yes,
sselectrical.com,"262 Valley Rd; Warrington, PA 18976, US",yes,yes,
ssgreenhouses.com,"188 Plantation Dr, Fayetteville, Georgia 30215, US",yes,,
sssprinkling.com,"2699 Edward St, Jenison, Michigan 49428, US",yes,,
standardusa.com,"3400 N Lincoln Blvd, Oklahoma City, Oklahoma 73105, US",yes,,
starelectricmd.com,"1490 Annapolis Road; Odenton, Maryland 21113, US",yes,yes,
starkelectric.com,"1340 South Stocker Drive, Tucson, Arizona 85710, US",yes,yes,
starlinkconstruction.com,"2339 Destiny Way; Odessa, Florida 33556, US",yes,yes,
startechmarine.com,"3295 1st St; Berwick, Louisiana 70342, US",yes,yes,
stateelectricalcontractors.com,"PO BOX 18187, Fountain Hills, Arizona 85269, US",yes,yes,
statelineusa.com,"25255 Glendale, Redford Township, MI 48239, US",yes,yes,
stautobody.com,"4632 Third Ave, Bronx, New York 10458, US",yes,,
stcradios.com,"709 E PECAN, Mcallen, Texas 78502, us",yes,,
stctraffic.com,"5973 Avenida Encinas, 218, Carlsbad, California 92008, US",yes,,
stenceelectric.com,"1001 W 2nd St; Taylor, Texas 76574-2428, US",yes,yes,
sterlingatm.com,"4282 West 1730 South, Salt Lake City, UT 84104, US",yes,,
sterlingutilities.com,"2290 Butler Pike, Plymouth Meeting, PA 19462, US",yes,yes,
stfranciselectric.com,"975 CARDEN STREET; SAN LEANDRO, CA 94577, US",yes,yes,
stgelectricservices.com,"7791 Capital Blvd.; Unit 4; Macedonia, Ohio 44056, US",yes,yes,
stilsonelectric.com,"5424 N Buckskin Pass Dr, Colorado Springs, Colorado 80917, US",yes,,
stlouislightinggroup.com,"7414 Manchester Rd, Maplewood, Missouri, US",yes,,
stnbuildersinc.com,"13681 Newport Ave, #8, Tustin, CA 92780, US",yes,,
stocktonconstruction.us,"1205 W Lakeview Court, Romeoville, IL Illinois 60446, US",yes,,
stoneandsons.com,"2530 QUEENSTOWN RD, Birmingham, Alabama 35210, US",yes,yes,
stonetreesigns.com,"5321 State Rd 1181, Denton, North Carolina 27239, US",yes,,
strang-inc.com,"811 East Washington Ave., Suite 200, Madison, WI 53703, US",yes,,
strianoelectric.com,"246 Park Ave, Garden City Park, New York 11040, US",yes,yes,
stricklandelectric-ok.com,"Muskogee, OK 74402, US",NO - city/state only,yes,
structuresunlimited.com,"118280 Forward St, Stratford, Wisconsin 54484, US",yes,,
studebakerelectric.com,"8459 N Main St # 116; Dayton, Ohio 45415-1324, US",yes,yes,
studebakerelectric.net,"3237 Rippey Rd, Ste 100, Loomis, California 95650, US",yes,yes,
sturmelectric.com,"6830 Powerline Dr; Florence, Kentucky 41042, US",yes,yes,
subgrid.com,"800 Roosevelt Road; Suite B200; Glen Ellyn, IL 60137, US",yes,yes,
suchockiandson.com,"43 Hatchetts Hill Rd, Old Lyme, Connecticut 06371, US",yes,,
sullivaneastern.com,"2860 C Slater Rd, Morrisville, North Carolina 27560, US",yes,yes,
summit-e.com,"2450 Bluebell Dr, Santa Rosa, California 95403, US",yes,,
summitelectrical.com,"13790 Ranch Rd, Jacksonville, FL 32218",yes,yes,
summitelectricdata.com,"Los Angeles, CA 91355, US",NO - city/state only,yes,
summitresourcesland.com,"3300 E 1st Ave, Sutie 650, Denver, Colorado 80206, US",yes,,
suncoastpower.com,"6375 Harney Rd; Suite 102; Tampa, Florida 33610, US",yes,yes,
sunergysystems.com,"4546 Leary Way NW, Seattle, WA 98107, US",yes,,
sunstateenergy.com,"128 E Pioneer St, Phoenix, AZ 85040",yes,yes,
superelec.com,"333 Colborne St; St Paul, Minnesota 55102-3227, US",yes,yes,
superiorelectricinc.com,"212 West Sheridan Road, Lansing, Michigan 48906, US",yes,yes,
superiortank.com,"9500 Lucas Ranch Road, Rancho Cucamonga, CA 91730, US",yes,,
sure-power.com,"200 Industrial Highway; Ridley Park, PA 19078, US",yes,yes,
surge11.com,"34173 Jerome; Chesterfield, Michigan 48047, US",yes,yes,
sw-electric.com,"1638 E 1st St N, Wichita, KS 67214, US",yes,yes,
swainelectric.com,"756 N. Monterey Suite A; Gilbert, AZ 85233, US",yes,yes,
swanelectric.com,"6133 Aurelius Rd; Lansing, Michigan 48911-4211, US",yes,yes,
sweetevcharging.com,"[no street] Totowa, NJ 07512, US",yes,yes,
swelectricinc.com,"15 Scotland Blvd., Bridgewater, MA 02324, US",yes,yes,
sweneyelectric.com,"9111 LOUISIANA ST, Merrillville, Indiana 46410, us",yes,yes,
swetexas.com,"10460 Miller Rd; Dallas, Texas 75238, US",yes,yes,
swi-solutions.com,"7124 W. Frier Drive, Glendale, AZ 85303, US",yes,,
switchgearsolutionsltd.com,"32 East Walnut Street, Lancaster, PA 17602, US",yes,,
swmco.com,"2100 Double Creek Dr; 410; Round Rock, Texas 78664, US",yes,yes,
swutilitysolutions.com,"15814 Champion Forest Drive, PMB 230, Spring, Texas 77379, US",yes,yes,
syncore-group.com,"11403 NW 39th Street; Doral, Florida 33178, US",yes,yes,
synergypowerlineconstruction.com,"1435 Sinclair Lewis Ave; Sauk Centre, Minnesota 56378, US",yes,yes,
systatnow.com,"2372A Walsh Avenue, Santa Clara, CA 95051, US",NO - city/state only,yes,
systemselectricalservices.com,"5 WESLEY ST; Chelsea, Massachusetts 02150, US",yes,yes,
systemservices.us,"1830 W Willow St, Scott, Louisiana 70583, US",yes,,
sytekelectric.com,"1233 W. 34TH ST.; HOUSTON, Texas 77018, US",yes,yes,
tagcompanies.com,"16422 Hufsmith-Kohrville Road, Houston, TX 77070, US",yes,yes,
takuengineering.com,"205 E Benson Blvd, Suite 101; Anchorage, Alaska 99503, US",yes,yes,
tankolighting.com,"220 Bayshore Blvd; San Francisco, CA 94124, US",yes,yes,
tannerwire.com,"1260 Moore Rd, Avon, Ohio 44011, US",yes,,
taplineutilityservices.com,"[no street] Imperial, Pennsylvania 15126, US",yes,yes,
tatehillinc.com,"2812 Decatur Street; Richmond, Virginia 23224, US",yes,yes,
taudeltainc.com,"9020 Brentwood Blvd. Suite A; Brentwood, California 94513, US",yes,yes,
taylorelectricutility.com,"600 Boulevard South SW, Ste 203, Huntsville, Alabama 35802, US",yes,yes,
taylorssiteworks.com,"8813 Gulf Ct, Suite A, Raleigh, North Carolina 27617, US",yes,,
tbpowercreation.com,"7551 Wiles Rd; SUITE 203; Coral Springs, Florida 33067, US",yes,yes,
tcbautomation.com,"601 W 15th St; Dover, ohio 44622, US",yes,yes,
tcelectric.us,"3414 E Washington St, Indianapolis, IN 46201, US",yes,yes,
tclelectric.com,"191 Poplar Place; North Aurora, Illinois 60542, US",yes,yes,
tcongrp.com,"4117 Liberty Avenue; Pittsburgh, PA 15224, US",yes,yes,
tdnelectric.com,"1071 Wright Ave, Mountain View, California 94043, US",yes,yes,
teamsilverback.com,"1350 Old Bayshore Highway, Suite 520, Burlingame, California 94010, US",yes,yes,
teamsol.net,"2025 S. 12th Street, Waco, Texas 76706, US",yes,,
teaysvalleyeng.com,"35 Golf Dr, St Albans, WV 25177",yes,yes,
tec-electric.com,"755 W 200 S; Logan, Utah 84321, US",yes,yes,
techcompinc.com,"123 Bruton Ct., Suite 103, Chesapeake, VA 23322, US",yes,,
technovoltelectric.com,"28-29 119TH ST, Flushing, New York 11354, US",yes,,
techpro-av.com,"300 Thunderbird Dr., Suite 12, El Paso, TX 79912, US",yes,,
techsiteplan.com,"8188 Business Way, Plain City, OH 43064, US",yes,yes,
techzoneia.com,"800 E Lincoln Way, Jefferson, Iowa 50129, US",yes,,
tefsco.com,"309 Mecca St., Lafayette, Louisiana 70506, US",yes,,
tei-nm.com,"32 Rd 5219, Bloomfield, NM 87413",yes,yes,
telecom-wiring.com,"8 East 41st Street, 7th Floor, New York, New York 10017, US",yes,,
telexllc.com,"Fayetteville, Ar, US",NO - city/state only,yes,
telstarinc.com,"4017 Vista Park Ct; Sacramento, California 95834, US",yes,yes,
teltechnetworks.com,"810 E Hammond Lane, Phoenix, AZ 85034, US",yes,,
temgroupinc.com,"3560 Bashford Ave, Louisville, Kentucky 40218, US",yes,yes,
terceroinc.com,"Gardena, California 90249, US",NO - city/state only,yes,
terra-associates.com,"12525 Willows Road, Suite 101, Kirkland, WA 98034, US",yes,,
terranceelectric.com,"Bensenville, IL 60106, US",NO - city/state only,yes,
terrazongroup.com,"639 N Heartland Dr, Sugar Grove, IL 60554, US",yes,yes,
tescorp.com,"8525 E 46th St, Tulsa, Oklahoma 74145-4803, US",yes,,
tessllc.us,"2900 SW 2nd Ave; Fort Lauderdale, Florida 33315, US",yes,yes,
texanelectric.com,"301 University Blvd; Galveston, Texas 77555-5302, US",yes,yes,
texaseliteelectrical.com,"1707 Chrysler St, Liberty, Texas 77575, US",yes,yes,
texasmeter.com,"5866 N State Highway 6, Waco, Texas 76712, US",yes,yes,
texasoilelectric.com,"1590 E Hwy 80; Abilene, Texas 79601, US",yes,yes,
tgbinc.com,"306 W Wall St; Midland, Texas 79701-5100, US",yes,yes,
thegarickgroup.com,"7181 Copper Queen Dr; El Paso, TX 79915, US",yes,yes,
thenewutility.com,"575 Corporate Drive, Mahwah, NJ 07430, US",yes,,
thermavuesolutions.com,"16015 University Oak, San Antonio, Texas 78249, US",yes,yes,
thetempestco.com,"4681 South 300 West; Murray, Utah 84107, US",yes,yes,
thi-ec.com,"Midland, TX 79705, US",NO - city/state only,yes,
thirdcoastservices.com,"36530 Coleman Rd, Magnolia, TX 77362, US",yes,yes,
thomaelectric.com,"3562 Empleo Street; Suite C; San Luis Obispo, California 93401, US",yes,yes,
thorcocda.com,"4950 N Manufacturing Way; Coeur D'Alene, ID 83815, US",yes,yes,
thorneelectricinc.com,"[no street] Carol Stream, Illinois, US",yes,yes,
thwindersllc.com,"4202 Ruben M Torres Blvd; Brownsville, Texas 78526, US",yes,yes,
tibbetts-electric.com,"PO BOX 40818; NASHVILLE, Tennessee 37204, US",yes,yes,
tidaltimesolutions.com,"14286 Beach Blvd, Jacksonville Beach, Florida 32250, US",yes,yes,
tiffanyelectric.com,"5 Eastmans Rd; Suite 3; Parsippany, New Jersey 07054, US",yes,yes,
tigerelectric.com,"1182 N Knollwood Circle; Anaheim, California 92801, US",yes,yes,
tillsonindustrial.com,"[no street] Dickinson, Texas 77539, US",yes,yes,
tirone-electric.com,"3300 Corporate Ave, Suite 100, Weston, Florida 33331, US",yes,yes,
tiscontrols.com,"6500 McDonough DR STE C7; Norcross, GA 30093, US",yes,yes,
titanledus.com,"850 E Covey Ln, #140, Phoenix, Arizona 85024, US",yes,yes,
titanpower.com,"7031 W. Oakland St.; Chandler, Arizona 85226, US",yes,yes,
tjh2b.com,"3123 Fite Cir., Suite 105, Sacramento, CA 95827, US",yes,yes,
tjwengineering.com,"9841 Irvine Center Dr; Suite 200; Irvine, California 92618, US",yes,yes,
tlhpower.com,"Dillsboro, IN 47018, US",NO - city/state only,yes,
tllelectric.com,"1564 N Alma School Rd, Mesa, AZ 85201, US",yes,yes,
tlpfl.com,"2587 CR 44 WEST; EUSTIS, Florida 32726, US",yes,yes,
tlselectric.com,"1006 E Main St; Cordell, Oklahoma 73632-5620, US",yes,yes,
tmelectrical.ca,"4160 Market St, Ventura, California 93003-5621, US (VERIFY: .ca domain matched to US record)",yes,yes,
tn-associated.com,"214 W Morelia Ave; Knoxville, Tennessee 37917, US",yes,yes,
tngenergyservices.com,"3505 Standard St, Bakersfield, California 93308-5264, US",yes,,
tolleyelectric.com,"10981 Richardson Rd; Ashland, Virginia 23005, US",yes,yes,
tomcoelectric.com,"850 NE 1st St, Bend, Oregon 97701, US",yes,yes,
tomeyelectric.com,"5430 Handley Rd; Cambridge, Maryland 21613-3432, US",yes,yes,
totalenergysolutions.com,"20500 Clay Center Dr, Houston, TX 77449, US",yes,yes,
totalonlineprotection.com,"42914 Cinnamon Ln; Temecula, California 92592, US",yes,yes,
towergenerator.com,"20A Canton Springs Road, Canton, CT 06019, US",yes,yes,
towerpowergroup.com,"5451 Warehouse Way; 100; Sacramento, California 95826, US",yes,yes,
tpcsystems.com,"261 Pepes Farm Rd, Milford, CT 06460, US",yes,,
tpiengineering.com,"302 New Mill Ln, Exton, PA 19341",yes,yes,
tracetesting.com,"5612 SW Green Oaks Blvd, Arlington, TX 76017, US (VERIFY: matched to accutracetesting.com)",yes,yes,
traf-tex.com,"8420 Hansen Rd.; Houston, TX 77075, US",yes,yes,
trafficsystemsinc.net,"7519 Railroad Avenue; Harmans, Maryland 21077, US",yes,yes,
transformer-svc.com,"74 Regional Dr, Concord, New Hampshire 03301-8508, US",yes,yes,
transformerservicesinc.com,"PO BOX 1650; CLACKAMAS, Oregon 97015, US",yes,yes,
transportationsystemsinc.com,"614 Burbank Dr, Johnson City, Tennessee 37601-2802, US",yes,yes,
traud-electric.com,"4909 WOODHILL LANE; LOUISVILLE, Kentucky 40219, US",yes,yes,
traveridc.com,"151-165 Homer St; Waterbury, Connecticut 06704, US",yes,yes,
traviselectricalservice.com,"3059 Ashland City Rd, Clarksville, Tennessee 37043, US",yes,yes,
traviselectricinc.com,"8164 Cairo Bend Rd; Lebanon, Tennessee 37087-7445, US",yes,yes,
trcinc.net,"2101East 4th Street Suite 130A; Santa Ana, California 92705, US",yes,yes,
trcurlee.com,"1808 South Ridge Ave., Kannapolis, NC 28083, US",yes,yes,
tremorvibration.com,"602 N 14th St, La Porte, TX 77572, US",yes,yes,
tri-areaelectric.com,"2603 14th Ave SE; Ruskin, Florida 33570, US",yes,yes,
tri-mgroup.com,"206 Gale Lane; Kennett Square, PA 19348, US",yes,yes,
tri-technic.com,"185 S. Fairview Ln, Sonora, CA 95370, US",yes,yes,
triadgroup-inc.com,"15225 Carrollton Blvd; Carrollton, Virginia 23314, US",yes,yes,
triadpowerandcontrols.com,"215 INDUSTRIAL AVE; Greensboro, North Carolina 27406, US",yes,yes,
triangleelectric.net,"2644 1st Ave East, Williston, ND 58801, US",yes,yes,
trielec.com,"29787 Stephenson Hwy; Madison Heights, Michigan 48071-2334, US",yes,yes,
tripowerelectricinc.com,"12800 Garden Grove Blvd E; Garden Grove, CA 92843, US",yes,yes,
tristateec.com,"2101 Fort St, Chattanooga, Tennessee 37408, US",yes,yes,
triunenc.com,"4189 Dixie Inn Road; Wilson, North Carolina 27893, US",yes,yes,
triviewquality.com,"2015 Industrial Street Suite 4, Tea, South Dakota 57064, US",yes,,
troyindustrialsolutions.com,"70 Cohoes Road; Watervliet, New York 12189, US",yes,yes,
trservice.com,"PO Box 197, Colman, South Dakota 57017, US",yes,yes,
tru-amp.com,"406 W FORTIFICATION ST; Jackson, Mississippi 39203, us",yes,yes,
trustworthyelectric.net,"517 Oliver Rd, Montgomery, Alabama 36117, US",yes,yes,
tsbinc.net,"P.O. Box 798; Latrobe, Pennsylvania 15650-0798, US",yes,yes,
tsisolutions.us,"2220 Centre Park Ct, Stone Mountain, Georgia 30087, US",yes,,
tspnc.com,"Fayetteville, NC 28305, US",NO - city/state only,,
tsthydraulics.com,"20 Continental Blvd., Merrimack, NH 03054, US",yes,,
tt-electric.com,"38 Montvale Ave; Suite 380; Stoneham, Massachusetts 02180, US",yes,yes,
turbinedoctor.com,"13447 Byrd Dr, Odessa, FL 33556, US",yes,yes,
turbinepros.com,"17800 Territorial Rd, Suite 500; Dayton, MN 55369, US",yes,yes,
turnerelectricalservices.com,"Sylvania, US",NO - city/state only,yes,
twallaceinc.com,"3410 Shannon Park Dr, Suite 120, Fredericksburg, VA 22408, US",yes,yes,
twegen.com,"636 Logan Lane; Billings, MT 59105, US",yes,yes,
twincityelectricians.com,"719 15th Street; Clarkston, WA 99403, US",yes,yes,
twinelectricltd.com,"1081 E Huning, Show Low, Arizona 85901-5135, US",yes,yes,
tyrior.com,"18672 Florida Street, Suite 302-D, Huntington Beach, CA 92648, US",yes,,
ucspower.com,"708 Blair Mill Rd; Willow Grove, Pennsylvania 19090-1701, US",yes,yes,Inven matched ulcs-llc.com (Utility Lines Construction Services) - verify entity
ueco.com,"1270 Kennestone Circle; Marietta, Georgia 30066, US",yes,yes,
uigcorp.com,"290 Meadowlands Blvd, Washington, Pennsylvania 15301, US",yes,yes,
undergroundcontractors.com,"30561 Andersen Court; Wixom, Michigan 48393, US",yes,yes,
undergroundutilitiesinc.com,"416 West Monroe Street P.O. Box 428; Monroeville, Ohio 44847, US",yes,yes,
underpowercorp.com,"14170 Sw 30th St, Miami, Florida 33175-6529, US",yes,yes,
unipowerllc.com,"2810 Emrick, Bethlehem, PA 18020, US",yes,yes,
united-power.com,"817 Fesslers Pkwy, Nashville, Tennessee 37210, US",yes,yes,
unitedgenmar.net,"8420 153rd Ave; Jamaica, New York 11414-1944, US",yes,yes,
universalblowerpac.com,"440 Park 32 West Drive; Noblesville, IN 46062, US",yes,yes,
universalelectrical.com,"737 Hagey Center Drive, Unit B, Souderton, PA 18964, US",yes,yes,
universalevcharging.com,"305 W Spring Creek Pkwy; Suite 100B; Plano, Texas 75023, US",yes,yes,
universalteam.net,"5671 Trumbull St; STE 3; Detroit, Michigan 48208, US",yes,yes,
upsystems-inc.com,"P.O. Box 2151; Oldsmar, Florida 34677-7151, US",yes,yes,
urbanelectric.net,"Altamonte Springs, Florida 32701, US",NO - city/state only,yes,
usa-svc.com,"5514 South Lewis Avenue, Tulsa, OK 74105, US",yes,yes,
usilluminations.com,"600 E Cuyahoga Falls Ave, Akron, Ohio 44310, US",yes,yes,
uspwr.com,"51 East Campbell Avenue; Campbell, California 95008, US",yes,yes,
usutilitycontractors.com,"4343 Weaver Ct N; Hilliard, Ohio 43026, US",yes,yes,
utilicon.net,"13275 Highway 231, Davisboro, Georgia 31018, US",yes,yes,
utiligi.com,"Pacific, Washington, US",NO - city/state only,yes,
utilityconstructionco.com,"8435 e Baseline Rd, Mesa, AZ 85209, US",yes,yes,
utilityelectric.net,"111 Burnet Dr, Baytown, Texas 77520-1340, US",yes,yes,
utilityplantsolutions.com,"1005 Hialeah Ct.; Wake Forest, North Carolina 27587, US",yes,yes,
utilityrelay.com,"10100 Queens Way, Chagrin Falls, Ohio 44023, US",yes,yes,
utilitysystems.com,"12216 Parklawn Dr; Suite 200; Rockville, Maryland 20852, US",yes,yes,
valdostaelectric.com,"3485 Bemiss Rd, Valdosta, Georgia, US",yes,yes,
valleyalphaelectric.com,"4395 United Dr, Ceres, CA 95307",yes,yes,
valleyarmature.com,"1313 N EXPWY 281; EDINBURG, Texas 78541, US",yes,yes,
valleyec.com,"2820 Latimer St Ste A, Missoula, Montana 59808-1652, US",yes,yes,
vanharen.com,"8500 Piedmont Industrial Park Dr, Byron Center, MI 49315, US",yes,yes,
vankirkelectric.com,"62 North Jackson Street; Winder, Georgia 30680, US",yes,yes,
variablespeedsolutions.com,"Huntington Beach, US",NO - city/state only,yes,
vasko.com,"4300 Astoria St, Sacramento, California 95838, US",yes,yes,
vaughnelectric.com,"313 East Florida Ave; UNION CITY, TN 38261, US",yes,yes,
vbe.cc,"474 W Crescentville Rd.; Cincinnati, Ohio 45246, US",yes,yes,
vecor-pi.com,"8930 Tallyho Rd, Houston, Texas 77061, US",yes,yes,
vectorcx.com,"Omaha, NE 68116, US",NO - city/state only,yes,
ventureelectricva.com,"10136-C Hull Street Road; Midlothian, Virginia 23112, US",yes,yes,
verdek.com,"755 Main St, Monroe, Connecticut 06468, US",yes,yes,
versysgroup.com,"Houston, Texas, US",NO - city/state only,yes,
vesdfw.com,"4131 Centurion Way; Addison, Texas 75001, US",yes,yes,
vet-eps.com,"8837 Lankershim Blvd, Los Angeles (Sun Valley), California 91352, US",yes,yes,
viaelectric.com,"3470 US-220, Madison, NC 27025",yes,yes,
vibra-analysis.com,"7403A Temple Terrace Hwy.; Temple Terrace, FL 33637, US",yes,yes,
vibrationengineers.com,"11700 W Charleston Blvd, #170-539, Las Vegas, Nevada 89135, US",yes,yes,
victorylightingservices.com,"Houston, Texas 77040, US",NO - city/state only,yes,
victorypowerlineservices.com,"New Market, Iowa 51646, US",NO - city/state only,yes,
vilconinc.com,"1808 Janke Dr, Northbrook, IL 60062, US",yes,yes,
visionmo.com,"29 Lone Star Court; O'Fallon, MO 63366, US",yes,yes,
vitech-us.com,"6514 Overcrest Lane; Pasadena, TX 77505, US",yes,yes,
volelectric.com,"P.O. Box 100117, Nashville, Tennessee 37224-0117, US",yes,yes,
volland.com,"75 Innsbruck Dr; Buffalo, New York 14227, US",yes,yes,
voltelectricinc.com,"9S500 Bushnell Rd; Big Rock, IL 60511, US",yes,yes,
votawelectric.com,"3421 Centennial Dr; Fort Wayne, IN 46808, US",yes,yes,
vslconstructors.com,"Manassas, US",NO - city/state only,yes,
waddingtonelectric.com,"2553 Powers Ave, Jacksonville, Florida 32207, US",yes,yes,
wagnertech.com,"1658 Route 300; Newburgh, NY 12550, US",yes,yes,
walcokip.com,"303 Allens Ave; Providence, Rhode Island 02905, US",yes,yes,
walkerelectricky.com,"601 Lagonda Ave, Lexington, KY 40505, US",yes,yes,
walshelec.com,"101 Sentry Circle, Yorktown, Virginia 23692, US",yes,yes,
walshelectrical.com,"927 N. State Street; Clarks Summit, PA 18411, US",yes,yes,
wardenelectric.com,"604 N 7th St; Paducah, Kentucky 42001-1026, US",yes,yes,
watermarkelectric.com,"PO Box 458, Somerset, Massachusetts 02726, US",yes,yes,
watersandbugbee.com,"75 South Gold Drive; Hamilton, New Jersey 08691, US",yes,yes,
waveforceelectrical.com,"7825 N Military Hwy; Norfolk, Virginia 23518, US",yes,yes,
waynes-electric.com,"3177 Austin Ave, Simi Valley, California 93063, US",yes,yes,
wearepositiveenergy.com,"68 W Sheffield Ave; Pontiac, Michigan 48340, US",yes,yes,
weatherguardaero.com,"119 Poplar Pointe Dr; Suite E; Mooresville, North Carolina 28117, US",yes,yes,
weaverelectric.us,"4141 Netley Grv, Colorado Springs, Colorado 80907-4364, US",yes,yes,
webadt.com,"1075 Shore Road, Naperville, IL 60563, US",yes,,
weber-corp.com,"3700 W May St; Suite 500; Wichita, Kansas 67213, US",yes,yes,
webuilddatacenters.com,"8400 Kass Drive; Buena Park, CA 90621, US",yes,yes,
weinsteinelec.com,"213 W 1st Ave, Flint, MI 48503, US",yes,yes,
welchcompanies.com,"2225 W Pecos Rd STE 2, Chandler, AZ 85224",yes,yes,
weldpower.com,"1529 Grafton Rd; Millbury, Massachusetts 01527, US",yes,yes,
wellsandtate.com,"160 Wells Road, PO Box 347, Meridianville, Alabama 35759, US",yes,yes,
wellsglobal.com,"4540 Preslyn Dr; Raleigh, North Carolina 27616, US",yes,yes,
west-fair.com,"126 N Route 303; West Nyack, NY 10994, US",yes,yes,
westernindustrialmotor.com,"669 W. Quinn #12, Pocatello, Idaho 83202, US",yes,yes,
westernlg.com,"254 W Baseline Rd, Tempe, AZ 85283",yes,yes,
westernlinebuilders.com,"525 Western St; Wells, Nevada 89835-0000, US",yes,yes,
westernmountaininc.com,"[no street] Wheeling, WV 26003, US",yes,yes,
westernreservelightningrod.com,"5380 Naiman Pkwy; Suite B; Solon, Ohio 44139, US",yes,yes,
westernsystems-inc.com,"1122 Industry St.; Everett, WA 98203, US",yes,yes,
westgaelectric.com,"108 Parkwood Cir, Carrollton, Georgia 30117, US",yes,yes,
westhueselectric.com,"Kansas City, US",NO - city/state only,yes,
westmorelandelectric.com,"193 Central Rd; Tarrs, PA 15688, US",yes,yes,
westpointelectricinc.com,"16718 FM 2920 ROAD; TOMBALL, Texas 77377, US",yes,yes,
westside-electric.com,"4031 Faye Road, Jacksonville, FL 32226, US",yes,yes,
westsideelectricservice.com,"3804 CHARLOTTE AVE; Nashville, Tennessee 37209, us",yes,yes,
wetsinc.net,"2503 EAST BROADWAY; SWEETWATER, Texas 79556, US",yes,yes,
wewireu.com,"PO BOX 3695, Charleston, West Virginia 25326, US",yes,yes,
wheelerelectric.com,"469 W 16th St; Idaho Falls, Idaho 83402, US",yes,yes,
whelco.com,"3607 Marine Rd; Toledo, Ohio 43609-1019, US",yes,yes,
whitearmatureworks.com,"Rte. 10, P.O. Box 330, Mallory, West Virginia 25634, US",yes,yes,
whitmoreconstruction.net,"Cedar Hill, Texas 75106, US",NO - city/state only,yes,
wildeelectricmotors.com,"610 NE 8th Pl, Hermiston, Oregon 97838, US",yes,yes,
wildelectric.com,"4729 E Olive Ave, Fresno, California 93702-1714, US",yes,yes,
willenelectric.com,"200 GALVESTON ST; WICHITA FALLS, Texas 76301, US",yes,yes,
williamsemgroup.com,"500 W Putnam Ave; Greenwich, Connecticut 06830, US",yes,yes,
williscable.com,"1700 Dickinson Ave, Greenville, NC 27834, US",yes,yes,
williselectrical.com,"6616 Gant Rd; Houston, Texas 77066, US",yes,yes,
wilsonelectricco.com,"113 SOUTH MADISON STREET, ROCKFORD, Illinois 61104, US",yes,yes,
windemuller.com,"1611, Northgate Blvd; SARASOTA, Florida 34234, US",NO - city/state only,yes,
winwardelectric.com,"2745 Commerce Way, Ogden, Utah 84401, US",yes,yes,
wjbe.com,"400 Dakin St, Jefferson, LA 70121, US",yes,yes,
wlrc.net,"2 Richey Ave., Collingswood, NJ 08107, US",yes,yes,
wlslighting.com,"6820 Corporation Pkwy, Fort Worth, Texas 76126, US",yes,yes,
worchelectric.com,"8541 Atlas Drive; Gaithersburg, MD 20877, US",yes,yes,
wuestelectric.com,"4290 Delhi Ave; Cincinnati, OH 45238, US",yes,yes,
wvelectric.com,"2011 Pleasant Valley Rd, Fairmont, WV 26554, US",yes,yes,
wylieelectric.com,"331 Carmen Dr, Ferrysburg, MI 49409",yes,yes,
yorkrepair.com,"611 Andre Street, Bay City, MI 48706, US",yes,yes,
yourelectricalsolutions.com,"345 Washington St, Pembroke, MA 02359",yes,yes,
yss.us,"272 E Indianola Ave; Youngstown, Ohio 44507, US",yes,yes,
zefenergy.com,"323 N Washington Ave, Suite 200, Minneapolis, MN 55401, US",yes,yes,
zellerelectriccorp.com,"1111 Rancho Conejo Blvd #207, Newbury Park, CA 91320",yes,yes,
zonatherm.com,"875 Busch Parkway; Buffalo Grove, Illinois 60089, US",yes,yes,
zoneindustries.com,"3303 Cypresswood Dr, Spring, Texas, US",yes,yes,
