company,domain,bucket,campaign,priority,wave,had_email_before,had_phone_before,enriched,has_mobile,source,status
Ace Electric Service,aceelecservice.com,Commercial & industrial contracting,Commercial & Industrial Contractors,ben-A,BEN,yes,,,,inven,no coverage (named_people mode denied by permission classifier; domain mode used)
Travis Electric,traviselectricinc.com,Commercial & industrial contracting,Commercial & Industrial Contractors,ben-A,BEN,yes,,yes,,inven+grata,title_filter_miss: 1 contacts (named_people mode denied by permission classifier; domain mode used)
A&S Electric,aselectric.com,Commercial & industrial contracting,Commercial & Industrial Contractors,ben-A,BEN,yes,,,,inven,no coverage (named target Robert Allen not resolvable; domain mode used)
Alexander Electric,alexander-electric.com,Commercial & industrial contracting,Commercial & Industrial Contractors,ben-A,BEN,yes,,yes,yes,inven,named target Jay Alexander (CEO) not returned; domain mode used
Blount Electrical,blountelectrical.com,Commercial & industrial contracting,Commercial & Industrial Contractors,ben-A,BEN,yes,,yes,,inven+grata,title_filter_miss: 8 contacts (named target Stephen Blount/Member; named mode denied)
Boyette Electric,boyetteelectric.com,Motor & generator services,Commercial & Industrial Contractors,ben-A,BEN,yes,,,,inven,title_filter_miss: 2 contacts (named target Carl Boyette/Owner & President; named mode denied)
Chattanooga Armature Works,cawtn.com,Motor & generator services,Motor & Generator Companies,ben-A,BEN,yes,,yes,yes,inven,named target Starr Wilson (President) not returned; domain mode used
Cowart Electric & Indl,cowart-inc.net,Commercial & industrial contracting,Commercial & Industrial Contractors,ben-A,BEN,yes,,,,inven,no coverage (named target Keith Scarborough)
HRE Construction,hreconstruction.com,Testing & commissioning,Commercial & Industrial Contractors,ben-A,BEN,yes,,yes,yes,inven,ok
Industrial Technical Services Inc,its-sav.com,Commercial & industrial contracting,Commercial & Industrial Contractors,ben-A,BEN,yes,,yes,yes,inven,named target Spencer Tyson (Founder) not returned; domain mode used
Ireland Electric Corporation,irelandelectriccorp.com,Commercial & industrial contracting,Commercial & Industrial Contractors,ben-A,BEN,yes,,yes,,inven+grata,title_filter_miss: 11 contacts (named target Ralph Jr./Founder)
Jones & Lanier Electric,wge108.com,Commercial & industrial contracting,Commercial & Industrial Contractors,ben-A,BEN,yes,,,,inven,no coverage (named target Dennis Jones)
Kovarik Electrical,kovarikelectrical.com,Commercial & industrial contracting,Commercial & Industrial Contractors,ben-A,BEN,yes,,,,inven,no coverage (named target Kristopher Kovarik)
Lawson Electric,lawsonelectric.com,Commercial & industrial contracting,Commercial & Industrial Contractors,ben-A,BEN,yes,,yes,,inven+grata,named target Tobe Lawson (Founder) not returned; got Co-Owner Kim Lawson
Preston-Link Electric,prestonlinkelectric.com,Commercial & industrial contracting,Commercial & Industrial Contractors,ben-A,BEN,yes,,yes,yes,inven,named target Jay Linkenhelt (Founder) not returned; got President Debbie Gera
Renfrow Brothers,renfrowindustrial.com,Commercial & industrial contracting,Commercial & Industrial Contractors,ben-A,BEN,yes,,yes,yes,inven,ok
Service One,s1inc.co,Commercial & industrial contracting,Commercial & Industrial Contractors,ben-A,BEN,yes,,yes,,inven+grata,title_filter_miss: 12 contacts (named target Joy Vaulton/President)
Shelby Electric,shelbyelectric.net,Traffic & street lighting,Traffic Signals & Lighting Companies,ben-A,BEN,yes,,yes,yes,inven,named target Cole Bryan (CEO) not returned
Tibbetts Electrical Services,tibbetts-electric.com,Commercial & industrial contracting,Commercial & Industrial Contractors,ben-A,BEN,yes,,yes,,inven+grata,named target Rich Ray matched as Richard Ray/President
Tri-State Electrical Contractors,tristateec.com,Commercial & industrial contracting,Commercial & Industrial Contractors,ben-A,BEN,yes,,yes,yes,inven+grata,named target George Nelson (Owner) not returned
deGraauw Electric,degraauwelectric.com,Commercial & industrial contracting,Commercial & Industrial Contractors,ben-A,BEN,yes,,yes,yes,inven,ok
Andrew Electric,andrewelectric.com,Commercial & industrial contracting,Commercial & Industrial Contractors,ben-B,BEN,yes,,yes,,inven+grata,title_filter_miss: 12 contacts (named target Joseph Andrew/CEO)
Bucy Electric,bucyelectric.com,Commercial & industrial contracting,Commercial & Industrial Contractors,ben-B,BEN,yes,,,,inven,no coverage (named target Jeff Large)
CR Electric,crelectricservices.com,Commercial & industrial contracting,Commercial & Industrial Contractors,ben-B,BEN,yes,,yes,,inven+grata,title_filter_miss: 4 contacts (named target Chad Redmon/Owner-Founder)
Disciple Electric,discipleelectric.com,Commercial & industrial contracting,Commercial & Industrial Contractors,ben-B,BEN,yes,,,,inven,title_filter_miss: 2 contacts (named target Jonathan Guin/Founder)
Dixie Electric,dixieelectric.net,Commercial & industrial contracting,Commercial & Industrial Contractors,ben-B,BEN,yes,,yes,yes,inven,named target K. Lake (President) not returned; Randy Lake VP Construction may be related
Guardian Electric,guardianelectric.net,Commercial & industrial contracting,Commercial & Industrial Contractors,ben-B,BEN,yes,,,,inven,no coverage (named target Steve Sears)
H&W Electrical,hwelectrical.com,Commercial & industrial contracting,Commercial & Industrial Contractors,ben-B,BEN,yes,,yes,yes,inven,named target Thomas Brew (President/COO) not returned
KnoxCET Electric,knoxcet.com,Commercial & industrial contracting,Commercial & Industrial Contractors,ben-B,BEN,yes,,yes,yes,inven,named target Ferris Jordan (Owner) not returned; got GM
Modern Electrical Contracting,modcable.com,Commercial & industrial contracting,Commercial & Industrial Contractors,ben-B,BEN,yes,,yes,yes,inven,named target Steven Leathers matched (CEO & Co-Owner per client; provider title Managing Partner)
Moss Electric,mossandmoss.com,Commercial & industrial contracting,Commercial & Industrial Contractors,ben-B,BEN,yes,,yes,yes,inven,WARNING possible wrong company: provider returned Moss and Moss LLP law firm NY; named target Jeff Moss not returned
Optiva Lighting & Electrical Services,optivalighting.com,Traffic & street lighting,Commercial & Industrial Contractors,ben-B,BEN,yes,,,,inven,title_filter_miss: 1 contacts (named target Derick/Owner)
Power Doctors,powerdoctors.net,Commercial & industrial contracting,Commercial & Industrial Contractors,ben-B,BEN,yes,,yes,,inven+grata,title_filter_miss: 1 contacts (named target Cheryl Campbell/Owner)
Prolectric Electrical Contractors Inc,prolectric.us,Commercial & industrial contracting,Commercial & Industrial Contractors,ben-B,BEN,yes,,,,inven,title_filter_miss: 1 contacts (named target Eric Shelton/President)
Southwest Utility Solutions,swutilitysolutions.com,Substation & T&D,Substation & T&D,ben-B,BEN,yes,,yes,yes,inven,named target Andrew Leach (President) not returned
Travis Electrical Service,traviselectricalservice.com,Commercial & industrial contracting,Commercial & Industrial Contractors,ben-B,BEN,yes,,yes,yes,inven,named target Chris Travis (President) not returned
Utility Plant Solutions,utilityplantsolutions.com,Substation & T&D,Substation & T&D,ben-B,BEN,yes,,yes,,inven+grata,title_filter_miss: 8 contacts (named target John Fidgeon/Founder & Owner)
Vankirk Electric,vankirkelectric.com,Commercial & industrial contracting,Commercial & Industrial Contractors,ben-B,BEN,yes,,yes,yes,inven,named target Loren Vankirk (CEO) not returned; got GM
West Side Electric Service,westsideelectricservice.com,Commercial & industrial contracting,Commercial & Industrial Contractors,ben-B,BEN,yes,,yes,,inven+grata,title_filter_miss: 1 contacts (named target Jerry Bone/Owner)
"Detroit Power Systems, LLC",detroitpowersystems.com,T5,Commercial & Industrial Ctrs,campaign-Nurture,CAMPAIGN,,,,,inven,no coverage
MTM Electrical Corp.,mtmelectric.com,T4,Commercial & Industrial Ctrs,campaign-Nurture,CAMPAIGN,,,yes,,inven,owner found but no verified emails and no phones
Mardant Electrical Construction Company Inc.,mardantelectrical.com,T5,Commercial & Industrial Ctrs,campaign-Nurture,CAMPAIGN,,,yes,yes,inven,ok
"Phase 2 Electric, INC.",phase2electric.com,T5,Commercial & Industrial Ctrs,campaign-Nurture,CAMPAIGN,,,,,inven,"title_filter_miss: 3 contacts, none matched owner titles"
"Prenergy Services, LLC",prenergy.com,T4,Commercial & Industrial Ctrs,campaign-Nurture,CAMPAIGN,,,yes,yes,inven,"WARNING Venezuela-based contacts, likely wrong company match; no verified emails"
William H. Clinger Corporation,clingerelectric.com,T5,Commercial & Industrial Ctrs,campaign-Nurture,CAMPAIGN,,,yes,,inven+grata,"title_filter_miss: 3 contacts, none matched owner titles"
48 Electric LLC,48electric.com,T5,Commercial & Industrial Ctrs,campaign-Nurture,CAMPAIGN,,,yes,yes,inven,ok
AM Electric Inc,amelectricinc.com,T4,Commercial & Industrial Ctrs,campaign-Nurture,CAMPAIGN,,,yes,yes,inven,ok
Advance Electrical Corporation,advance-electrical.com,T5,Commercial & Industrial Ctrs,campaign-Nurture,CAMPAIGN,,,yes,yes,inven,ok
"All Star I & E, Inc.",allstarie.com,T4,Commercial & Industrial Ctrs,campaign-Nurture,CAMPAIGN,,,yes,yes,inven,ok
Area Wide Electric,areawideelectric.com,T5,Commercial & Industrial Ctrs,campaign-Nurture,CAMPAIGN,,,yes,,inven+grata,"title_filter_miss: 1 contacts, none matched owner titles"
Current Electrical Construction Company,current-electrical.com,T5,Commercial & Industrial Ctrs,campaign-Nurture,CAMPAIGN,,,yes,yes,inven,ok
Electric Supply Co.,electricsupplyfsd.com,T5,Commercial & Industrial Ctrs,campaign-Nurture,CAMPAIGN,,,yes,,inven+grata,"title_filter_miss: 6 contacts, none matched owner titles"
Fagan Electrical Services,faganelectricalservice.com,T5,Commercial & Industrial Ctrs,campaign-Nurture,CAMPAIGN,,,yes,,inven+grata,no coverage
Frankart Electric,frankartelectric.com,T5,Commercial & Industrial Ctrs,campaign-Nurture,CAMPAIGN,,,yes,yes,inven,ok
Freeland Electric,freelandelectricllc.com,T5,Commercial & Industrial Ctrs,campaign-Nurture,CAMPAIGN,,,yes,yes,inven,ok
"Laird Electrical Contracting, LLC",lairdelectrical.net,T5,Commercial & Industrial Ctrs,campaign-Nurture,CAMPAIGN,,,yes,,inven+grata,"owner found, office line only, no verified emails"
"Multi Electrical Services, Inc.",multielectrical.com,T4,Commercial & Industrial Ctrs,campaign-Nurture,CAMPAIGN,,,yes,yes,inven,ok
"Premier Power Professionals, Inc.",premierpowerpro.com,T4,Commercial & Industrial Ctrs,campaign-Nurture,CAMPAIGN,,,yes,,inven+grata,"title_filter_miss: 2 contacts, none matched owner titles"
"RSC Electrical, Inc.",rscelectrical.com,T5,Commercial & Industrial Ctrs,campaign-Nurture,CAMPAIGN,,,yes,yes,inven,ok
Stark Electric INC,starkelectric.com,T5,Commercial & Industrial Ctrs,campaign-Nurture,CAMPAIGN,,,yes,,inven+grata,"title_filter_miss: 1 contacts, none matched owner titles"
Strickland Electric Inc.,stricklandelectric-ok.com,T4,Commercial & Industrial Ctrs,campaign-Nurture,CAMPAIGN,,,yes,,inven+grata,"title_filter_miss: 2 contacts, none matched owner titles"
"Taft Electric, Inc",tei-nm.com,T4,Commercial & Industrial Ctrs,campaign-Nurture,CAMPAIGN,,,yes,,inven+grata,"title_filter_miss: 5 contacts, none matched owner titles"
Chatham Electric Service LLC,chatham-electric.com,S9,EV Charging,campaign-Nurture,CAMPAIGN,,,yes,,inven+grata,"title_filter_miss: 1 contacts, none matched owner titles"
North Star Power Inc.,northstarpowerinc.com,T2,Electrical Apparatus Servicing,campaign-Nurture,CAMPAIGN,,,yes,,inven+grata,non-owner office manager returned
A1 Lightning,a1lightning.com,S10,Lightning Protection,campaign-Nurture,CAMPAIGN,,,yes,,inven+grata,no coverage
Baca Lightning Protection,bacalightningprotection.com,S10,Lightning Protection,campaign-Nurture,CAMPAIGN,,,yes,,inven+grata,"title_filter_miss: 1 contacts, none matched owner titles"
Hart & Associates Inc.,hart-assoc.com,S10,Lightning Protection,campaign-Nurture,CAMPAIGN,,,yes,,inven+grata,no coverage
OHIO STATE LIGHTNING PROTECTION,ohiostatelightning.com,S10,Lightning Protection,campaign-Nurture,CAMPAIGN,,,,,inven,no coverage
Pettlon Lightning Protection,krispettlonlightningprotection.com,S10,Lightning Protection,campaign-Nurture,CAMPAIGN,,,,,inven,no coverage
South Carolina Lighting Protection,sclightning.com,S10,Lightning Protection,campaign-Nurture,CAMPAIGN,,,yes,,inven+grata,no coverage
Teates Lightning,teateslightning.com,S10,Lightning Protection,campaign-Nurture,CAMPAIGN,,,,,inven,no coverage
"Triangle Lightning Protection, INC.",tlpfl.com,S10,Lightning Protection,campaign-Nurture,CAMPAIGN,,,yes,,inven+grata,no coverage
Western Reserve Lightning Rod Company,westernreservelightningrod.com,S10,Lightning Protection,campaign-Nurture,CAMPAIGN,,,yes,,inven+grata,"title_filter_miss: 3 contacts, none matched owner titles"
Mission Critical Electric,missioncriticalelectric.com,T6,Mission critical power,campaign-Nurture,CAMPAIGN,,,yes,yes,inven,ok
EACH Engineering,eachengineering.com,T6,Mission critical power,campaign-Nurture,CAMPAIGN,,,yes,,inven+grata,"title_filter_miss: 4 contacts, none matched owner titles"
"Leppert-Nutmeg, Inc.",leppert-nutmeg.com,S7,Motor & Generator Companies,campaign-Nurture,CAMPAIGN,,,yes,,inven+grata,"title_filter_miss: 4 contacts, none matched owner titles"
"Servo Motors and Drives, Inc",servomd.com,S7,Motor & Generator Companies,campaign-Nurture,CAMPAIGN,,,yes,yes,inven+grata,"owner found, no verified emails"
"Alexandria Armature Works, INC.",aawva.com,S7,Motor & Generator Companies,campaign-Nurture,CAMPAIGN,,,yes,,inven+grata,"title_filter_miss: 2 contacts, none matched owner titles"
Complete Electric Service,completeelectricsrvc.com,S7,Motor & Generator Companies,campaign-Nurture,CAMPAIGN,,,,,inven,no coverage
Delaware Electric,delawarelectricmotor.com,S7,Motor & Generator Companies,campaign-Nurture,CAMPAIGN,,,yes,,inven+grata,no coverage
Dumbaugh Electric,demotors.com,S7,Motor & Generator Companies,campaign-Nurture,CAMPAIGN,,,yes,,inven+grata,no coverage
E-Mechanical,e-mllc.com,S7,Motor & Generator Companies,campaign-Nurture,CAMPAIGN,,,yes,,inven+grata,no coverage
E-Z Electric Motor Service Company Corporation,ezelectricmotor.com,S7,Motor & Generator Companies,campaign-Nurture,CAMPAIGN,,,,,inven,"title_filter_miss: 1 contacts, none matched owner titles"
Hamilton Electric Company,hamiltonelec.com,S7,Motor & Generator Companies,campaign-Nurture,CAMPAIGN,,,yes,,inven+grata,"title_filter_miss: 1 contacts, none matched owner titles"
Lenz Electric Motor Repair,lenzelectricmotor.com,S7,Motor & Generator Companies,campaign-Nurture,CAMPAIGN,,,yes,,inven+grata,no coverage
Mid Kansas Winding,midkansaswinding.com,S7,Motor & Generator Companies,campaign-Nurture,CAMPAIGN,,,yes,,inven+grata,"title_filter_miss: 2 contacts, none matched owner titles"
"Valley Armature & Electric, INC.",valleyarmature.com,S7,Motor & Generator Companies,campaign-Nurture,CAMPAIGN,,,,,inven,no coverage
Warden Electric Co,wardenelectric.com,S7,Motor & Generator Companies,campaign-Nurture,CAMPAIGN,,,yes,,inven+grata,"title_filter_miss: 1 contacts, none matched owner titles"
"GST Power Service Group, Inc.",gstpowerservice.com,T1,Testing & Commissioning,campaign-Nurture,CAMPAIGN,,,yes,yes,inven,non-owner business manager returned
Liberty Power Service INC,libertypowerservice.com,T1,Testing & Commissioning,campaign-Nurture,CAMPAIGN,,,yes,,inven+grata,"title_filter_miss: 1 contacts, none matched owner titles"
Power Generation & Distribution Services,pgdservices.com,T1,Testing & Commissioning,campaign-Nurture,CAMPAIGN,,,yes,,inven+grata,"WARNING India-based contact, likely wrong company match"
Precision Testing Group,precisiontestinggroup.com,T1,Testing & Commissioning,campaign-Nurture,CAMPAIGN,,,yes,,inven+grata,"title_filter_miss: 1 contacts, none matched owner titles"
Scott Testing Inc,scotttesting.com,T1,Testing & Commissioning,campaign-Nurture,CAMPAIGN,,,yes,,inven+grata,"title_filter_miss: 2 contacts, none matched owner titles"
Capitol Area Testing Inc.,capitolareatesting.com,T1,Testing & Commissioning,campaign-Nurture,CAMPAIGN,,,yes,yes,inven+grata,no verified emails
Global Diversified Voltage,gdvoltage.net,T1,Testing & Commissioning,campaign-Nurture,CAMPAIGN,,,yes,,inven+grata,"president found, no phones"
Syncore Group,syncore-group.com,T1,Testing & Commissioning,campaign-Nurture,CAMPAIGN,,,yes,yes,inven,ok
Volttek USA,volttekusa.com,T1,Testing & Commissioning,campaign-Nurture,CAMPAIGN,,,,,inven,no coverage
Central Mass Signal,centralmasssignal.com,S8,Traffic Signals & Lighting,campaign-Nurture,CAMPAIGN,,,yes,,inven+grata,no coverage
Construction Management & Maintenance,cmmsystemsar.com,S8,Traffic Signals & Lighting,campaign-Nurture,CAMPAIGN,,,yes,,inven+grata,no coverage
Independence Traffic Services,independencetrafficservices.com,S8,Traffic Signals & Lighting,campaign-Nurture,CAMPAIGN,,,yes,,inven+grata,no coverage
Loop Electric,loopelectric.com,S8,Traffic Signals & Lighting,campaign-Nurture,CAMPAIGN,,,yes,,inven+grata,"title_filter_miss: 1 contacts, none matched owner titles"
Southwest Signal Service,southwestsignal.com,S8,Traffic Signals & Lighting,campaign-Nurture,CAMPAIGN,,,yes,,inven+grata,"title_filter_miss: 1 contacts, none matched owner titles"
TC Electric,tcelectric.us,S8,Traffic Signals & Lighting,campaign-Nurture,CAMPAIGN,,,yes,,inven+grata,no coverage
Grattan Line Construction Co,grattanline.com,T3,Utility Line & Substation,campaign-Nurture,CAMPAIGN,,,yes,,inven+grata,ok
Grind-Well LLC,grind-well.com,T3,Utility Line & Substation,campaign-Nurture,CAMPAIGN,,,yes,,inven+grata,"no verified emails, no phones"
McNabb Enterprises Powerline Construction LLC,mcnabbpowerline.com,T3,Utility Line & Substation,campaign-Nurture,CAMPAIGN,,,yes,yes,inven,ok
P&G Power Co.,pgpower.net,T3,Utility Line & Substation,campaign-Nurture,CAMPAIGN,,,yes,yes,inven,ok
"Proline Power, LLC.",prolinepwr.com,T3,Utility Line & Substation,campaign-Nurture,CAMPAIGN,,,yes,yes,inven,ok
Thermavue Solutions,thermavuesolutions.com,T3,Utility Line & Substation,campaign-Nurture,CAMPAIGN,,,yes,,inven+grata,"title_filter_miss: 3 contacts, none matched owner titles"
Agostino Utilities LLC,agostinoutilities.com,T3,Utility Line & Substation,campaign-Nurture,CAMPAIGN,,,yes,yes,inven,ok
D & T Power,dandtpower.com,T3,Utility Line & Substation,campaign-Nurture,CAMPAIGN,,,yes,yes,inven,ok
Delta Line Construction Co,deltaline.org,T3,Utility Line & Substation,campaign-Nurture,CAMPAIGN,,,yes,,inven+grata,"title_filter_miss: 1 contacts, none matched owner titles"
EHV Construction LLC,ehvconstruction.com,T3,Utility Line & Substation,campaign-Nurture,CAMPAIGN,,,yes,,inven+grata,"non-owner foreman, no verified data"
Electra Lines,electralines.com,T3,Utility Line & Substation,campaign-Nurture,CAMPAIGN,,,yes,yes,inven,ok
Elmo Carter Construction CO INC,elmocarterconstruction.com,T3,Utility Line & Substation,campaign-Nurture,CAMPAIGN,,,,,inven,no coverage
"Fuimus Companies, LLC",fuimuscompanies.com,T3,Utility Line & Substation,campaign-Nurture,CAMPAIGN,,,yes,,inven,non-owner construction manager
H. Richardson & Sons,hrsutilities.com,T3,Utility Line & Substation,campaign-Nurture,CAMPAIGN,,,yes,,inven+grata,no coverage
Integral Power Atlantic,ipatlantic.com,T3,Utility Line & Substation,campaign-Nurture,CAMPAIGN,,,yes,,inven,non-owner contacts only
Interconnect Utility Services,rpinterconnect.com,T3,Utility Line & Substation,campaign-Nurture,CAMPAIGN,,,yes,,inven+grata,no coverage
Pole Line Contractors,polelinecontractorsinc.com,T3,Utility Line & Substation,campaign-Nurture,CAMPAIGN,,,yes,,inven+grata,"title_filter_miss: 3 contacts, none matched owner titles"
Power Engineering Group Inc,pegfl.com,T3,Utility Line & Substation,campaign-Nurture,CAMPAIGN,,,yes,,inven+grata,"non-owner VP ops, office line only"
"Scott Pole Line, LLC",scottpoleline.com,T3,Utility Line & Substation,campaign-Nurture,CAMPAIGN,,,yes,,inven+grata,"owner-equivalent found, office line only"
Stateline USA,statelineusa.com,T3,Utility Line & Substation,campaign-Nurture,CAMPAIGN,,,yes,,inven+grata,"non-owner foreman, no verified data"
Sterling Utilities,sterlingutilities.com,T3,Utility Line & Substation,campaign-Nurture,CAMPAIGN,,,yes,,inven+grata,"title_filter_miss: 1 contacts, none matched owner titles"
T.B Power Creation,tbpowercreation.com,T3,Utility Line & Substation,campaign-Nurture,CAMPAIGN,,,yes,,inven+grata,"title_filter_miss: 2 contacts, none matched owner titles"
Tapline Utility Services LLC.,taplineutilityservices.com,T3,Utility Line & Substation,campaign-Nurture,CAMPAIGN,,,yes,,inven+grata,"title_filter_miss: 1 contacts, none matched owner titles"
A & F Electric Construction Inc,afelectric.net,T5,Commercial & Industrial Ctrs,campaign-P2,CAMPAIGN,,,yes,,inven+grata,no coverage
AWJ Electric,awjelectric.com,T5,Commercial & Industrial Ctrs,campaign-P2,CAMPAIGN,,,yes,,inven+grata,"title_filter_miss: 1 contacts, none matched owner titles"
Aarow Electrical Solutions,aarowelectricalsolutions.com,T5,Commercial & Industrial Ctrs,campaign-P2,CAMPAIGN,,,yes,,inven,ok
All Phase Electrical Service,allphasela.com,T4,Commercial & Industrial Ctrs,campaign-P2,CAMPAIGN,,,yes,yes,inven,ok
Box Systems Electrical,boxsystemselectrical.com,T4,Commercial & Industrial Ctrs,campaign-P2,CAMPAIGN,,,yes,,inven+grata,"title_filter_miss: 3 contacts, none matched owner titles"
Carroll Electric,carroll-electric.net,T5,Commercial & Industrial Ctrs,campaign-P3,CAMPAIGN,,,yes,,inven+grata,no coverage
Cascade Electrical Contracting Corp,cascadeelectrical.net,T5,Commercial & Industrial Ctrs,campaign-P2,CAMPAIGN,,,yes,,inven+grata,no coverage
"Delco Electric, Inc.",delcoelectric.com,T5,Commercial & Industrial Ctrs,campaign-P2,CAMPAIGN,,,yes,,inven+grata,"title_filter_miss: 1 contacts, none matched owner titles"
Durkin Electric Co Inc,durkinelectric.com,T4,Commercial & Industrial Ctrs,campaign-P2,CAMPAIGN,,,yes,yes,inven+grata,ok
Greers Electric,greerselectric.com,T4,Commercial & Industrial Ctrs,campaign-P2,CAMPAIGN,,,yes,,inven+grata,no coverage
ICS Electrical Services,icselectricalservices.com,T4,Commercial & Industrial Ctrs,campaign-P2,CAMPAIGN,,,yes,,inven+grata,"title_filter_miss: 2 contacts, none matched owner titles"
"Javelin Electric, Inc.",javelinelectricinc.com,T5,Commercial & Industrial Ctrs,campaign-P2,CAMPAIGN,,,yes,,inven+grata,"title_filter_miss: 1 contacts, none matched owner titles"
Jim Luca Electric,lucaelectric.com,T4,Commercial & Industrial Ctrs,campaign-P3,CAMPAIGN,,,yes,yes,inven,non-owner VP engineering
K2 Electric Incorporated,k2-electric.com,T5,Commercial & Industrial Ctrs,campaign-P2,CAMPAIGN,,,yes,,inven+grata,no coverage
Lake Electric Company,lakeelectric.com,T4,Commercial & Industrial Ctrs,campaign-P2,CAMPAIGN,,,yes,yes,inven,ok
Laketown Electric Corporation,laketownelectric.com,T5,Commercial & Industrial Ctrs,campaign-P2,CAMPAIGN,,,yes,yes,inven,ok
Lyden Electric,lydenelectric.com,T4,Commercial & Industrial Ctrs,campaign-P2,CAMPAIGN,,,yes,yes,inven,ok
Mammoth Electric,mammothelectric.com,T5,Commercial & Industrial Ctrs,campaign-P2,CAMPAIGN,,,yes,yes,inven,ok
Manada Electric,manadaelectric.com,T5,Commercial & Industrial Ctrs,campaign-P2,CAMPAIGN,,,yes,yes,inven,ok
Merit Electric Company,meritelectriccompany.com,T4,Commercial & Industrial Ctrs,campaign-P2,CAMPAIGN,,,yes,,inven+grata,"title_filter_miss: 9 contacts, none matched owner titles"
Northstar Electrical Services,northstarelectrical.com,T5,Commercial & Industrial Ctrs,campaign-Nurture,CAMPAIGN,,,yes,yes,inven,ok
OKC Electrical Contractor,okcelectric.com,T5,Commercial & Industrial Ctrs,campaign-P2,CAMPAIGN,,,yes,,inven+grata,"title_filter_miss: 4 contacts, none matched owner titles"
Pagoda Electrical Inc,pagoda-electrical.com,T4,Commercial & Industrial Ctrs,campaign-P2,CAMPAIGN,,,yes,,inven+grata,"title_filter_miss: 8 contacts, none matched owner titles"
Positive Power LLC.,positivepwr.com,T4,Commercial & Industrial Ctrs,campaign-P2,CAMPAIGN,,,yes,,inven+grata,"title_filter_miss: 1 contacts, none matched owner titles"
"Primary Systems, Inc.",pri-sys.com,T4,Commercial & Industrial Ctrs,campaign-P2,CAMPAIGN,,,yes,yes,inven,ok
Skyline Electrical Contracting,skylineelectrical.com,T5,Commercial & Industrial Ctrs,campaign-Nurture,CAMPAIGN,,,yes,,inven+grata,"title_filter_miss: 2 contacts, none matched owner titles"
"Southern Electrical Contractors, Inc",southern-ind.com,T5,Commercial & Industrial Ctrs,campaign-P2,CAMPAIGN,,,yes,yes,inven,ok
Sunstate Energy LLC,sunstateenergy.com,T5,Commercial & Industrial Ctrs,campaign-P2,CAMPAIGN,,,yes,yes,inven,ok
Traud Electric,traud-electric.com,T5,Commercial & Industrial Ctrs,campaign-P2,CAMPAIGN,,,yes,,inven+grata,"title_filter_miss: 4 contacts, none matched owner titles"
"A J Goulder Electric, Inc.",ajgoulderelectric.com,T5,Commercial & Industrial Ctrs,campaign-P2,CAMPAIGN,,,yes,,inven,"non-owner estimator, office line only"
"ABEC Electric Company, LLC",abecelectric.com,T4,Commercial & Industrial Ctrs,campaign-P2,CAMPAIGN,,,yes,yes,inven,ok
ACME Electric Company,acmeelectriccompany.com,T4,Commercial & Industrial Ctrs,campaign-P2,CAMPAIGN,,,yes,,inven+grata,"title_filter_miss: 5 contacts, none matched owner titles"
"ALL PRO Electrical Technology, Inc.",allproelectrical.com,T4,Commercial & Industrial Ctrs,campaign-P2,CAMPAIGN,,,yes,,inven+grata,"title_filter_miss: 8 contacts, none matched owner titles"
"Acorn Electrical Specialists, INC.",acornelectrical.com,T4,Commercial & Industrial Ctrs,campaign-P2,CAMPAIGN,,,yes,,inven+grata,"title_filter_miss: 14 contacts, none matched owner titles"
All Tech Electric,alltechllc.com,T4,Commercial & Industrial Ctrs,campaign-P2,CAMPAIGN,,,yes,yes,inven,ok
Allied Control Services,alliedcontrol.com,T4,Commercial & Industrial Ctrs,campaign-P2,CAMPAIGN,,,yes,yes,inven,ok
"American Electrical Contractors, INC",aecinc.us,T4,Commercial & Industrial Ctrs,campaign-P2,CAMPAIGN,,,yes,,inven+grata,no coverage
Austgen Electric,austgen.com,T4,Commercial & Industrial Ctrs,campaign-P2,CAMPAIGN,,,yes,,inven+grata,"title_filter_miss: 7 contacts, none matched owner titles"
B & E Electric INC.,beelectricinc.com,T4,Commercial & Industrial Ctrs,campaign-P2,CAMPAIGN,,,yes,yes,inven,ok
B & H Electric INC.,bandhelectric.com,T5,Commercial & Industrial Ctrs,campaign-P2,CAMPAIGN,,,yes,,inven,"non-owner contractor, office line only"
"B.L. Smith Electric, Inc.",blsmithelectric.com,T4,Commercial & Industrial Ctrs,campaign-P2,CAMPAIGN,,,yes,yes,inven,ok
Bayou Electric,bayouelectrical.net,T4,Commercial & Industrial Ctrs,campaign-P2,CAMPAIGN,,,yes,,inven+grata,"title_filter_miss: 4 contacts, none matched owner titles"
Big Bear Electric Inc,bigbearelectric.biz,T4,Commercial & Industrial Ctrs,campaign-P2,CAMPAIGN,,,yes,,inven+grata,"title_filter_miss: 8 contacts, none matched owner titles"
"CSE Services, L.L.C.",cse-ne.com,T4,Commercial & Industrial Ctrs,campaign-P3,CAMPAIGN,,,yes,yes,inven,ok
Cates Control Systems,cates.com,T4,Commercial & Industrial Ctrs,campaign-P2,CAMPAIGN,,,yes,yes,inven,ok
Challenge Electric,challengeelectricltd.com,T4,Commercial & Industrial Ctrs,campaign-P2,CAMPAIGN,,,yes,yes,inven,ok
Conaway Electrical Service Inc.,conawayelectrical.com,T4,Commercial & Industrial Ctrs,campaign-P3,CAMPAIGN,,,yes,,inven+grata,"title_filter_miss: 32 contacts, none matched owner titles"
"Control Power Maintenance Electric, INC.",cpmelectric.com,T4,Commercial & Industrial Ctrs,campaign-P2,CAMPAIGN,,,yes,yes,inven,non-owner administrator
Control Systems Integration LLC,eecsi.com,T4,Commercial & Industrial Ctrs,campaign-P2,CAMPAIGN,,,yes,yes,inven,ok
Correct Electric Inc Houston,correctinc.com,T4,Commercial & Industrial Ctrs,campaign-P2,CAMPAIGN,,,yes,yes,inven,ok
D&S Electric Group Inc,dselectric.us,T5,Commercial & Industrial Ctrs,campaign-Nurture,CAMPAIGN,,,yes,,inven+grata,"title_filter_miss: 3 contacts, none matched owner titles"
"DNESCO Electric, Inc.",dnesco.com,T4,Commercial & Industrial Ctrs,campaign-P2,CAMPAIGN,,,yes,yes,inven,ok
"DanCar Industrial Group, Inc.",dancargroup.com,T4,Commercial & Industrial Ctrs,campaign-P3,CAMPAIGN,,,yes,yes,inven,ok
Dean Brothers Inc,deanbrothersinc.com,T4,Commercial & Industrial Ctrs,campaign-P2,CAMPAIGN,,,yes,,inven+grata,"title_filter_miss: 5 contacts, none matched owner titles"
"Diamond Industrial Group, LLC",diamondindustrialgroup.com,T4,Commercial & Industrial Ctrs,campaign-P2,CAMPAIGN,,,yes,yes,inven,ok
Dixon Electrical Systems & Contracting Inc.,dixonelectrical.com,T4,Commercial & Industrial Ctrs,campaign-P2,CAMPAIGN,,,,,inven,"title_filter_miss: 8 contacts, none matched owner titles"
"Doyle Electric, Inc.",doyleelectricinc.com,T5,Commercial & Industrial Ctrs,campaign-P3,CAMPAIGN,,,yes,yes,inven,ok
Electrical Systems Inc.,electricalsystemsinc.net,T4,Commercial & Industrial Ctrs,campaign-P2,CAMPAIGN,,,yes,yes,inven,ok
"Electrical Techniques, Inc.",electricaltechniques.com,T4,Commercial & Industrial Ctrs,campaign-P3,CAMPAIGN,,,yes,,inven+grata,"title_filter_miss: 4 contacts, none matched owner titles"
"Electrical Work, Inc.",electrical-work.com,T4,Commercial & Industrial Ctrs,campaign-P2,CAMPAIGN,,,yes,yes,inven,ok
"Electro Design Engineering, Inc.",edeusa.com,T4,Commercial & Industrial Ctrs,campaign-P3,CAMPAIGN,,,yes,yes,inven+grata,"owner found, no verified emails"
"Facilico, Inc.",facilico.com,T5,Commercial & Industrial Ctrs,campaign-P2,CAMPAIGN,,,yes,yes,inven,ok
Feed Yard Industrial Solutions,fyi.solutions,T4,Commercial & Industrial Ctrs,campaign-P2,CAMPAIGN,,,yes,,inven+grata,"title_filter_miss: 8 contacts, none matched owner titles"
Flemington Instrument Co,flemingtoninstrument.com,T4,Commercial & Industrial Ctrs,campaign-P2,CAMPAIGN,,,yes,yes,inven,non-owner service manager
Fullford Electric Inc,fullfordelectric.com,T4,Commercial & Industrial Ctrs,campaign-P3,CAMPAIGN,,,yes,yes,inven,ok
Gilmore Electric,gilmoreelectric.com,T4,Commercial & Industrial Ctrs,campaign-P2,CAMPAIGN,,,yes,,inven+grata,no verified data
Graphic Electric Inc,graphicelectric.org,T4,Commercial & Industrial Ctrs,campaign-P2,CAMPAIGN,,,yes,yes,inven,ok
Greenway Electric,greenwayelectric.com,T4,Commercial & Industrial Ctrs,campaign-P2,CAMPAIGN,,,yes,,inven+grata,"title_filter_miss: 3 contacts, none matched owner titles"
Gulf Electric Co Inc,gulfelec.com,T4,Commercial & Industrial Ctrs,campaign-P3,CAMPAIGN,,,yes,,inven+grata,"non-owner foreman, office line only"
"I.C.E. Contractors, Inc.",icecontractors.net,T4,Commercial & Industrial Ctrs,campaign-P2,CAMPAIGN,,,yes,yes,inven,ok
"Impax Automation, LLC",impaxautomation.com,T4,Commercial & Industrial Ctrs,campaign-P3,CAMPAIGN,,,yes,,inven,ok
Intermountain Electrical Contractors,iecelko.com,T4,Commercial & Industrial Ctrs,campaign-Nurture,CAMPAIGN,,,yes,,inven+grata,no coverage
"KM Kelly, Inc",kmkellyinc.com,T4,Commercial & Industrial Ctrs,campaign-P3,CAMPAIGN,,,yes,,inven+grata,"title_filter_miss: 6 contacts, none matched owner titles"
"Kansas Electric, Inc",kansaselectric.com,T4,Commercial & Industrial Ctrs,campaign-P2,CAMPAIGN,,,yes,yes,inven,ok
Klein Automation & Electric Inc.,kleinae.com,T4,Commercial & Industrial Ctrs,campaign-P3,CAMPAIGN,,,yes,yes,inven,ok
Knight Electric,knightelectrical.com,T5,Commercial & Industrial Ctrs,campaign-P2,CAMPAIGN,,,yes,yes,inven,ok
"Leed Electric, INC.",leedelectric.com,T4,Commercial & Industrial Ctrs,campaign-P2,CAMPAIGN,,,yes,yes,inven,ok
Lighthouse Electrical,lighthouseelec.com,T4,Commercial & Industrial Ctrs,campaign-P2,CAMPAIGN,,,yes,,inven+grata,"Liberia location, no verified emails, office line only"
Lpm Electric,lpmelectric.com,T5,Commercial & Industrial Ctrs,campaign-P3,CAMPAIGN,,,yes,,inven+grata,"title_filter_miss: 3 contacts, none matched owner titles"
MSI Construction Co,msiconst.com,T4,Commercial & Industrial Ctrs,campaign-P3,CAMPAIGN,,,yes,,inven+grata,"title_filter_miss: 16 contacts, none matched owner titles"
"Merit Electrical, INC.",meritelectrical.com,T4,Commercial & Industrial Ctrs,campaign-P3,CAMPAIGN,,,yes,yes,inven,ok
"Muth Electric, Inc.",muthelectric.com,T4,Commercial & Industrial Ctrs,campaign-P3,CAMPAIGN,,,yes,yes,inven,ok
Nelson & Sons Electric,nelsonselectric.com,T4,Commercial & Industrial Ctrs,campaign-P3,CAMPAIGN,,,yes,yes,inven,ok
Ordes Electric Inc,ordeselectric.com,T4,Commercial & Industrial Ctrs,campaign-P2,CAMPAIGN,,,yes,,inven+grata,"title_filter_miss: 6 contacts, none matched owner titles"
Pacific Quality Controls Inc,pqci.net,T4,Commercial & Industrial Ctrs,campaign-P2,CAMPAIGN,,,yes,yes,inven,ok
Peak Industries LLC,peak-ind.com,T4,Commercial & Industrial Ctrs,campaign-P3,CAMPAIGN,,,yes,yes,inven,ok
Phillips Electrical / Mechanical,phillipselectrical.com,T4,Commercial & Industrial Ctrs,campaign-P3,CAMPAIGN,,,yes,yes,inven,ok
Preferred Electrical,preferredelectrical.com,T4,Commercial & Industrial Ctrs,campaign-P3,CAMPAIGN,,,yes,,inven+grata,"title_filter_miss: 11 contacts, none matched owner titles"
"Prime Electrical Services, Inc.",primeelectrical.net,T4,Commercial & Industrial Ctrs,campaign-P2,CAMPAIGN,,,yes,,inven+grata,no verified emails; person name not resolved
"Prizm Electrical Solutions, Inc",prizmelectrical.com,T4,Commercial & Industrial Ctrs,campaign-P2,CAMPAIGN,,,yes,yes,inven,ok
"Pro-Lectric Industrial Contractors, INC",prolectric.com,T4,Commercial & Industrial Ctrs,campaign-P2,CAMPAIGN,,,yes,,inven+grata,"title_filter_miss: 2 contacts, none matched owner titles"
R/S Electric Corp.,rselectriccorp.com,T4,Commercial & Industrial Ctrs,campaign-P2,CAMPAIGN,,,yes,yes,inven,title says Retired - verify current role
Ridgeline Electrical Industries,ridgelineei.com,T5,Commercial & Industrial Ctrs,campaign-P2,CAMPAIGN,,,yes,,inven,office line only
Rudy L. Hawkins Electrical,rudylhawkinselectrical.com,T4,Commercial & Industrial Ctrs,campaign-P3,CAMPAIGN,,,yes,yes,inven,non-owner title returned (Project Manager)
"SW Electric, LLC",swetexas.com,T5,Commercial & Industrial Ctrs,campaign-P2,CAMPAIGN,,,yes,yes,inven,ok
"Schaffhouser Electric Company, LLC.",schaffhouser.com,T4,Commercial & Industrial Ctrs,campaign-P2,CAMPAIGN,,,yes,yes,inven,ok
Schemm Electric Co,schemmelectric.com,T4,Commercial & Industrial Ctrs,campaign-P3,CAMPAIGN,,,yes,yes,inven,ok
"Shenandoah Electrical Services, Inc.",sesiec.com,T4,Commercial & Industrial Ctrs,campaign-P2,CAMPAIGN,,,yes,yes,inven,ok
Smart Electric Company Inc,smartelectriccompanyinc.com,T4,Commercial & Industrial Ctrs,campaign-P3,CAMPAIGN,,,yes,yes,inven,ok
Southern Contracting Company,southerncontracting.com,T4,Commercial & Industrial Ctrs,campaign-P2,CAMPAIGN,,,yes,,inven+grata,no title match (2 contacts at domain)
"Summit Electrical Contractors, Inc",summitelectrical.com,T4,Commercial & Industrial Ctrs,campaign-P2,CAMPAIGN,,,yes,yes,inven,ok
Telstar Instruments,telstarinc.com,T4,Commercial & Industrial Ctrs,campaign-P2,CAMPAIGN,,,yes,yes,inven,non-owner title returned (Project Manager)
Texan Electric Co Inc,texanelectric.com,T4,Commercial & Industrial Ctrs,campaign-P2,CAMPAIGN,,,yes,,inven+grata,no owner-title match
Tomco Electric Inc,tomcoelectric.com,T5,Commercial & Industrial Ctrs,campaign-P3,CAMPAIGN,,,yes,,inven+grata,no title match (12 contacts at domain)
Triad Power and Controls,triadpowerandcontrols.com,T4,Commercial & Industrial Ctrs,campaign-P3,CAMPAIGN,,,yes,yes,inven,ok
"Triune Electric, Inc.",triunenc.com,T4,Commercial & Industrial Ctrs,campaign-P2,CAMPAIGN,,,yes,yes,inven,non-owner title returned (Shop Manager)
"Universal Electrical Service, Inc.",universalelectrical.com,T4,Commercial & Industrial Ctrs,campaign-P2,CAMPAIGN,,,yes,yes,inven,ok
"Vanguard Electrical Services, LLC",vesdfw.com,T5,Commercial & Industrial Ctrs,campaign-P2,CAMPAIGN,,,yes,yes,inven,ok
Tls Electric,tlselectric.com,T4,Commercial & Industrial Ctrs,campaign-P2,CAMPAIGN,,,yes,,inven,no phone; contact located UK - possible wrong match
"A-1 Electrical Contractors, Inc.",a1eleco.com,T5,Commercial & Industrial Ctrs,campaign-P2,CAMPAIGN,,,yes,yes,inven,ok
Aireko Energy Group,airekoenergygroup.com,T5,Commercial & Industrial Ctrs,campaign-P2,CAMPAIGN,,,yes,,inven+grata,"title_filter_miss: 12 contacts, none matched owner titles"
Akron Electric Company Inc,akronelectric.net,T5,Commercial & Industrial Ctrs,campaign-P2,CAMPAIGN,,,yes,,inven+grata,no coverage
American System Controls & Integration Inc.,americanscii.com,T4,Commercial & Industrial Ctrs,campaign-P2,CAMPAIGN,,,yes,yes,inven,ok
"Amprite Electric Company, Inc.",aeelectricservice.com,T5,Commercial & Industrial Ctrs,campaign-P2,CAMPAIGN,,,yes,,inven+grata,"title_filter_miss: 1 contacts, none matched owner titles"
"Bixby Electric, Inc.",bixbyelectric.com,T4,Commercial & Industrial Ctrs,campaign-P2,CAMPAIGN,,,yes,yes,inven,ok
"Bonus Electric Co., LLC",bonuselectric.com,T5,Commercial & Industrial Ctrs,campaign-P2,CAMPAIGN,,,yes,,inven,office line only
"Cal's Electrical Service, Inc.",calselectric.com,T4,Commercial & Industrial Ctrs,campaign-Nurture,CAMPAIGN,,,yes,,inven+grata,no owner-title match
Canyon State Electric,canyonstateelectric.com,T5,Commercial & Industrial Ctrs,campaign-P2,CAMPAIGN,,,yes,yes,inven,ok
Diamond Bar Electric,diamondbarelectric.com,T4,Commercial & Industrial Ctrs,campaign-P2,CAMPAIGN,,,yes,,inven+grata,"title_filter_miss: 17 contacts, none matched owner titles"
Elliott Electric Inc.,elliottelectric.net,T5,Commercial & Industrial Ctrs,campaign-P2,CAMPAIGN,,,yes,,inven+grata,"title_filter_miss: 1 contacts, none matched owner titles"
"Enertech Electrical, Inc.",enertechelectrical.com,T5,Commercial & Industrial Ctrs,campaign-P2,CAMPAIGN,,,yes,,inven,ok
Evolved Lighting Solutions,evolvedle.com,T5,Commercial & Industrial Ctrs,campaign-P2,CAMPAIGN,,,yes,yes,inven,ok
Five Star Electric,fivestarelectric.org,T5,Commercial & Industrial Ctrs,campaign-P2,CAMPAIGN,,,yes,,inven+grata,no coverage
Hertzler Electric,hertzlerelectric.com,T4,Commercial & Industrial Ctrs,campaign-P2,CAMPAIGN,,,yes,,inven+grata,"title_filter_miss: 5 contacts, none matched owner titles"
Innovated Energy Controls,innovatedenergycontrols.com,T5,Commercial & Industrial Ctrs,campaign-P2,CAMPAIGN,,,yes,,inven+grata,"title_filter_miss: 3 contacts, none matched owner titles"
JM Electrical Company Inc,jmelectrical.com,T5,Commercial & Industrial Ctrs,campaign-P2,CAMPAIGN,,,yes,yes,inven,ok
Jake S Electric,jakeselectric.net,T4,Commercial & Industrial Ctrs,campaign-P2,CAMPAIGN,,,yes,,inven+grata,no coverage
Jdgaddis Electrical Contractors Inc,jdgaddiselectric.com,T5,Commercial & Industrial Ctrs,campaign-Nurture,CAMPAIGN,,,,,inven,no provider coverage
Junction One Technologies,junctionone.com,T4,Commercial & Industrial Ctrs,campaign-P2,CAMPAIGN,,,yes,,inven+grata,no title match
"Kevco Electrical Construction, Inc.",kevcoelectrical.com,T5,Commercial & Industrial Ctrs,campaign-P2,CAMPAIGN,,,yes,,inven+grata,"title_filter_miss: 8 contacts, none matched owner titles"
Melvin Electric,melvinelectric.com,T5,Commercial & Industrial Ctrs,campaign-P2,CAMPAIGN,,,yes,,inven+grata,"title_filter_miss: 4 contacts, none matched owner titles"
Mid-South Electric Contractors,mid-southelectric.net,T5,Commercial & Industrial Ctrs,campaign-P2,CAMPAIGN,,,yes,yes,inven,ok
National E Solutions,nationalesolutions.com,T5,Commercial & Industrial Ctrs,campaign-P2,CAMPAIGN,,,yes,yes,inven,ok
P&D Electric Inc.,pdelectricinc.com,T4,Commercial & Industrial Ctrs,campaign-P2,CAMPAIGN,,,yes,yes,inven,ok
PowerTek LLC,powertekllc.com,T4,Commercial & Industrial Ctrs,campaign-Nurture,CAMPAIGN,,,yes,,inven+grata,office line only; not owner-level title
R L Wiley Electrical Contractors Inc,rlwiley.com,T5,Commercial & Industrial Ctrs,campaign-P2,CAMPAIGN,,,yes,,inven+grata,no provider coverage
SKF Electrical Corp.,skfelectric.com,T5,Commercial & Industrial Ctrs,campaign-P2,CAMPAIGN,,,yes,yes,inven,ok
Service Electric of Michigan,seomofmi.com,T4,Commercial & Industrial Ctrs,campaign-P2,CAMPAIGN,,,yes,,inven+grata,no provider coverage
"Shoreline Power Services, Inc.",shorelinepowerservices.com,T4,Commercial & Industrial Ctrs,campaign-P2,CAMPAIGN,,,yes,yes,inven,ok
"Spectra Electrical Services, Inc.",spectra-electrical.com,T5,Commercial & Industrial Ctrs,campaign-P2,CAMPAIGN,,,yes,yes,inven,ok
Tommy Wallace Electrical Inc,twallaceinc.com,T5,Commercial & Industrial Ctrs,campaign-P2,CAMPAIGN,,,yes,,inven+grata,"title_filter_miss: 3 contacts, none matched owner titles"
"United Electric Company, Inc.",ueco.com,T5,Commercial & Industrial Ctrs,campaign-P2,CAMPAIGN,,,yes,,inven+grata,"title_filter_miss: 9 contacts, none matched owner titles"
"Vasko Electric, Inc.",vasko.com,T5,Commercial & Industrial Ctrs,campaign-P2,CAMPAIGN,,,yes,yes,inven,ok
Westside Electric,westside-electric.com,T4,Commercial & Industrial Ctrs,campaign-P2,CAMPAIGN,,,yes,,inven+grata,no coverage
Windemuller Technical Services,windemuller.com,T5,Commercial & Industrial Ctrs,campaign-P2,CAMPAIGN,,,yes,,inven+grata,no owner-title match
"5 Star Engineering and Maintenance, LLC",5starengineering.com,T4,Commercial & Industrial Ctrs,campaign-P2,CAMPAIGN,,,yes,,inven+grata,no title match (8 contacts at domain)
"A&W Electric, Inc.",aandwelectric.com,T4,Commercial & Industrial Ctrs,campaign-P2,CAMPAIGN,,,yes,yes,inven,ok
Access Electric,accesstopower.com,T4,Commercial & Industrial Ctrs,campaign-P2,CAMPAIGN,,,yes,,inven+grata,no title match
"Action Electrical Contractors, Inc.",actionelectricalcontractors.com,T5,Commercial & Industrial Ctrs,campaign-P3,CAMPAIGN,,,yes,,inven,office line only
Advanced Electrical Solutions,advancedelectricalsolutions.com,T5,Commercial & Industrial Ctrs,campaign-P2,CAMPAIGN,,,yes,,inven,ok
Aetna Corp.,aetnacorp.com,T5,Commercial & Industrial Ctrs,campaign-P2,CAMPAIGN,,,yes,yes,inven,ok
"All Industrial Electric, Inc.",allindustrialelectric.com,T5,Commercial & Industrial Ctrs,campaign-P3,CAMPAIGN,,,yes,yes,inven,non-owner title returned (Vice President)
All-State Electrical,allstateelec.com,T5,Commercial & Industrial Ctrs,campaign-P3,CAMPAIGN,,,yes,yes,inven,ok
"Allen Yoho Electrical, Inc.",aye-inc.com,T5,Commercial & Industrial Ctrs,campaign-P2,CAMPAIGN,,,yes,yes,inven,no verified email
Alman Electric Inc,almanelec.com,T5,Commercial & Industrial Ctrs,campaign-P3,CAMPAIGN,,,yes,,inven+grata,"no owner-title match (8 contacts on file, none titled)"
AmWest Control Inc.,amwestcontrol.com,T4,Commercial & Industrial Ctrs,campaign-P2,CAMPAIGN,,,yes,yes,inven,ok
"Amber Electrical Contractors, Inc.",amberelectrical.com,T5,Commercial & Industrial Ctrs,campaign-P2,CAMPAIGN,,,yes,yes,inven,ok
"American Energy Services, LLC",aeservices.us,T5,Commercial & Industrial Ctrs,campaign-P3,CAMPAIGN,,,yes,yes,inven,not owner-level title (VP Sales)
"Amptek, Inc.",amptekcontractors.com,T4,Commercial & Industrial Ctrs,campaign-P2,CAMPAIGN,,,yes,yes,inven,ok
"Andrew-Jordan Industrial, LLC",ajielectric.com,T4,Commercial & Industrial Ctrs,campaign-P2,CAMPAIGN,,,yes,yes,inven,ok
Angiel Electrical Construction,angielecc.com,T5,Commercial & Industrial Ctrs,campaign-P2,CAMPAIGN,,,yes,yes,inven,ok
Atlas/Pellizzari Electric,atlas-pellizzari.com,T5,Commercial & Industrial Ctrs,campaign-P2,CAMPAIGN,,,yes,,inven,ok
Averill Electric,averillelectric.com,T5,Commercial & Industrial Ctrs,campaign-P2,CAMPAIGN,,,yes,,inven+grata,"no owner-title match (8 contacts on file, none titled)"
"BESCO Building Electrical Systems, Inc.",bescoelec.com,T5,Commercial & Industrial Ctrs,campaign-P2,CAMPAIGN,,,yes,,inven+grata,no title match
Banta,bantaelectric.com,T5,Commercial & Industrial Ctrs,campaign-P3,CAMPAIGN,,,yes,yes,inven,ok
"Barth Electric Company, Inc.",barthelectric.com,T5,Commercial & Industrial Ctrs,campaign-P3,CAMPAIGN,,,yes,,inven+grata,no title match (23 contacts at domain)
Baxter Electric,baxterelectricllc.com,T5,Commercial & Industrial Ctrs,campaign-P2,CAMPAIGN,,,yes,yes,inven,ok
Bennett Electrical Contractor,bennettelectric.com,T5,Commercial & Industrial Ctrs,campaign-P2,CAMPAIGN,,,yes,,inven+grata,no title match
Besco Electrical,bescoelectrical.com,T5,Commercial & Industrial Ctrs,campaign-P2,CAMPAIGN,,,yes,,inven+grata,no owner-title match
Bitting Electric Inc,bittingelectric.com,T5,Commercial & Industrial Ctrs,campaign-P2,CAMPAIGN,,,yes,,inven,no phone
Bolt Electric,bolt-electric.com,T5,Commercial & Industrial Ctrs,campaign-P2,CAMPAIGN,,,yes,yes,inven,ok
"Brad's Electric, Inc.",bei-sc.com,T5,Commercial & Industrial Ctrs,campaign-P2,CAMPAIGN,,,yes,,inven+grata,no title match
"Bridgefield Electrical Services, Inc.",bridgefieldelectric.com,T4,Commercial & Industrial Ctrs,campaign-P2,CAMPAIGN,,,yes,,inven+grata,no owner-title match
CLI Services,coloradolighting.com,T5,Commercial & Industrial Ctrs,campaign-P2,CAMPAIGN,,,yes,yes,inven,ok
CSE Electric,csetx.com,T5,Commercial & Industrial Ctrs,campaign-P2,CAMPAIGN,,,yes,yes,inven,ok
Carmel Electric Co,carmelelectric.com,T5,Commercial & Industrial Ctrs,campaign-P2,CAMPAIGN,,,yes,,inven+grata,no title match
"Centerline Electric, INC.",centerline-electric.com,T5,Commercial & Industrial Ctrs,campaign-P2,CAMPAIGN,,,yes,,inven+grata,no owner-title match
Central State Construction,centralstateco.com,T5,Commercial & Industrial Ctrs,campaign-P2,CAMPAIGN,,,yes,,inven+grata,no title match (2 contacts at domain)
Cf Mcdonald Electric,mcdonaldinc.com,T5,Commercial & Industrial Ctrs,campaign-P2,CAMPAIGN,,,yes,,inven+grata,"no owner-title match (1 contact on file, not titled)"
Current Electrical Services,currentelectricalservices.com,T5,Commercial & Industrial Ctrs,campaign-P2,CAMPAIGN,,,yes,yes,inven,ok
Daniels Electric,danielselectric.com,T5,Commercial & Industrial Ctrs,campaign-P2,CAMPAIGN,,,yes,yes,inven,ok
DiVi Energy,divienergy.com,T5,Commercial & Industrial Ctrs,campaign-P3,CAMPAIGN,,,yes,yes,inven,ok
"E. F. Belk & Son, Inc.",efbelkelectric.com,T5,Commercial & Industrial Ctrs,campaign-P2,CAMPAIGN,,,yes,,inven+grata,no owner-title match (3 contacts on file)
E. G. Middleton Inc.,egmiddleton.com,T4,Commercial & Industrial Ctrs,campaign-P3,CAMPAIGN,,,yes,,inven+grata,no title match
Electrex Industrial Solutions,electrexindustrial.com,T4,Commercial & Industrial Ctrs,campaign-P2,CAMPAIGN,,,yes,yes,inven,ok
Electric Innovations Inc.,electricinnovations.com,T4,Commercial & Industrial Ctrs,campaign-P3,CAMPAIGN,,,yes,,inven+grata,no provider coverage
"Electrical Service Professionals, Inc",espohio.com,T5,Commercial & Industrial Ctrs,campaign-P2,CAMPAIGN,,,yes,,inven+grata,no provider coverage
Elite Elctrical Contractors INC,eliteelectrical.net,T5,Commercial & Industrial Ctrs,campaign-P2,CAMPAIGN,,,,,inven,no title match
"Empower Electric, LLC",empower-electric.com,T5,Commercial & Industrial Ctrs,campaign-P2,CAMPAIGN,,,yes,yes,inven,ok
"Engineered Software Products, Inc.",espatl.com,T4,Commercial & Industrial Ctrs,campaign-Nurture,CAMPAIGN,,,,,inven,no title match (5 contacts at domain)
FCPS Electric,fcps-electric.com,T4,Commercial & Industrial Ctrs,campaign-P2,CAMPAIGN,,,yes,yes,inven,ok
Florida Industrial Electric,fie-inc.com,T5,Commercial & Industrial Ctrs,campaign-P2,CAMPAIGN,,,yes,,inven,office line only; non-owner title (Division Manager)
Garba Industrial Service,garbaindustrial.com,T4,Commercial & Industrial Ctrs,campaign-P2,CAMPAIGN,,,yes,yes,inven,ok
Gemini Electric Company Inc.,geminielectric.net,T5,Commercial & Industrial Ctrs,campaign-P2,CAMPAIGN,,,yes,,inven+grata,no title match (11 contacts at domain)
Glenelg Construction,glenelgconstruction.com,T4,Commercial & Industrial Ctrs,campaign-P2,CAMPAIGN,,,yes,,inven+grata,no owner-title match (4 contacts on file)
"Globus Electric, Inc",globuselectric.com,T5,Commercial & Industrial Ctrs,campaign-Nurture,CAMPAIGN,,,yes,yes,inven,ok
"Goforth Electric, Inc.",goforthelectric.com,T5,Commercial & Industrial Ctrs,campaign-P2,CAMPAIGN,,,yes,yes,inven,ok
Groves Electrical Svc Inc,groveselectric.com,T5,Commercial & Industrial Ctrs,campaign-P2,CAMPAIGN,,,yes,,inven+grata,no title match (9 contacts at domain)
Gumpher Inc.,gumpherinc.com,T5,Commercial & Industrial Ctrs,campaign-P2,CAMPAIGN,,,yes,yes,inven,ok
"Harcrow Electric, LLC",harcrowelectric.com,T4,Commercial & Industrial Ctrs,campaign-P2,CAMPAIGN,,,yes,yes,inven,non-owner title returned (Contractor)
Helios Electric,helioselectric.net,T4,Commercial & Industrial Ctrs,campaign-P3,CAMPAIGN,,,yes,yes,inven,ok
Henderson Services LLC,henderson-services.com,T4,Commercial & Industrial Ctrs,campaign-P2,CAMPAIGN,,,yes,yes,inven,ok
Herndon Electric,herndonelectric.net,T5,Commercial & Industrial Ctrs,campaign-P2,CAMPAIGN,,,yes,,inven+grata,no provider coverage
Hey Electric,heyelectric.com,T4,Commercial & Industrial Ctrs,campaign-P2,CAMPAIGN,,,yes,,inven+grata,no title match
Hickey Electric Incorporated,hickeyelectricinc.com,T5,Commercial & Industrial Ctrs,campaign-P3,CAMPAIGN,,,yes,yes,inven,ok
Horizon Lighting Inc.,horizonlightinginc.com,T5,Commercial & Industrial Ctrs,campaign-P3,CAMPAIGN,,,yes,yes,inven,ok
IS International,is-international.com,T4,Commercial & Industrial Ctrs,campaign-P2,CAMPAIGN,,,yes,yes,inven,ok
Industrial Controls Group,icgroup-ca.com,T4,Commercial & Industrial Ctrs,campaign-P2,CAMPAIGN,,,yes,yes,inven,ok
Industrial Maintenance Solutions,imsnation.com,T4,Commercial & Industrial Ctrs,campaign-P2,CAMPAIGN,,,yes,yes,inven,ok
J C Driskill Inc,jcdriskill.com,T5,Commercial & Industrial Ctrs,campaign-P2,CAMPAIGN,,,,,inven,no title match (3 contacts at domain)
Jack Hornsby Electric,jackhornsbyelectric.com,T5,Commercial & Industrial Ctrs,campaign-Nurture,CAMPAIGN,,,yes,,inven+grata,no owner-title match (2 contacts on file)
James F Volpe Electrical Contg,jamesfvolpe.com,T5,Commercial & Industrial Ctrs,campaign-P2,CAMPAIGN,,,yes,yes,inven,ok
Joyce Electrical Inc,joyceelectrical.com,T5,Commercial & Industrial Ctrs,campaign-P2,CAMPAIGN,,,yes,,inven+grata,no owner-title match
Kanta Electric Corp.,kantaelectric.com,T5,Commercial & Industrial Ctrs,campaign-P3,CAMPAIGN,,,yes,yes,inven,ok
Kent Electric,kentelectricinc.com,T5,Commercial & Industrial Ctrs,campaign-P2,CAMPAIGN,,,yes,,inven+grata,no owner-title match (2 contacts on file)
Kimbrell Electric,kimbrellelectricaz.com,T5,Commercial & Industrial Ctrs,campaign-P3,CAMPAIGN,,,yes,,inven+grata,no provider coverage
Laibe Electric/Technology,laibe.com,T5,Commercial & Industrial Ctrs,campaign-P2,CAMPAIGN,,,yes,yes,inven,ok
Landmark Electric Inc,landmarkelectricinc.com,T5,Commercial & Industrial Ctrs,campaign-P2,CAMPAIGN,,,yes,yes,inven,no verified email
Lc Electric Inc,lcelectricinc.com,T5,Commercial & Industrial Ctrs,campaign-P2,CAMPAIGN,,,yes,,inven,office line only; non-owner title (VP Ops)
"Lea Electric, L.L.C.",leaelectric.com,T5,Commercial & Industrial Ctrs,campaign-P2,CAMPAIGN,,,yes,yes,inven,ok
Linear Electric INC,linearelec.com,T5,Commercial & Industrial Ctrs,campaign-P2,CAMPAIGN,,,yes,,inven+grata,no owner-title match
LogicLamp,logiclamp.com,T5,Commercial & Industrial Ctrs,campaign-Nurture,CAMPAIGN,,,yes,yes,inven,ok
Longchamps Electric,longchampselectric.com,T5,Commercial & Industrial Ctrs,campaign-P2,CAMPAIGN,,,yes,yes,inven,non-owner title (VP)
Lynco Electric Co. Inc.,lyncoelectric.net,T5,Commercial & Industrial Ctrs,campaign-P3,CAMPAIGN,,,yes,,inven+grata,no provider coverage
MCR Oil and Gas,mcroilandgas.com,T4,Commercial & Industrial Ctrs,campaign-P3,CAMPAIGN,,,yes,,inven+grata,office line only
"MacLean-Riggins, Inc.",macleanriggins.com,T5,Commercial & Industrial Ctrs,campaign-P3,CAMPAIGN,,,yes,yes,inven,ok
"Maddox Electric Company, LLC",mecofl.com,T5,Commercial & Industrial Ctrs,campaign-P2,CAMPAIGN,,,yes,yes,inven,non-owner title (VP)
Master Rig International,masterrig.com,T4,Commercial & Industrial Ctrs,campaign-P2,CAMPAIGN,,,yes,yes,inven,ok
Mb Electric Inc,mbelectricians.com,T5,Commercial & Industrial Ctrs,campaign-P3,CAMPAIGN,,,,,inven,no coverage
Mid-America Services,midamserv.com,T4,Commercial & Industrial Ctrs,campaign-P2,CAMPAIGN,,,yes,yes,inven,ok
"MidStates Energy Co, LLC",msenergy.com,T4,Commercial & Industrial Ctrs,campaign-P2,CAMPAIGN,,,yes,yes,inven,ok
Mojave Electric,mojaveelectric.com,T5,Commercial & Industrial Ctrs,campaign-P2,CAMPAIGN,,,yes,yes,inven,non-owner title returned (General Foreman)
Moody's Electric,moodyselectricinc.godaddysites.com,T4,Commercial & Industrial Ctrs,campaign-P2,CAMPAIGN,,,,,inven,"bad match - returned a GoDaddy employee, site is a godaddysites.com subdomain"
Native Sons LTD.,nativesons.org,T5,Commercial & Industrial Ctrs,campaign-P3,CAMPAIGN,,,yes,,inven+grata,no title match (2 contacts at domain)
Neo Electrical Solutions,neoelectrical.com,T5,Commercial & Industrial Ctrs,campaign-P2,CAMPAIGN,,,yes,,inven,office line only; non-owner title (VP)
"North Cob Electrical Services, Inc",ncobbelectrical.com,T5,Commercial & Industrial Ctrs,campaign-P2,CAMPAIGN,,,yes,,inven+grata,no provider coverage
Olympic Electric,olympicelectric.net,T5,Commercial & Industrial Ctrs,campaign-P2,CAMPAIGN,,,yes,,inven+grata,no owner-title match
P.S. Services,psserv.com,T5,Commercial & Industrial Ctrs,campaign-P2,CAMPAIGN,,,yes,yes,inven,ok
"Palman Electric, Inc.",palmanelectric.com,T5,Commercial & Industrial Ctrs,campaign-P3,CAMPAIGN,,,yes,,inven+grata,no owner-title match (8 contacts on file)
Palos Electric Co,paloselectric.com,T5,Commercial & Industrial Ctrs,campaign-P2,CAMPAIGN,,,yes,yes,inven,non-owner title returned (Director of Operations)
Paulson Electric Inc.,paulsonelectric.com,T5,Commercial & Industrial Ctrs,campaign-P2,CAMPAIGN,,,yes,yes,inven,ok
Performance Electrical,performanceelectricalllc.com,T5,Commercial & Industrial Ctrs,campaign-P2,CAMPAIGN,,,yes,,inven,office line only; not owner-level title
"Pevarnik Bros., INC.",pevarnik.com,T5,Commercial & Industrial Ctrs,campaign-P2,CAMPAIGN,,,yes,yes,inven,non-owner title (project manager)
"Pfeiffer Electric Company, Inc",pfeifferelectric.com,T5,Commercial & Industrial Ctrs,campaign-P3,CAMPAIGN,,,yes,,inven+grata,no title match
"Post Electric, Inc.",postelectric.net,T5,Commercial & Industrial Ctrs,campaign-Nurture,CAMPAIGN,,,yes,yes,inven,ok
Precision Electric Inc. Las Vegas,pei-electric.com,T5,Commercial & Industrial Ctrs,campaign-P2,CAMPAIGN,,,yes,yes,inven,not owner-level title (VP)
Pylman Power Inc,pylmanpower.com,T4,Commercial & Industrial Ctrs,campaign-P2,CAMPAIGN,,,,,inven,no owner-title match (2 contacts on file)
RCD Inc. Electrical Services,rcdelectric.com,T5,Commercial & Industrial Ctrs,campaign-P3,CAMPAIGN,,,yes,,inven,office line only; no verified email
RMS Electric,surge11.com,T5,Commercial & Industrial Ctrs,campaign-Nurture,CAMPAIGN,,,yes,,inven+grata,no owner-title match
"RMS Electrical Services, Inc.",rmselectricalinc.com,T5,Commercial & Industrial Ctrs,campaign-P2,CAMPAIGN,,,yes,,inven+grata,no title match (5 contacts at domain)
Radec Corp,radec.com,T5,Commercial & Industrial Ctrs,campaign-P2,CAMPAIGN,,,yes,yes,inven,non-owner title (field manager)
Ratliff Electric Co,ratliffelectric.com,T4,Commercial & Industrial Ctrs,campaign-P2,CAMPAIGN,,,yes,,inven+grata,no title match
"Riley Electric Company, INC.",rileyelectricco.com,T4,Commercial & Industrial Ctrs,campaign-P3,CAMPAIGN,,,yes,,inven+grata,no owner-title match
Rodick Electrical Services Corp.,rodickelectric.com,T5,Commercial & Industrial Ctrs,campaign-P2,CAMPAIGN,,,yes,,inven+grata,no title match (7 contacts at domain)
"S-Con Services, Inc.",sconservices.com,T4,Commercial & Industrial Ctrs,campaign-P2,CAMPAIGN,,,yes,yes,inven,non-owner title (manager)
Sawyer Services,sawyer-services.com,T5,Commercial & Industrial Ctrs,campaign-P2,CAMPAIGN,,,yes,,inven+grata,no title match
Servitech Inc.,servitechinc.com,T5,Commercial & Industrial Ctrs,campaign-P3,CAMPAIGN,,,yes,,inven+grata,no owner-title match
Skiles Electric,skileselectric.com,T5,Commercial & Industrial Ctrs,campaign-P2,CAMPAIGN,,,yes,,inven+grata,no title match (1 contact at domain)
"Specialized Automation Services, LLC",sas-llc.net,T4,Commercial & Industrial Ctrs,campaign-P2,CAMPAIGN,,,yes,yes,inven,non-owner title (division manager)
Striano Electric CO INC,strianoelectric.com,T5,Commercial & Industrial Ctrs,campaign-P2,CAMPAIGN,,,yes,yes,inven,non-owner title returned (Project Manager)
Sun Electric,sunelectricnd.com,T4,Commercial & Industrial Ctrs,campaign-P3,CAMPAIGN,,,yes,,inven+grata,no coverage
Systems Electrical Services Inc.,systemselectricalservices.com,T5,Commercial & Industrial Ctrs,campaign-P2,CAMPAIGN,,,yes,,inven+grata,no title match (1 contact at domain)
"TCL Electrical & Lighting, Inc.",tclelectric.com,T5,Commercial & Industrial Ctrs,campaign-P2,CAMPAIGN,,,yes,,inven+grata,no owner-title match (12 contacts on file)
TEC Electric,tec-electric.com,T5,Commercial & Industrial Ctrs,campaign-P2,CAMPAIGN,,,yes,yes,inven,ok
Techline Sports Lighting,sportlighting.com,T5,Commercial & Industrial Ctrs,campaign-P3,CAMPAIGN,,,yes,yes,inven,ok
"The Retrofit Companies, Inc.",retrofitcompanies.com,T5,Commercial & Industrial Ctrs,campaign-P2,CAMPAIGN,,,yes,yes,inven,ok
"Tri-Area Electrical Construction, Inc.",tri-areaelectric.com,T5,Commercial & Industrial Ctrs,campaign-P2,CAMPAIGN,,,yes,yes,inven,ok
"Vaughn Electric Company, Inc.",vaughnelectric.com,T4,Commercial & Industrial Ctrs,campaign-P2,CAMPAIGN,,,yes,yes,inven,ok
Via Electric CO,viaelectric.com,T4,Commercial & Industrial Ctrs,campaign-P2,CAMPAIGN,,,yes,,inven+grata,no coverage
Victory Lighting Services Inc.,victorylightingservices.com,T5,Commercial & Industrial Ctrs,campaign-Nurture,CAMPAIGN,,,yes,yes,inven,ok
Votaw Electric Inc,votawelectric.com,T5,Commercial & Industrial Ctrs,campaign-P3,CAMPAIGN,,,yes,yes,inven,ok
Weinstein Electric Co,weinsteinelec.com,T5,Commercial & Industrial Ctrs,campaign-P2,CAMPAIGN,,,yes,,inven+grata,no title match
"Westpoint Electric, INC.",westpointelectricinc.com,T5,Commercial & Industrial Ctrs,campaign-P2,CAMPAIGN,,,yes,,inven,office line only
iEG - Industrial Electrical Group,iegusa.com,T4,Commercial & Industrial Ctrs,campaign-P2,CAMPAIGN,,,yes,yes,inven,not owner-level title (Branch Manager)
Indeco-Industrial Electric Company,indecousa.com,T4,Commercial & Industrial Ctrs,campaign-P2,CAMPAIGN,,,yes,,inven+grata,no owner-title match (1 contact on file)
Ocean Coast Electric LLC,oceancoastelectric.com,T4,Commercial & Industrial Ctrs,campaign-P2,CAMPAIGN,,,yes,,inven+grata,no title match
Shelley's Electric,shelleyselectric.com,T4,Commercial & Industrial Ctrs,campaign-P2,CAMPAIGN,,,yes,,inven+grata,no coverage
Terrance Electric and Technology Co.,terranceelectric.com,T5,Commercial & Industrial Ctrs,campaign-P2,CAMPAIGN,,,yes,,inven+grata,office line only; name unresolved in provider data
"Crown Electric, Inc.",crownelectricinc.com,T4,Commercial & Industrial Ctrs,campaign-P3,CAMPAIGN,,,yes,yes,inven,ok
Cannon & Wendt Electric,cannon-wendt.com,T4,Commercial & Industrial Ctrs,campaign-P3,CAMPAIGN,,,yes,yes,inven,ok
Crawford Electric LLC,crawford-electric.com,T4,Commercial & Industrial Ctrs,campaign-P2,CAMPAIGN,,,,,inven,no owner-title match
Dan Freitas Electric Inc,danfreitaselectric.com,T4,Commercial & Industrial Ctrs,campaign-P3,CAMPAIGN,,,yes,,inven+grata,no title match (4 contacts at domain)
"Eastern Group, LLC.",easternelectricllc.com,T4,Commercial & Industrial Ctrs,campaign-P3,CAMPAIGN,,,yes,,inven+grata,no owner-title match (1 contact on file)
Engineered Electrical Systems (EES),eesystemsusa.com,T5,Commercial & Industrial Ctrs,campaign-P2,CAMPAIGN,,,yes,yes,inven,ok
"GDC Industrial, Inc *",groupgdc.com,T4,Commercial & Industrial Ctrs,campaign-P3,CAMPAIGN,,,yes,,inven+grata,no owner-title match
"Hawkeye Construction, LLC",hawkeye-construction.com,T5,Commercial & Industrial Ctrs,campaign-P3,CAMPAIGN,,,yes,yes,inven,verified emails may belong to other people at domain - verify
Jw Electric,jwelectric.com,T5,Commercial & Industrial Ctrs,campaign-P2,CAMPAIGN,,,yes,yes,inven,ok
"Lasco Electrical Services, LLC",lascoelectrical.com,T4,Commercial & Industrial Ctrs,campaign-P3,CAMPAIGN,,,yes,yes,inven,non-owner title returned (Operations Manager); no verified email
Qd Electrical Services,qdelectrical.com,T5,Commercial & Industrial Ctrs,campaign-P2,CAMPAIGN,,,yes,yes,inven,ok
"Shamrock Services, LLC Dublin, GA",shamrockservices.net,T4,Commercial & Industrial Ctrs,campaign-Nurture,CAMPAIGN,,,yes,yes,inven,ok
Solution Services Corp.,solutionservicescorp.com,T4,Commercial & Industrial Ctrs,campaign-P2,CAMPAIGN,,,yes,,inven,office line only; non-owner title (project manager)
"Specialty Groups, Inc",sgiwv.com,T4,Commercial & Industrial Ctrs,campaign-P3,CAMPAIGN,,,yes,,inven+grata,no title match
Twin Electric,twinelectricltd.com,T5,Commercial & Industrial Ctrs,campaign-P2,CAMPAIGN,,,yes,,inven,email only - no phone
RCG International,rcgint.com,T4,Commercial & Industrial Ctrs,campaign-P2,CAMPAIGN,,,yes,,inven+grata,"office line only; Lebanon-based record, likely wrong entity"
"Amp Electrical, Inc",ampelectricalinc.com,T4,Commercial & Industrial Ctrs,campaign-Nurture,CAMPAIGN,,,yes,,inven+grata,no provider coverage
CR Electric Company,crelectriccompany.com,T5,Commercial & Industrial Ctrs,campaign-Nurture,CAMPAIGN,,,yes,,inven+grata,no provider coverage
Chapman Electrical Contracting,chapman-electric.com,T4,Commercial & Industrial Ctrs,campaign-Nurture,CAMPAIGN,,,yes,,inven,email only - no phone
Chicago Power Inc,chicagopcinc.com,T5,Commercial & Industrial Ctrs,campaign-Nurture,CAMPAIGN,,,yes,,inven+grata,no provider coverage
Kalish Electric Co,kalishelectric.com,T4,Commercial & Industrial Ctrs,campaign-Nurture,CAMPAIGN,,,,,inven,no owner-title match (1 contact on file)
Leasor Electric,leasorelectric.com,T4,Commercial & Industrial Ctrs,campaign-Nurture,CAMPAIGN,,,yes,,inven+grata,no provider coverage
Lowe North Construction,lowe-north.com,T5,Commercial & Industrial Ctrs,campaign-Nurture,CAMPAIGN,,,yes,,inven+grata,no owner-title match
MVS Technologies,mvs-tech.com,T5,Commercial & Industrial Ctrs,campaign-Nurture,CAMPAIGN,,,yes,,inven+grata,no phone
Neutral Electric Company LLC,neutralcompanies.com,T5,Commercial & Industrial Ctrs,campaign-Nurture,CAMPAIGN,,,yes,,inven+grata,no provider coverage
The J.L. Taylor Company Inc.,jltaylorcompany.com,T4,Commercial & Industrial Ctrs,campaign-Nurture,CAMPAIGN,,,yes,yes,inven,non-owner title returned (Vice President)
Branham Electric Corp,branhamelectriccorp.com,T5,Commercial & Industrial Ctrs,campaign-Nurture,CAMPAIGN,,,yes,,inven+grata,no coverage
"Comletric, Inc",comletric.com,T5,Commercial & Industrial Ctrs,campaign-Nurture,CAMPAIGN,,,yes,yes,inven,ok
"Craft Electric Co., Inc.",craft-electric.com,T5,Commercial & Industrial Ctrs,campaign-P2,CAMPAIGN,,,yes,,inven+grata,no owner-title match (4 contacts on file)
Flying X Electric,flyingxelectric.com,T4,Commercial & Industrial Ctrs,campaign-Nurture,CAMPAIGN,,,yes,,inven+grata,no title match
"L & B Electrical Contractors, INC.",lbelectric.net,T4,Commercial & Industrial Ctrs,campaign-P2,CAMPAIGN,,,yes,yes,inven,ok
Lights Inc,lightsinc.com,T5,Commercial & Industrial Ctrs,campaign-Nurture,CAMPAIGN,,,yes,yes,inven,no verified email
Mikewill Inc,mikewill.com,T4,Commercial & Industrial Ctrs,campaign-Nurture,CAMPAIGN,,,,,inven,no owner-title match (2 contacts on file)
Quality Electrical Systems Inc,qesonline.net,T5,Commercial & Industrial Ctrs,campaign-Nurture,CAMPAIGN,,,yes,,inven+grata,no provider coverage
Watermark Electric,watermarkelectric.com,T4,Commercial & Industrial Ctrs,campaign-Nurture,CAMPAIGN,,,yes,,inven+grata,no owner-title match
West Virginia Electric,wvelectric.com,T4,Commercial & Industrial Ctrs,campaign-P2,CAMPAIGN,,,yes,,inven+grata,no title match (2 contacts at domain)
Wuest Electric Co,wuestelectric.com,T4,Commercial & Industrial Ctrs,campaign-P2,CAMPAIGN,,,yes,,inven+grata,no owner-title match (2 contacts on file)
Associated Electro-Mechanics,aemservices.com,S7,Motor & Generator Companies,campaign-Nurture,CAMPAIGN,,,yes,yes,inven,ok
"Beaudry Electric Motors & Controls, Inc.",bemotors.net,S7,Motor & Generator Companies,campaign-Nurture,CAMPAIGN,,,yes,yes,inven,ok
"Cole Tech, Inc.",coleelectricms.com,S7,Motor & Generator Companies,campaign-P2,CAMPAIGN,,,yes,yes,inven,ok
Electric Motor Shop of Wake Forest,electricmotorshopnc.com,S7,Motor & Generator Companies,campaign-P2,CAMPAIGN,,,,,inven,"title_filter_miss: 15 contacts, none matched owner titles"
"Eurton Electric Company, Inc.",eurtonelectric.com,S7,Motor & Generator Companies,campaign-Nurture,CAMPAIGN,,,yes,yes,inven,ok
"Gulf Coast Electric Motor Service, Inc.",gcemsinc.com,S7,Motor & Generator Companies,campaign-Nurture,CAMPAIGN,,,yes,,inven+grata,office line only
"Industrial Electric Motor Service, Inc.",iemsbr.com,S7,Motor & Generator Companies,campaign-P2,CAMPAIGN,,,yes,,inven+grata,"bad match - returned an India-based self-employed profile, not the owner"
Industrial Electro Mechanics,iemsavannah.com,S7,Motor & Generator Companies,campaign-Nurture,CAMPAIGN,,,yes,yes,inven,ok
Industrial Maintenance and Engineering,ime-corp.com,S7,Motor & Generator Companies,campaign-Nurture,CAMPAIGN,,,yes,,inven+grata,no owner-title match (2 contacts on file)
Lake City Electric,lakecityelectric.net,S7,Motor & Generator Companies,campaign-Nurture,CAMPAIGN,,,yes,,inven+grata,no provider coverage
Lewis Electric Motor Repair,lewismotorrepair.com,S7,Motor & Generator Companies,campaign-Nurture,CAMPAIGN,,,yes,,inven+grata,no owner-title match
"Mohler Technology, Inc.",mohler.com,S7,Motor & Generator Companies,campaign-P2,CAMPAIGN,,,yes,,inven+grata,no title match (18 contacts at domain)
Porters Electric Motor Service Inc,porterselectric.com,S7,Motor & Generator Companies,campaign-Nurture,CAMPAIGN,,,yes,,inven+grata,no owner-title match (1 contact on file)
Precision P.S.I. LLC.,precision-psi.com,S7,Motor & Generator Companies,campaign-Nurture,CAMPAIGN,,,yes,,inven+grata,no provider coverage
Rome Electric Motor Works Inc,romeelectric.com,S7,Motor & Generator Companies,campaign-P2,CAMPAIGN,,,yes,,inven+grata,no owner-title match
Whelco Industrial,whelco.com,S7,Motor & Generator Companies,campaign-Nurture,CAMPAIGN,,,yes,,inven+grata,no title match (3 contacts at domain)
White Armature Works,whitearmatureworks.com,S7,Motor & Generator Companies,campaign-Nurture,CAMPAIGN,,,yes,,inven+grata,no owner-title match (2 contacts on file)
York Repair Inc.,yorkrepair.com,S7,Motor & Generator Companies,campaign-P2,CAMPAIGN,,,yes,yes,inven,ok
riemr,riemr.com,S7,Motor & Generator Companies,campaign-Nurture,CAMPAIGN,,,yes,,inven+grata,no owner-title match
"A & H Armature Works, Inc.",a-harmature.com,S7,Motor & Generator Companies,campaign-P2,CAMPAIGN,,,yes,yes,inven,ok
AGTServices Inc,agtservices.com,S7,Motor & Generator Companies,campaign-P2,CAMPAIGN,,,,,inven,no owner-title match (17 contacts on file)
AVS Engineering,avsengineering.net,S7,Motor & Generator Companies,campaign-Nurture,CAMPAIGN,,,yes,yes,inven,"likely wrong-person match (India-based, Self Employed)"
Advanced Mechanical Enterprises/AME,amesolutions.com,S7,Motor & Generator Companies,campaign-Nurture,CAMPAIGN,,,yes,yes,inven,ok
Alert Analytical,alertanalytical.com,S7,Motor & Generator Companies,campaign-P2,CAMPAIGN,,,yes,,inven+grata,no title match (1 contact at domain)
Anchor Electric Motors,anchorelectricmotors.com,S7,Motor & Generator Companies,campaign-Nurture,CAMPAIGN,,,yes,,inven+grata,office line only
Apparatus Repair & Engineering,apprep.com,S7,Motor & Generator Companies,campaign-Nurture,CAMPAIGN,,,yes,yes,inven,no verified email
Balance Vibration Technologies Inc.,balancevibration.com,S7,Motor & Generator Companies,campaign-Nurture,CAMPAIGN,,,yes,yes,inven,ok
Baseload Power,baseloadfirst.com,S7,Motor & Generator Companies,campaign-P2,CAMPAIGN,,,yes,,inven+grata,no title match (4 contacts at domain)
"Bradleys, Inc.",bradleysmotors.com,S7,Motor & Generator Companies,campaign-P2,CAMPAIGN,,,yes,yes,inven,ok
City Machine Technologies,cmtcompanies.com,S7,Motor & Generator Companies,campaign-P2,CAMPAIGN,,,yes,yes,inven,non-owner title returned (Vice President)
"Cleveland Pump Repair & Services, LLC.",clevelandpumprepair.com,S7,Motor & Generator Companies,campaign-P2,CAMPAIGN,,,yes,yes,inven,ok
Coastal Industrial Service,coastalindustrialservice.com,S7,Motor & Generator Companies,campaign-Nurture,CAMPAIGN,,,yes,,inven+grata,no provider coverage
"Daman Industrial Services, Inc.",damanindustrial.com,S7,Motor & Generator Companies,campaign-P2,CAMPAIGN,,,yes,,inven+grata,no owner-title match (7 contacts on file)
Dreisilker Electric Motors Inc.,dreisilker.com,S7,Motor & Generator Companies,campaign-P2,CAMPAIGN,,,yes,yes,inven,ok
Dynamic Motions Inc,dynamicmotions.com,S7,Motor & Generator Companies,campaign-Nurture,CAMPAIGN,,,yes,,inven+grata,no coverage
"Electric Motor & Contracting Co., Inc",emc-co.com,S7,Motor & Generator Companies,campaign-P2,CAMPAIGN,,,yes,,inven+grata,"office line only; Myanmar-located record, verify identity"
"EnVibe, Inc.",envibe.com,S7,Motor & Generator Companies,campaign-P2,CAMPAIGN,,,yes,yes,inven,ok
"Energy Resources Group, Inc.",energyresourcesgroup.us,S7,Motor & Generator Companies,campaign-Nurture,CAMPAIGN,,,yes,yes,inven,ok
"Failure Prevention Associates, LLC",failureprevention.com,S7,Motor & Generator Companies,campaign-Nurture,CAMPAIGN,,,yes,yes,inven,ok
Houston Dynamic Service,houstondynamic.com,S7,Motor & Generator Companies,campaign-P2,CAMPAIGN,,,yes,,inven,ok
"IPS Pump Services, Inc.",ipspumpservice.com,S7,Motor & Generator Companies,campaign-P2,CAMPAIGN,,,yes,yes,inven,ok
"Industrial Pump and Motor Repair, Ltd.",industrialpumpandmotor.com,S7,Motor & Generator Companies,campaign-P2,CAMPAIGN,,,yes,yes,inven,ok
Janda Motor Services,janda.com,S7,Motor & Generator Companies,campaign-P2,CAMPAIGN,,,yes,,inven+grata,"bad match - returned an Indonesia-based profile, not the US company owner"
"Krauth Electric Co., Inc.",krauthelectric.com,S7,Motor & Generator Companies,campaign-P2,CAMPAIGN,,,yes,,inven,office line only
Lewis Electric Motors Inc,lewiselectricmotors.com,S7,Motor & Generator Companies,campaign-P2,CAMPAIGN,,,yes,,inven+grata,no provider coverage
MMC Inc.,aboutmmc.com,S7,Motor & Generator Companies,campaign-P2,CAMPAIGN,,,yes,,inven+grata,no title match
"Machinery Maintenance Rebuilders, Inc.",mmrservice.com,S7,Motor & Generator Companies,campaign-P2,CAMPAIGN,,,yes,,inven,ok
"Maintenance Technologies International, LLC",mtillc.com,S7,Motor & Generator Companies,campaign-Nurture,CAMPAIGN,,,yes,yes,inven,ok
Mid-Ohio Electric CO INC,mid-ohioelectric.com,S7,Motor & Generator Companies,campaign-Nurture,CAMPAIGN,,,yes,,inven+grata,no owner-title match (2 contacts on file)
Motor and Gear Engineering,motorgearengineer.com,S7,Motor & Generator Companies,campaign-P2,CAMPAIGN,,,yes,,inven+grata,no provider coverage
Prime Electric Motors Inc,primeacdcmotors.com,S7,Motor & Generator Companies,campaign-Nurture,CAMPAIGN,,,yes,yes,inven,ok
"Pro-Pump, Inc.",pro-pump.com,S7,Motor & Generator Companies,campaign-P2,CAMPAIGN,,,yes,,inven+grata,no title match (3 contacts at domain)
"Rayker Mechanical Services, LLC.",raykermechanicalservices.com,S7,Motor & Generator Companies,campaign-P2,CAMPAIGN,,,yes,,inven+grata,no owner-title match (5 contacts on file)
Reeds Cleaning Service Inc,reedserv.com,S7,Motor & Generator Companies,campaign-Nurture,CAMPAIGN,,,,,inven,no title match
Rem Industrial,remisi.com,S7,Motor & Generator Companies,campaign-P2,CAMPAIGN,,,yes,yes,inven,ok
"Rotating Equipment Specialists, LLC",rotatingequip.com,S7,Motor & Generator Companies,campaign-P2,CAMPAIGN,,,yes,,inven+grata,no title match (5 contacts at domain)
Shoemaker Industrial Solutions,shoemakerindustrial.com,S7,Motor & Generator Companies,campaign-P3,CAMPAIGN,,,,,inven,no owner-title match (2 contacts on file)
"Sidewinders, LLC",sidewindersllc.com,S7,Motor & Generator Companies,campaign-P2,CAMPAIGN,,,yes,yes,inven,ok
Smith Electric Motor Service,smithelectricmotors.com,S7,Motor & Generator Companies,campaign-Nurture,CAMPAIGN,,,yes,,inven+grata,no coverage
"Southern Winding Service, INC",southernwinding.com,S7,Motor & Generator Companies,campaign-P2,CAMPAIGN,,,yes,yes,inven,ok
"Specialty Rotating Equipment Repair, Inc.",specialtyrer.com,S7,Motor & Generator Companies,campaign-P2,CAMPAIGN,,,yes,yes,inven,non-owner title (VP)
"The Balancing Company, Inc.",balco.com,S7,Motor & Generator Companies,campaign-P2,CAMPAIGN,,,yes,,inven+grata,no title match
"Tremor Vibration Services, LLC.",tremorvibration.com,S7,Motor & Generator Companies,campaign-Nurture,CAMPAIGN,,,yes,yes,inven,ok
Troy Industrial Solutions,troyindustrialsolutions.com,S7,Motor & Generator Companies,campaign-P2,CAMPAIGN,,,yes,yes,inven,ok
"Turbine Diagnostic Services, Inc.",turbinedoctor.com,S7,Motor & Generator Companies,campaign-P2,CAMPAIGN,,,yes,yes,inven,ok
Vi-Tech,vitech-us.com,S7,Motor & Generator Companies,campaign-Nurture,CAMPAIGN,,,,,inven,no title match
Vibration Engineers,vibrationengineers.com,S7,Motor & Generator Companies,campaign-Nurture,CAMPAIGN,,,yes,yes,inven,"REVIEW - all emails at unrelated domains (flocycling.com), verify person maps to this company"
Walco Electric,walcokip.com,S7,Motor & Generator Companies,campaign-P2,CAMPAIGN,,,yes,yes,inven,ok
Western Industrial Motor & Machine,westernindustrialmotor.com,S7,Motor & Generator Companies,campaign-P2,CAMPAIGN,,,yes,,inven,office line only
Slaymaker Group,slaymakergroup.com,S7,Motor & Generator Companies,campaign-P2,CAMPAIGN,,,yes,yes,inven,ok
Zone Industries,zoneindustries.com,S7,Motor & Generator Companies,campaign-P2,CAMPAIGN,,,yes,yes,inven,ok
Ace Electric Motor & Pump Co,aceelectricmotor.com,S7,Motor & Generator Companies,campaign-Nurture,CAMPAIGN,,,yes,,inven+grata,no title match (10 contacts at domain)
Ace Viking Electric Motor Co,aceviking.com,S7,Motor & Generator Companies,campaign-Nurture,CAMPAIGN,,,yes,,inven+grata,no owner-title match (5 contacts on file)
Armor Electric Repair Svc,armorelectricrepair.com,S7,Motor & Generator Companies,campaign-Nurture,CAMPAIGN,,,yes,,inven+grata,office line only
BJ Electric Motor Services,bjemotors.com,S7,Motor & Generator Companies,campaign-Nurture,CAMPAIGN,,,yes,,inven+grata,no coverage
"Electric Motor Services, Inc.",electricmotorservices.net,S7,Motor & Generator Companies,campaign-P2,CAMPAIGN,,,yes,yes,inven,ok
Inman Electric Motors,inmanelectric.com,S7,Motor & Generator Companies,campaign-Nurture,CAMPAIGN,,,yes,,inven+grata,no title match (2 contacts at domain)
Remsa USA Inc,remsausainc.com,S7,Motor & Generator Companies,campaign-Nurture,CAMPAIGN,,,yes,,inven+grata,office line only; non-owner title (VP)
Traver IDC,traveridc.com,S7,Motor & Generator Companies,campaign-Nurture,CAMPAIGN,,,yes,yes,inven,ok
"""D"" Electric Motors, Inc.",delectricmotors.com,S7,Motor & Generator Companies,campaign-Nurture,CAMPAIGN,,,yes,,inven+grata,no owner-title match
"Alabama Electric Company, Inc. of Dothan",alaelectric.com,S7,Motor & Generator Companies,campaign-P2,CAMPAIGN,,,yes,,inven+grata,no title match (1 contact at domain)
Allen's Electric Motors Inc.,allenselectricmotors.com,S7,Motor & Generator Companies,campaign-P2,CAMPAIGN,,,yes,yes,inven,ok
Applied Dynamics Corporation,applied-dynamics.com,S7,Motor & Generator Companies,campaign-P2,CAMPAIGN,,,yes,yes,inven,ok
"Bestway Electric Motor Service Co., Inc.",bestwayelectric.com,S7,Motor & Generator Companies,campaign-P2,CAMPAIGN,,,yes,,inven,office line only
"Brandon & Clark, Inc",brandonclark.com,S7,Motor & Generator Companies,campaign-P2,CAMPAIGN,,,yes,yes,inven,ok
"Burford Electric Service, Inc.",burfordinc.com,S7,Motor & Generator Companies,campaign-P2,CAMPAIGN,,,yes,yes,inven,ok
"Cascade Machinery & Electric, Inc.",cascade-machinery.com,S7,Motor & Generator Companies,campaign-P2,CAMPAIGN,,,yes,yes,inven,ok
"Cec Motor & Utility Services, LLC",cecmotoru.com,S7,Motor & Generator Companies,campaign-P2,CAMPAIGN,,,,,inven,no owner-title match
Clark-Fowler Electric,clarkfowlerelectric.com,S7,Motor & Generator Companies,campaign-P2,CAMPAIGN,,,yes,yes,inven,ok
Core Electric | Michigan Pump,coreelectric.net,S7,Motor & Generator Companies,campaign-P2,CAMPAIGN,,,yes,yes,inven,non-owner title (VP Ops)
Darby Electric,darbyelectric.com,S7,Motor & Generator Companies,campaign-P2,CAMPAIGN,,,yes,,inven+grata,no title match
"Decatur Industrial Electric, Inc.",decaturindustrial.com,S7,Motor & Generator Companies,campaign-P2,CAMPAIGN,,,yes,yes,inven,ok
Dixie Electro Mechanical Services Inc.,dixieemsi.com,S7,Motor & Generator Companies,campaign-P2,CAMPAIGN,,,yes,,inven+grata,no title match (4 contacts at domain)
"EMS Industrial, Inc.",emsindustrial.com,S7,Motor & Generator Companies,campaign-P2,CAMPAIGN,,,yes,yes,inven,ok
"Eemsco, INC.",eemsco.com,S7,Motor & Generator Companies,campaign-P2,CAMPAIGN,,,yes,yes,inven,ok
Electric Motor Shop,electricmotorshop.com,S7,Motor & Generator Companies,campaign-P2,CAMPAIGN,,,yes,yes,inven,ok
Electric Motors Inc.,electricmotorsinc.com,S7,Motor & Generator Companies,campaign-P2,CAMPAIGN,,,yes,,inven+grata,no provider coverage
"Electrical Repair Service CO, INC",electricalrepairserviceco.com,S7,Motor & Generator Companies,campaign-P2,CAMPAIGN,,,yes,,inven+grata,no provider coverage
"Elite Industrial, LLC.",eliteindustrialllc.com,S7,Motor & Generator Companies,campaign-P2,CAMPAIGN,,,yes,yes,inven,ok
Etheredge Industrial Services,eecmotor.com,S7,Motor & Generator Companies,campaign-P2,CAMPAIGN,,,yes,yes,inven,ok
First Electric Motor Service,firstelectricmotor.com,S7,Motor & Generator Companies,campaign-Nurture,CAMPAIGN,,,yes,,inven+grata,office line only
"G. Nelson Electric Motors, Inc. dba Nelson Electric Motor Service / Nelson Electric Motors",nelsonele.com,S7,Motor & Generator Companies,campaign-P2,CAMPAIGN,,,yes,,inven+grata,no provider coverage
Hi-Speed Industrial Service,gohispeed.com,S7,Motor & Generator Companies,campaign-P2,CAMPAIGN,,,yes,,inven,office line only
"Hibbs ElectroMechanical, Inc.",hibbsinc.com,S7,Motor & Generator Companies,campaign-P2,CAMPAIGN,,,yes,yes,inven,ok
Hill's Industrial,hillsindustrial.com,S7,Motor & Generator Companies,campaign-P2,CAMPAIGN,,,yes,,inven+grata,no provider coverage
Independent Electric Machinery Company,iemco.com,S7,Motor & Generator Companies,campaign-P2,CAMPAIGN,,,yes,,inven,no mobile; direct dials only
Industrial Electrical Company,industrialelectricalco.com,S7,Motor & Generator Companies,campaign-P2,CAMPAIGN,,,yes,yes,inven,no verified email
Ireland Electric Company,ireland-electric.com,S7,Motor & Generator Companies,campaign-P2,CAMPAIGN,,,yes,,inven+grata,no owner-title match
Jenkins Electric Company,jenkinselectric.com,S7,Motor & Generator Companies,campaign-P2,CAMPAIGN,,,yes,,inven,"no phone, no verified email; LinkedIn record shows UK location - verify"
K&G Power Systems,kgpowersystems.com,S7,Motor & Generator Companies,campaign-P3,CAMPAIGN,,,yes,yes,inven,ok
Kiemle-Hankins,kiemlehankins.com,S7,Motor & Generator Companies,campaign-P2,CAMPAIGN,,,yes,yes,inven,ok
"Litco Automation, INC.",litcoautomation.com,S7,Motor & Generator Companies,campaign-P2,CAMPAIGN,,,yes,,inven+grata,no owner-title match
Littlejohn-Reuland Corporation,littlejohn-reuland.com,S7,Motor & Generator Companies,campaign-P2,CAMPAIGN,,,yes,,inven+grata,no title match (3 contacts at domain)
"MNI Diesel, LLC",mnidiesel.com,S7,Motor & Generator Companies,campaign-Nurture,CAMPAIGN,,,yes,yes,inven,ok
Mader Electric Motors,maderelectricmotors.com,S7,Motor & Generator Companies,campaign-P2,CAMPAIGN,,,yes,,inven+grata,no title match
Malton Electric Company,maltonelectric.com,S7,Motor & Generator Companies,campaign-P2,CAMPAIGN,,,yes,yes,inven,ok
"Matlock Electric Co., Inc.",matlockelectric.com,S7,Motor & Generator Companies,campaign-P2,CAMPAIGN,,,yes,yes,inven,ok
Mielke Electric,mielkeelectric.com,S7,Motor & Generator Companies,campaign-P2,CAMPAIGN,,,yes,,inven+grata,no owner-title match (2 contacts on file)
"Moley Magnetics, Inc.",moleymagneticsinc.com,S7,Motor & Generator Companies,campaign-P3,CAMPAIGN,,,yes,yes,inven,ok
Northwest Electric Motor Company,northwestmotor.com,S7,Motor & Generator Companies,campaign-P2,CAMPAIGN,,,yes,yes,inven,ok
Ouachita Electric Service,ouachitaelectric.com,S7,Motor & Generator Companies,campaign-P2,CAMPAIGN,,,yes,,inven+grata,no title match (7 contacts at domain)
"Premco, INC.",premcoinc.net,S7,Motor & Generator Companies,campaign-P3,CAMPAIGN,,,yes,yes,inven,non-owner title (VP)
Quality Industrial Services,qualityelectromechanical.com,S7,Motor & Generator Companies,campaign-P2,CAMPAIGN,,,yes,,inven+grata,no title match
"Rapa Electric, Inc.  (Electric Motor Repair Services and New Motor Sales)",rapaelectric.com,S7,Motor & Generator Companies,campaign-P2,CAMPAIGN,,,yes,yes,inven,ok
"Scott Armature, LLC",scottarm.com,S7,Motor & Generator Companies,campaign-P2,CAMPAIGN,,,yes,,inven+grata,no title match (5 contacts at domain)
"Sheppard Services, LLC.",sheppardsvs.com,S7,Motor & Generator Companies,campaign-P2,CAMPAIGN,,,yes,yes,inven,ok
"Southern Apparatus Services, INC",southernapparatus.com,S7,Motor & Generator Companies,campaign-P2,CAMPAIGN,,,yes,,inven+grata,no title match
Square One Electric Motors and Pumps,sqone.com,S7,Motor & Generator Companies,campaign-P3,CAMPAIGN,,,yes,yes,inven,ok
"Stewart's Electric Motor Works, Inc.",semw.net,S7,Motor & Generator Companies,campaign-P2,CAMPAIGN,,,yes,yes,inven,many low-confidence phone numbers on record; mobile list may be over-matched
Sytek Electric Corporation,sytekelectric.com,S7,Motor & Generator Companies,campaign-P2,CAMPAIGN,,,yes,,inven,office line only; non-owner title
Texas Oil Electric,texasoilelectric.com,S7,Motor & Generator Companies,campaign-P2,CAMPAIGN,,,yes,,inven+grata,no title match
The Flolo Corporation,flolo.com,S7,Motor & Generator Companies,campaign-P2,CAMPAIGN,,,yes,,inven+grata,no owner-title match
The Hannon Company,hannonelectric.com,S7,Motor & Generator Companies,campaign-P2,CAMPAIGN,,,yes,yes,inven,not owner-level title (VP Ops)
"United Industrial Group, Inc.",uigcorp.com,S7,Motor & Generator Companies,campaign-P2,CAMPAIGN,,,yes,yes,inven,ok
Volland Electric Equipment Corp.,volland.com,S7,Motor & Generator Companies,campaign-P2,CAMPAIGN,,,yes,,inven,office line only
"Power Repair Service, Inc.",powerrepair.net,S7,Motor & Generator Companies,campaign-P2,CAMPAIGN,,,yes,,inven+grata,no owner-title match
Erwin Services Corporation,erwinsc.com,S7,Motor & Generator Companies,campaign-P2,CAMPAIGN,,,yes,,inven+grata,no title match (1 contact at domain)
Precision Machinery Contractors LLC,precisionmachllc.com,S7,Motor & Generator Companies,campaign-P2,CAMPAIGN,,,yes,yes,inven,non-owner title (project manager)
B & B Electric Motor CO,bbelectricmotor.com,S7,Motor & Generator Companies,campaign-Nurture,CAMPAIGN,,,yes,,inven+grata,no provider coverage
Bodine Electric of Danville Inc.,bodinedanville.com,S7,Motor & Generator Companies,campaign-Nurture,CAMPAIGN,,,,,inven,no owner-title match
C+D Electric Motors,cdelectricmotors.com,S7,Motor & Generator Companies,campaign-Nurture,CAMPAIGN,,,yes,yes,inven,ok
Conrey Electric,conreyelectric.com,S7,Motor & Generator Companies,campaign-Nurture,CAMPAIGN,,,yes,yes,inven,"OWNERSHIP FLAG: alt emails on teamshares.com - possible Teamshares acquisition, verify before outreach"
Dietz Electric Co Inc,dietzelectric.com,S7,Motor & Generator Companies,campaign-Nurture,CAMPAIGN,,,yes,yes,inven,no verified email
"Electric Motor Rewind Of Rupert, Id. Inc",electricmotorrewindofrupert.com,S7,Motor & Generator Companies,campaign-Nurture,CAMPAIGN,,,yes,,inven+grata,no coverage
"Electric Motors & Drives, Inc.",emd-inc.org,S7,Motor & Generator Companies,campaign-Nurture,CAMPAIGN,,,yes,,inven+grata,no provider coverage
Great Plains Technical Service,greatplainstechnicalservices.com,S7,Motor & Generator Companies,campaign-Nurture,CAMPAIGN,,,yes,,inven+grata,no provider coverage
"Lonestar Armature, LLC",lsatx.com,S7,Motor & Generator Companies,campaign-Nurture,CAMPAIGN,,,yes,yes,inven,ok
Owensboro Electric Motor,owensboroelectricmotor.com,S7,Motor & Generator Companies,campaign-Nurture,CAMPAIGN,,,yes,yes,inven,ok
Purser Central Rewinding Co,pursercentral.com,S7,Motor & Generator Companies,campaign-Nurture,CAMPAIGN,,,yes,,inven+grata,no title match (2 contacts at domain)
"Rocky Mount Electric Motor, LLC",rmemnc.com,S7,Motor & Generator Companies,campaign-Nurture,CAMPAIGN,,,yes,yes,inven,ok
Wylie Electric Motor Service,wylieelectric.com,S7,Motor & Generator Companies,campaign-Nurture,CAMPAIGN,,,yes,,inven+grata,no provider coverage
All Electric Motors,allelectricmotorsla.com,S7,Motor & Generator Companies,campaign-Nurture,CAMPAIGN,,,,,inven,no coverage
Bennett Electrical Inc,bennett-electric.com,S7,Motor & Generator Companies,campaign-Nurture,CAMPAIGN,,,,,inven,no title match (4 contacts at domain)
Cascade MVS,cascademvs.com,S7,Motor & Generator Companies,campaign-Nurture,CAMPAIGN,,,yes,yes,inven,ok
Coastal Machine and Mechanical LLC,coastalmandm.com,S7,Motor & Generator Companies,campaign-Nurture,CAMPAIGN,,,yes,yes,inven,ok
Electrical Apparatus & Machine,electricalapparatus.net,S7,Motor & Generator Companies,campaign-Nurture,CAMPAIGN,,,yes,,inven+grata,no owner-title match
Electrical Motor Repair Co,elevatormotor.com,S7,Motor & Generator Companies,campaign-Nurture,CAMPAIGN,,,yes,yes,inven,ok
Enyart Electric Motor Repair,enyartelectric.com,S7,Motor & Generator Companies,campaign-Nurture,CAMPAIGN,,,yes,yes,inven,ok
HI-TEK Balancing,hitekbalancing.com,S7,Motor & Generator Companies,campaign-Nurture,CAMPAIGN,,,yes,,inven+grata,no title match
"Industrial Machine Works, Inc.",imworksinc.com,S7,Motor & Generator Companies,campaign-Nurture,CAMPAIGN,,,yes,,inven+grata,no owner-title match
Kinetic Wind,kineticwind.tech,S7,Motor & Generator Companies,campaign-Nurture,CAMPAIGN,,,yes,,inven,no phone; not owner-level title (VP)
Lloyd Electric Co. Inc,lloydelectric.net,S7,Motor & Generator Companies,campaign-Nurture,CAMPAIGN,,,yes,,inven+grata,no owner-title match (1 contact on file)
M.C. Electric LLC,mcelectricinc.com,S7,Motor & Generator Companies,campaign-Nurture,CAMPAIGN,,,yes,yes,inven,ok
Outage Support Resource,osresource.net,S7,Motor & Generator Companies,campaign-Nurture,CAMPAIGN,,,yes,,inven+grata,ok
ProPump Services,propumpservices.com,S7,Motor & Generator Companies,campaign-Nurture,CAMPAIGN,,,yes,yes,inven,ok
Singer Electric Motors-Generators,singerelectric.com,S7,Motor & Generator Companies,campaign-Nurture,CAMPAIGN,,,yes,,inven,office line only; non-owner title (marketing mgr)
"Vibra-Analysis, Inc.",vibra-analysis.com,S7,Motor & Generator Companies,campaign-Nurture,CAMPAIGN,,,yes,yes,inven,ok
Wilde Electric Motors,wildeelectricmotors.com,S7,Motor & Generator Companies,campaign-Nurture,CAMPAIGN,,,yes,,inven+grata,no owner-title match
Premium Power Units Ltd.,ppultd.co.uk,S7,Motor & Generator Companies,campaign-P2,CAMPAIGN,,,yes,,inven,office line only; UK company - likely out of US thesis scope
Burns Electric,burns-electric.com,T3,Utility Line & Substation,campaign-P2,CAMPAIGN,,,yes,yes,inven,ok
Carolina Power & Signalization,carolinapowerandsignalization.com,T3,Utility Line & Substation,campaign-P2,CAMPAIGN,,,yes,,inven+grata,no coverage
FB Timberline,fbtimberline.com,T3,Utility Line & Substation,campaign-P2,CAMPAIGN,,,yes,,inven+grata,no coverage
Greg A Vietri Inc,gavietri.com,T3,Utility Line & Substation,campaign-P2,CAMPAIGN,,,yes,,inven+grata,"title_filter_miss: 3 contacts, none matched owner titles"
Highlines Construction Co,highlineconstructionmn.com,T3,Utility Line & Substation,campaign-P2,CAMPAIGN,,,yes,,inven+grata,no coverage
"Karian Peterson Powerline Contracting, LLC",karianpeterson.com,T3,Utility Line & Substation,campaign-P2,CAMPAIGN,,,yes,,inven+grata,"title_filter_miss: 2 contacts, none matched owner titles"
"M&M Electrical Contractor, Inc.",mmpowerline.com,T3,Utility Line & Substation,campaign-Nurture,CAMPAIGN,,,yes,,inven+grata,office line only; non-owner title; no email
"MDR Construction, Inc.",mdrpowerline.com,T3,Utility Line & Substation,campaign-P2,CAMPAIGN,,,yes,,inven+grata,"title_filter_miss: 30 contacts, none matched owner titles"
Main Electric Limited,mainelectric.com,T3,Utility Line & Substation,campaign-P2,CAMPAIGN,,,yes,yes,inven+grata,ok
Main Lite Electric CO,mainliteelectric.com,T3,Utility Line & Substation,campaign-P2,CAMPAIGN,,,yes,,inven+grata,"title_filter_miss: 1 contacts, none matched owner titles"
Outback Power Company,outbackpower.net,T3,Utility Line & Substation,campaign-Nurture,CAMPAIGN,,,yes,,inven+grata,no provider coverage
Overhead Lines,ohlines.net,T3,Utility Line & Substation,campaign-P2,CAMPAIGN,,,yes,yes,inven,ok
Petty Line Construction,pettyline.com,T3,Utility Line & Substation,campaign-P2,CAMPAIGN,,,yes,,inven+grata,"title_filter_miss: 4 contacts, none matched owner titles"
Powerserve Technologies,powerservetech.com,T3,Utility Line & Substation,campaign-P2,CAMPAIGN,,,yes,yes,inven,ok
"SMS Energy Group, Inc.",smsenergygroup.com,T3,Utility Line & Substation,campaign-P2,CAMPAIGN,,,yes,,inven+grata,"title_filter_miss: 2 contacts, none matched owner titles"
"Alvah Group, Inc.",alvahgroup.com,T3,Utility Line & Substation,campaign-P3,CAMPAIGN,,,yes,yes,inven,ok
"Battaglia Electric, Inc.",battag.com,T3,Utility Line & Substation,campaign-P2,CAMPAIGN,,,yes,,inven,office line only
"Cobalt Civil, LLC",cobaltcivil.com,T3,Utility Line & Substation,campaign-P2,CAMPAIGN,,,yes,,inven+grata,no owner-title match (23 contacts on file)
Dj Electrical,djselectrical.com,T3,Utility Line & Substation,campaign-P2,CAMPAIGN,,,yes,,inven,"office line only; non-owner title (Administrator), likely wrong-person match (Australia)"
"Dynamic Utility Solutions, LLC",dynamic2016.com,T3,Utility Line & Substation,campaign-P2,CAMPAIGN,,,yes,,inven+grata,no coverage
"Energy Group, Inc.",energygroupusa.com,T3,Utility Line & Substation,campaign-P2,CAMPAIGN,,,yes,yes,inven,ok
Everhart & Hoover Power Line Construction INC,everhartandhoover.com,T3,Utility Line & Substation,campaign-P2,CAMPAIGN,,,yes,,inven+grata,no owner-title match (2 contacts on file)
GeoForce Utility Technologies,geoforceutilitytech.com,T3,Utility Line & Substation,campaign-P2,CAMPAIGN,,,yes,yes,inven,non-owner title returned (General Foreman)
Heart Utilities,heartutilities.com,T3,Utility Line & Substation,campaign-P2,CAMPAIGN,,,yes,,inven,office line only
J&S Inspections Company,jsinspect.com,T3,Utility Line & Substation,campaign-P2,CAMPAIGN,,,yes,yes,inven,not owner-level title (VP Marketing/BD)
"Mtv Solutions, INC.",mtvsolutions.com,T3,Utility Line & Substation,campaign-P2,CAMPAIGN,,,yes,yes,inven,ok
OneSource Restoration,onesourcerestorationllc.com,T3,Utility Line & Substation,campaign-P2,CAMPAIGN,,,yes,,inven+grata,no title match
Pierce Powerline Co,piercepowerline.com,T3,Utility Line & Substation,campaign-P2,CAMPAIGN,,,yes,yes,inven,"gatekeeper only - EA to CEO, not the owner"
"Preferred Electric, Inc.",preferredelectric.net,T3,Utility Line & Substation,campaign-P2,CAMPAIGN,,,yes,,inven+grata,no title match (20 contacts at domain)
SolPowerlines,solpowerlines.com,T3,Utility Line & Substation,campaign-P2,CAMPAIGN,,,yes,,inven+grata,no owner-title match (9 contacts on file)
Synergy Powerline Construction,synergypowerlineconstruction.com,T3,Utility Line & Substation,campaign-P2,CAMPAIGN,,,yes,yes,inven,ok
"Tau Delta Industries, Inc.",taudeltainc.com,T3,Utility Line & Substation,campaign-P3,CAMPAIGN,,,yes,,inven+grata,no owner-title match
Pacific States Utility Company,psuc.net,T3,Utility Line & Substation,campaign-P2,CAMPAIGN,,,yes,,inven+grata,no title match (2 contacts at domain)
Roberson Waite,roberson-waite.com,T3,Utility Line & Substation,campaign-P2,CAMPAIGN,,,yes,,inven+grata,"title_filter_miss: 20 contacts, none matched owner titles"
North American Energy Services Company,americanenergy.us,T3,Utility Line & Substation,campaign-P2,CAMPAIGN,,,yes,,inven,no email or phone; non-owner title; contact in Mexico - likely wrong match
"Sandhills Utility Services, LLC",sandhillsutility.com,T3,Utility Line & Substation,campaign-P2,CAMPAIGN,,,yes,,inven,office line only; no verified email
Texas Elite Electrical Services,texaseliteelectrical.com,T3,Utility Line & Substation,campaign-P2,CAMPAIGN,,,yes,,inven+grata,no owner-title match
Tower Power Group,towerpowergroup.com,T3,Utility Line & Substation,campaign-P2,CAMPAIGN,,,yes,,inven+grata,no title match (6 contacts at domain)
"Utilitex, LLC",utilitex.com,T3,Utility Line & Substation,campaign-Nurture,CAMPAIGN,,,yes,,inven+grata,office line only; no email
Vince Sigal Electric,sigalutility.com,T3,Utility Line & Substation,campaign-P2,CAMPAIGN,,,yes,yes,inven,non-owner title returned (Division Manager)
Koontz Electric Company Inc.,koontzelectric.com,T3,Utility Line & Substation,campaign-P2,CAMPAIGN,,,yes,,inven+grata,"gatekeeper only - PA to CEO, no phone, no owner returned"
"AGI Construction, Inc.",agiconstruction.com,T3,Utility Line & Substation,campaign-P3,CAMPAIGN,,,yes,yes,inven,ok
Anco,ancoholdings.com,T3,Utility Line & Substation,campaign-P3,CAMPAIGN,,,yes,yes,inven,ok
CSA Constructors,csaconstructorstx.com,T3,Utility Line & Substation,campaign-P3,CAMPAIGN,,,yes,,inven,no phone; no verified email
Castrejon Incorporated,castrejoninc.com,T3,Utility Line & Substation,campaign-P3,CAMPAIGN,,,yes,,inven+grata,"bad match - Panama-based profile, not the US owner"
Daleo Inc,daleoinc.com,T3,Utility Line & Substation,campaign-P2,CAMPAIGN,,,yes,,inven+grata,no title match (7 contacts at domain)
Mission Site Services LLC.,missionsiteservices.com,T3,Utility Line & Substation,campaign-P3,CAMPAIGN,,,yes,,inven+grata,no owner-title match (17 contacts on file)
Pinnacle Power Services Inc.,pinnaclepowersvcs.com,T3,Utility Line & Substation,campaign-P3,CAMPAIGN,,,yes,,inven,office line only; non-owner title (Area Manager)
"Positive Energy, LLC.",wearepositiveenergy.com,T3,Utility Line & Substation,campaign-P2,CAMPAIGN,,,yes,,inven,email only - no phone
Royer Brothers,royerbrothers.com,T3,Utility Line & Substation,campaign-P2,CAMPAIGN,,,yes,yes,inven,ok
Terrazon Group,terrazongroup.com,T3,Utility Line & Substation,campaign-P2,CAMPAIGN,,,yes,,inven,office line only
Underground Contractors Inc.,undergroundcontractors.com,T3,Utility Line & Substation,campaign-P3,CAMPAIGN,,,yes,,inven,ok
"Waters & Bugbee, Inc.",watersandbugbee.com,T3,Utility Line & Substation,campaign-P3,CAMPAIGN,,,yes,yes,inven,ok
High Side Electric LLC,highsideelectric.com,T3,Utility Line & Substation,campaign-Nurture,CAMPAIGN,,,yes,,inven+grata,no title match (4 contacts at domain)
"National High Voltage Services, Inc.",nhvsinc.com,T3,Utility Line & Substation,campaign-Nurture,CAMPAIGN,,,yes,,inven+grata,no provider coverage
Schmidt Industrial,schmidt-industrial.com,T3,Utility Line & Substation,campaign-Nurture,CAMPAIGN,,,yes,yes,inven,ok
"AC/DC Synergy Group, Inc.",acdc-sg.com,T6,Mission critical power,campaign-Nurture,CAMPAIGN,,,yes,,inven+grata,no owner-title match
EC Power,ecpwr.com,T6,Mission critical power,campaign-Nurture,CAMPAIGN,,,yes,,inven+grata,no title match (2 contacts at domain)
Fakouri Electrical Engineering (FEE),fee-ups.com,T6,Mission critical power,campaign-P2,CAMPAIGN,,,yes,,inven+grata,no coverage
Lorbel Inc.,lorbel.com,T6,Mission critical power,campaign-P2,CAMPAIGN,,,,,inven,"title_filter_miss: 15 contacts, none matched owner titles"
"Mission Critical Services, Inc.",mc.services,T6,Mission critical power,campaign-Nurture,CAMPAIGN,,,yes,yes,inven,ok
One Power,onepwr.com,T6,Mission critical power,campaign-Nurture,CAMPAIGN,,,,,inven,no title match
PQS Mission Critical,pqsmc.com,T6,Mission critical power,campaign-P2,CAMPAIGN,,,yes,yes,inven,ok
"Power Resources, Inc.",powerresources.net,T6,Mission critical power,campaign-Nurture,CAMPAIGN,,,yes,,inven+grata,email only - no phone
Titan Power Inc.,titanpower.com,T6,Mission critical power,campaign-P2,CAMPAIGN,,,yes,yes,inven,ok
Wells Global,wellsglobal.com,T6,Mission critical power,campaign-P2,CAMPAIGN,,,yes,yes,inven,ok
AC & DC Power Technologies,acdcpowertechnologies.com,T6,Mission critical power,campaign-P2,CAMPAIGN,,,yes,yes,inven,ok
"Advanced Powering Services, Inc.",advancedpowering.com,T6,Mission critical power,campaign-P2,CAMPAIGN,,,yes,,inven+grata,"junk record (brand page, not a person); office line only"
BRUNS-PAK Data Center Solutions,bruns-pak.com,T6,Mission critical power,campaign-P3,CAMPAIGN,,,yes,yes,inven,"gatekeeper only - EA to President, not the owner"
"Bud Griffin & Associates, Inc.",bgasales.com,T6,Mission critical power,campaign-P3,CAMPAIGN,,,yes,yes,inven,ok
Camali CORP,camalicorp.com,T6,Mission critical power,campaign-P3,CAMPAIGN,,,yes,yes,inven,ok
Charles Equipment Energy Systems,charlesequipment.com,T6,Mission critical power,campaign-P3,CAMPAIGN,,,yes,,inven+grata,no title match
"Computer Sites, INC.",computersites.net,T6,Mission critical power,campaign-P3,CAMPAIGN,,,yes,yes,inven,ok
"Critical Infrastructure Group, LLC",cigroup-us.com,T6,Mission critical power,campaign-P3,CAMPAIGN,,,yes,yes,inven,ok
"DVL Group, Inc.",dvlnet.com,T6,Mission critical power,campaign-P2,CAMPAIGN,,,yes,yes,inven,ok
Duthie Power Services,duthiepower.com,T6,Mission critical power,campaign-P2,CAMPAIGN,,,yes,,inven+grata,no title match
"Energy Control Systems, International",ecsintl.com,T6,Mission critical power,campaign-P3,CAMPAIGN,,,yes,yes,inven,ok
"Engineered Power Systems, Inc.",eps-stl.com,T6,Mission critical power,campaign-P3,CAMPAIGN,,,yes,yes,inven,ok
Evolve,evolveincorporated.com,T6,Mission critical power,campaign-P2,CAMPAIGN,,,yes,yes,inven,ok
Facility Gateway Critical Services,facilitygateway.com,T6,Mission critical power,campaign-P2,CAMPAIGN,,,yes,yes,inven,ok
HM Cragg,hmcragg.com,T6,Mission critical power,campaign-P2,CAMPAIGN,,,yes,yes,inven,ok
LDP Associates,ldpassociates.com,T6,Mission critical power,campaign-P2,CAMPAIGN,,,yes,,inven+grata,"office line only; India-located record, likely wrong entity"
LionHeart Critical Power Specialists,lionheartpower.com,T6,Mission critical power,campaign-P2,CAMPAIGN,,,yes,,inven+grata,no provider coverage
Pergravis,pergravis.com,T6,Mission critical power,campaign-P2,CAMPAIGN,,,yes,yes,inven,ok
Power & Systems Innovations,psihq.com,T6,Mission critical power,campaign-P2,CAMPAIGN,,,yes,yes,inven,ok
Power Storage Solutions,pwrstoragesolutions.com,T6,Mission critical power,campaign-P2,CAMPAIGN,,,yes,yes,inven,ok
Power Up LLC,power-upllc.com,T6,Mission critical power,campaign-P2,CAMPAIGN,,,yes,yes,inven,non-owner title (ops manager)
PowerIT,poweritny.com,T6,Mission critical power,campaign-P3,CAMPAIGN,,,yes,yes,inven,non-owner title returned (SVP)
Pure Energy,pureenw.com,T6,Mission critical power,campaign-P2,CAMPAIGN,,,yes,yes,inven,ok
RAMTEK - Mission Critical Solutions,ram-tek.com,T6,Mission critical power,campaign-P2,CAMPAIGN,,,yes,yes,inven,only verified email is a .edu address - verify identity
Ridgeview Mission Critical,ridgeview-mc.com,T6,Mission critical power,campaign-P2,CAMPAIGN,,,yes,yes,inven,non-owner title (VP)
"Sacramento Computer Power, Inc.",sacpower.com,T6,Mission critical power,campaign-P2,CAMPAIGN,,,yes,,inven+grata,no title match
"Sure Power, Inc.",sure-power.com,T6,Mission critical power,campaign-P2,CAMPAIGN,,,yes,yes,inven,ok
Systat,systatnow.com,T6,Mission critical power,campaign-P2,CAMPAIGN,,,yes,,inven+grata,name and title only - no email or phone in provider data
"TW Enterprises, Inc.",twegen.com,T6,Mission critical power,campaign-P2,CAMPAIGN,,,yes,yes,inven,ok
TechSite,techsiteplan.com,T6,Mission critical power,campaign-P2,CAMPAIGN,,,yes,yes,inven,ok
"Ultimate Service Associates, LLC",usa-svc.com,T6,Mission critical power,campaign-P2,CAMPAIGN,,,yes,yes,inven,ok
Universal Power,uspwr.com,T6,Mission critical power,campaign-P3,CAMPAIGN,,,yes,yes,inven,ok
Weld Power Generator Inc.,weldpower.com,T6,Mission critical power,campaign-P2,CAMPAIGN,,,yes,yes,inven,ok
ePower Network,epowernetwork.com,T6,Mission critical power,campaign-P2,CAMPAIGN,,,yes,,inven+grata,no title match
"Computer Air/Power Systems, Inc.",caps4ups.com,T6,Mission critical power,campaign-P2,CAMPAIGN,,,yes,,inven,ok
GCATS Telecom & Critical Power Services,gcats.com,T6,Mission critical power,campaign-P2,CAMPAIGN,,,yes,yes,inven,ok
Flamtech Technologies,flamtech-energy.com,T6,Mission critical power,campaign-Nurture,CAMPAIGN,,,yes,,inven,no phone; non-owner title; contact in Venezuela - likely wrong match
360 Energy Solutions LLC,360energysolutions.net,T6,Mission critical power,campaign-P2,CAMPAIGN,,,yes,yes,inven,ok
Beckerle,beckerle.us,T6,Mission critical power,campaign-P3,CAMPAIGN,,,yes,yes,inven,ok
"Global Power Group, Inc.",globalpowergroup.com,T6,Mission critical power,campaign-P2,CAMPAIGN,,,yes,,inven+grata,no provider coverage
JG Blackmon & Associates,jgblackmon.com,T6,Mission critical power,campaign-P2,CAMPAIGN,,,yes,,inven+grata,no coverage
Applied Power Systems,apspower.com,T6,Mission critical power,campaign-P3,CAMPAIGN,,,yes,yes,inven,non-owner title (business manager)
"C&C Power, Inc.",ccpower.com,T6,Mission critical power,campaign-P3,CAMPAIGN,,,yes,,inven+grata,no title match
CORE Support Systems,coresupportsys.com,T6,Mission critical power,campaign-P3,CAMPAIGN,,,yes,yes,inven,ok
"Critical Power Solutions, Inc (CPS)",cps-corp.net,T6,Mission critical power,campaign-P3,CAMPAIGN,,,yes,yes,inven,ok
Data Specialties Inc.,webuilddatacenters.com,T6,Mission critical power,campaign-P3,CAMPAIGN,,,yes,yes,inven,ok
Facility IT Group,facilityitgroup.com,T6,Mission critical power,campaign-P2,CAMPAIGN,,,yes,yes,inven,ok
JS Fleming Associates,jsfleming.com,T6,Mission critical power,campaign-P3,CAMPAIGN,,,yes,,inven+grata,no owner-title match
Makpower,makpower.com,T6,Mission critical power,campaign-P3,CAMPAIGN,,,,,inven,no title match (10 contacts at domain)
"Zonatherm Products, Inc.",zonatherm.com,T6,Mission critical power,campaign-P3,CAMPAIGN,,,yes,yes,inven,ok
Delta Power Inc.,deltapowerinc.com,T6,Mission critical power,campaign-Nurture,CAMPAIGN,,,yes,,inven+grata,no title match
Exbatt Llc,exbatt.com,T6,Mission critical power,campaign-P2,CAMPAIGN,,,yes,,inven,email only - no phone; REVIEW - person located in Kosovo
Total Online Protection,totalonlineprotection.com,T6,Mission critical power,campaign-Nurture,CAMPAIGN,,,yes,,inven+grata,no title match (3 contacts at domain)
"Air Power Consultants, Inc.",airpowerconsultants.com,T6,Mission critical power,campaign-P3,CAMPAIGN,,,yes,,inven+grata,no owner-title match (4 contacts on file)
CJ's Power Systems,cjspower.com,T6,Mission critical power,campaign-P2,CAMPAIGN,,,yes,,inven+grata,8 contacts at domain but none matched owner-level titles
Echo ED Corp,echoedcorp.com,T6,Mission critical power,campaign-P2,CAMPAIGN,,,yes,,inven+grata,no coverage
GenSolutions LLC,gensolutionsllc.com,T6,Mission critical power,campaign-Nurture,CAMPAIGN,,,yes,yes,inven,ok
Genelco Inc.,genelco-inc.com,T6,Mission critical power,campaign-Nurture,CAMPAIGN,,,yes,,inven+grata,no owner-title match (21 contacts on file)
"J&M Schaefer, Inc.",jmschaefer.com,T6,Mission critical power,campaign-P2,CAMPAIGN,,,yes,yes,inven,non-owner title returned (Field Service Supervisor); title filter did not hold
NorCal Battery Co.,norcalbattery.com,T6,Mission critical power,campaign-P2,CAMPAIGN,,,yes,,inven+grata,no owner-title match
Optimal Power Solutions,optimalpwr.com,T6,Mission critical power,campaign-P3,CAMPAIGN,,,yes,yes,inven,ok
Penn-Delmar Power,penndelmar.com,T6,Mission critical power,campaign-P2,CAMPAIGN,,,yes,,inven+grata,office line only; no email
Tidal Time Solutions,tidaltimesolutions.com,T6,Mission critical power,campaign-P3,CAMPAIGN,,,yes,yes,inven,"note: also carries a verified @microsoft.com email (Jacksonville Beach FL; likely separate employer, not a parent)"
"UPS Protection, Inc.",automatedpower.com,T6,Mission critical power,campaign-P3,CAMPAIGN,,,yes,,inven+grata,no coverage
"Power Techniques, Inc.",powertechniquesinc.com,T6,Mission critical power,campaign-P2,CAMPAIGN,,,yes,,inven+grata,no title match (9 contacts at domain)
Up Systems Inc,upsystems-inc.com,T6,Mission critical power,campaign-P2,CAMPAIGN,,,,,inven,no provider coverage
"All Service Electric, Inc.",ase-ar.com,S8,Traffic Signals & Lighting,campaign-Nurture,CAMPAIGN,,,yes,,inven+grata,no provider coverage for domain
Austin Traffic Signal Constr,atscc.com,S8,Traffic Signals & Lighting,campaign-P2,CAMPAIGN,,,yes,,inven+grata,no owner-title match
Carr Construction,carrconstruction.org,S8,Traffic Signals & Lighting,campaign-P3,CAMPAIGN,,,yes,,inven+grata,no provider coverage
Creacom Inc,creacominc.com,S8,Traffic Signals & Lighting,campaign-P2,CAMPAIGN,,,yes,,inven+grata,no owner-title match (4 contacts on file)
Electrical Excellence,electricalexcellence.com,S8,Traffic Signals & Lighting,campaign-P2,CAMPAIGN,,,yes,yes,inven,ok
M. L. Caccamise Electric Corp.,caccamiseelectric.com,S8,Traffic Signals & Lighting,campaign-P2,CAMPAIGN,,,yes,,inven+grata,no owner-title match
"Michiana Contracting, Inc",michianacontracting.com,S8,Traffic Signals & Lighting,campaign-P2,CAMPAIGN,,,yes,,inven,office line only; no verified email
"North Cherokee Electrical, Inc",ncelectrical.com,S8,Traffic Signals & Lighting,campaign-P2,CAMPAIGN,,,yes,,inven+grata,no owner-title match (2 contacts on file)
Outsen Electric Inc.,outsenelectric.com,S8,Traffic Signals & Lighting,campaign-P2,CAMPAIGN,,,yes,,inven,no phone
Progression Electric,progressionelectric.com,S8,Traffic Signals & Lighting,campaign-P2,CAMPAIGN,,,yes,,inven+grata,no owner-title match
"Ross Electric-Enterprise, Inc.",rosselectric.com,S8,Traffic Signals & Lighting,campaign-P2,CAMPAIGN,,,yes,yes,inven,ok
"Select Electric, Inc.",selectelectricinc.com,S8,Traffic Signals & Lighting,campaign-P2,CAMPAIGN,,,yes,yes,inven,ok
Statewide Traffic Signal Company,statewidetrafficsignals.com,S8,Traffic Signals & Lighting,campaign-P2,CAMPAIGN,,,yes,,inven+grata,no title match
TLL Electric,tllelectric.com,S8,Traffic Signals & Lighting,campaign-Nurture,CAMPAIGN,,,yes,,inven+grata,no coverage
"Traf-Tex, Inc.",traf-tex.com,S8,Traffic Signals & Lighting,campaign-P2,CAMPAIGN,,,yes,yes,inven,ok
Advanced Cabling Solutions INC.,acstraffic.net,S8,Traffic Signals & Lighting,campaign-P2,CAMPAIGN,,,,,inven,no owner-title match (2 contacts on file)
Allegheny City Electric,alleghenycityelectric.com,S8,Traffic Signals & Lighting,campaign-P2,CAMPAIGN,,,yes,,inven+grata,no title match
Bansal Construction Inc,bansalconstruction.com,S8,Traffic Signals & Lighting,campaign-P3,CAMPAIGN,,,yes,,inven+grata,no owner-title match
Colter Electric Co,colterelectric.com,S8,Traffic Signals & Lighting,campaign-P3,CAMPAIGN,,,yes,,inven+grata,no title match (4 contacts at domain)
Diamond Electrical Company,deco-la.com,S8,Traffic Signals & Lighting,campaign-P2,CAMPAIGN,,,yes,,inven+grata,no owner-title match (8 contacts on file)
"Gades Sales Co., Inc.",gadestraffic.com,S8,Traffic Signals & Lighting,campaign-P3,CAMPAIGN,,,yes,yes,inven,non-owner title returned (VP)
"Gerstner Electric, Inc.",gerstnerelectric.com,S8,Traffic Signals & Lighting,campaign-P2,CAMPAIGN,,,yes,yes,inven,ok
Hawk Enterprises,hawk-inc.com,S8,Traffic Signals & Lighting,campaign-P3,CAMPAIGN,,,yes,,inven+grata,no title match (2 contacts at domain)
"Highway Safety Devices, Inc.",highwaysafetydevices.com,S8,Traffic Signals & Lighting,campaign-P3,CAMPAIGN,,,yes,,inven+grata,no owner-title match (12 contacts on file)
Integral Blue,integral-blue.com,S8,Traffic Signals & Lighting,campaign-P2,CAMPAIGN,,,yes,yes,inven,non-owner title returned (EVP)
"Jack B. Harper Electrical, LLC",jhe-la.com,S8,Traffic Signals & Lighting,campaign-P2,CAMPAIGN,,,yes,yes,inven,ok
NY-Conn Corporation,nyconncorp.com,S8,Traffic Signals & Lighting,campaign-P3,CAMPAIGN,,,yes,yes,inven,ok
R J Haynie & Assoc Inc,rjhaynie.com,S8,Traffic Signals & Lighting,campaign-P2,CAMPAIGN,,,yes,,inven+grata,no provider coverage
"Reedwick, LLC",reedwick.com,S8,Traffic Signals & Lighting,campaign-P2,CAMPAIGN,,,yes,yes,inven,ok
Shoals Electric Co Inc,shoalselectric.com,S8,Traffic Signals & Lighting,campaign-P3,CAMPAIGN,,,yes,,inven+grata,no owner-title match
Tanko Lighting Inc,tankolighting.com,S8,Traffic Signals & Lighting,campaign-P2,CAMPAIGN,,,yes,yes,inven,ok
Moulison Heavy Electrical,moulison.com,S8,Traffic Signals & Lighting,campaign-P3,CAMPAIGN,,,yes,,inven+grata,no owner-title match (4 contacts on file)
Halley Engineering Contractors,halleyeng.com,S8,Traffic Signals & Lighting,campaign-P3,CAMPAIGN,,,yes,,inven,office line only; no verified email
"Lucent Group, INC.",lucentgp.com,S8,Traffic Signals & Lighting,campaign-P3,CAMPAIGN,,,yes,,inven+grata,no owner-title match
"Midstate Traffic Control, INC.",midstatetraffic.com,S8,Traffic Signals & Lighting,campaign-P3,CAMPAIGN,,,yes,,inven+grata,no title match (3 contacts at domain)
New England Traffic Solutions,newenglandtrafficsolutions.com,S8,Traffic Signals & Lighting,campaign-P3,CAMPAIGN,,,yes,yes,inven,non-owner title (VP)
"Path Master, Inc.",pathmasterinc.com,S8,Traffic Signals & Lighting,campaign-P3,CAMPAIGN,,,yes,,inven,office line only; non-owner title (VP)
Venture Electric Company,ventureelectricva.com,S8,Traffic Signals & Lighting,campaign-Nurture,CAMPAIGN,,,yes,yes,inven,ok
Austin Electrical Construction,austinelectricalconstruction.com,S8,Traffic Signals & Lighting,campaign-Nurture,CAMPAIGN,,,yes,yes,inven,ok
"Lantz Electric, Inc.",lantzelectric.com,S8,Traffic Signals & Lighting,campaign-Nurture,CAMPAIGN,,,yes,,inven+grata,no owner-title match (2 contacts on file)
Elemco Services Inc.,elemco.com,T1,Testing & Commissioning,campaign-P2,CAMPAIGN,,,yes,,inven+grata,no coverage
Quality Power Solutions,qpsolutions.com,T1,Testing & Commissioning,campaign-Nurture,CAMPAIGN,,,yes,,inven+grata,no provider coverage
Southern New England Electrical Testing,electrical-testing.com,T1,Testing & Commissioning,campaign-Nurture,CAMPAIGN,,,yes,,inven+grata,no coverage
"United Power Services, Inc.",united-power.com,T1,Testing & Commissioning,campaign-P2,CAMPAIGN,,,yes,yes,inven,ok
High Voltage Electric,highvoltageelectric.com,T1,Testing & Commissioning,campaign-P2,CAMPAIGN,,,yes,,inven+grata,no title match (3 contacts at domain)
Point On Wave,pointonwave.com,T1,Testing & Commissioning,campaign-P2,CAMPAIGN,,,yes,,inven,office line only; contact located Canada - verify US operations
"RB Marine Power Engineering, Inc.",rb-marine.com,T1,Testing & Commissioning,campaign-Nurture,CAMPAIGN,,,yes,yes,inven,ok
"Sentinel Electric, Inc",sentinelelectricinc.com,T1,Testing & Commissioning,campaign-P2,CAMPAIGN,,,yes,yes,inven,ok
Fulcrum Reliability Systems,fulcrumreliability.com,T1,Testing & Commissioning,campaign-P2,CAMPAIGN,,,yes,yes,inven,not owner-level title (EVP); no verified email
Giga Electrical,gigaelectricalca.com,T1,Testing & Commissioning,campaign-Nurture,CAMPAIGN,,,yes,,inven+grata,no provider coverage
Industrial Electric Testing,industrialelectrictesting.com,T1,Testing & Commissioning,campaign-Nurture,CAMPAIGN,,,yes,,inven+grata,no title match
J.G. Electrical Testing Corporation,jgelectricaltesting.com,T1,Testing & Commissioning,campaign-Nurture,CAMPAIGN,,,yes,yes,inven,ok
Power Analysis,poweranalysis.us,T1,Testing & Commissioning,campaign-Nurture,CAMPAIGN,,,yes,,inven+grata,no provider coverage
Trace Testing,tracetesting.com,T1,Testing & Commissioning,campaign-Nurture,CAMPAIGN,,,yes,,inven+grata,no owner-title match (3 contacts on file)
Tru-Amp Engineering Services,tru-amp.com,T1,Testing & Commissioning,campaign-Nurture,CAMPAIGN,,,yes,,inven+grata,no provider coverage
"741 solutions, LLC",741solutions.com,T2,Electrical Apparatus Servicing,campaign-Nurture,CAMPAIGN,,,yes,yes,inven,ok
CBS Nuclear Service Inc.,cbsnuclear.com,T2,Electrical Apparatus Servicing,campaign-Nurture,CAMPAIGN,,,yes,yes,inven,no verified email
"Crown ERAM, LLC",crowneram.com,T2,Electrical Apparatus Servicing,campaign-P2,CAMPAIGN,,,yes,,inven+grata,"title_filter_miss: 22 contacts, none matched owner titles"
"III Phase, Inc",iiiphaseinc.com,T2,Electrical Apparatus Servicing,campaign-P2,CAMPAIGN,,,yes,,inven,ok
Southeastern Transformer Co,setransformer.com,T2,Electrical Apparatus Servicing,campaign-Nurture,CAMPAIGN,,,yes,,inven+grata,no owner-title match (7 contacts on file)
"Youngstown Service Shop, Inc.",yss.us,T2,Electrical Apparatus Servicing,campaign-Nurture,CAMPAIGN,,,yes,,inven+grata,no title match
North American Switchgear,naswgr.com,T2,Electrical Apparatus Servicing,campaign-P3,CAMPAIGN,,,yes,yes,inven,ok
Alamo Transformer Supply,alamotransformer.com,T2,Electrical Apparatus Servicing,campaign-P2,CAMPAIGN,,,yes,yes,inven,ok
G&S Technologies,gstechnologies.com,T2,Electrical Apparatus Servicing,campaign-P2,CAMPAIGN,,,yes,,inven+grata,no owner-title match (4 contacts on file)
Instel Inc,instelpower.com,T2,Electrical Apparatus Servicing,campaign-P2,CAMPAIGN,,,yes,yes,inven,ok
Jordan Transformer LLC,jordantransformer.com,T2,Electrical Apparatus Servicing,campaign-P3,CAMPAIGN,,,yes,yes,inven,ok
Michigan Switchgear Services,michiganswitchgear.com,T2,Electrical Apparatus Servicing,campaign-Nurture,CAMPAIGN,,,yes,yes,inven,ok
"Automation Control Company, Inc.",accbr.com,T2,Electrical Apparatus Servicing,campaign-Nurture,CAMPAIGN,,,yes,yes,inven,not owner-level title (VP Sales)
Electronic Maintenance Associates Inc.,emainc.net,T2,Electrical Apparatus Servicing,campaign-Nurture,CAMPAIGN,,,yes,yes,inven,ok
FirstPower Group LLC,firstpowergroupllc.com,T2,Electrical Apparatus Servicing,campaign-Nurture,CAMPAIGN,,,yes,yes,inven,ok
IVS Incorporated,ivsincorporated.com,T2,Electrical Apparatus Servicing,campaign-P2,CAMPAIGN,,,yes,yes,inven,ok
"Industrial Technical Services, Inc.",industrialtechnicalservices.com,T2,Electrical Apparatus Servicing,campaign-Nurture,CAMPAIGN,,,yes,yes,inven,ok
Power Electronics,powerelectronicsus.com,T2,Electrical Apparatus Servicing,campaign-P2,CAMPAIGN,,,yes,,inven+grata,no owner-title match (4 contacts on file)
Power Substation Services,powersubservices.com,T2,Electrical Apparatus Servicing,campaign-P2,CAMPAIGN,,,,,inven,no title match
Variable Speed Solutions Inc.,variablespeedsolutions.com,T2,Electrical Apparatus Servicing,campaign-P2,CAMPAIGN,,,yes,yes,inven,"gatekeeper only - EA to President, not the owner"
"H&H Transformer, Inc.",handhtransformer.com,T2,Electrical Apparatus Servicing,campaign-Nurture,CAMPAIGN,,,,,inven,no title match (1 contact at domain)
T & R Service Company,trservice.com,T2,Electrical Apparatus Servicing,campaign-Nurture,CAMPAIGN,,,yes,,inven+grata,no owner-title match (3 contacts on file)
Tucker Industrial Solutions,tiscontrols.com,T2,Electrical Apparatus Servicing,campaign-Nurture,CAMPAIGN,,,yes,yes,inven,ok
Encore Energy Group,encoreenergygroup.com,S9,EV Charging,campaign-P2,CAMPAIGN,,,yes,yes,inven,ok
Blue Whale EV,bluewhaleev.com,S9,EV Charging,campaign-P3,CAMPAIGN,,,yes,yes,inven,ok
Chargie,chargie.com,S9,EV Charging,campaign-P3,CAMPAIGN,,,yes,yes,inven,ok
"Francis Energy, LLC",francisenergy.com,S9,EV Charging,campaign-P3,CAMPAIGN,,,yes,,inven,no phone
Graviti,gravitienergy.com,S9,EV Charging,campaign-P2,CAMPAIGN,,,yes,,inven,no phone; all emails unverified/low quality
Green Energy Technology,get-ny.com,S9,EV Charging,campaign-P3,CAMPAIGN,,,yes,,inven,"no phone, no verified email"
PlugIn Stations Online LLC,pisoev.com,S9,EV Charging,campaign-Nurture,CAMPAIGN,,,yes,yes,inven,ok
Sweet EV Charging,sweetevcharging.com,S9,EV Charging,campaign-Nurture,CAMPAIGN,,,,,inven,no provider coverage for domain
Verdek™,verdek.com,S9,EV Charging,campaign-P2,CAMPAIGN,,,yes,yes,inven,ok
Utiligi,utiligi.com,S9,EV Charging,campaign-P3,CAMPAIGN,,,yes,yes,inven,ok
ChargeSmart EV,chargesmartev.com,S9,EV Charging,campaign-Nurture,CAMPAIGN,,,yes,yes,inven,ok
Energy Efficiency Pros,eepros.com,S9,EV Charging,campaign-Nurture,CAMPAIGN,,,yes,yes,inven,non-owner title returned (EVP Sales)
Future Fuels,futurefuelsenergy.com,S9,EV Charging,campaign-Nurture,CAMPAIGN,,,yes,yes,inven,ok
GoSpace LLC,gospacego.com,S9,EV Charging,campaign-Nurture,CAMPAIGN,,,yes,yes,inven,not owner-level title (VP BD)
Heartland Charging Services,heartlandchargingservices.com,S9,EV Charging,campaign-Nurture,CAMPAIGN,,,yes,yes,inven,ok
National Car Charging,nationalcarcharging.com,S9,EV Charging,campaign-Nurture,CAMPAIGN,,,yes,yes,inven,ok
Poweral,poweral.com,S9,EV Charging,campaign-Nurture,CAMPAIGN,,,yes,,inven+grata,ok
Spike Electric Controls,spikeelectric.com,M13,Electrical Equipment Mfg,campaign-P3,CAMPAIGN,,,yes,yes,inven,ok
Alfa Transformer,alfatransformer.com,M13,Electrical Equipment Mfg,campaign-P3,CAMPAIGN,,,yes,,inven,office line only; contact located India - likely wrong match
Hope Electric Inc,hopeelectric.com,M13,Electrical Equipment Mfg,campaign-P3,CAMPAIGN,,,yes,,inven+grata,4 contacts at domain but none matched owner-level titles
National Breaker Services,nationalbreakerservices.com,M13,Electrical Equipment Mfg,campaign-P3,CAMPAIGN,,,yes,,inven+grata,no coverage
"Cyprium Induction, LLC",cypriuminduction.com,M13,Electrical Equipment Mfg,campaign-P2,CAMPAIGN,,,yes,yes,inven,ok
Coastline Power Solutions,coastlinepowersolutions.com,M13,Electrical Equipment Mfg,campaign-P3,CAMPAIGN,,,yes,,inven+grata,no title match (22 contacts at domain)
Seaboard Controls LLC,seaboardcontrols.com,M13,Electrical Equipment Mfg,campaign-P2,CAMPAIGN,,,yes,yes,inven,ok
FreeWire Technologies,getspeedcharge.com,M13,Electrical Equipment Mfg,campaign-Nurture,CAMPAIGN,,,,,inven,no provider coverage for domain
Orion Technical Services LLC,oriontechserv.com,E12,Power Systems Engineering,campaign-P3,CAMPAIGN,,,yes,,inven+grata,no owner-title match
Advanced Safety & Energy,asesafety.com,E12,Power Systems Engineering,campaign-Nurture,CAMPAIGN,,,yes,yes,inven,ok
"Cross Discipline Engineering, LLC",crossdiscipline.com,E12,Power Systems Engineering,campaign-P3,CAMPAIGN,,,yes,yes,inven,ok
"D.L. Steiner, Inc.",dlsteiner.com,E12,Power Systems Engineering,campaign-Nurture,CAMPAIGN,,,yes,yes,inven,ok
Taku Engineering llc,takuengineering.com,E12,Power Systems Engineering,campaign-Nurture,CAMPAIGN,,,,,inven,no owner-title match
"Ampsafe, LLC.",ampsafe.com,E12,Power Systems Engineering,campaign-P3,CAMPAIGN,,,yes,yes,inven,ok
"Electrical Safety Specialists, LLC",arcflashpro.com,E12,Power Systems Engineering,campaign-Nurture,CAMPAIGN,,,yes,,inven+grata,no owner-title match (9 contacts on file)
Electrical Solutions Corp,escventura.com,T4,Commercial & Industrial Ctrs,campaign-Nurture,CAMPAIGN,yes,,yes,,inven+grata,"named-mode mismatch: returned a UK Simon King at Arup, not the ESC Ventura owner; office line only"
"TDN Electric, Inc.",tdnelectric.com,T5,Commercial & Industrial Ctrs,campaign-Nurture,CAMPAIGN,yes,,yes,yes,inven,ok
Blakeslee Electric Inc,blakesleeelectric.com,T5,Commercial & Industrial Ctrs,campaign-Nurture,CAMPAIGN,yes,,yes,yes,inven,ok
"Bowers Electric, LLC",bowerselectric.net,T5,Commercial & Industrial Ctrs,campaign-Nurture,CAMPAIGN,yes,,yes,yes,inven,ok
Control Works,control-works.com,T4,Commercial & Industrial Ctrs,campaign-Nurture,CAMPAIGN,yes,,yes,yes,inven,ok
"Cook Electrical of Jacksonville, Inc.",cookelectrical.com,T5,Commercial & Industrial Ctrs,campaign-Nurture,CAMPAIGN,yes,,yes,yes,inven,ok
G3 Electrical,g3electrical.com,T5,Commercial & Industrial Ctrs,campaign-Nurture,CAMPAIGN,yes,,yes,yes,inven,ok
"Genesis Electric & Technologies, Inc.",getgenesiselectric.com,T5,Commercial & Industrial Ctrs,campaign-Nurture,CAMPAIGN,yes,,yes,yes,inven,ok
Gray Electric LLC,grayelectricllc.com,T5,Commercial & Industrial Ctrs,campaign-Nurture,CAMPAIGN,yes,,yes,,inven+grata,no phone
Imperial Lighting,imperiallighting.com,T5,Commercial & Industrial Ctrs,campaign-Nurture,CAMPAIGN,yes,,yes,yes,inven,ok
"Lighting Services, Inc.",lightingservicesinc.net,T5,Commercial & Industrial Ctrs,campaign-Nurture,CAMPAIGN,yes,,,,inven,named lookup: no contact matching 'Cooper C.' at domain
Lira Electric LLC,liraelectric.com,T5,Commercial & Industrial Ctrs,campaign-Nurture,CAMPAIGN,yes,,yes,,inven,no mobile; direct dial only
Stence Electric,stenceelectric.com,T4,Commercial & Industrial Ctrs,campaign-Nurture,CAMPAIGN,yes,,yes,,inven+grata,named lookup: no contact found for Glenda Stence
Teays Valley Engineering,teaysvalleyeng.com,T4,Commercial & Industrial Ctrs,campaign-Nurture,CAMPAIGN,yes,,yes,yes,inven,ok
Tercero INC.,terceroinc.com,T5,Commercial & Industrial Ctrs,campaign-Nurture,CAMPAIGN,yes,,yes,,inven,office line only
Tirone Electric & Data,tirone-electric.com,T5,Commercial & Industrial Ctrs,campaign-Nurture,CAMPAIGN,yes,,yes,yes,inven,ok
Western States Controls,iwestco.com,T4,Commercial & Industrial Ctrs,campaign-Nurture,CAMPAIGN,yes,,yes,yes,inven,ok
EV Revolution,evrevolution.com,S9,EV Charging,campaign-Nurture,CAMPAIGN,yes,,yes,yes,inven,ok
Excel Ltd. Inc.,excelltdinc.com,M13,Electrical Equipment Mfg,campaign-Nurture,CAMPAIGN,yes,,yes,yes,inven,only verified email is personal and name-mismatched (Andrew) - verify
Northeast Industrial Batteries Inc.,northeastbatteries.com,M13,Electrical Equipment Mfg,campaign-Nurture,CAMPAIGN,yes,,yes,yes,inven,ok
SecuControl,secucontrol.com,M13,Electrical Equipment Mfg,campaign-Nurture,CAMPAIGN,yes,,yes,,inven,office line only; Germany-based contact
"Puleo Electronics, Inc",annunciator.com,M13,Electrical Equipment Mfg,campaign-Nurture,CAMPAIGN,yes,,yes,yes,inven,ok
Warren Lightning Rod Company,wlrc.net,S10,Lightning Protection,campaign-Nurture,CAMPAIGN,yes,,yes,yes,inven,"title is VP Operations, not owner-level"
"A/C Lightning Protection, Inc.",aclightningprotection.com,S10,Lightning Protection,campaign-Nurture,CAMPAIGN,yes,,yes,yes,inven,likely wrong match - returned person is a Scooters Coffee franchise owner in Omaha NE with all verified emails on scooterscoffee.com; only aclightningprotection.com email is unverified/Very bad. Do not use without web verification.
G&G Electric Service Inc.,g-gelectricservice.com,S10,Lightning Protection,campaign-Nurture,CAMPAIGN,yes,,yes,yes,inven,ok
Larson Lightning Protection,larsonlightning.com,S10,Lightning Protection,campaign-Nurture,CAMPAIGN,yes,,yes,yes,inven,ok
"Lightning Prevention Systems, Inc",lpsnet.com,S10,Lightning Protection,campaign-Nurture,CAMPAIGN,yes,,yes,yes,inven,ok
Quality Lightning Protection,qlpnc.com,S10,Lightning Protection,campaign-Nurture,CAMPAIGN,yes,,yes,,inven,no phone returned; email unverified guess
Ancona Controls,anconacontrols.com,T6,Mission critical power,campaign-Nurture,CAMPAIGN,yes,,yes,yes,inven,ok
Sdm Metro,sdmmetro.com,T6,Mission critical power,campaign-Nurture,CAMPAIGN,yes,,yes,yes,inven,ok
UniPower LLC,unipowerllc.com,T6,Mission critical power,campaign-Nurture,CAMPAIGN,yes,,yes,yes,inven,ok
Delmarva Electric Motors and Machine Incorporated (Demco),demco.biz,S7,Motor & Generator Companies,campaign-Nurture,CAMPAIGN,yes,,yes,yes,inven,no verified company-domain email; only personal comcast.net address is verified
Houston Pump and Gear,houstonpumpandgear.com,S7,Motor & Generator Companies,campaign-Nurture,CAMPAIGN,yes,,yes,yes,inven,ok
Dahl-Beck Electric,dahlbeckelectric.com,S7,Motor & Generator Companies,campaign-Nurture,CAMPAIGN,yes,,yes,yes,inven,ok
"Electromechanex, LLC",electromechanex.com,S7,Motor & Generator Companies,campaign-Nurture,CAMPAIGN,yes,,yes,yes,inven,ok
Gulf South Armature Inc,gulfsoutharmature.com,S7,Motor & Generator Companies,campaign-Nurture,CAMPAIGN,yes,,yes,,inven+grata,named lookup: no contact matching 'Blyght Wunstell' at domain
Sloan Electric,sloanelectric.com,S7,Motor & Generator Companies,campaign-Nurture,CAMPAIGN,yes,,yes,yes,inven,ok
Hive Power Engineering LLC,hive-power.com,E12,Power Systems Engineering,campaign-Nurture,CAMPAIGN,yes,,yes,yes,inven,no verified company-domain email; only personal addresses verified
"D. Hittle & Associates, Inc.",dhittle.com,E12,Power Systems Engineering,campaign-Nurture,CAMPAIGN,yes,,yes,yes,inven,ok
"IK Power System Solutions, Inc.",ikpower.com,E12,Power Systems Engineering,campaign-Nurture,CAMPAIGN,yes,,yes,yes,inven,"title mismatch: provider returns Project Manager, work list had Owner; domain/initials/New Orleans location consistent so likely same person - verify title"
"Advanced Technology Solutions, Inc.",ats-inc.org,T1,Testing & Commissioning,campaign-Nurture,CAMPAIGN,yes,,yes,yes,inven,ok
Dude Electrical Testing,dudetesting.com,T1,Testing & Commissioning,campaign-Nurture,CAMPAIGN,yes,,yes,,inven+grata,named lookup: no contact matching 'Scott Dude' at domain
"Specialized Engineering Services, Inc.",specializedengineeringservices.com,T1,Testing & Commissioning,campaign-Nurture,CAMPAIGN,yes,,yes,yes,inven,ok
Frazier Signal Technologies,fraziersignals.com,S8,Traffic Signals & Lighting,campaign-Nurture,CAMPAIGN,yes,,yes,yes,inven,ok
Hummel Electric Inc,hummelelectric.com,S8,Traffic Signals & Lighting,campaign-Nurture,CAMPAIGN,yes,,yes,,inven+grata,named lookup: no contact found for Wade Hummel
"Lamey Electric, Inc.",lameyelectric.com,S8,Traffic Signals & Lighting,campaign-Nurture,CAMPAIGN,yes,,yes,yes,inven,"EVP, not owner-level - use as secondary contact"
"Tiffany Electric, Inc.",tiffanyelectric.com,S8,Traffic Signals & Lighting,campaign-Nurture,CAMPAIGN,yes,,yes,,inven+grata,named lookup: no contact matching 'Brian Desrosiers' at domain
Belenus Power Group,belenuspower.com,T3,Utility Line & Substation,campaign-Nurture,CAMPAIGN,yes,,yes,yes,inven,ok
"Excel Underground, LLC",excelunderground.com,T3,Utility Line & Substation,campaign-Nurture,CAMPAIGN,yes,,yes,yes,inven,ok
High Voltage Specialists,highvoltagespecialists.com,T3,Utility Line & Substation,campaign-Nurture,CAMPAIGN,yes,,yes,yes,inven,ok
Top Line Hands LLC,tlhpower.com,T3,Utility Line & Substation,campaign-Nurture,CAMPAIGN,yes,,yes,,inven+grata,named lookup: no contact matching Marcus Rogers at domain
Amcon Industrial,amconindustrial.com,Long tail / holding,,ben-C,BEN,yes,,yes,yes,inven,ok
Franklin Engineering,franklinengineering.com,Long tail / holding,,ben-C,BEN,yes,,yes,,inven+grata,named lookup: no contact found for Bob Guest
HNA Engineering,hnaengineering.com,Long tail / holding,,ben-C,BEN,yes,,yes,,inven+grata,named lookup: no contact matching Josh Holtgrewe at domain
JNW Global,jnwglobal.com,Motor & generator services,,ben-C,BEN,yes,,yes,,inven,no phone returned
Landworx Contracting,landworxcontracting.com,Substation & T&D,,ben-C,BEN,yes,,,,inven,named lookup: no contact matching Marshall Petty at domain
MJ Price Construction,mjpriceconstruction.com,Substation & T&D,,ben-C,BEN,yes,,yes,,inven+grata,named lookup: no contact matching 'Mason Price' at domain
Raxis Engineering,raxisengineering.com,Long tail / holding,,ben-C,BEN,yes,,yes,,inven+grata,named lookup: no contact matching Jose Morales at domain
Sullivan Eastern,sullivaneastern.com,Substation & T&D,,ben-C,BEN,yes,,,,inven,named lookup: no contact matching 'Tom Sullivan' at domain
"Global Electronics Testing Services, LLC",gets-usa.com,T1,,P2-candidate,W1,,,yes,yes,inven,ok
Gulfcoast Calibration,gulfcoastcalibration.com,T1,,P3-candidate,W1,,,yes,,inven+grata,3 contacts at domain but none matched owner-level titles
Aa Technology Inc,aa-tech.com,T1,,P2-candidate,W1,,,yes,,inven+grata,"title_filter_miss: 15 contacts, none matched owner titles"
Tillson Industrial Mechanics,tillsonindustrial.com,T2,,P3-candidate,W1,,,yes,,inven+grata,2 contacts at domain but none owner-level titled
Technology Resource Center,trcinc.net,T3,,P3-candidate,W1,,,yes,,inven+grata,no owner-title match
"Utility Construction Services, LLC",ucspower.com,T3,,P2-candidate,W1,,,yes,yes,inven,ok
Arrowhead Line,arrowheadline.com,T3,,P3-candidate,W1,,,yes,yes,inven,note: also holds a verified pinnacletransition.com email - possible second role or undisclosed affiliate
"Condux Tesmec, Inc.",conduxtesmec.com,T3,,P3-candidate,W1,,,yes,,inven,Italy (Bergamo) - likely wrong match for US entity; office line only; all emails unverified
"AMPP Construction, LLC",amppconstruction.com,T3,,P2-candidate,W1,,,yes,,inven+grata,no coverage
"Petrelli Electric, INC",petrellielectr.wpengine.com,T3,,P3-candidate,W1,,,yes,,inven,likely wrong match - returned a marketing-agency founder at aclipsemarketing.net (Orlando FL); the wpengine.com staging domain is not the real company domain. Find Petrelli Electric real domain before retrying.
Alcantel Division of Alcan Electric,alcanelectric.com,T5,,P3-candidate,W1,,,yes,yes,inven,ok
"Contemporary Electrical Services, Inc.",cont-elec.com,T5,,P3-candidate,W1,,,yes,,inven+grata,17 contacts at domain but none matched owner-level titles
Energy Management Corporation,goemc.com,S7,,P3-candidate,W1,,,yes,,inven+grata,no provider coverage for domain
Palm Electric,palmelectric.com,S7,,P3-candidate,W1,,,yes,,inven+grata,1 contact at domain but no owner-level title match
KSA Lighting & Controls,ksalighting.com,S8,,P3-candidate,W1,,,yes,yes,inven,non-owner title returned (VP Specification Sales)
"TJW Engineering, Inc.",tjwengineering.com,S8,,P3-candidate,W1,,,yes,yes,inven,ok
"MCH Electric, Inc.",mchelectric.com,S8,,P3-candidate,W1,,,yes,,inven+grata,8 contacts at domain but none owner-level titled
"Scientific Lightning Solutions, LLC",sls-us.com,S10,,P3-candidate,W1,,,yes,yes,inven,caution: phone set includes Panama (+507) and Brazil (+55) numbers and slplighting.com email guesses - contact may span multiple entities; verify the US mobiles
Technical Consulting Group,tcongrp.com,S10,,P3-candidate,W1,,,yes,,inven,"office line only; profile location Mannheim, Germany - verify entity match"
Universal EV Chargers,universalevcharging.com,S9,,P2-candidate,W1,,,yes,yes,inven,"all verified emails are on universalgreengroup.com / universalsolarsystem.net, not the target domain - possible parent/affiliate group; verify entity"
Pacific Energy Concepts (PEC),pecnw.com,S9,,P3-candidate,W1,,,yes,yes,inven,ok
Solis USA,solisusa.com,S9,,P3-candidate,W1,,,yes,yes,inven,"VP BizDev, not owner-level; very large low-confidence phone set - treat mobiles as unconfirmed"
Donovan Energy,donovanenergy.com,S9,,P3-candidate,W1,,,yes,yes,inven,ok
Power Quality Inc,powerquality.org,T1,,P3-candidate,W2,,,yes,yes,inven,likely wrong match / non-US: contact location Bangkok Thailand with a powerquality.co.th email and +66 line; may be a Thai affiliate rather than the US target. Verify.
e-Hazard,e-hazard.com,T1,,P3-candidate,W2,,,yes,,inven,"Tunisia - likely wrong match, junk profile; office line only; all emails unverified. Also an electrical-safety training firm = repo DQ pattern"
Alpine Restoration,alpinecr.com,T1,,Nurture-candidate,W2,,,yes,,inven+grata,no provider coverage for domain
"ARGO Systems, LLC",argo-sys.com,T1,,P3-candidate,W2,,,yes,yes,inven,ok
HydroScience Engineers,hydroscience.com,T1,,P3-candidate,W2,,,yes,yes,inven,ok
"Engineering Design Initiative, Ltd",edi-dolejs.com,T1,,P3-candidate,W2,,,yes,,inven+grata,no provider coverage for domain
"L. J. Walch Co., Inc.",ljwalch.com,T2,,Nurture-candidate,W2,,,yes,yes,inven,"VP Production, not owner-level"
Freedom Aero Service Inc.,freedomaeroservice.com,T2,,Nurture-candidate,W2,,,yes,,inven+grata,1 contact at domain but not owner-level titled
Southwind Aviation,southwindaviation.com,T2,,Nurture-candidate,W2,,,yes,,inven+grata,11 contacts at domain but none matched owner-level titles
Naasco,naasco.com,T2,,Nurture-candidate,W2,,,yes,yes,inven,ok
"SkyTeam International, Co.",skyteam.cc,T2,,Nurture-candidate,W2,,,yes,yes,inven,ok
a.I.R.S.,airsaviation.com,T2,,Nurture-candidate,W2,,,,,inven,no provider coverage for domain
TESS Electrical Sales & Service,tessllc.us,T2,,Nurture-candidate,W2,,,yes,,inven+grata,17 contacts at domain but none matched owner-level titles
bXperts,bxperts.com,T2,,P3-candidate,W2,,,yes,yes,inven,Dominican Republic (Santo Domingo) - likely wrong match / non-US entity for a US target
EMI of KC,emiofkc.com,T2,,P3-candidate,W2,,,yes,yes,inven,ok
Island Marine Electric,islandmarineelectric.com,T2,,Nurture-candidate,W2,,,yes,yes,inven,non-owner title returned (VP Sales and Marketing)
El-Hy-Mec,el-hy-mec.com,T4,,P3-candidate,W2,,,yes,,inven,office line only; surname truncated to initial in provider record
"Precision Electronics, Inc.",precisionelectronics.net,T4,,P3-candidate,W2,,,yes,yes,inven,non-owner title (VP); all emails unverified guesses
"Alcatex, Inc. - Data Center Services",alcatex.com,X9,,P3-candidate,W2,,,yes,yes,inven,"Shop Manager, not owner-level (title filter matched on General Manager synonym)"
"Star Tech Marine Electronics, LLC",startechmarine.com,T6,,P3-candidate,W2,,,yes,,inven,office line only; non-owner title (HVAC Service Manager)
Maritime Technical Services Inc,maritimetechnicalservices.com,T6,,P3-candidate,W2,,,yes,yes,inven,"Operations Manager, not owner-level; no verified email (all guesses)"
Reliable Resources Inc,relres.com,T6,,P3-candidate,W2,,,yes,yes,inven,ok
JDC Power Systems,jdcpowersystems.com,T6,,P2-candidate,W2,,,yes,yes,inven,"VP Sales, not owner-level"
"Silverback Data Center Solutions, Inc",teamsilverback.com,T6,,P3-candidate,W2,,,yes,yes,inven,only verified email is an unrelated-looking personal gmail; corporate emails unverified
"Facilities Engineering Associates, P.C.",feace.com,T6,,P3-candidate,W2,,,yes,yes,inven,"VP, not owner-level"
Karbon Engineering,karbonengineering.com,T6,,P3-candidate,W2,,,yes,yes,inven,corporate emails all unverified; only personal gmail verified
ANTARA Group,theantaragroup.com,T6,,P3-candidate,W2,,,yes,yes,inven,note: also holds a verified quadranet.com email - possible second affiliation
Full Circle Industrial,fullcircleindustrial.com,S7,,P2-candidate,W2,,,yes,,inven,office line only
"Reinhart & Associates, Inc.",reinhartassoc.com,S7,,P3-candidate,W2,,,yes,yes,inven,ok
Bulldog On-Site Solutions,bulldogonsite.com,S7,,P3-candidate,W2,,,yes,yes,inven,ok
Dynamics Research Corp,dynamicsresearch.net,S7,,P3-candidate,W2,,,yes,,inven+grata,no provider coverage for domain
"East Coast Valve Services, Inc.",eastcoastvalve.com,S7,,P3-candidate,W2,,,yes,yes,inven,ok
"ENDURO Technical Services of North America, Inc.",enduro-ts.com,S7,,P3-candidate,W2,,,yes,yes,inven,ok
"ILD, Incorporated",ildpower.com,S7,,P3-candidate,W2,,,yes,,inven+grata,8 contacts at domain but none owner-level titled
Machine Tool Services,mts-nw.com,S7,,P3-candidate,W2,,,yes,yes,inven,ok
"Waveforce Electrical, LLC",waveforceelectrical.com,S7,,P3-candidate,W2,,,yes,yes,inven,non-owner title (VP Operations); also carries a verified hii-ingalls.com email - check for undisclosed parent/prior employer
Innova Energy Services,innova-es.com,S7,,P3-candidate,W2,,,yes,yes,inven,ok
Dynomill Incorporated,dynomill-us.com,S7,,P3-candidate,W2,,,yes,,inven+grata,no provider coverage for domain
Mike's Micro Parts,mikesmicroparts.net,S7,,P3-candidate,W2,,,yes,,inven+grata,no provider coverage for domain
Metzger Machine Co.,metzgermachine.com,S7,,P3-candidate,W2,,,yes,,inven+grata,2 contacts at domain but none owner-level titled
TGB Inc,tgbinc.com,S8,,P3-candidate,W2,,,yes,,inven+grata,1 contact at domain but no owner-level title match
GreenWealth Energy,green-wealth.com,S9,,Nurture-candidate,W2,,,yes,yes,inven,ok
EV Edison,ev-edison.com,S9,,P3-candidate,W2,,,yes,yes,inven,note: also holds a verified milhouseinc.com email - possible parent or second role; verify entity before outreach
ZEF Energy,zefenergy.com,S9,,P3-candidate,W2,,,yes,yes,inven,ok
CGO Solutions,cgosolutions.com,S9,,P3-candidate,W2,,,,,inven,no provider coverage for domain
Matcha Energy,matchaelectric.com,S9,,P3-candidate,W2,,,yes,yes,inven,ok
it's electric,itselectric.us,S9,,P3-candidate,W2,,,yes,yes,inven,ok
EV Range Charging Network,evrange.com,S9,,P3-candidate,W2,,,yes,yes,inven,also verified at cleantek.co - possible parent/affiliate
Energy Source,energysource.com,S9,,Nurture-candidate,W2,,,yes,yes,inven,ok
PositivEnergy,positivenergy.us,S9,,P3-candidate,W2,,,yes,,inven,no mobile; direct dial only
"LBA Group, Inc.",lbagroup.com,S10,,P3-candidate,W2,,,yes,yes,inven,ok
"Industrial Access, Inc.",industrialaccess.com,S10,,P3-candidate,W2,,,yes,yes,inven+grata,"4th exec Erin Riley (CFO, eriley@industrialaccess.com) dropped by 3-contact cap"
"Roberts Corrosion Services, LLC",rcswv.com,S10,,P3-candidate,W2,,,yes,,inven,"no mobile (direct dial + office only); email is on robertscorrosionservices.com not rcswv.com - same firm alias, but note this is a corrosion-services company (validated DQ pattern)"
"Northern Inspection Services, LLC",nismidwest.com,S10,,P3-candidate,W2,,,yes,yes,inven,ok
Peak Corrosion Control Inc,peakcorrosion.com,S10,,P3-candidate,W2,,,yes,,inven+grata,SKIPPED (not called) - cathodic protection / corrosion control is a validated DQ pattern per CLAUDE.md; credits reserved for in-scope electrical rows
"R W Shelton Services, Inc",rwsheltonservices.com,S10,,P3-candidate,W2,,,yes,,inven+grata,no provider coverage for domain
Qualcorr Engineering Corp,qualcorr.com,S10,,P3-candidate,W2,,,yes,,inven+grata,SKIPPED (not called) - cathodic protection / corrosion control validated DQ pattern
"Gallup Pipeline And Compliance Services, Llc.",galluppipeline.com,S10,,P3-candidate,W2,,,yes,,inven+grata,no provider coverage for domain; named lookup for Roger L. Montano found nothing
"Vecor Pipeline Integrity, Inc.",vecor-pi.com,S10,,P3-candidate,W2,,,yes,yes,inven,ok
Chenault Consulting Inc,chenaultconsulting.com,S10,,P3-candidate,W2,,,yes,,inven+grata,named lookup for Gordon Chenault missed; titled-domain fallback found 10 contacts but none owner-titled - no contact
Southern Cathodic Protection Company,cathodicprotection.com,S10,,P3-candidate,W2,,,yes,,inven+grata,SKIPPED (not called) - cathodic protection / corrosion control validated DQ pattern
ICORR Technologies,icorrtech.com,S10,,P3-candidate,W2,,,yes,,inven+grata,no phone returned
Cathodic Protection Management,corrosionspecialists.com,S10,,P3-candidate,W2,,,yes,,inven+grata,SKIPPED (not called) - cathodic protection / corrosion control validated DQ pattern
PCC Integrity,pccintegrity.com,S10,,P3-candidate,W2,,,yes,,inven+grata,no provider coverage for domain (named lookup for Gloria Lazaro-Pinzon and titled fallback both empty)
North American Survey Corporation,nascorp.biz,S10,,P3-candidate,W2,,,yes,yes,inven,ok
"Challenger Drilling, Inc.",challengerdrilling.com,S10,,P3-candidate,W2,,,yes,,inven+grata,Kuwait - likely wrong match; also Night Manager not owner-level and office line only. Named lookup for Jeff Lutz (President/CEO) missed
"On The Mark Utility Locating Services, Inc.",otmlocating.com,S10,,P3-candidate,W2,,,yes,yes,inven,ok
Echem Consultants LLC,echemconsultants.com,S10,,P3-candidate,W2,,,yes,,inven+grata,office line only
ACS Inc.,acspecialists.us,S10,,P3-candidate,W2,,,yes,yes,inven,no verified company-domain email; only personal att.net verified
"Allied Corrosion Industries, Inc.",alliedcorrosion.com,S10,,P3-candidate,W2,,,yes,yes,inven+grata,no verified work email (only personal gmail). NOTE: corrosion-control firm - matches a validated DQ pattern in CLAUDE.md rule 5
Cotery,thecotery.com,T2,,P3-candidate,W3,,,yes,,inven+grata,no provider coverage for domain
"Molecular Matrix, Inc.",molecularmatrix.com,T2,,P3-candidate,W3,,,yes,yes,inven+grata,"substitute contact - asked for Charles Lee (Founder/CEO), got Justin Judd (VP R&D)"
Chesapeake Bay Helicopters Inc.,cbhelos.com,T3,,P2-candidate,W3,,,yes,yes,inven,ok
Aerones Engineering,aerones.com,S10,,P2-candidate,W3,,,yes,yes,inven+grata,"contact located in LATVIA - non-US target, likely wrong match for a US electrical-services thesis; also titled CTO not Co-Founder"
Weather Guard Lightning Tech,weatherguardaero.com,S10,,P3-candidate,W3,,,yes,,inven+grata,no provider coverage for domain
"Primary Utility Services, LLC",primaryus.com,T3,,master-P1,MASTER,,,yes,yes,inven+grata,ok
Power Distribution Maintenance,pdmaintenance.com,T1,,master-P1,MASTER,,,yes,yes,inven,no verified company-domain email; only personal yahoo verified
"Scobee Powerline Construction, LLC",scobeepowerline.com,T3,,master-P1,MASTER,,,yes,,inven+grata,4 contacts at domain but none owner-level titled
"Dynamic Electric, Inc.",dynamicelectric.com,T4,,master-P1,MASTER,,,yes,yes,inven,"no verified company-domain email; contact in Greenville SC but office line is Illinois area code 708 - possible entity mismatch, verify"
Power Line Consultants,powerlineconsultantsllc.com,T3,,master-P1,MASTER,,,yes,,inven+grata,no provider coverage for domain
California Electrical Services,california-electrical.com,T4,,master-P1,MASTER,,,yes,,inven+grata,8 contacts at domain but none matched owner-level titles
Jordan High Voltage,jordanhighvoltage.com,T3,,master-P1,MASTER,,,yes,,inven+grata,6 contacts at domain but none owner-level titled
I.C. Reed & Sons,icreed.com,T3,,master-P1,MASTER,,,yes,,inven+grata,no provider coverage for domain
Jess Howard Electric Co.,jesshoward.com,T5,,master-P1,MASTER,,,yes,,inven+grata,24 contacts at domain but none owner-level titled
Tennessee Associated Electric,tn-associated.com,S7,,master-P1,MASTER,,,yes,,inven+grata,16 contacts at domain but none matched owner-level titles
Horsepower Electric Inc,horsepowerelectric.com,S8,,master-P1,MASTER,yes,,yes,,inven,office line only; no email; non-owner title (operations superintendent)
Caldwell Electrical Contractors,caldwellelectric.com,T4,,master-P1,MASTER,yes,yes,yes,yes,inven+grata,ok
Southern Power Systems,sopower.com,T1,,master-P1,MASTER,yes,yes,yes,yes,inven+grata,ok
Walter J Barnes Electric Co Inc,wjbe.com,T4,,master-P1,MASTER,yes,yes,yes,yes,inven+grata,"named lookup for Bill Ellis (President) found nothing; titled-domain fallback returned Michael Ellis, EVP - NOT the named owner, substitute contact"
Coalmont Electrical Development Corp,coalmont.com,T4,,master-P1,MASTER,yes,yes,yes,yes,inven+grata,ok
Coutts Brothers Inc,couttsbros.com,T3,,master-P1,MASTER,yes,yes,yes,yes,inven+grata,ok
Van Haren Electric Inc.,vanharen.com,T4,,master-P1,MASTER,yes,yes,yes,yes,inven+grata,"titled-domain lookup; returned Brian Vanharen (CEO) not the listed Krein Bons - different person, US-based, plausible principal"
"Ace Electrical Contractors, Inc.",aceelectrical.net,T5,,master-P1,MASTER,yes,yes,yes,yes,inven+grata,"named lookup for Larry Palm (CEO) found nothing; titled-domain fallback returned John Graunke, Vice President - NOT the named owner"
Lighting Maintenance Inc,lightingmaintenance.com,S8,,master-P1,MASTER,yes,yes,yes,yes,inven+grata,ok
"Motor Technology, Inc",motortechnologyinc.com,S7,,master-P1,MASTER,yes,yes,yes,yes,inven+grata,ok
Longo Electrical-Mechanical Inc.,elongo.com,S7,,master-P1,MASTER,yes,yes,yes,yes,inven+grata,ok
"Delta Utility Services, Inc",deltausinc.com,T3,,master-P2,MASTER,,,yes,yes,inven,no verified company-domain email; all professional guesses are on delta-utility.net not deltausinc.com - verify which entity she leads
Electric Power Inc.,elecpwr.com,T1,,master-P2,MASTER,,,yes,yes,inven,non-owner title (Division Manager)
Electrical Engineering Enterprises,electricalengineeringenterprises.com,T1,,master-P2,MASTER,,,yes,yes,inven,no verified company-domain email; only personal addresses verified
Transformer Service Inc,transformer-svc.com,T2,,master-P2,MASTER,,,yes,yes,inven,ok
"LND Technical Services, LLC",lndts.com,T1,,master-P2,MASTER,yes,,yes,yes,inven,note: also holds a verified magnaiv.com email and a Vietnam (+84) mobile - possible second affiliation; verify entity
Graves Electrical Services,graves-electrical.com,T3,,master-P2,MASTER,,,yes,,inven+grata,5 contacts at domain but none owner-level titled
Northeast Texas Power Ltd,northeasttexaspower.com,T3,,master-P2,MASTER,,,yes,yes,inven,ok
Transformer Services INC,transformerservicesinc.com,T2,,master-P2,MASTER,,,yes,,inven,office line only; non-owner title (Business Manager); office number matches transformer-svc.com (Concord NH) - possible shared/affiliated entity
"Triangle Electric, Inc.",triangleelectric.net,T4,,master-P2,MASTER,,,yes,,inven,no verified email (all guesses Very bad); no mobile - direct dial and office only
"E. E. U., INC",eeu-inc.com,T1,,master-P2,MASTER,,,yes,,inven+grata,4 contacts at domain but none owner-level titled
"Blackmon Service, Inc.",blackmonservice.com,T6,,master-P2,MASTER,,,yes,,inven+grata,5 contacts at domain but none matched owner-level titles
Di-Trol Systems Inc.,ditrol.com,T4,,master-P2,MASTER,,,yes,,inven,NAME MISMATCH: contact is Bill Pugh (Owner) but the only email returned belongs to Lisa Schonefeld - do not use as Pugh's address; no phone
Jackson Electrical Contractors,jacksonelect.com,T4,,master-P2,MASTER,,,yes,,inven+grata,15 contacts at domain but none matched owner-level titles
"Mjm Electric, INC.",mjmelect.com,T4,,master-P2,MASTER,,,yes,,inven+grata,10 contacts at domain but none owner-level titled
"Rural Electric, Inc.",ruralelectric.com,T4,,master-P2,MASTER,,,yes,yes,inven,ok
High Voltage Service,hvserviceinc.com,T1,,master-P2,MASTER,,,yes,,inven,"UK (London), Chartered Accountant title - likely wrong match for US target; no phone; email unverified"
Anderson & Wood Construction Co,andersonandwood.com,T3,,master-P2,MASTER,,,yes,yes,inven,"VP Admin, not owner-level; no verified email (all guesses Very bad)"
"Chinchor Electric, Inc.",chinchorelectric.com,T4,,master-P2,MASTER,,,yes,yes,inven,all corporate emails unverified; only personal gmails verified
"Ion Field Services, LLC",ion-fs.com,T4,,master-P2,MASTER,,,yes,yes,inven,ok
"Taylor Electric, Inc.",taylorelectricutility.com,T3,,master-P2,MASTER,,,yes,,inven,office line only
"Doleac Electric Company, Inc.",doleac.com,T5,,master-P2,MASTER,,,yes,yes,inven,"Project Manager, not owner-level"
"Duke Electric Co., Inc.",dukeelec.com,T5,,master-P2,MASTER,,,yes,,inven,no phone returned
A. West Enterprise,awestenterprise.com,T5,,master-P2,MASTER,yes,,yes,,inven+grata,"NOT ATTEMPTED - stopped at credit floor (balance 6018, stop line 6010)"
Dvorak LLC,dvorakllc.com,T5,,master-P2,MASTER,,,yes,yes,inven,"no corporate email returned, only personal gmail"
Edgar Electric Inc.,edgarelectricinc.com,T4,,master-P2,MASTER,,,yes,,inven+grata,"NOT ATTEMPTED - stopped at credit floor (balance 6018, stop line 6010)"
Day And Sons Inc,dayandsonsinc.com,T3,,master-P2,MASTER,,,yes,yes,inven,ok
Grays Power Supply LLC,grayspowersupply.com,T3,,master-P2,MASTER,,,yes,,inven+grata,"NOT ATTEMPTED - stopped at credit floor (balance 6018, stop line 6010)"
"Columbia River Electric Maintenance, Inc.",crem-inc.com,T4,,master-P2,MASTER,,,yes,yes,inven,ok
Flory Line Construction,florylineconstruction.com,T3,,master-P2,MASTER,,,yes,,inven+grata,"NOT ATTEMPTED - stopped at credit floor (balance 6018, stop line 6010)"
Southern Integrated Solutions & Consulting,southernisc.com,T4,,master-P2,MASTER,,,yes,yes,inven,ok
Siebert Electric,siebertelectric.com,T3,,master-P2,MASTER,,,yes,,inven+grata,"NOT ATTEMPTED - stopped at credit floor (balance 6018, stop line 6010)"
"Veteran Electrical Power Systems, Inc.",vet-eps.com,T1,,master-P2,MASTER,,,yes,yes,inven,non-owner title (Branch Manager)
National Conductor Inc.,nationalconductor.com,T3,,master-P2,MASTER,,,yes,,inven+grata,"NOT ATTEMPTED - stopped at credit floor (balance 6018, stop line 6010)"
"Empower Construction, LLC",empowerconstruct.com,T3,,master-P2,MASTER,,,yes,yes,inven,ok
Western Line Builders Inc,westernlinebuilders.com,T3,,master-P2,MASTER,,,yes,,inven+grata,"NOT ATTEMPTED - stopped at credit floor (balance 6018, stop line 6010)"
"Bayview Engineering & Construction Company, INC.",bayviewecci.com,T4,,master-P2,MASTER,,,yes,,inven+grata,7 contacts at domain but none owner-level titled
Coates Electrical,coateselectrical.com,T4,,master-P2,MASTER,,,yes,yes,inven+grata,"substitute contact - asked for Scott Coates (CEO), got Jason Coates (CEO)"
Chula Vista Electric Co.,c-v-e.com,T5,,master-P2,MASTER,,,yes,,inven+grata,named lookup for Robert W. Friar found nothing; titled-domain fallback found 13 contacts but none with an owner-level title
Electrical Contractors Inc,eciwest.com,T4,,master-P2,MASTER,,,yes,,inven+grata,no owner-titled contact at domain; named lookup for Troy Larsen found nothing
"NABCO Electric Company, Inc.",nabcoelectric.com,T5,,master-P2,MASTER,,,yes,yes,inven+grata,ok
Tolley Electrical Corporation,tolleyelectric.com,T5,,master-P2,MASTER,,,yes,yes,inven+grata,ok
Valdosta Electric Company,valdostaelectric.com,T5,,master-P2,MASTER,,,yes,,inven+grata,named lookup for M Ashley Paulk found nothing; titled-domain fallback: 8 contacts at domain but none with an owner-level title
Volpenhein Brothers Electric,vbe.cc,T4,,master-P2,MASTER,,,yes,yes,inven+grata,"named lookup for Andy Volpenhein missed; titled-domain fallback returned 'A. Volpenhein' Co-Owner but LinkedIn slug is /nickvolpenhein - may be a different Volpenhein, verify first name"
HEI Utility Contractors / Hydro-Exc. Inc.  100% Woman Owned WBENC Certified,heicontractors.com,T3,,master-P2,MASTER,,,yes,yes,inven+grata,ok
S & H Powerline Construction INC,shpowerline.com,T3,,master-P2,MASTER,,,yes,,inven+grata,"named lookup for Marvin Hickey missed; titled-domain fallback: 1 contact, not owner-titled - no contact"
"Bockmon & Woody Electric Co., Inc.",bockmonwoody.com,T5,,master-P2,MASTER,,,yes,yes,inven+grata,"titled-domain lookup returned Nick Woody (Co-CEO), not listed Gary Woody (President); provider returned 8 mobiles for this record - low confidence, verify before dialing"
"Clark Electric, Inc",clarkelectrictx.com,T5,,master-P2,MASTER,,,yes,,inven+grata,named lookup for Edgar Clark missed; titled-domain fallback: no provider coverage for this domain
JB Contracting Corporation,jbcontracting.com,T5,,master-P2,MASTER,,,yes,,inven+grata,"named lookup for Jim Brady JR found nothing; titled fallback returned John Ziemian (Owner) - different person, no mobile and no verified email"
John E Kelly,kellycos.com,T5,,master-P2,MASTER,,,yes,,inven+grata,"named lookup for Stephen Kelly (President) found nothing; fallback returned substitute Mike Farrell (VP), no phone"
Shaw Electric,shawelec.com,T5,,master-P2,MASTER,,,yes,yes,inven+grata,ok
"Standard Electric Company, Inc.",4standardelectric.com,T5,,master-P2,MASTER,,,yes,yes,inven+grata,ok
"Wheeler Electric, Inc.",wheelerelectric.com,T4,,master-P2,MASTER,,,yes,yes,inven+grata,"named lookup for Josh Wheeler (President) found nothing; titled-domain fallback returned Cody Wheeler, VP - substitute, not the named owner"
"Winward Electrical Services, Inc.",winwardelectric.com,T5,,master-P2,MASTER,,,yes,yes,inven+grata,ok
Longhorn Electric,longhornelectrical.com,T3,,master-P2,MASTER,,,yes,yes,inven+grata,"named lookup for Eric Villegas (President) found nothing; fallback returned Seth Strickland, Owner - different person but owner-level; no verified email"
"Utilicon Services, Inc.",utilicon.net,T3,,master-P2,MASTER,,,yes,,inven+grata,named lookup for Joan Glover (President) missed; titled-domain fallback found 3 contacts but none owner-titled - no contact
"Electric Advantage, Inc.",electricadvantage.com,T5,,master-P2,MASTER,,,yes,yes,inven+grata,ok
Excel Electric,excelelectricco.com,T5,,master-P2,MASTER,,,yes,,inven+grata,named lookup for Gary Molzer missed; titled-domain fallback found 3 contacts but none owner-titled - no contact
"Killen Contractors, INC.",killencontractors.com,T3,,master-P2,MASTER,,,yes,yes,inven+grata,"named lookup for Charles Killen (Founder) found nothing; titled-domain fallback returned Will Vaughan, President - different person"
Leer Electric Inc.,leerelectric.com,T5,,master-P2,MASTER,,,yes,,inven+grata,"named lookup for Anthony Leer (President) found nothing; fallback returned Fred Miller, General Superintendent - NOT owner-level; no mobile"
"Mcdade-Woodcock, INC.",mwieic.com,T5,,master-P2,MASTER,,,yes,yes,inven+grata,"list named Randy Dupuy (President & CEO); provider returned Randy Marci, President and CEO - same first name, likely the correct sitting principal but the list name appears wrong"
Metro Electric Company Inc,metroelec.net,T5,,master-P2,MASTER,,,yes,,inven+grata,no owner-titled contact; named lookup for Michael Gunther found nothing
National Electric Works,nationalelectricworks.com,T5,,master-P2,MASTER,,,yes,yes,inven+grata,"named lookup for Clint Morgan (President) found nothing; titled-domain fallback returned Travis Morgan, Vice President - not the named owner"
"Pro Electric, Inc.",proelectricinc.net,T5,,master-P2,MASTER,,,yes,,inven+grata,"office line only; named lookup for Gary Hillis (Founder) found nothing, fallback returned substitute Walter Walker"
"Southeast Electric, INC.",southeastelectric.com,T5,,master-P2,MASTER,,,yes,yes,inven+grata,ok
Westmoreland Electric Inc,westmorelandelectric.com,T5,,master-P2,MASTER,,,yes,yes,inven+grata,"named lookup for Phillip Hunt (Managing Partner) missed; fallback returned Mike Errett, Superintendent - NOT owner-level, substitute contact"
Hughes Systems Industrial Inc,hsitx.com,T4,,master-P2,MASTER,,,yes,,inven+grata,"office line only; named lookup for Ben McNeil (President) found nothing, fallback returned Jason Bailey VP - substitute, not the named owner"
The Robert Henry Corporation,roberthenrycorp.com,T3,,master-P2,MASTER,,,yes,yes,inven+grata,"named lookup for Robert A. Henry (Founder) missed; fallback returned Brian Henry, President - different person (likely successor/family), verify"
MD Electric Group,mdmarineelectric.com,T4,,master-P2,MASTER,,,yes,,inven+grata,"no phone returned; list named David Davey, provider returned Mac Davey (President) - likely same person"
Power Line Contractors,plc-inc.com,T3,,master-P2,MASTER,,,yes,yes,inven+grata,"named lookup for James Dagle (President) missed; fallback returned Garrett McGinnity, General Foreman - NOT owner-level, substitute contact"
VISION Electric & Systems,visionmo.com,T5,,master-P2,MASTER,,,yes,,inven+grata,"office line only; contact located Toronto, ON Canada and is not the listed Douglas Brewer (President & CEO) - likely wrong match"
"PUSH, Inc.",push.us,T3,,master-P2,MASTER,,,yes,yes,inven+grata,named lookup for Jack Lapcinski (Founder) found nothing; fallback returned Chase Lapcinski (President)
All Brite Electric Inc,all-briteinc.com,T5,,master-P2,MASTER,yes,,yes,,inven+grata,named lookup for Barry Joseph (Owner) found nothing; titled fallback found 15 contacts but no owner-level title
Alpha Electric,valleyalphaelectric.com,T4,,master-P2,MASTER,yes,,yes,yes,inven+grata,named lookup for Justin Pedrioli (CEO) found nothing; fallback returned substitute Spiro Dhima (President); emails resolve to alphaelectric.com not the target domain - verify entity
Cynergy Electric,cynergy.com,T5,,master-P2,MASTER,,,yes,yes,inven+grata,"named lookup for Cyndi Saiz (Owner) found nothing; fallback returned Zachary Ashburn, President - different person but owner-level"
Long Electric Co.,longelectric.com,T5,,master-P2,MASTER,,,yes,yes,inven+grata,ok
Payne Electric Co. Inc.,payne-electric.com,T5,,master-P2,MASTER,,,yes,,inven+grata,named lookup for Carly Payne found nothing; titled-domain fallback: 6 contacts at domain but none with an owner-level title
"Bullert Industrial Electric, INC.",bullertindustrial.com,T4,,master-P2,MASTER,,,yes,,inven+grata,named lookup for Eric Bullert found nothing; titled-domain fallback: 7 contacts at domain but none with an owner-level title
"Allied Electric Services, Inc.",alliedelectric.us,T5,,master-P2,MASTER,,,yes,,inven+grata,named lookup for Jimmy Paul found nothing; titled-domain fallback: 25 contacts at domain but none with an owner-level title
Gigerich Electrical Inc,gigerich.net,T5,,master-P2,MASTER,,,yes,yes,inven+grata,"Inven title is VP, our record said President - title mismatch on same person"
"H2E, Incorporated",h2einc.com,T4,,master-P2,MASTER,,,yes,yes,inven+grata,"named lookup for Neil Heckerman (CEO) missed; fallback returned Doug Lauer, Principal/Power Engineer - substitute, not the named CEO"
LJS Electric,ljselectric.com,T5,,master-P2,MASTER,,,yes,,inven+grata,no phone of any type returned
"Northeast Electric, LLC",nellc.net,T4,,master-P2,MASTER,,,,,grata,no grata execs
Ac Electrical Systems,acelectricalsystems.com,T5,,master-P2,MASTER,,,yes,,inven+grata,"office line only; named lookup for Tim Oconnell (President) found nothing and titled fallback returned Matt Burks, Service Manager - not an owner"
Central Valley Electric,centralvalleyelectric.com,T4,,master-P2,MASTER,,,yes,yes,inven+grata,"named lookup for Troy Wells found nothing; titled fallback returned Brice Thorell, General Manager (NE) while office line is CA 209 - possible entity mismatch, no verified email"
"D.W. Evans Electric, INC.",dwevans.com,T5,,master-P2,MASTER,,,yes,yes,inven+grata,"named lookup for Daniel W. Evans (Owner & Founder) found nothing; titled-domain fallback returned Joshua Evans, Vice President - family member, not the named owner"
"LUDCO, Inc.",ludco.com,T5,,master-P2,MASTER,,,yes,,inven+grata,"named lookup for Lud Davis found nothing; titled-domain fallback: 1 contact at domain, no owner-level title"
"M-W Electric, Inc.",mwecinc.com,T5,,master-P2,MASTER,,,yes,,inven+grata,no owner-titled contact at domain; named lookup for Mike V. Woods found nothing
Mock Electric,mockelectric.com,T5,,master-P2,MASTER,,,yes,yes,inven+grata,ok
North Kansas City Electric,nkce.com,T5,,master-P2,MASTER,,,,,grata,no grata execs
Rowe Electric Inc,rowe-electric.com,T5,,master-P2,MASTER,yes,,yes,,inven+grata,named lookup for James Rowe found nothing; titled-domain fallback: 3 contacts at domain but none with an owner-level title
"Tate & Hill, Inc.",tatehillinc.com,T5,,master-P2,MASTER,,,yes,,inven+grata,named lookup for Bill Phillips found nothing; titled-domain fallback: 6 contacts at domain but none with an owner-level title
"Omaha Electric Service, Inc.",omahaelectric.com,T5,,master-P2,MASTER,,,yes,yes,inven+grata,"titled-domain pass missed (16 contacts, no owner title); named lookup succeeded. Multiple mobiles incl. out-of-state 920 - prefer 402-215-4800"
Schmitt Electric,schmittelectric.com,T4,,master-P2,MASTER,,,yes,,inven+grata,named lookup for Ron Schmitt missed; titled-domain fallback found 3 contacts but none owner-titled - no contact
"Active Electric, Inc.",active-electric.com,T5,,master-P2,MASTER,,,yes,,inven+grata,named lookup for Tom Walsh (Owner) missed; titled-domain fallback found 6 contacts but none owner-titled - no contact
"Moore Electrical Service, Inc.",mooreelectrical.com,T5,,master-P2,MASTER,,,yes,,inven+grata,named lookup for Bob Moore missed; titled-domain fallback found 6 contacts but none owner-titled - no contact
NAI Electrical Contractors,nai-ames.com,T5,,master-P2,MASTER,,,yes,yes,inven+grata,"name matches but title differs - provider has Chris Burkhart as Project Manager, list says President; verify he is the principal"
Northern Valley,nvesi.com,T4,,master-P2,MASTER,,,yes,,inven+grata,no provider coverage for domain (named lookup for Josh Kunz and titled-domain fallback both empty)
"All Phase Electric & Maintenance, Inc.",allphaseelectricfl.com,T5,,master-P2,MASTER,,,yes,yes,inven+grata,"named lookup for Scott Nejeschleba (Owner) missed; fallback returned Michael Lott, Business Owner - different person; 10 mobiles returned, low confidence identity match"
Dorey Electric Company,doreyelectric.com,T5,,master-P2,MASTER,,,yes,yes,inven+grata,"substitute contact - asked for Donald R Dorey (President), got Mark Rosenstock (VP)"
Jessco Electric,jesscoelectric.com,T5,,master-P2,MASTER,,,yes,,inven+grata,no provider coverage for domain; named lookup for Harry Goulder found nothing
Kentucky General INC Dba Norman King Electric,nkelectric.com,T4,,master-P2,MASTER,,,,,grata,no grata execs
Sbc Instrument & Control,sbccontrol.com,T3,,master-P2,MASTER,,,yes,,inven+grata,named lookup for Angie Johnson found nothing; titled-domain fallback: no provider coverage for this domain
"Hargrove Electric Company, Inc.",hargroveelectric.com,T5,,master-P2,MASTER,,,yes,yes,inven+grata,"named lookup for Steve Hargrove (Owner/CEO) found nothing; titled-domain fallback returned Matt Powell, Foreman - NOT an owner-level contact"
Super Electric,superelec.com,T5,,master-P2,MASTER,,,yes,,inven+grata,India - likely wrong match; also office line only and no verified email. Named lookup for Ryan Schult (President) missed
"Tri-Technic, Inc.",tri-technic.com,T4,,master-P2,MASTER,,,yes,yes,inven+grata,"named lookup for Dennis Ledbetter (Founder/President) missed; fallback returned Georgia Ledbetter, VP - family member, not the named founder. No verified work email"
"Island Lighting and Power Systems, INC.",ilpsystems.com,T5,,master-P2,MASTER,,,yes,,inven+grata,named lookup for Jim O'Neil (President/Founder) missed; titled-domain fallback found 8 contacts but none owner-titled - no contact
"Kirby Electric, Inc.",kirbyelectricinc.com,T4,,master-P2,MASTER,,,yes,yes,inven+grata,"named lookup for Pat Kirby (CEO) found nothing; titled fallback returned Anthony Cortazzo, General Manager - not the owner"
Rod Fuller Electric Corporation,fullerelectric.com,T5,,master-P2,MASTER,,,yes,yes,inven+grata,provider title is VP Operations (Earl Restine III) vs list title CEO - may be the son/namesake; verify which Earl Restine is principal
Clennon Electric Inc,clennonelectric.com,T4,,master-P2,MASTER,,,yes,,inven+grata,named lookup for Lawrence Clennon found nothing; titled-domain fallback found 3 contacts but none with an owner-level title
"D&M Electrical Contracting, Inc.",dmelectrical.com,T3,,master-P2,MASTER,,,yes,yes,inven+grata,"named lookup for Gil C. Quiniones (CEO) found nothing - that name looks like a bad list entry (NY Power Authority exec); fallback returned Doug Winston, President and CEO of D&M Electrical - use this one"
CIR Electrical,cirelectric.com,T5,,master-P2,MASTER,,,yes,,inven+grata,"office line only; asked for Thomas Jachimowicz (CEO), got substitute Ryan Short (Foreman) - not an owner"
"Blackhawk Neff, Inc.",blackhawkneff.com,T5,,master-P2,MASTER,,,yes,yes,inven+grata,"substitute contact - asked for Robert W Neff (CEO), got Adam Neff (VP)"
"Gatch Electrical Contractors, Inc.",gatchelectrical.com,T5,,master-P2,MASTER,,,yes,yes,inven+grata,"titled-domain lookup returned Jason Meyer (CFO and Co-Owner), not the listed Jason Lamb (President)"
"Keares Electrical Contractor, Inc.",keareselectric.com,T5,,master-P2,MASTER,,,,,grata,no grata execs
Willen Electric Company,willenelectric.com,T5,,master-P2,MASTER,,,yes,,inven+grata,"Inven records Dan Shine as Retired, not President; no phone returned"
Clouse Electric Inc,clouseelectric.com,T5,,master-P2,MASTER,,,yes,,inven+grata,named lookup for Charles Clouse found nothing; titled-domain fallback: 5 contacts at domain but none with an owner-level title
Alaska Line Builders LLC,aklinebuilders.com,T3,,master-P2,MASTER,,,yes,,inven+grata,named lookup for Steve Foster found nothing; titled-domain fallback: 2 contacts at domain but none with an owner-level title
"Thoma Electric, Inc",thomaelectric.com,T5,,master-P2,MASTER,,,yes,yes,inven+grata,"named lookup for Edward Thoma (Owner) missed; fallback returned Bill Thoma, EVP - family member, not the named owner"
Higgins Electric Inc,higginselectric.com,T5,,master-P2,MASTER,,,yes,,inven+grata,named lookup for Kathleen Higgins missed; titled-domain fallback found 6 contacts but none owner-titled - no contact
The Industrial Electric Company of Charlotte,industrialelec.net,T5,,master-P2,MASTER,,,yes,,inven+grata,"named lookup for Michael Woods missed; titled-domain fallback: 2 contacts, none owner-titled - no contact"
JW FREW  Electric,jwfrew.com,T5,,master-P2,MASTER,yes,,yes,,inven+grata,named lookup for Jamie Frew found nothing; titled-domain fallback found 1 contact but no owner-level title
"K & M Electric of Schofield, Inc.",kmelectricinc.com,T5,,master-P2,MASTER,,,yes,,inven+grata,no owner-titled contact at domain; named lookup for Patrick Palecek found nothing
Mallory Electric,malloryelectric.com,T5,,master-P2,MASTER,,,,,grata,no grata execs
S&J Electrical Contractor Inc,sandjelectric.com,T5,,master-P2,MASTER,,,yes,yes,inven+grata,named lookup for Maria Irigaray (Co-Founder) found nothing; fallback returned substitute Sai Garela (Chief Estimator) - not an owner
"Your Electrical Solution, Inc.",yourelectricalsolutions.com,T5,,master-P2,MASTER,,,yes,yes,inven+grata,"named lookup for Bruce Sylvester (Owner) found nothing; fallback returned substitute Ralph Bustamante - low email confidence, verify entity"
"Cavanaugh Electrical Contracting, INC.",cavelect.com,T5,,master-P2,MASTER,,,yes,,inven+grata,no provider coverage for domain
New Direction Utilities Inc,newdirectionutilities.com,T3,,master-P2,MASTER,,,yes,yes,inven+grata,"named lookup for Kelli Scott (President) found nothing; fallback returned Tyler Scott, Dir of Operations - substitute, not the named owner"
Dutton Electric Company Inc,duttonelectric.com,T5,,master-P2,MASTER,,,yes,,inven+grata,no phone returned
Marvin Groves Electric Co Inc,marvingroveselectric.com,T5,,master-P2,MASTER,,,yes,,inven+grata,no owner-titled contact at domain; named lookup for Marvin Groves found nothing
AB Powers,abpowers.com,T5,,master-P2,MASTER,,,yes,,inven+grata,office line only; no verified email
Bazen Electric,bazenelectric.com,T5,,master-P2,MASTER,,,yes,,inven+grata,"named lookup matched a different John Bazen (Electrical Engineering Intern at progressiveae.com, Grand Rapids MI) - wrong person, no phones; titled-domain fallback found 15 contacts but no owner-level title"
"Dc Electric Group, INC",dcelectricgroup.com,S8,,master-P2,MASTER,,,yes,,inven+grata,named lookup for Don Caramagno found nothing; titled-domain fallback: 3 contacts at domain but none with an owner-level title
Power Contracting Company,pcc-pgh.com,S8,,master-P2,MASTER,yes,,yes,yes,inven+grata,"named lookup for Dan Walker (CEO) found nothing; titled-domain fallback returned Rich Aikins, Vice President - not the named owner"
"Madco Electric, Inc.",madcoelectric.com,S8,,master-P2,MASTER,,,yes,,inven+grata,no provider coverage for domain; named lookup for Michael Lawrence Merigian found nothing
All South Lightning Protection Inc.,allsouthlightningprotection.com,S10,,master-P2,MASTER,yes,,yes,,inven+grata,named lookup for Ronald Poirier missed; titled-domain fallback: no provider coverage for this domain
"Coviello Electric & General Contracting CO., INC.",covielloelectricinc.com,S8,,master-P2,MASTER,yes,,yes,,inven+grata,named lookup for Sergio Coviello (President) found nothing; fallback returned substitute Jared Coviello (VP); no mobile
Contractors West,contractorswest.com,S8,,master-P2,MASTER,,,yes,,inven+grata,named lookup for Evert L Farmer found nothing; titled-domain fallback found 2 contacts but no owner-level title
Mass Bay Electrical,massbayelectric.com,S8,,master-P2,MASTER,,,,,grata,no grata execs
Hinck Electric,hinckelectric.com,S8,,master-P2,MASTER,,,yes,yes,inven+grata,"named lookup for Roy Hinck (Founder) found nothing; fallback returned John Buck, President and Owner - different person but owner-level"
Best Repair,bestrepair.net,S7,,master-P2,MASTER,,,yes,,inven+grata,"named lookup for John A. Staton missed; titled-domain fallback: 1 contact, not owner-titled - no contact"
"Industrial Electric Motors, Inc.",iemcc.net,S7,,master-P2,MASTER,,,yes,,inven+grata,no provider coverage for domain (named lookup for Ryan Lee Lopez and titled fallback both empty)
Unlimited Creativity,unlimitedelectricfl.com,S8,,master-P2,MASTER,,,,,grata,no grata execs
Phillips Southern Electric Co,phillips-southern.org,S8,,master-P2,MASTER,,,,,grata,no grata execs
Sierra Pacific Electrical Contracting,sierrapacificelectrical.com,S8,,master-P2,MASTER,yes,,yes,,inven+grata,no owner-titled contact at domain; named lookup for Barry W. Loop found nothing
Power Line Constructors,powerlineconstructors.com,S8,,master-P2,MASTER,,,yes,,inven+grata,named lookup for David L Critelli (CEO) missed; titled-domain fallback found 4 contacts but none owner-titled - no contact
"EEEngineering, LLC",eeengineering.org,E12,,master-P2,MASTER,,,yes,yes,inven+grata,"matched via linkedin.com/in/epassa; Inven name reads 'Thierry States' and title Director of Electrical Engineering, not Founder - verify identity"
Telex LLC,telexllc.com,T1,,master-P2,MASTER,yes,yes,yes,,inven+grata,"named lookup for Joshua Miller (President) found nothing; titled-domain fallback returned Shania Evans (CEO) - NOT the person requested, no phone"
Texas Meter & Device,texasmeter.com,T3,,master-P2,MASTER,yes,yes,yes,yes,inven+grata,named lookup for Steve Swenke (President) found nothing; fallback returned substitute Paul Wyman (VP BD)
Hobgood Electric,hobgoodelectric.com,T4,,master-P2,MASTER,yes,yes,yes,yes,inven+grata,"named lookup for Tommy Hobgood (Owner) found nothing; fallback returned Chris Parkerson, EVP Operations - substitute, not the named owner"
IETS Engineering Services,ietspower.com,T1,,master-P2,MASTER,yes,yes,yes,yes,inven+grata,ok
SI Testing,sitesting.net,T1,,master-P2,MASTER,yes,yes,yes,yes,inven+grata,ok
Davco Electrical Contractors Corp.,davcoelectric.com,T3,,master-P2,MASTER,yes,yes,yes,yes,inven+grata,"named lookup for B. David Collins missed; fallback matched 'B Collins Jr' (LinkedIn /bdavidcollinsjr) - same person. 17 phones returned; only the FL 561 mobiles are plausible, the PA/TX numbers look like record contamination"
"Nationwide Power Solutions, Inc.",nationwidepower.com,T6,,master-P2,MASTER,yes,yes,yes,yes,inven+grata,ok
Dubak Electrical Group,dubakelectrical.com,T4,,master-P2,MASTER,yes,yes,yes,yes,inven+grata,ok
REW Corporation,rewcorp.com,T4,,master-P2,MASTER,yes,yes,yes,yes,inven+grata,"titled-domain lookup returned Roger Walsh (President and Owner), not the listed Terri W. McIntos - owner-level, plausible principal"
Allan Briteway Electrical Utility Contractors,allanbritewayutility.com,T3,,master-P2,MASTER,yes,yes,yes,yes,inven+grata,"substitute contact - asked for Santo Petrocelli (CEO), got Antonios Theodorakakis (EVP)"
Brint Electric Inc.,brintelectric.com,T5,,master-P2,MASTER,yes,yes,yes,yes,inven+grata,5 mobiles returned incl. out-of-state (225/601 area codes) - verify before dialing
Electrical Services Company,electricalservicesco.com,T4,,master-P2,MASTER,yes,yes,yes,yes,inven+grata,"substitute contact - list named Gene Frederick (President), got Cathy Simpson (CFO and Owner)"
Oilfield Technical Services,oilfieldtechnical.com,T4,,master-P2,MASTER,yes,yes,yes,yes,inven+grata,ok
RAPIER Industries,rapierindustries.com,T4,,master-P2,MASTER,yes,yes,yes,yes,inven+grata,ok
"Response Electric, Inc.",responseservices.com,T4,,master-P2,MASTER,yes,yes,yes,yes,inven+grata,ok
Echo Power,echopower.com,T6,,master-P2,MASTER,yes,yes,yes,yes,inven+grata,"verified emails are on echopowerllc.com / echopowerengineering.com, not echopower.com - confirm entity before outreach"
Aid Electric Corporation,aidelectric.com,T5,,master-P2,MASTER,yes,yes,yes,yes,inven+grata,emails on aidelectriccorp.com not aidelectric.com - confirm domain
Master Electric,masterelectric.com,T5,,master-P2,MASTER,yes,yes,yes,yes,inven+grata,ok
Stone & Son’s Electrical Contractors Inc.,stoneandsons.com,T3,,master-P2,MASTER,yes,yes,yes,,inven+grata,no mobile - direct dial only
Albarell Electric Inc.,albarell.com,T5,,master-P2,MASTER,yes,yes,yes,yes,inven+grata,"named lookup for Michael Conkey (President) found nothing; fallback returned Mike Albarell, Owner - different person but owner-level"
Calvi Electric Company,calvielectric.com,T5,,master-P2,MASTER,yes,yes,yes,yes,inven+grata,"named lookup for George Brestle (President, CEO) found nothing; titled fallback returned Michael Brestle, Vice President - family member, not the named owner; record carries 6 mobiles, low confidence"
Parker Electric,parkerelectric.com,T5,,master-P2,MASTER,yes,yes,,,grata,no grata execs
Petri Electric,petri-electric.com,T5,,master-P2,MASTER,yes,yes,yes,yes,inven+grata,ok
Progressive Electric,progressiveelectric.net,T5,,master-P2,MASTER,yes,yes,yes,yes,inven+grata,"no verified work email; common-name match - many unrelated personal emails attached, verify before outreach"
"Seahurst Electric, Inc.",seahurst.com,T5,,master-P2,MASTER,yes,yes,yes,yes,inven+grata,"title differs - asked Owner, returned Vice President (same person, Stephanie Southwick)"
Wilson Electric Company,wilsonelectricco.com,T5,,master-P2,MASTER,yes,yes,yes,yes,inven+grata,named lookup for Joel Kortemeier (President/CFO) found nothing; fallback returned substitute Ryan Hodak (Co-Owner)
Southern Switch & Contacts,southernswitch.com,T2,,master-P2,MASTER,yes,yes,yes,yes,inven+grata,ok
"Prime Electric, Inc.",prime-electricusa.com,T5,,master-P2,MASTER,yes,yes,yes,yes,inven+grata,ok
Southland Electric Inc.,southlandelectricinc.com,T5,,master-P2,MASTER,yes,yes,yes,yes,inven+grata,named lookup for Leanne M Peterson found nothing; titled-domain fallback returned Dean Parsley (Owner) - different person but owner-level; no verified work email
DE - Direct Electric,deelc.com,T4,,master-P2,MASTER,yes,yes,yes,yes,inven+grata,"phone set spans PA/CA/GA/MD area codes - mixed record, verify which mobile is current"
Scalfo Electric Inc,scalfoelectric.com,T4,,master-P2,MASTER,yes,yes,yes,yes,inven+grata,"named lookup for Martha Scalfo (Owner) found nothing; titled-domain fallback returned Richard Grouser Jr., President - substitute, not the named owner"
"Westhues Electric, Inc.",westhueselectric.com,T5,,master-P2,MASTER,yes,yes,yes,yes,inven+grata,"titled-domain lookup returned Greg Westhues (President), not the listed David Wertenberger; no verified email on this record"
"Cable Electric, Inc",cableelectric.com,T5,,master-P2,MASTER,yes,yes,yes,yes,inven+grata,ok
"Chewning + Wilmer, Inc.",cw1924.com,T4,,master-P2,MASTER,yes,yes,yes,yes,inven+grata,ok
Eland Electric Corporation,elandelectric.com,T4,,master-P2,MASTER,yes,yes,yes,yes,inven+grata,"substitute contact - list named Mary A Eland (President), got James Eland (Owner)"
"G.R. Noto Electrical Construction, Inc.",grnotoelectric.com,T5,,master-P2,MASTER,yes,yes,yes,,inven+grata,no mobile - direct dial and office line only
"Glenwood Electric, INC.",glenwoodelectric.com,T5,,master-P2,MASTER,yes,yes,yes,yes,inven+grata,ok
WLS Lighting and Electrical,wlslighting.com,T5,,master-P2,MASTER,yes,yes,yes,yes,inven+grata,"named lookup for Keith Drummond (COO/CEO/Owner) missed; fallback returned Brandon Scogins, CEO - different person than our record"
Wild Electric Inc.,wildelectric.com,T5,,master-P2,MASTER,yes,yes,yes,yes,inven+grata,"named lookup for Marvin Wild (Founder) found nothing; fallback returned Wayne Gerner, VP - substitute, not the named owner"
BizCom Electric,bizcomelec.com,T5,,master-P2,MASTER,yes,yes,yes,yes,inven+grata,"title returned as Vice President, list expected President"
Hurt Electric INC,hurtelectric.com,T5,,master-P2,MASTER,yes,yes,yes,yes,inven+grata,named lookup for Ron Rechlicz (Owner) found nothing; fallback returned Henry Hurt (Owner)
Homestead Electric Company,homesteadelectric.com,T5,,master-P2,MASTER,yes,yes,yes,,inven+grata,no mobile - direct dials only
Key Electric Inc.,keyelectric.biz,T5,,master-P2,MASTER,yes,yes,yes,yes,inven+grata,ok
Maryland Electric Company,maryland-electric.com,T5,,master-P2,MASTER,yes,yes,yes,yes,inven+grata,ok
Schetter Electric,schetter.com,T5,,master-P2,MASTER,yes,yes,yes,yes,inven+grata,ok
Britain Electric,britainelectric.com,T5,,master-P2,MASTER,yes,yes,yes,yes,inven+grata,ok
Beckett Electrical Services LLC,beckettelectrical.com,T5,,master-P2,MASTER,yes,yes,yes,yes,inven+grata,ok
PowerWorks Electric,powerworkselectric.com,T5,,master-P2,MASTER,yes,yes,yes,yes,inven+grata,"substitute contact - asked for Al Fiore (Founder/Chairman/CEO), got Tiffany Adams (VP Finance)"
"Progressive Electric, Inc.",wewireu.com,T5,,master-P2,MASTER,yes,yes,yes,yes,inven+grata,named lookup for Thomas Doyle (CEO) found nothing; titled-domain fallback returned substitute Duane Shurow (VP)
A&B Electric Company,abelectric.net,T5,,master-P2,MASTER,yes,yes,yes,yes,inven+grata,"titled-domain lookup returned Gina Sharman (VP and Co-Owner), not the listed Angel Berumen (Owner)"
Electric Motor Service & Controls,electricmotorservice.net,S7,,master-P2,MASTER,yes,yes,yes,yes,inven+grata,ok
"Bonded Lightning Protection Systems, Inc.",bondedlightning.com,S10,,master-P2,MASTER,yes,yes,yes,yes,inven+grata,ok
Perry Electric,perryelectricsd.com,S8,,master-P2,MASTER,yes,yes,yes,yes,inven+grata,no verified email for Todd Perry himself (only verified address on domain is dferguson@perryelectricsd.com)
Under Power Corp,underpowercorp.com,S8,,master-P2,MASTER,yes,yes,yes,yes,inven+grata,"matched Rafael Nin JR, Warehouse Supervisor - NOT the named President Rafael Nin (likely the son); do not treat as owner contact"
Hicks Lightning Protection,hickslp.com,S10,,master-P2,MASTER,yes,yes,yes,yes,inven+grata,"named lookup for Mark Hicks (CEO) found nothing; titled-domain fallback returned Jeremy Bilbrey, VP Pre-Construction - NOT owner-level, substitute contact"
"Kelly Generator and Equipment, Inc., and Kelly Generator & Equipment of PA & WV, Inc.",kge.com,S7,,master-P2,MASTER,yes,yes,yes,yes,inven+grata,"common-name record: many personal emails/phones merged in, verify before dialing"
Total Energy Solutions,totalenergysolutions.com,S7,,master-P2,MASTER,yes,yes,yes,yes,inven+grata,"titled-domain lookup returned Ron Grant (Owner), not the listed Mark Mire (Co-Founder/Co-Owner); emails resolve to totalenergysolutions.NET - confirm entity; 4 mobiles on record"
"EDM International, Inc.",edmlink.com,E12,,master-P2,MASTER,yes,yes,yes,yes,inven+grata,ok
Utility Relay Company,utilityrelay.com,M13,,master-P2,MASTER,yes,yes,yes,yes,inven+grata,ok
bg-technologies.com,bg-technologies.com,?,,valDQ-review,VALQ,,,yes,,grata,ok
amfacpro.com,amfacpro.com,?,,valDQ-review,VALQ,,,yes,yes,inven+grata,6 mobiles across several states on one record - MA 857 listed first to match location; verify before dialing
chargetronix.com,chargetronix.com,?,,valDQ-review,VALQ,,,yes,,grata,ok
gravitytechnologies.com,gravitytechnologies.com,?,,valDQ-review,VALQ,,,yes,,grata,ok
afi-systems.com,afi-systems.com,?,,valDQ-review,VALQ,,,yes,,grata,ok
magnaproducts.com,magnaproducts.com,?,,valDQ-review,VALQ,,,yes,,grata,ok
omirepair.com,omirepair.com,?,,valDQ-review,VALQ,,,yes,,grata,ok
aesintl.com,aesintl.com,?,,valDQ-review,VALQ,,,yes,,grata,ok
clearwaterinc.net,clearwaterinc.net,?,,valDQ-review,VALQ,,,yes,,grata,ok
kaizenmech.com,kaizenmech.com,?,,valDQ-review,VALQ,,,yes,yes,inven+grata,ok
ludeca.com,ludeca.com,?,,valDQ-review,VALQ,,,yes,yes,inven+grata,ok
padgettswann.com,padgettswann.com,?,,valDQ-review,VALQ,,,yes,yes,inven+grata,ok
thwindersllc.com,thwindersllc.com,?,,valDQ-review,VALQ,,,yes,,grata,ok
turbinepros.com,turbinepros.com,?,,valDQ-review,VALQ,,,yes,yes,inven+grata,ok
wetsinc.net,wetsinc.net,?,,valDQ-review,VALQ,,,yes,,grata,"work email is on suddenlink.net, a consumer ISP domain, not the company domain - verify"
mccordeng.com,mccordeng.com,?,,valDQ-review,VALQ,,,yes,,grata,ok
klelectric.com,klelectric.com,?,,valDQ-review,VALQ,,,yes,,grata,"email on Canadian domain klelectric.ca - possible non-US entity, verify"
relayingsolutions.com,relayingsolutions.com,?,,valDQ-review,VALQ,,,yes,,grata,ok
prowesteng.com,prowesteng.com,?,,valDQ-review,VALQ,,,yes,,grata,ok
westernsystems-inc.com,westernsystems-inc.com,?,,valDQ-review,VALQ,,,yes,,grata,ok
acedig.net,acedig.net,?,,valDQ-review,VALQ,,,yes,yes,inven+grata,"4th exec Steven Hicks (CFO, shicks@acedig.net) dropped by 3-contact cap"
bore-tech.net,bore-tech.net,?,,valDQ-review,VALQ,,,yes,,inven+grata,named lookup for Santy Fernandez missed; titled-domain fallback found 5 contacts but none owner-titled - no contact
julesmadisoninc.com,julesmadisoninc.com,?,,valDQ-review,VALQ,,,yes,,inven+grata,no phone of any type returned
starlinkconstruction.com,starlinkconstruction.com,?,,valDQ-review,VALQ,,,yes,,inven+grata,"titled-domain lookup found 6 contacts but no owner-level title (listed Tony Whitehead, CEO/Owner/President, not returned)"
undergroundutilitiesinc.com,undergroundutilitiesinc.com,?,,valDQ-review,VALQ,,,yes,,grata,ok
Jackson Electric Inc.,jeincmn.com,T4,,master-P3,MASTER,,,yes,,inven+grata,"office line only; titled-domain lookup returned Cody Jackson (VP) not the listed Dale Jackson (President); emails on other domains, no verified address"
Power System Solutions,pssamerica.com,T1,,master-P3,MASTER,,,yes,,inven+grata,"SOUTH AFRICA - likely wrong match for a US target; office line only, no verified email. Named lookup for Lisa Crawford (Owner) missed"
"Lynn Boyer, INC.",lynnboyerinc.com,T4,,master-P3,MASTER,,,yes,,inven+grata,named lookup for Shawn Boyer missed; titled-domain fallback found 10 contacts but none owner-titled - no contact
Versys Group,versysgroup.com,T1,,master-P3,MASTER,,,yes,yes,inven+grata,"Canada (Edmonton, versys.ca) on a US target - likely wrong match"
Data Center Solutions Inc.,dcentersolutions.com,T6,,master-P3,MASTER,,,,,grata,no grata execs
Martin Electric,martinelectric.com,T5,,master-P3,MASTER,,,yes,,inven+grata,"titled-domain lookup found 20 contacts but no owner-level title (listed Kendra Hart, President, not returned)"
Triangle Electric Co,trielec.com,T4,,master-P3,MASTER,,,yes,,inven+grata,named lookup for Roy Martin found nothing; titled-domain fallback: 10 contacts at domain but none with an owner-level title
J Wesley Services Group,jwesleyservices.com,T1,,master-P3,MASTER,,,yes,,inven+grata,no provider coverage for domain
BASS Electric,basselectric.net,T5,,master-P3,MASTER,,,yes,yes,inven+grata,"Inven title is Project Manager, our record said President & CEO - title conflict, this may be a different Jeffrey Yee or a junior namesake; verify before treating as owner"
Big Sky Electric,bigskyelectric.com,T4,,master-P3,MASTER,,,yes,,inven+grata,no mobile - direct dial/office only; named lookup for Daniel Blank (Owner) missed and fallback returned a different person; no verified work email
"Fox Systems, Inc.",foxsystemsinc.com,T4,,master-P3,MASTER,,,,,grata,no grata execs
Gulf Turbine Services,gulfturbineusa.com,T4,,master-P3,MASTER,,,yes,yes,inven+grata,no verified work email (personal only)
"Sage Electric Solutions, LLC",sageelectric.org,T4,,master-P3,MASTER,,,,,grata,no grata execs
"Source Power, LLC",sourcepowerllc.com,T3,,master-P3,MASTER,,,yes,yes,inven+grata,"substitute contact - asked for Delilah Palomino (Founder & Owner), got Javier Palomino (COO, Co-Owner)"
"RTP Electrical Services, LLC",rtpelectricalservices.com,T1,,master-P3,MASTER,,,yes,,inven+grata,named lookup for Lisa Pineiro found nothing; titled-domain fallback: no provider coverage for this domain
Mccune Electrical Services LLC,mccuneelectric.com,T5,,master-P3,MASTER,,,yes,yes,inven+grata,ok
"Swan Electric Company, Inc",swanelectric.com,T4,,master-P3,MASTER,,,yes,yes,inven+grata,spelling differs (Swann vs Swan) - verify identity; no verified work email
Professional Electrical Construction Services,pecs.biz,T3,,master-P3,MASTER,,,yes,yes,inven+grata,no verified email (all guessed patterns); mobile present
Permian Energy Services,permian-es.com,T4,,master-P3,MASTER,,,yes,,inven+grata,"no owner-titled contact at domain (2 contacts, none matching); named lookup for Cam Holson not attempted"
"Amp Industrial Services, LLC",amp-ind.com,T1,,master-P3,MASTER,,,yes,yes,inven+grata,"Inven title is VP of Engineering, our record said Owner - title conflict, may not be the owner; no verified work email"
Midstream & Industrial Controls,micontrols.net,T4,,master-P3,MASTER,,,,,grata,no grata execs
BlueCore Power,bluecorepower.com,T6,,master-P3,MASTER,,,yes,,inven+grata,named lookup for Matthew Blackburn found nothing; titled-domain fallback: 16 contacts at domain but none with an owner-level title
Rubicon Technical Services - Rts,rubicontechservices.com,T6,,master-P3,MASTER,,,yes,yes,inven+grata,"UK mobile (+44) for a Regional Manager in Dungannon, United Kingdom - not the listed William J Pirrone (Founding Partner); non-US, likely wrong match"
"4C2 Electrical Associates, LLC",4c2electrical.com,T4,,master-P3,MASTER,,,yes,yes,inven+grata,ok
Hall Engineering Company,hallengineering.com,T4,,master-P3,MASTER,,,yes,yes,inven+grata,"named lookup for Glenn Hall (Owner) missed; fallback returned Mike Stropkai, VP - not owner-level, substitute contact"
Hammond Electric,hammondelectric.com,T4,,master-P3,MASTER,,,yes,,inven+grata,"no owner-titled contact at domain (7 contacts, none matching); named lookup for Paul J. Hammond found nothing"
Omni Instrumentation & Electrical Services Inc,omniinst.com,T4,,master-P3,MASTER,,,yes,yes,inven+grata,named lookup for Craig Drabyk (President) found nothing; fallback returned substitute Stephen Tallo (PM) - not an owner
"TCB Automation, LLC",tcbautomation.com,T4,,master-P3,MASTER,,,yes,yes,inven+grata,mobiles are TX area codes (469/817) for an OH-based contact - verify
Delmar Electrical Contractors,delmarelectrical.com,T4,,master-P3,MASTER,,,yes,,inven+grata,named lookup for Mark Frederick found nothing; titled-domain fallback: 6 contacts at domain but none with an owner-level title
KRutilities,krutilities.com,T3,,master-P3,MASTER,,,yes,,inven+grata,no phone returned
Diversitec,diversitec.com,T6,,master-P3,MASTER,,,yes,,inven+grata,"office line only; list named Jerry Grothendick (President), got Theophilus P - possible wrong entity, no verified email"
"Re-Con Company, Inc.",reconcompany.org,T3,,master-P3,MASTER,,,yes,,inven+grata,named lookup for John Henry missed; titled-domain fallback found 4 contacts but none owner-titled - no contact
Skyler Electric CO INC,skylerelectric.com,T6,,master-P3,MASTER,,,yes,,inven+grata,named lookup for Dave Ferguson found nothing; titled fallback found 32 contacts but no owner-level title
AAA Electric,aaaelectrictx.com,T5,,master-P3,MASTER,yes,,yes,,inven+grata,no phone returned
Con J Franke Electric,cjfranke.com,T5,,master-P3,MASTER,,,yes,yes,inven+grata,"list names Bill Frain (Owner); provider returned Lew Frain, Owner - likely a relative, confirm which owner to approach"
Hartmann Electric Company Inc,hartmannelectric.com,T5,,master-P3,MASTER,,,yes,yes,inven+grata,ok
Holmes Electric,hecowa.com,T5,,master-P3,MASTER,yes,,yes,,inven+grata,no phone of any type returned
"Lighthouse Enterprises, Inc",leict.com,T5,,master-P3,MASTER,,,yes,yes,inven+grata,"substitute contact - list named Michael Holcomb (Owner), got Allen Throndson (Owner/Principal); no verified email"
Modern Electric Co,modernelectric.com,T5,,master-P3,MASTER,,,yes,yes,inven+grata,ok
"Montgomery Electric, Inc.",montgomeryelectricinc.com,T5,,master-P3,MASTER,,,yes,yes,inven+grata,ok
Traffic Systems Inc.,trafficsystemsinc.net,S8,,master-P3,MASTER,yes,,yes,,inven+grata,"named lookup for Michelle Duncan found nothing; titled-domain fallback: 1 contact at domain, no owner-level title"
Third Coast Services LLC,thirdcoastservices.com,S8,,master-P3,MASTER,yes,,yes,,inven+grata,"titled-domain lookup found 9 contacts but no owner-level title (listed Jim Giles, President, not returned)"
R&D Electric,rdelectricinc.com,S8,,master-P3,MASTER,,,yes,,inven+grata,no provider coverage for domain; named lookup for Rafael Echarri not attempted
White Lightning Protection,whitelightningprotection.com,S10,,master-P3,MASTER,,,,,grata,domain unresolvable in grata (404)
Lightning Master Corporation,lightningmaster.com,S10,,master-P3,MASTER,,,yes,yes,inven+grata,"named lookup for Bruce Kaiser (Founder/Chairman/CEO) found nothing; titled fallback returned Ramy Malaty, General Manager - no verified email"
"Msl Electric, INC.",mslelectric.com,S8,,master-P3,MASTER,,,yes,,inven+grata,named lookup for Warren Moore found nothing; titled-domain fallback: 7 contacts at domain but none with an owner-level title
Thorne Electric Inc.,thorneelectricinc.com,S8,,master-P3,MASTER,,,yes,,inven+grata,named lookup for LuAnne Thorne missed; titled-domain fallback found 4 contacts but none owner-titled - no contact
"Swain Electric, Inc",swainelectric.com,T4,,master-P3,MASTER,,,yes,,inven+grata,"no owner-titled contact at domain (11 contacts, none matching); named lookup for Candy Spangler not attempted"
Tiger Electric,tigerelectric.com,T5,,master-P3,MASTER,yes,,yes,,inven+grata,named lookup for Alex Hill missed; titled-domain fallback found 5 contacts but none owner-titled - no contact
"Volt Electric, Inc.",voltelectricinc.com,T5,,master-P3,MASTER,,,yes,,inven+grata,named lookup for Luisa Bronski found nothing; titled fallback found 8 contacts but no owner-level title
Florida Sol System,floridasol.net,T3,,master-P3,MASTER,,,yes,,inven+grata,named lookup for Sira Valido found nothing; titled-domain fallback: 2 contacts at domain but none with an owner-level title
Aztec Powerline Services,aztecpowerline.com,T3,,master-P3,MASTER,,,yes,,inven+grata,no provider coverage for domain
Liberty Line Builders,libertylinebuilders.com,T3,,master-P3,MASTER,,,yes,,inven+grata,no provider coverage for domain; named lookup for Angel Teumer found nothing
Midwest Power Line,midwestpowerline.us,T3,,master-P3,MASTER,,,yes,,inven+grata,no provider coverage for domain
Shawn Jamison Koranda,legacypowerline.com,T3,,master-P3,MASTER,,,yes,,inven+grata,no provider coverage for domain; named lookup for Ethan Loock found nothing
Brite Electric,brite.group,T5,,master-P3,MASTER,,,yes,,inven+grata,"office line only; named lookup for David Walsh (President) found nothing, fallback returned Mike Torrech (email on briteelec.com) - different person, no verified email"
"Central Florida Electric of Ocala, LLC",cfeocala.com,T5,,master-P3,MASTER,,,yes,yes,inven+grata,"named lookup for Mark Schlichter (President) found nothing; fallback returned Ty Schlichter, VP - family member, not the named owner"
Dausin Electric Co,dausinelectric.com,T5,,master-P3,MASTER,,,yes,,inven+grata,named lookup for Ronnie Dausin found nothing; titled-domain fallback: 13 contacts at domain but none with an owner-level title
Mercier Electric Co. Inc.,mercierelectric.net,T5,,master-P3,MASTER,,,yes,,inven+grata,named lookup for James R. Mercier missed; titled-domain fallback: no provider coverage for this domain
Mon Valley Integration,monvalleyintegration.com,T4,,master-P3,MASTER,,,yes,,inven+grata,"no phone; named lookup for James Lunden (Owner) found nothing, fallback returned Shawn Konya (President/COO)"
"Mountain Power Electrical Contractor, INC.",mtnpower.com,T5,,master-P3,MASTER,,,yes,yes,inven+grata,"named lookup for Lou Pellatiro (President) missed; fallback returned Josh Beck, Owner - different person but owner-level, so usable; our stored owner name may be stale"
"Pacific Electrical Contractors, Inc.",pacificelectrical.com,T5,,master-P3,MASTER,,,yes,yes,inven+grata,ok
RSC Electrical & Mechanical Contractor's Inc.,rsccompany.com,T5,,master-P3,MASTER,,,yes,,inven+grata,"no owner-titled contact at domain (18 contacts, none matching); named lookup for Anita E. Bolden-Monroe not attempted"
Sadler Electric Inc,sadlerelectricinc.com,S8,,master-P3,MASTER,,,yes,,inven+grata,named lookup for Brian Sadler found nothing; titled fallback found 3 contacts but no owner-level title
Sharlen Electric Company,sharlen.com,T5,,master-P3,MASTER,,,yes,yes,inven+grata,named lookup for Bill Cullen (Founder) found nothing; fallback returned substitute Steve Horton (VP Ops)
Shelley Electric,shelleyelectric.com,T5,,master-P3,MASTER,,,yes,,inven+grata,named lookup for Tom Zoglmann missed; titled-domain fallback found 6 contacts but none owner-titled - no contact
Southwestern Electrical Co. Inc.,sw-electric.com,T5,,master-P3,MASTER,,,yes,,inven+grata,"office line only; list named Richard Drake (President), got Aaron Drake (President and CEO)"
Western Mountain INC,westernmountaininc.com,T4,,master-P3,MASTER,,,yes,,inven+grata,"office line only; named lookup for Todd Taylor (CEO) found nothing, fallback returned Arika Phipps - substitute, not the named owner"
Yellowstone Electric Co.,yecomt.com,T5,,master-P3,MASTER,,,yes,,inven+grata,named lookup for Zachary Rieker missed; titled-domain fallback: no provider coverage for this domain
"Newsome Electrical Construction, LLC",nec-llc.com,T4,,master-P3,MASTER,yes,,yes,yes,inven+grata,record includes several junk gmail aliases - only credible emails kept
"SR Diversified, LLC",srdiversified.com,T3,,master-P3,MASTER,,,yes,yes,inven+grata,ok
"U.S. Utility Contractor Co., Inc.",usutilitycontractors.com,T3,,master-P3,MASTER,,,yes,,inven+grata,"titled-domain lookup found 10 contacts but no owner-level title (listed Kathryn Chlebowski, President, not returned)"
Circle Electric,circleelectric.com,T5,,master-P3,MASTER,,,yes,yes,inven+grata,"named lookup for Roger Kastanek (Co-Founder) missed; fallback returned Ryan Kastanek, President - family successor, not the named founder"
Circuit Electric Inc.,circuitelectric.com,T5,,master-P3,MASTER,,,yes,,inven+grata,office line only; named lookup for Peter Bultsma (Owner) found nothing and titled fallback returned a VP - no verified email
"Custom Electric, INC.",customelectricusa.com,T5,,master-P3,MASTER,,,yes,,inven+grata,named lookup for Edward T. Peterson missed; titled-domain fallback found 7 contacts but none owner-titled - no contact
Electrico Inc,electrico.net,T5,,master-P3,MASTER,,,yes,yes,inven+grata,"titled-domain lookup returned Manfred Kneider (Owner), not the listed Robert Loomis (President); no verified work email; NY contact vs IL 618 office - verify entity"
Lakewood Electric Company,lakewoodelectriccompany.com,T5,,master-P3,MASTER,,,yes,,inven+grata,"no owner-titled contact at domain (19 contacts, none matching); named lookup for John Mccord found nothing"
MWPowergroup,mwpowergroup.com,T3,,master-P3,MASTER,,,yes,yes,inven+grata,"titled-domain lookup returned Todd Dupre (VP Sales/BD), not the listed Bryan Millican (CEO)"
Olsen Electric,olsenelectric.net,T5,,master-P3,MASTER,,,yes,,inven+grata,"no owner-titled contact at domain (5 contacts, none matching); named lookup for Eric Olsen found nothing"
Randy Walker Electrical,walkerelectricky.com,T5,,master-P3,MASTER,,,yes,,inven+grata,named lookup for Mike Beste found nothing; titled-domain fallback: no provider coverage for this domain
"Sir Raleigh Electric, Inc,",sirraleighelectric.com,T5,,master-P3,MASTER,,,yes,,inven+grata,"no owner-titled contact at domain (17 contacts, none matching); named lookup for Michael Cribbs found nothing"
Valley Electrical Contracting,valleyec.com,T5,,master-P3,MASTER,,,yes,,inven+grata,named lookup for Frank Nurse found nothing; titled-domain fallback: 10 contacts at domain but none with an owner-level title
Westfair Electric,west-fair.com,T5,,master-P3,MASTER,,,yes,,inven+grata,"named lookup for Bruce Kelderhouse missed; titled-domain fallback: 2 contacts, none owner-titled - no contact"
"Shaum Electric Co, Inc.",shaumelectric.com,T4,,master-P3,MASTER,,,yes,,inven+grata,named lookup for Lucille Shaum found nothing; titled-domain fallback: 6 contacts at domain but none with an owner-level title
"ADVANCED MOTOR SOLUTIONS, LLC.",advancemotorsolutions.com,S7,,master-P3,MASTER,,,,,grata,no grata execs
Babylon Electric Motors,babylonem.com,S7,,master-P3,MASTER,,,yes,,inven+grata,no provider coverage for domain
Morse Collins Inc,morse-collins.com,S10,,master-P3,MASTER,,,,,grata,no grata execs
NSK Lightning Protection,nsklp.com,S10,,master-P3,MASTER,,,yes,,inven+grata,named lookup for Justin Kyle missed; titled-domain fallback: no provider coverage for this domain
Western Lightning & Grounding,westernlg.com,S10,,master-P3,MASTER,,,yes,,inven+grata,no provider coverage for domain; named lookup for Andrew Mcdaniel found nothing
McCrory Electric Company,mccroryelec.com,S8,,master-P3,MASTER,,,yes,yes,inven+grata,"titled-domain lookup returned a General Foreman, not the listed Becky Mccrory (CEO); no verified work email"
Liberty Mission Critical Services,libertymissioncritical.com,T6,,master-P3,MASTER,,,yes,,inven+grata,named lookup for Johan Pedraza found nothing; titled fallback found 4 contacts but no owner-level title
Peak Contracting Group,peakcontractinggrp.com,T3,,master-P3,MASTER,,,yes,yes,inven+grata,ok
"T.E.M. Group, Inc.",temgroupinc.com,T3,,master-P3,MASTER,,,yes,yes,inven+grata,ok
ITC Electrical Technologies,itcet.com,T4,,master-P3,MASTER,,,yes,,inven+grata,"no owner-titled contact at domain (11 contacts, none matching); named lookup for Michael Carruth found nothing"
"Reamco, LLC",reamco.com,T2,,master-P3,MASTER,,,yes,yes,inven+grata,ok
Industrial Power Corporation,ipcosc.com,T4,,master-P3,MASTER,,,yes,,inven+grata,named lookup for Brian Adkins missed; titled-domain fallback found 4 contacts but none owner-titled - no contact
Kuchar Electric,precisionelectriccolorado.com,T4,,master-P3,MASTER,,,,,grata,no grata execs
Right Electric Inc,rightelectric.com,T4,,master-P3,MASTER,,,yes,,inven+grata,named lookup for Mike Conroy found nothing; titled fallback found 4 contacts but no owner-level title
McGinnis Electrical Contracting Company,mcginnis-ecc.com,T4,,master-P3,MASTER,yes,,,,grata,no grata execs
"Highmark Erectors, Inc.",highmarkerectors.com,T3,,master-P3,MASTER,,,yes,yes,inven+grata,named lookup for Dale Schuelke (President) found nothing; fallback returned a Superintendent - NOT owner-level; no verified email
New Venture Telecommunication Services,newventuretelecom.com,T6,,master-P3,MASTER,,,yes,yes,inven+grata,no verified work email (personal only); common name - verify
"Barden Electric, Inc.",bardenelectric.com,T5,,master-P3,MASTER,,,yes,yes,inven+grata,ok
JFK Electric,jfkelectric.com,T5,,master-P3,MASTER,,,yes,,inven+grata,named lookup for John F. Krecek missed; titled-domain fallback found 6 contacts but none owner-titled - no contact
Morris Electric Inc.,morrisele.com,T4,,master-P3,MASTER,,,,,grata,no grata execs
Omega Electric Construction,omegavt.com,T5,,master-P3,MASTER,,,yes,,inven+grata,"named lookup for Keith Letourneau found nothing; fallback returned Cheryl Cell, VP - substitute, and no phone and no verified email"
Penn Ohio Electric Co,pennohioelectric.com,T5,,master-P3,MASTER,,,yes,,inven+grata,office line only; provider title Senior Project Engineer vs list title President - verify seniority
"Final Phase Electric Co., Inc.",finalphaseelectric.net,T4,,master-P3,MASTER,,,yes,,inven+grata,named lookup for Brian Dickerson found nothing; titled-domain fallback: 6 contacts at domain but none with an owner-level title
"Blue Mountain Electric, Inc.",bluemountainelectric.com,T5,,master-P3,MASTER,,,yes,,inven+grata,named lookup for Nathan Howat found nothing; titled-domain fallback: 5 contacts at domain but none with an owner-level title
Carey Electric Company,careyelectric.com,T5,,master-P3,MASTER,,,yes,,inven+grata,"no phone; list named Dennis Carey (Owner), got Jerry H (President)"
Dotson Electric Company Inc.,dotsonelectric.com,T5,,master-P3,MASTER,,,yes,yes,inven+grata,location says Bowling Green OH but phones are Kentucky 270 - Bowling Green KY is more likely; verify state
"E*Star Electric, Inc.",estarelectricinc.com,T5,,master-P3,MASTER,,,yes,yes,inven+grata,ok
"McInnis Systems, Inc.",mcinnisco.com,T5,,master-P3,MASTER,,,yes,yes,inven+grata,named lookup for Glade McInnis (Owner/Co-Founder) found nothing; fallback returned an estimator/PM - NOT owner-level
"Modern Electrical Services, LLC",modernelectricalservices.net,T5,,master-P3,MASTER,,,yes,,inven+grata,correct owner matched but no phone of any type on the record
Guardian Lightning Protection,guardianlp.com,S10,,master-P3,MASTER,,,yes,yes,inven+grata,ok
Air-Con Mechanical Corporation/Air-Con Electric LLC,airconmechanical.com,T5,,master-P3,MASTER,,,yes,,inven+grata,office line only; no verified email; named lookup for James Shaffer (Founder) missed and fallback returned a different person
Daley Electric,daley-electric.com,T5,,master-P3,MASTER,,,yes,yes,inven+grata,named lookup for Tom Daley (Owner) found nothing; fallback returned substitute Sean Dunn (estimator/PM) - not an owner
"LB Electric Company, LLC",lbelectricco.com,T5,,master-P3,MASTER,,,yes,,inven+grata,named lookup for Leon Baptiste missed; titled-domain fallback found 10 contacts but none owner-titled - no contact
"Prism Professional Services Group, LLC.",prismpsg.com,T4,,master-P3,MASTER,,,yes,,inven+grata,named lookup for Jeff Pugh found nothing; titled fallback found 33 contacts but no owner-level title
"All Phase Power and Lighting, INC",allphasepl.com,T5,,master-P3,MASTER,,,yes,,inven+grata,"office line only; named lookup for Bill Tunnell (CEO) found nothing, fallback returned a project manager - NOT owner-level, no verified email"
Atek Electric & Mechanical,atekelectric.com,T4,,master-P3,MASTER,,,yes,yes,inven+grata,"Inven title is Customer Quality Engineer, our record said Owner - title conflict; probably not the owner despite the name match"
Century Electric Inc,centuryelectricnj.com,T5,,master-P3,MASTER,,,yes,yes,inven+grata,"substitute contact - list named Neil Vitale (Founder), got John Storey (President)"
Commander Electric Inc,commanderelectric.com,T5,,master-P3,MASTER,,,yes,yes,inven+grata,ok
"Eii, Inc.",eiielectric.com,T4,,master-P3,MASTER,,,yes,,inven+grata,named lookup for Richard G. Guempel found nothing; titled fallback found 11 contacts but no owner-level title
Hinsdale Electric Company,hinsdaleelectric.com,T5,,master-P3,MASTER,,,yes,yes,inven+grata,"Inven title is Project Manager, list expected President - title conflict, verify seniority"
Jamison Electric,jamisonelectricinc.com,T5,,master-P3,MASTER,,,,,grata,no grata execs
Jordano Electric Co,jordanoelectric.com,T5,,master-P3,MASTER,,,yes,yes,inven+grata,"named lookup for Robert Sheehan (President) found nothing; fallback returned Vincent Lopiccolo, VP - substitute; record carries 10+ mobiles across many states, only the NJ 201 numbers kept"
Manor Electric Inc.,manorelectric.com,T5,,master-P3,MASTER,,,yes,,inven+grata,named lookup for Julie Loken missed; titled-domain fallback found 10 contacts but none owner-titled - no contact
"Rex Collins Electric, INC.",rexcollinselectric.com,T5,,master-P3,MASTER,,,,,grata,no grata execs
"Black Label Services, Inc",bls-us.com,T4,,master-P3,MASTER,,,yes,yes,inven+grata,"substitute contact - list named Vance Ray (President), got Dean Rucker (Co-CEO); emails on blsoil.com - verify entity"
"Kasparian Underground, LLC and H&B Contractors",kullc.net,T3,,master-P3,MASTER,,,yes,,inven+grata,"titled-domain lookup found 5 contacts but no owner-level title (listed Charlie Kasparian, Founder, not returned)"
Inception Energy Solutions,inceptionsolutions.com,T3,,master-P3,MASTER,,,yes,yes,inven+grata,"6 mobiles on record - GA 404 numbers listed first, verify before dialing"
Adk Electric,adkelectric.com,T5,,master-P3,MASTER,,,yes,,inven+grata,named lookup for Ari Karagiannis found nothing; titled fallback found 5 contacts but no owner-level title
"Axxis Building Systems, Inc.",axxisbuildingsystems.com,T5,,master-P3,MASTER,,,yes,yes,inven+grata,verified work email on axxis-corp.com not axxisbuildingsystems.com - confirm entity
Midland Electric INC,midlandelectricinc.com,S8,,master-P3,MASTER,,,yes,,inven+grata,"no owner-titled contact at domain (9 contacts, none matching); named lookup for Roland G Efraimson not attempted"
Sturm Electric,sturmelectric.com,T5,,master-P3,MASTER,,,yes,,inven+grata,"office line only; named lookup for Donald J. Sturm missed, fallback returned Brian Sturm (co-owner, family)"
Whitmore Construction,whitmoreconstruction.net,T3,,master-P3,MASTER,,,yes,,inven+grata,office line only
KT Power Systems,ktpowersystems.com,T5,,master-P3,MASTER,,,yes,yes,inven+grata,ok
"Carol Electric Company, Inc.",carolelectric.com,T5,,master-P3,MASTER,,,yes,,inven+grata,named lookup for Brian Moffitt found nothing; titled fallback found 7 contacts but no owner-level title
Cci of Arkansas,cciarkansas.net,T5,,master-P3,MASTER,,,yes,,inven+grata,office line only; NOT owner-level (warehouse manager); named lookup for Tony Lee (Owner) missed
Studebaker Brown Electric,studebakerelectric.net,S8,,master-P3,MASTER,,,yes,,inven+grata,named lookup for David Studebaker missed; titled-domain fallback: no provider coverage for this domain
"Walsh Electrical, Inc.",walshelectrical.com,T5,,master-P3,MASTER,,,,,grata,no grata execs
East Texas Lightning Protection,easttexaslightningprotection.com,S10,,master-P3,MASTER,,,,,grata,no grata execs
Garnet Electric Co INC,garnetelectric.com,T4,,master-P3,MASTER,,,yes,,inven+grata,"titled-domain lookup found 8 contacts but no owner-level title (listed John Crow, CEO, not returned)"
Kaiser Electric Inc.,kaiserelectric.com,T5,,master-P3,MASTER,,,yes,,inven+grata,named lookup for Ken Naumann found nothing; titled-domain fallback: 4 contacts at domain but none with an owner-level title
"ASB Energy Services, LLC",asbenergy.com,T3,,master-P3,MASTER,,,yes,,inven+grata,"office line only; titled-domain lookup returned a Director, not the listed Dwayne Hoving (CEO)"
Alessandro Electric Inc,alessandroelectric.com,T5,,master-P3,MASTER,,,yes,,inven+grata,"no owner-titled contact at domain (11 contacts, none matching); named lookup for Colleen Alessandro found nothing"
DES Electric,des-electric.com,T4,,master-P3,MASTER,,,yes,,inven+grata,named lookup for Gloria Rhodes missed; titled-domain fallback found 11 contacts but none owner-titled - no contact
Enterprise Electric Inc.,enterpriseelectric.net,T5,,master-P3,MASTER,,,yes,,inven+grata,"no owner-titled contact at domain (5 contacts, none matching); named lookup for Greg Loia found nothing"
"Hamer Electric, Inc.",hamerelectric.com,T4,,master-P3,MASTER,,,yes,,inven+grata,named lookup for Cory Cole found nothing; titled-domain fallback: 6 contacts at domain but none with an owner-level title
Heller Electric Co Inc,hellerelectric.com,T5,,master-P3,MASTER,,,yes,yes,inven+grata,ok
"RC Power, Inc.",rcpowerinc.com,T5,,master-P3,MASTER,,,yes,,grata,ok
"ECHO Solutions USA, LLC>",echosolutionsusa.com,S10,,master-P3,MASTER,,,,,grata,no grata execs
Avail-Engineering,avail-engineering.com,T5,,master-P3,MASTER,,,yes,,inven+grata,"office line only; named lookup for Mac Brey (Founder/President) found nothing, fallback returned substitute David Rangel (General Foreman)"
Centrim Electric Inc,centrimelectric.com,T5,,master-P3,MASTER,,,yes,,inven+grata,named lookup for George Trimarche missed; titled-domain fallback found 4 contacts but none owner-titled - no contact
"KolKay Electric, Inc.",kolkay.com,T5,,master-P3,MASTER,,,yes,yes,inven+grata,"named lookup for Steve Richardson (Founder/Owner) missed; fallback returned Laura Richardson, Owner - co-owner/spouse, owner-level so usable"
Global Electric,globalelectricusa.com,T5,,master-P3,MASTER,,,yes,,inven+grata,named lookup for Justin Spiering found nothing; titled-domain fallback: no provider coverage for this domain
Mc4 Construction,mc4constructionnv.com,S8,,master-P3,MASTER,,,yes,,inven+grata,no provider coverage for domain
Ray's Electric,rayselectric.co,S8,,master-P3,MASTER,yes,,,,grata,no grata execs
Civaeco Corp.,civaeco.com,T3,,master-P3,MASTER,,,,,grata,no grata execs
Industrial Electric Company,iecelectric.us,T4,,master-P3,MASTER,,,yes,,inven+grata,"India - contact located in Chennai on a US target, likely wrong match; office line only; asked for Barry Halajian (Owner)"
KOBO Utility Construction,koboutility.com,T3,,master-P3,MASTER,,,yes,,inven+grata,named lookup for Kevin O'Neil found nothing; titled fallback found 1 contact but no owner-level title
Paniagua'S Enterprises Development LLC,paniaguas.net,T3,,master-P3,MASTER,,,yes,yes,inven+grata,"named lookup for Jaime Paniagua (Founder/President/CEO) found nothing; fallback returned Robin Cornish-Paniagua, VP - family member, not the named owner"
"American Energy, Inc.",ameninc.com,T3,,master-P3,MASTER,,,yes,,grata,ok
"Ample Electric, Inc.",ampleelectric.com,T5,,master-P3,MASTER,,,,,grata,no grata execs; grata resolved requested domain to ampleelectricinc.com - verify entity
Dinto Electrical Contractors Inc.,dintoelectric.com,T5,,master-P3,MASTER,,,yes,,inven+grata,"no owner-titled contact at domain (22 contacts, none matching); named lookup for Mike Pelosi found nothing"
Diversified Substation Construction LLC,diversifiedsci.com,T3,,master-P3,MASTER,,,,,grata,no grata execs
"Egg Electric, Inc.",eggelectric.com,T5,,master-P3,MASTER,,,yes,yes,inven+grata,"substitute contact - list named Ellen Aschendorf (President), got Enna Sharma (VP Ops)"
Guam Advance Enterprises Inc,guamadvance.com,T5,,master-P3,MASTER,,,,,grata,no grata execs
JMS Electric,jmselectric.com,T5,,master-P3,MASTER,,,yes,yes,inven+grata,"named lookup for Pat Hyde (Owner) missed; fallback returned Chris Barth, VP Project Development - not owner-level"
Waynes Electric,waynes-electric.com,T5,,master-P3,MASTER,,,yes,,inven+grata,named lookup for Patricia Medlin found nothing; titled-domain fallback: 3 contacts at domain but none with an owner-level title
"Fusion Electric, Inc.",fusionelectric-inc.com,T5,,master-P3,MASTER,,,yes,yes,inven+grata,no verified work email; provider emails resolve to fusionelectriconline.com rather than the listed domain - confirm entity
"Clements Electrical, Inc.",clementselectrical.com,T5,,master-P3,MASTER,,,yes,,inven+grata,named lookup for Janet G Clements found nothing; titled fallback found 4 contacts but no owner-level title
"Creek Electric, Inc.",creekelectric.com,T5,,master-P3,MASTER,,,yes,,inven+grata,named lookup for Galen Schawe missed; titled-domain fallback found 4 contacts but none owner-titled - no contact
Greenway Electrical Services LLC,greenwayelecsvc.com,T4,,master-P3,MASTER,,,,,grata,no grata execs
Hecker and Company Inc.,heckerelectric.com,S8,,master-P3,MASTER,,,yes,yes,inven+grata,"substitute contact - asked for Robert R Burke (President), got Grant Burke (PM); no verified email"
McGoldrick Electric,mcgoldrickelectric.com,T5,,master-P3,MASTER,,,yes,,inven+grata,"titled-domain lookup found 2 contacts but no owner-level title (listed Robert J. McGoldrick, Founder, not returned)"
Metcalf Construction Services LLC,metcalfconstruction.com,T4,,master-P3,MASTER,,,yes,yes,inven+grata,WA-local mobiles are the 360 numbers; the 208/225/985 numbers look like unrelated record contamination
Pro-Tech Electrical Contractors,pro-techsvc.com,T5,,master-P3,MASTER,,,yes,,grata,ok
Artesia Pilar Electrical,artesiapilarelectrical.com,T5,,master-P3,MASTER,,,,,grata,no grata execs
Castle Electric,castleelectric.com,T5,,master-P3,MASTER,,,,,grata,no grata execs
Glenn Horne Electrical,ghec.biz,T5,,master-P3,MASTER,,,,,grata,no grata execs
"B&J Electrical Company, Inc.",bjelectrical.com,T5,,master-P3,MASTER,,,yes,,inven+grata,"no owner-titled contact at domain (4 contacts, none matching); named lookup for Gary Lee Janzen found nothing"
Archiable Electric Company,archiableelectric.com,T5,,master-P3,MASTER,,,yes,yes,inven+grata,ok
"Elco Electric,Inc",elco-electric.com,T5,,master-P3,MASTER,,,yes,yes,inven+grata,ok
Hanlon Electric Company,hanlonelectric.com,T5,,master-P3,MASTER,,,yes,yes,inven+grata,ok
"Heineken Electric Co., Inc.",heinekenelectric.com,T5,,master-P3,MASTER,,,yes,,inven+grata,"no mobile - direct dial and office only; list named Kyle Heineken (Owner), got Jenny Heineken (President)"
Helmco Electric INC,helmcoelectric.com,T5,,master-P3,MASTER,,,yes,,inven+grata,named lookup for Michael C. Helm found nothing; titled fallback found 12 contacts but no owner-level title
"McGrath Electric, Inc.",mcgrathelectricinc.com,T5,,master-P3,MASTER,,,yes,,inven+grata,"named lookup for Eric Mcgrath (President) missed; fallback returned Justin Benzler, VP Operations - not owner-level, and no mobile"
"Triad Electrical Solutions, Inc.",triadgroup-inc.com,S8,,master-P3,MASTER,,,yes,yes,inven+grata,"named lookup for Rebecca Jester (President) missed; fallback returned Chris Bailey, VP - not owner-level, substitute contact"
Bonner Electric Co,bonnerelectric.com,T5,,master-P3,MASTER,,,yes,,inven+grata,"no phone; asked for Joseph P Bonner (President), got substitute Brendan Marquis (Service Manager)"
"CLE Electric, Inc.",clepower.com,T5,,master-P3,MASTER,,,yes,,inven+grata,named lookup for Mark Ursic found nothing; titled fallback found 5 contacts but no owner-level title
Libra Electric Company,libraelectric.net,T5,,master-P3,MASTER,,,yes,,inven+grata,"named lookup for Carlos Wood missed; titled-domain fallback: 2 contacts, none owner-titled - no contact"
"Pro-Master Electric, LLC",promasterelectric.com,T5,,master-P3,MASTER,,,yes,,grata,ok
Studebaker Electric Co,studebakerelectric.com,T5,,master-P3,MASTER,,,yes,yes,inven+grata,no verified work email (personal only)
Transportation Systems Inc,transportationsystemsinc.com,S8,,master-P3,MASTER,yes,,yes,,inven+grata,"named lookup for Eric Lesso found nothing; titled-domain fallback: 1 contact at domain, no owner-level title"
D&G Energy Corporation,dgenergycorp.com,S8,,master-P3,MASTER,,,yes,,inven+grata,"named lookup for Leandro Garcia missed; titled-domain fallback: 1 contact, not owner-titled - no contact"
JMTJ Construction LLC,jmtjconstruction.com,T3,,master-P3,MASTER,,,,,grata,no grata execs
Jensen Electric Co,jensenelectricnv.com,T5,,master-P3,MASTER,,,yes,,inven+grata,no provider coverage for domain; named lookup for Matt Jensen found nothing
Motor Shop Electrical Construction Company,motorshopelectricalconstructionco.com,T5,,master-P3,MASTER,,,yes,,inven+grata,named lookup for John A Banks found nothing; titled fallback found 1 contact but no owner-level title
QFS Electric Inc,qfselectric.com,T5,,master-P3,MASTER,,,,,grata,no grata execs
"Sentry Electric, INC. of Central Florida",sentry.cc,T5,,master-P3,MASTER,,,yes,,inven+grata,named lookup for John Muchard found nothing; titled fallback found 3 contacts but no owner-level title
"Phase 3 Energy & Power Solutions, LLC",phase3eps.com,T4,,master-P3,MASTER,,,yes,,inven+grata,no phone returned
Dig Tech,digtechtexas.com,T3,,master-P3,MASTER,,,,,grata,no grata execs
"Alpha Energy and Electric, Inc.",alphaee.com,T5,,master-P3,MASTER,,,yes,yes,inven+grata,"named lookup for Ike Nwabuonwu (Chairman/CEO) found nothing; fallback returned Gabriel Okafor, President - different person but owner-level"
Core Electrical Group,coretxllc.com,T5,,master-P3,MASTER,,,yes,,grata,ok
Electro Construction Corp,electroconstruction.com,T5,,master-P3,MASTER,,,yes,,inven+grata,office line only
"Emerald Standard Services, Inc.",emerald-standard.com,T5,,master-P3,MASTER,,,yes,,inven+grata,"no owner-titled contact at domain (8 contacts, none matching); named lookup for Roger Pombrol found nothing"
Hoffman Electric,hoffmanelectriccompany.com,T5,,master-P3,MASTER,,,yes,,inven+grata,named lookup for Dennis Hoffman missed; titled-domain fallback: no provider coverage for this domain
CO Christian & Sons,cochristian.com,T5,,master-P3,MASTER,,,yes,,inven+grata,named lookup for Oakley Christian missed; titled-domain fallback found 5 contacts but none owner-titled - no contact
"Bay Area Lightworks, INC.",bayarealightworks.com,S8,,master-P3,MASTER,,,yes,,inven+grata,"no owner-titled contact at domain (2 contacts, none matching); named lookup for Jim Z. Lau found nothing"
Gene Ray Electric Co,generayelectric.com,T5,,master-P3,MASTER,,,yes,,inven+grata,named lookup for Gene Ray found nothing; titled fallback found 3 contacts but no owner-level title
"Los Angeles Signal Construction, Inc.",lasignal.com,S8,,master-P3,MASTER,,,yes,,inven+grata,named lookup for Christopher Morales found nothing; titled fallback found 7 contacts but no owner-level title
"Pitt Electric, INC.",pittelectricinc.com,T5,,master-P3,MASTER,,,yes,,inven+grata,named lookup for Maureen J. Jacovino found nothing; titled-domain fallback: 3 contacts at domain but none with an owner-level title
Suncoast Power LLC.,suncoastpower.com,T5,,master-P3,MASTER,,,yes,,inven+grata,"no owner-titled contact at domain (2 contacts, none matching); named lookup for Brian Henriquez found nothing"
Tri Power Electric,tripowerelectricinc.com,T5,,master-P3,MASTER,,,yes,,inven+grata,"contact located in Canada (Winnipeg) on a US target - likely wrong match; no phone, unverified email; asked for Tim Heale (Owner)"
Waddington & Son Electric CO,waddingtonelectric.com,T5,,master-P3,MASTER,,,yes,,inven+grata,named lookup for Kathy A. Waddington found nothing; titled-domain fallback: 3 contacts at domain but none with an owner-level title
Edward W. Scott Electric Co.,edwardwscottelectric.com,T5,,master-P3,MASTER,,,yes,,grata,ok
Banks-EC,banks-ec.com,T5,,master-P3,MASTER,,,yes,yes,inven+grata,"record blends in a henryschein.com identity - possible name collision, verify"
"C2G Engineering, Inc.",c2geng.com,T4,,master-P3,MASTER,,,yes,,inven+grata,named lookup for Chris Robertson missed; titled-domain fallback found 8 contacts but none owner-titled - no contact
Concord Electric Corporation,concordelectriccorp.com,T5,,master-P3,MASTER,,,yes,yes,inven+grata,ok
Electrical Power and Design,epd-mi.com,T5,,master-P3,MASTER,,,yes,,inven+grata,named lookup for Thomas J Donahue missed; titled-domain fallback found 3 contacts but none owner-titled - no contact
Power Consulting Associates,powerconsultingassociates.com,E12,,master-P3,MASTER,,,yes,,inven+grata,office line only and no email; also not the listed David Grooms (President & CEO)
"CLP Engineering, LLC",clp-engineering.com,E12,,master-P3,MASTER,,,,,grata,no grata execs
"ControlPoint Technologies, Inc.",cpteng.com,E12,,master-P3,MASTER,,,yes,yes,inven+grata,"named lookup for Jim Hall (President) found nothing; titled fallback returned Frank Barys, Principal Engineer with controlpointtech.com emails - confirm entity and role"
"Shah & Associates, Inc.",shahpe.com,E12,,master-P3,MASTER,,,yes,,inven+grata,"office line only; contact located India and is not the listed SK Shah (President) - non-US, likely wrong match"
"Power & Control Systems, Inc.",pcsbr.com,E12,,master-P3,MASTER,,,yes,,inven+grata,named lookup for Michael Mcanelly found nothing; titled fallback found 18 contacts but no owner-level title
"SubGrid Solutions, LLC",subgrid.com,E12,,master-P3,MASTER,,,yes,yes,inven+grata,"substitute contact - list named Brian Ladewig (Managing Partner), got Ross Sayre (Managing Partner)"
H. K. Scholz Co.,hkscholz.com,M13,,master-P3,MASTER,,,,,grata,no grata execs
"Dillengr, Inc.",dillengrinc.com,M13,,master-P3,MASTER,,,yes,,inven+grata,"no owner-titled contact at domain (6 contacts, none matching); named lookup for Brandon Dilley not attempted"
IRISS,iriss.com,M13,,master-P3,MASTER,,,yes,,inven+grata,"GABON contact returned for a US target - clearly wrong match, discard; office line only, no email; named lookup for Martin Robinson (CEO) found nothing"
Pces,pcescorp.com,E12,,master-P3,MASTER,,,yes,,inven+grata,"BAHRAIN - likely wrong match for a US target; office line only, no verified email. Named lookup for Eldon Drake (CEO) missed"
Every Watt Matters,everywattmatters.com,M13,,master-P3,MASTER,,,yes,,grata,"UK (Leo Flores, 'UK Director') - non-US contact, verify entity"
Integrated Control Technologies,integratedcontroltech.com,T4,,master-P3,MASTER,yes,,yes,,inven+grata,office line only
"Lawrence Electric Company, INC.",lawrenceelectricco.com,T5,,master-P3,MASTER,,,yes,,inven+grata,named lookup for Tink O'Leary missed; titled-domain fallback found 3 contacts but none owner-titled - no contact
Pacific Power Electrical Contracting LLC,ppecglobal.com,T5,,master-P3,MASTER,,,yes,,inven+grata,"named lookup for Samantha Hoeft missed; titled-domain fallback: 2 contacts, none owner-titled - no contact"
QTIB Engineers,qtib-engineers.com,E12,,master-P3,MASTER,,,yes,yes,inven+grata,ok
"S&S Electrical Services, Inc.",sselectrical.com,T5,,master-P3,MASTER,,,yes,yes,inven+grata,"named lookup for Wesley Steigerwalt found nothing; titled fallback returned Irvin Sullivan (Owner) - different person, no verified work email"
"THI Energy Consultants, LLC",thi-ec.com,T4,,master-P3,MASTER,,,yes,yes,inven+grata,"titled-domain lookup returned a VP, not the listed Thomas E Hind (Owner)"
Volunteer Electric Inc,volelectric.com,T5,,master-P3,MASTER,,,yes,,inven+grata,"no owner-titled contact at domain (4 contacts, none matching); named lookup for John Pruitt found nothing"
L9 Electric,l9electric.com,T5,,master-P3,MASTER,,,,,grata,no grata execs
Dave's Construction LLC,davesinc.com,T3,,master-P3,MASTER,,,,,grata,no grata execs
RP Companies,rpcompaniesinc.com,T3,,master-P3,MASTER,,,yes,,inven+grata,named lookup for Dale Fry found nothing; titled-domain fallback: 5 contacts at domain but none with an owner-level title
"Weber and Associates, Inc.",weber-corp.com,T6,,master-P3,MASTER,,,yes,,inven+grata,named lookup for Joey Todd found nothing; titled-domain fallback: no provider coverage for this domain
All Phase Electric Company Inc,allphaseelectric.net,T5,,master-P3,MASTER,,,yes,,grata,ok
Dts Electric,dtselectric.com,T4,,master-P3,MASTER,,,yes,,inven+grata,"named lookup for Daryl Scherer missed; titled-domain fallback: 2 contacts, none owner-titled - no contact"
"Electri-Tech, Inc",electritech.com,T5,,master-P3,MASTER,,,yes,yes,inven+grata,"substitute contact - list named Joyce Wallis (Founder/Owner/CEO), got Chris Martucci (President)"
Electrical Energy Systems Corporation,eesc-ct.com,T5,,master-P3,MASTER,,,yes,,grata,ok
Meco Electric CO INC,mecoelec.com,T5,,master-P3,MASTER,,,yes,,inven+grata,named lookup for Jawed Ahmed Siddiqui found nothing; titled fallback found 4 contacts but no owner-level title
Mgm Electrical,mgmelectricalsystems.com,T5,,master-P3,MASTER,,,yes,,inven+grata,named lookup for Mark Green found nothing; titled fallback found 2 contacts but no owner-level title
Myers Electric Company Inc,meyerelectric.net,T5,,master-P3,MASTER,,,yes,,inven+grata,named lookup for Chris Roberts missed; titled-domain fallback found 4 contacts but none owner-titled - no contact
Northeast Lightning Protection,northeastlightning.com,S10,,master-P3,MASTER,,,yes,,inven+grata,"no owner-titled contact at domain (4 contacts, none matching); named lookup for James G. Barnard found nothing"
"Peters Electric & Technology, Inc.",peterselectricil.com,T5,,master-P3,MASTER,,,yes,,inven+grata,named lookup for Melanie Peters missed; titled-domain fallback found 3 contacts but none owner-titled - no contact
Polarity Electric Inc,polarityelectric.com,T5,,master-P3,MASTER,,,yes,,inven+grata,named lookup for Jeff Smith found nothing; titled fallback found 4 contacts but no owner-level title
Thorco INC,thorcocda.com,T5,,master-P3,MASTER,,,yes,yes,inven+grata,"Inven title is Vice-President, list expected President"
Auto Charging Experts INC.,autochargingexperts.com,S9,,master-P3,MASTER,,,,,grata,no grata execs
Industrial Electric Company of Detroit,industrialelectric.net,T5,,master-P3,MASTER,,,yes,,grata,ok
Kleinberg Electric,kleinbergelectric.net,T5,,master-P3,MASTER,,,yes,,inven+grata,office line only
Nu-Trend EV and Electrical Services,nu-trendev.com,S9,,master-P3,MASTER,,,,,grata,no grata execs
Sosaya & Sons Construction,sosayaandsons.com,S8,,master-P3,MASTER,,,yes,,grata,ok
West Georgia Electric,westgaelectric.com,T5,,master-P3,MASTER,,,yes,,inven+grata,"titled-domain lookup found 18 contacts but no owner-level title (listed Dennis Jones, Founder, not returned)"
Cariboo Industrial Electric,caribooindustrialelectric.com,T4,,master-P3,MASTER,,,,,grata,"no grata execs; name suggests Cariboo region, British Columbia - verify this is a US entity before outreach"
"Delta Electrical Contractors of SC, Inc.",decofsc.com,T4,,master-P3,MASTER,,,yes,,inven+grata,"ROMANIA - likely wrong match for a US target; office line only, no verified email. Named lookup for Michael H. Hudgins (President) missed"
"Liffey Electric, Inc",liffey-electric.com,T4,,master-P3,MASTER,,,yes,yes,inven+grata,no verified email (all patterns unverified)
Apex Electrical Group LLC,apexelectricgroup.com,T4,,master-P3,MASTER,,,yes,yes,inven+grata,"named lookup for Dennis Wisk (Owner) found nothing; fallback returned Marcus Cola, CEO and Co-Owner - different person but owner-level"
"CurrentMaster Electric, LLC.",currentmasterelectric.com,T5,,master-P3,MASTER,,,yes,yes,inven+grata,"provider record is William Pickel Jr. (COO, Co-owner) vs list title Co-Founder - confirm generation"
Berry Contracting Inc,jimberry.com,T3,,master-P3,MASTER,,,,,grata,no grata execs
MOC Incorporated,mocincorporated.com,T3,,master-P3,MASTER,,,yes,,inven+grata,"no owner-titled contact at domain (2 contacts, none matching); named lookup for Matt Buren Owens found nothing"
"Utility Systems Construction & Engineering, LLC",utilitysystems.com,T3,,master-P3,MASTER,,,yes,,grata,ok
All Trade Industries Llc,alltradeindustries.com,T5,,master-P3,MASTER,,,yes,,inven+grata,named lookup for Fran Mackmick found nothing; titled-domain fallback: 5 contacts at domain but none with an owner-level title
BTX Group,btxconstructiongroup.com,T4,,master-P3,MASTER,,,yes,yes,inven+grata,mobile is an Alabama 251 area code while contact is listed in TX - verify
Cove Electric Inc.,cove-elec.com,T5,,master-P3,MASTER,,,yes,,grata,ok
"Emerging Technologies, LLC",emergingtech-llc.com,M13,,master-P3,MASTER,yes,,yes,yes,inven+grata,no verified email; mobile is a South Carolina 843 area code while company is Wisconsin - verify
"Focal Point Partners, Inc.",focalpointpartners.com,T5,,master-P3,MASTER,,,yes,yes,inven+grata,no verified email; email domain is focalpointllc.com not the listed focalpointpartners.com - confirm entity
NuuCo Electric,nuuco.com,S8,,master-P3,MASTER,,,yes,,inven+grata,no mobile - direct dial only
TAG Companies LP,tagcompanies.com,T5,,master-P3,MASTER,,,yes,yes,inven+grata,"titled-domain lookup returned Juanita Gonzales (General Partner), not the listed Goncalo Gloria (Owner); 5 mobiles on record - low confidence"
MAC Electric,meisw.com,T5,,master-P3,MASTER,,,yes,,inven+grata,no provider coverage for domain
SDI Electric Group,sdielectricgroupllc.com,T5,,master-P3,MASTER,,,,,grata,no grata execs
Gs2 Contractors,gs2contractors.com,T4,,master-P3,MASTER,,,,,grata,no grata execs
"Integrated Power Supplies International, Inc.",ipsi.net,S7,,master-P3,MASTER,,,yes,,inven+grata,"named lookup for John Pschierer found nothing; titled-domain fallback: 1 contact at domain, no owner-level title"
"Littleton Electric Service, Inc.",littletonelectric.com,T5,,master-P3,MASTER,,,yes,,inven+grata,"titled-domain lookup found 3 contacts but no owner-level title (listed Dallas Littleton, Founder, not returned)"
Rise Electric LLC,riseelec.com,T5,,master-P3,MASTER,,,,,grata,no grata execs
Seven O Industrial LLC,seven-o.com,T4,,master-P3,MASTER,,,yes,,inven+grata,"named lookup for Wayne R Lacombe found nothing; titled-domain fallback: 1 contact at domain, no owner-level title"
"McClintock Electric, Inc.",mcclintockelectric.com,T5,,master-P3,MASTER,,,yes,,grata,ok
Premier Power Company,premierpowercompany.com,T3,,master-P3,MASTER,,,,,grata,no grata execs
Premier Power Electric,ppe-wa.com,T5,,master-P3,MASTER,,,yes,,inven+grata,no provider coverage for domain; named lookup for Jon Wood found nothing
"Superior Electric of Lansing, Inc.",superiorelectricinc.com,T5,,master-P3,MASTER,,,yes,,grata,ok
Bayview Electric,bvelectric.net,T5,,master-P3,MASTER,,,yes,yes,inven+grata,ok
JCE Inc,jceinc-us.com,T5,,master-P3,MASTER,,,,,grata,no grata execs
PanelShop.com,panelshop.com,M13,,master-P3,MASTER,,,yes,yes,inven+grata,DUPLICATE OWNER: resolved from the same premierautomation.com named lookup (0 extra credits); panelshop.com and premierautomation.com share owner Mike Gunniers
"Wells & Tate Electric Co., Inc.",wellsandtate.com,T5,,master-P3,MASTER,,,yes,,inven+grata,named lookup for Madison Mob found nothing; titled-domain fallback: 2 contacts at domain but none with an owner-level title
Millennium Electrical Services,millenes.com,T5,,master-P3,MASTER,,,,,grata,no grata execs
Peter and Sons Electric Company,peterandsonselectric.com,T5,,master-P3,MASTER,,,,,grata,no grata execs
Weaver Electric Inc,weaverelectric.us,T5,,master-P3,MASTER,,,yes,,inven+grata,named lookup for Jeff Weaver missed; titled-domain fallback found 3 contacts but none owner-titled - no contact
"Apex Electric Co., Inc.",apexelectriccompany.com,T5,,master-P3,MASTER,,,yes,yes,inven+grata,no verified work email (personal only)
Dillon Lightning Protection,dillonlp.com,S10,,master-P3,MASTER,,,yes,,inven+grata,"titled-domain lookup found 1 contact but no owner-level title (listed Linda Dillion, CEO, not returned)"
G Carter Construction Co,gcarterconstruction.com,S8,,master-P3,MASTER,,,yes,,inven+grata,no provider coverage for domain
Lauderdale Electric,lauderdale-electric.com,T5,,master-P3,MASTER,,,yes,yes,inven+grata,ok
Lightning Specialists,lsi-fl.com,S10,,master-P3,MASTER,yes,,yes,,grata,ok
Memphis Electric Co LLC,memphiselectricco.com,T5,,master-P3,MASTER,,,yes,,inven+grata,no phone returned
"Neshaminy Electrical Contractors, Inc.",neshaminyelectric.com,T5,,master-P3,MASTER,,,yes,,inven+grata,"titled-domain lookup found 3 contacts but no owner-level title (listed John W Lyons, President, not returned)"
Roth Electric LLC,rothelectrical.net,T5,,master-P3,MASTER,,,yes,,grata,ok
Vsl Electrical Signing Lighting Llc,vslconstructors.com,S8,,master-P3,MASTER,,,,,grata,no grata execs
"Worch Electric, Inc.",worchelectric.com,T5,,master-P3,MASTER,,,yes,yes,inven+grata,"named lookup for Chris Worch (President) missed; fallback returned Ali Laino, Assistant Manager - NOT owner-level and no email"
"True Compass, LLC",truecompassnw.com,T5,,master-P3,MASTER,,,,,grata,404 unresolved_domain - no Grata company found for this domain
Coltin Electric INC.,coltinelectric.com,T5,,master-P3,MASTER,,,yes,yes,inven+grata,"Inven title is Project Engineer, list expected Chief Executive Officer - title conflict, verify; no verified email"
Core Electric Corp,coreelectric.us,T5,,master-P3,MASTER,,,yes,,inven+grata,named lookup for Gary Jones found nothing; titled fallback found 5 contacts but no owner-level title
L E Ballance Electrical Service,ballanceelectric.com,T5,,master-P3,MASTER,,,,,grata,no grata execs
"Urban Electric, Inc.",urbanelectric.net,T5,,master-P3,MASTER,,,yes,,inven+grata,named lookup for Carlos Tseng missed; titled-domain fallback found 4 contacts but none owner-titled - no contact
E-TEC Electrical Services,e-tecinc.net,T5,,master-P3,MASTER,yes,,,,grata,no grata execs
"Midwest Electrical Construction, Inc.",mecinc.biz,T5,,master-P3,MASTER,,,yes,yes,inven+grata,no verified email (all guessed patterns); mobile present
"Star Electric Company, Inc.",starelectricmd.com,T5,,master-P3,MASTER,,,yes,,inven+grata,named lookup for Patrick Topper found nothing; titled fallback found 1 contact but no owner-level title
"Twin City Electricians, Inc.",twincityelectricians.com,T5,,master-P3,MASTER,,,yes,,inven+grata,named lookup for Denice Flerchinger found nothing; titled fallback found 2 contacts but no owner-level title
Guerrero Electrical Services,guerreroelectrical.com,T5,,master-P3,MASTER,,,yes,yes,inven+grata,OK 405 mobile listed first (company is OKC); 562 is a CA number
"ARCO Electric, Inc",arcoelectric.us,T5,,master-P3,MASTER,,,yes,yes,inven+grata,ok
BR Electrical,br-electrical.com,T5,,master-P3,MASTER,,,yes,,inven+grata,named lookup for Jeff Miller found nothing; titled-domain fallback: 3 contacts at domain but none with an owner-level title
H S Electric,hs-electric.com,T5,,master-P3,MASTER,,,yes,,grata,"Canada (Ken Stienstra - Norwich, Ontario) - non-US contact, verify entity"
Kwasigroch Electric Inc,kei-inc.com,T5,,master-P3,MASTER,,,yes,,inven+grata,"office line only; named lookup for Mike Kwasigroch (Owner) found nothing, fallback returned a General Manager - substitute"
"Lighthouse Electric, INC.",lhetulsa.com,T5,,master-P3,MASTER,,,yes,,inven+grata,"no owner-titled contact at domain (1 contact, not matching); named lookup for Scott Davis not attempted"
Mongoose Electric Incorporated,mongooseelectric.com,T5,,master-P3,MASTER,,,,,grata,no grata execs
Nexus Electrical Group PDX,nexuselectricalgroup.com,T5,,master-P3,MASTER,,,,,grata,no grata execs
"North Ridge Electric, INC.",northridgeelectric.com,T5,,master-P3,MASTER,,,yes,,inven+grata,"named lookup for Rodney Poole missed; titled-domain fallback: 2 contacts, none owner-titled - no contact"
Power Pro Plus INC.,powerproplusinc.com,T5,,master-P3,MASTER,,,yes,,grata,ok
Quick Electrical Contractors,quickelectric.net,T5,,master-P3,MASTER,,,yes,,inven+grata,"named lookup for Lisa L Quick missed; titled-domain fallback: 1 contact, not owner-titled - no contact"
Reeve Electric Company Inc,reeve-electric.com,T5,,master-P3,MASTER,,,yes,,inven+grata,no provider coverage for domain; named lookup for Robert Reeve found nothing
Rondout Electric Inc,rondoutelectric.net,T5,,master-P3,MASTER,,,,,grata,no grata execs
"Prime Electric Group, LLC.",primeelectricgroup.com,T5,,master-P3,MASTER,,,yes,,inven+grata,"titled-domain lookup found 3 contacts but no owner-level title (listed Kenny Williams, Owner/CEO, not returned)"
"A.S.F. Electric, Inc.",asfelectric.net,T5,,master-P3,MASTER,,,yes,yes,inven+grata,ok
Jitney Co Inc,jitneyco.com,T5,,master-P3,MASTER,,,yes,,inven+grata,"named lookup for Robert Nichols missed; titled-domain fallback: 1 contact, not owner-titled - no contact"
"Elite Electric Group, LLC",eliteelectricgroup.com,T5,,master-P3,MASTER,,,yes,yes,inven+grata,no verified work email; work-email patterns resolve to eliteelectricsd.com not eliteelectricgroup.com - verify entity
Tomey Electric Inc,tomeyelectric.com,T5,,master-P3,MASTER,,,yes,,inven+grata,"named lookup for Marti Tomey (Owner) found nothing; fallback returned a Superintendent - NOT owner-level, no phone"
"4Lp, LLC",4lp.com,S10,,master-DQ,MASTER,,,,,grata,no grata execs
ADC Electrical Ltd,adc-electrical.co.uk,S7,,master-DQ,MASTER,,,yes,,inven+grata,no contact found; note UK (.co.uk) domain on a US target list - company itself is likely out of scope
AE Rosen Electrical,aerosenelectrical.com,T5,,master-DQ,MASTER,,,yes,,inven+grata,"office line only; contact located Plymouth, United Kingdom vs listed Adam Rosen (President) - non-US, likely wrong match"
ALBD Electric & Cable,albdinc.com,T5,,master-DQ,MASTER,yes,,yes,,inven+grata,no phone of any type returned
"Allcom Electric, Inc.",allcomelectric.com,T5,,master-DQ,MASTER,,,yes,yes,inven+grata,named lookup for Mike Neil (Founder/CEO) found nothing; fallback returned substitute Justin Flores (GM)
Allied Services Group,alliedsg.com,T5,,master-DQ,MASTER,,,,,grata,no grata execs
AllumiaX Engineering,allumiax.com,T1,,master-DQ,MASTER,,,yes,,inven+grata,"titled-domain lookup found 16 contacts but no owner-level title (listed Abdur Rehman, CEO and Co-Founder, not returned)"
"Alpha Industries, LLC.",alphaindustries.pro,T4,,master-DQ,MASTER,,,,,grata,no grata execs
Alpha Power Group,alphapowergroup.com,T3,,master-DQ,MASTER,,,yes,yes,inven+grata,"2 further execs (Tim Hoyt, Mathew Smith - Directors, no email) dropped by 3-contact cap"
American Power & Communications,americanpowercomm.net,T5,,master-DQ,MASTER,,,yes,,inven+grata,"no owner-titled contact at domain (3 contacts, none matching)"
"Anmar Electrical Contractor, Inc",anmarcorporation.com,T5,,master-DQ,MASTER,,,yes,,inven+grata,named lookup for Mark Rusden found nothing; titled-domain fallback: 3 contacts at domain but none with an owner-level title
"Arc Power Services, LLC",arcpowersvc.com,T3,,master-DQ,MASTER,,,,,grata,no grata execs
"Arcadia Electrical Co., Inc.",arcadiaelectrical.com,T5,,master-DQ,MASTER,,,yes,yes,inven+grata,"named lookup for Stephen Gianotti (President) found nothing; fallback returned Thomas Amberger, VP - substitute; record mixes NY and CA numbers, verify before dialing"
Armor Electrical,armorelectrical.com,T5,,master-DQ,MASTER,,,,,grata,no grata execs
Atlas Electric Construction,atlaselectricalconst.com,T5,,master-DQ,MASTER,,,yes,,inven+grata,"named lookup for Justin Taibbi missed; titled-domain fallback: 1 contact, not owner-titled - no contact"
B&B Electric,bb-electric.com,T5,,master-DQ,MASTER,yes,,yes,,inven+grata,CANADA - likely wrong match for a US target; also no phone and no verified email. Named lookup for James Ott (President) missed
Beaon Energy,gobeaon.com,T5,,master-DQ,MASTER,yes,,,,grata,no grata execs
Bertke Electric,bertke.com,T5,,master-DQ,MASTER,,,yes,yes,inven+grata,"named lookup for KA Bertke (Founder) missed; fallback returned Randy Nixon, General Manager - not the owner but owner-adjacent"
"Bloomfield Electric Company, INC.",bloomfieldelectric.com,T5,,master-DQ,MASTER,,,yes,,inven+grata,named lookup for Roger Baral found nothing; titled fallback found 3 contacts but no owner-level title
"Bronco Electric, Inc.",broncoelectric.com,T5,,master-DQ,MASTER,,,yes,,inven+grata,named lookup for Keith Brown missed; titled-domain fallback found 10 contacts but none owner-titled - no contact
Bryan Electric Inc.,bryanelectricinc.com,T5,,master-DQ,MASTER,,,yes,,inven+grata,named lookup for Jason Bryan found nothing; titled-domain fallback: 10 contacts at domain but none with an owner-level title
CAC -Custom Automated Controls,custautocont.com,T4,,master-DQ,MASTER,,,yes,yes,inven+grata,named lookup for Mike Parich (Co-Owner) found nothing; fallback returned substitute Mike Wattigny (Division Manager)
"Campbell & Dawes, LTD",campbellanddawes.com,T5,,master-DQ,MASTER,,,,,grata,no grata execs
Celtic Power Group,celticpower.com,T3,,master-DQ,MASTER,,,,,grata,no grata execs
"CentriPump, Inc.",centripump.com,S7,,master-DQ,MASTER,yes,,yes,,inven+grata,office line only
Ceym,ceymglobal.com,T4,,master-DQ,MASTER,,,yes,,inven+grata,"office line only; contact located Ecuador and is not the listed Juan Torres (Owner) - non-US, likely wrong match"
"Coastline Electric, Inc.",coastlineelectricri.com,T5,,master-DQ,MASTER,,,yes,yes,inven+grata,ok
Coghlin Electrical Contractors,coghlin.com,T5,,master-DQ,MASTER,,,yes,,inven+grata,named lookup for Sue Mailman (Owner) missed; titled-domain fallback found 5 contacts but none owner-titled - no contact
Commercial Electrician,johnfordelectricalservices.co.uk,T4,,master-DQ,MASTER,,,,,grata,"domain unresolvable in grata (404); UK domain - non-US, verify entity"
Comstock Brothers Electric,cbehq.com,T5,,master-DQ,MASTER,,,yes,yes,inven+grata,"named lookup for Rick Bewley (President) found nothing; fallback returned Michael Jury, Division Manager - NOT owner-level"
Corbin Electrical Services,corbinelectric.com,S7,,master-DQ,MASTER,yes,,yes,,inven+grata,contact resolved but provider returned no email and no phone; also a different person from the listed Steve Corbin (Owner)
Cte,cte-ca.com,T5,,master-DQ,MASTER,,,,,grata,no grata execs
D A Boisvert Electric,boisvertelectric.com,T5,,master-DQ,MASTER,,,yes,,inven+grata,named lookup for Daniel A. Boisvert found nothing; titled fallback found 3 contacts but no owner-level title
"D.R.B. Electric, Inc.",drbelectric.com,T5,,master-DQ,MASTER,,,yes,,inven+grata,"no owner-titled contact at domain (5 contacts, none matching); Denise Baker named lookup not attempted"
DEI Systems,deisystems.com,T5,,master-DQ,MASTER,,,yes,yes,inven+grata,emails resolve to deisystems-ne.com not deisystems.com - confirm correct entity
DSE Electric Inc.,dseelectric.com,T5,,master-DQ,MASTER,,,yes,,inven+grata,"name matched but title is Warehouse Team Member, not President - likely a different Carlos Estrada; no phone"
Dane Electric,daneelectric.com,T5,,master-DQ,MASTER,,,yes,yes,inven+grata,ok
"David Crowell Electric, Inc.",davidcrowellelectric.com,T5,,master-DQ,MASTER,,,yes,,inven+grata,named lookup for David Crowell found nothing; titled-domain fallback: 3 contacts at domain but none with an owner-level title
Degraaf Systems Inc,degraafsystems.com,T5,,master-DQ,MASTER,,,yes,,inven+grata,"titled-domain lookup found 8 contacts but no owner-level title (listed James Degraaf, President, not returned)"
Denver Electrical Contractors Inc.,denverelectrical.com,T5,,master-DQ,MASTER,,,yes,,inven+grata,named lookup for Dana J. Slifka (CEO) missed; titled-domain fallback found 9 contacts but none owner-titled - no contact
Design Electric Company,designelectriccompany.com,T5,,master-DQ,MASTER,,,yes,,inven+grata,"office line only; named lookup for Peter Nowak (Owner) missed and fallback returned an assistant, NOT owner-level"
Direct Strike Lightning protection,directstrikelightningprotection.github.io,S10,,master-DQ,MASTER,,,,,grata,no grata execs
"Dk Electrical Contractors, INC.",dkelectricinc.com,T5,,master-DQ,MASTER,,,yes,yes,inven+grata,ok
"Doctor Electric, Inc.",doctorelectric.net,T5,,master-DQ,MASTER,yes,,yes,,inven+grata,office line only
EV Charger San Diego,evchargersd.com,S9,,master-DQ,MASTER,,,yes,,inven+grata,named lookup for John Charles Betancourt found nothing; titled-domain fallback: no provider coverage for this domain
EV Chargers by AEFA,evchargersusa.com,S9,,master-DQ,MASTER,,,,,grata,no grata execs
EV HookUp,evhookup.com,S9,,master-DQ,MASTER,,,,,grata,no grata execs
"Electrical Dynamics, Inc.",electricaldynamics.com,T5,,master-DQ,MASTER,,,yes,,inven+grata,"no mobile; substitute - list named Gregory Schick (President), got Frank Massiglia (Owner); no verified email"
Electrical Innovations,electricalinnovations.net,T5,,master-DQ,MASTER,,,,,grata,no grata execs
Elevate360 Inc.,elevate360.com,S9,,master-DQ,MASTER,,,,,grata,no grata execs
Energy-Test Ingeniería Eléctrica,energy-test.com,T1,,master-DQ,MASTER,,,,,grata,no grata execs
"FRONTIER ELECTRIC of Washington, Inc.",frontiereow.com,T5,,master-DQ,MASTER,,,yes,yes,inven+grata,ok
"Ferreira Power West, LLC",ferreirapw.com,T3,,master-DQ,MASTER,,,yes,yes,inven+grata,named lookup for Nelson Ferreira (President/CEO) found nothing; fallback returned substitute Charles Roper (VP Ops)
"Ferrell Electric, Inc.",ferrellelectric.net,T5,,master-DQ,MASTER,,,yes,,inven+grata,"no owner-titled contact at domain (11 contacts, none matching owner titles)"
"Florida Keys Electric, Inc.",flkeyselectric.com,T5,,master-DQ,MASTER,,,yes,,inven+grata,named lookup for Raymond Vazquez found nothing; titled-domain fallback: no provider coverage for this domain
Flowers Electric LLC,flowers-electric.com,S9,,master-DQ,MASTER,,,yes,,inven+grata,named lookup for Trey Flowers found nothing; titled-domain fallback: no provider coverage for this domain
Formex Electrical Contractor Inc.,formex.us,T4,,master-DQ,MASTER,,,,,grata,no grata execs
FourGen Holdings,four-gen.com,T5,,master-DQ,MASTER,,,yes,yes,inven+grata,also holds a verified cecco.com address - possible dual role; IL mobile 847-344-9953 is the plausible one
Future Controls inc.,future-controls.com,T5,,master-DQ,MASTER,,,yes,yes,inven+grata,"named lookup for James Norman Nevitt (Founder) missed; fallback returned Michael Hansen, 'Mechanical contractor' - not owner-titled, substitute"
G&P Technology,gandptechnology.co.uk,M13,,master-DQ,MASTER,yes,,yes,yes,inven+grata,"UNITED KINGDOM - not a US target; .co.uk domain, UK phone numbers. Should not be on a US electrical-infrastructure list; DQ candidate, not a wrong match but a wrong company"
GMEA Services,gmeaservices.com,T4,,master-DQ,MASTER,,,yes,yes,inven+grata,"named lookup for Garrett Wolcott (President) found nothing; titled fallback returned Andy Geyer, VP Business Development - not the named owner"
Gardner Electric,gardnerelectric-ky.com,T4,,master-DQ,MASTER,,,yes,,inven+grata,no provider coverage for domain
"Gateway Electric, Inc.",gatewayelectric.com,T5,,master-DQ,MASTER,yes,,yes,,inven+grata,no phone of any type returned
Genesis Electrical Service,genesiselectric.com,T5,,master-DQ,MASTER,,,yes,yes,inven+grata,only mobile is a UK +44 number on a US target - likely wrong match; no verified email
Genmar Electric Corp,unitedgenmar.net,T5,,master-DQ,MASTER,,,yes,,inven+grata,no owner-titled contact at domain and named lookup for Gary Trovato (Owner) found nothing
Gibson Electric,geflorida.com,T5,,master-DQ,MASTER,,,yes,yes,inven+grata,no verified geflorida.com email - verified addresses are at intec360.com / climatecontrolflorida.com / base-3.com; confirm current role at GE Florida before outreach
Giles Electric Company,gileselectriccompany.com,T5,,master-DQ,MASTER,,,yes,,inven+grata,named lookup for Bradley S. Giles found nothing; titled-domain fallback: 12 contacts at domain but none with an owner-level title
HB Utilities,hbutilities.com,T3,,master-DQ,MASTER,,,,,grata,no grata execs
"Hardt Electric, Inc.",hardtelectric.com,T5,,master-DQ,MASTER,yes,,yes,,inven+grata,office line only; provider title VP vs list title Owner/President
Harrison Electric INC,spina-enterprises.com,S7,,master-DQ,MASTER,,,,,grata,no grata execs
Hawkeye Electric,hawkeye-electric.com,T5,,master-DQ,MASTER,yes,,yes,,inven+grata,no mobile - direct dial only
"Hicks Electric, Inc.",hickselectric.net,T5,,master-DQ,MASTER,,,yes,yes,inven+grata,"named lookup for Jim Hicks (President) found nothing; fallback returned Nick Green, a manager - NOT owner-level"
Hmt,hmt-electric.com,T1,,master-DQ,MASTER,,,,,grata,no grata execs
Hoekstra Electrical Services,hoekstraelectric.com,T5,,master-DQ,MASTER,,,yes,,inven+grata,office line only
"Howe Electric Construction, Inc.",howe-electric.com,T5,,master-DQ,MASTER,,,yes,yes,inven+grata,ok
Hughes Electrical,hugheselectrical.com,T5,,master-DQ,MASTER,,,yes,yes,inven+grata,"named lookup for Cindy Hughes (Founder) missed; fallback returned Gabe Hughes, VP - family member, not the named founder"
In-Line Electrical Contractors Corp.,inline-corp.com,T3,,master-DQ,MASTER,,,yes,,inven+grata,named lookup for Giorgio Garcia found nothing; titled fallback found 1 contact but no owner-level title
"InChargeE, LLC",inchargee.com,S9,,master-DQ,MASTER,,,,,grata,no grata execs
Ion Electric Service LLC,ionelectric.org,T5,,master-DQ,MASTER,yes,,yes,,inven+grata,"titled-domain lookup found 10 contacts but no owner-level title (listed Matt Soave, Owner, not returned)"
JFC Electric LLC,jfcelectric.com,T5,,master-DQ,MASTER,,,yes,yes,inven+grata,ok
Jasper Thompson Lightning Protection,jtlpinc.com,S10,,master-DQ,MASTER,yes,,yes,,inven+grata,named lookup for Jasper Thompson found nothing; titled-domain fallback: 3 contacts at domain but none with an owner-level title
Jolma Utilities,jolmautilities.com,T3,,master-DQ,MASTER,,,yes,yes,inven+grata,ok
KND Electric,kndelectric.com,T5,,master-DQ,MASTER,,,yes,,inven+grata,"named lookup for Kenneth Duarte (Owner) found nothing; fallback returned Kristine Denapoli, President - different person but owner-level; no mobile"
Kiowa Line Builders,kiowalb.com,T3,,master-DQ,MASTER,,,yes,,inven+grata,"no owner-titled contact at domain (5 contacts, none matching); named lookup for Joel Hunsburger not attempted"
Lampion Companies,lampioncompanies.com,S8,,master-DQ,MASTER,,,yes,,inven+grata,named lookup for Joyce Perram found nothing; titled-domain fallback: 2 contacts at domain but none with an owner-level title
Live Electric Inc,liveelectric.vegas,T5,,master-DQ,MASTER,,,yes,yes,inven+grata,ok
Lonestar Lightning,lonestarlightning.com,S10,,master-DQ,MASTER,,,,,grata,no grata execs
"M. Davis & Sons, Inc.",mdavisinc.com,T4,,master-DQ,MASTER,,,yes,,inven+grata,office line only; named lookup for Peggy Del Fabbro (CEO) missed and fallback returned a different person with no verified email
Main Line Charging,mainlinecharging.com,S9,,master-DQ,MASTER,,,,,grata,no grata execs
"Malstrom Electric, INC.",malstromelectric.com,T5,,master-DQ,MASTER,,,yes,yes,inven+grata,record is Bill Malstrom Jr; separate Sr address exists - confirm which is the principal
Matco Electric Corporation,matcoelectric.com,T5,,master-DQ,MASTER,,,yes,,inven+grata,office line only; named lookup for Ken Elliott (CEO/Owner) found nothing and titled fallback returned a foreman - not an owner
Mayberry Electric Inc.,mayberryelectric.com,T5,,master-DQ,MASTER,,,yes,yes,inven+grata,"titled-domain lookup returned Lisa Hollingshed (President), not the listed Paul Mayberry (Founder); no verified work email, and first mobile duplicates the office line"
Menco Electric Inc,mencoelectric.com,T5,,master-DQ,MASTER,,,yes,yes,inven+grata,no verified email (all guessed patterns); mobile present
Mundial Group Inc.,mundial-group.com,T1,,master-DQ,MASTER,yes,,yes,yes,inven+grata,named lookup for Nita Rudd (Owner/President) found nothing; fallback returned Ricky Rudd (VP Ops)
Musgrove Construction,musgrove.ourcareerpages.com,T3,,master-DQ,MASTER,,,,,grata,grata matched wrong entity (Burford's Tree LLC / ourcareerpages.com) - not a company primary domain
OMNI Electric,omnielectric.io,S8,,master-DQ,MASTER,,,,,grata,no grata execs
"Outback Contractors, Inc.",outback-inc.com,T3,,master-DQ,MASTER,,,,,grata,no grata execs
PCI Electric LLC,pci-electric.com,T4,,master-DQ,MASTER,,,yes,yes,inven+grata,"substitute contact - asked for John Steed (Owner), got Matthew Pullin (VP)"
PNODE Inc.,pnodeinc.com,T1,,master-DQ,MASTER,,,yes,,inven+grata,"titled-domain lookup found 11 contacts but no owner-level title (listed Poorvi Patel, Owner & CEO, not returned)"
PVI CM Inc,pvicm.com,T6,,master-DQ,MASTER,,,yes,yes,inven+grata,"named lookup for Stephen Adams (CEO) found nothing; fallback returned Diane Gallagher, Dir of Admin Ops - NOT owner-level"
Palmieri Electric,palmierielectric.com,T5,,master-DQ,MASTER,,,yes,,inven+grata,no phone returned
"Pat Murphy Electric, Inc.",patmurphyelectric.com,T5,,master-DQ,MASTER,,,yes,yes,inven+grata,"titled-domain lookup returned Jason Camper (General Manager), not the listed Guy Roberts (Owner)"
"Perreca Electric Co., Inc.",perreca.com,T4,,master-DQ,MASTER,,,yes,yes,inven+grata,ok
Player and Company,playercompany.com,T4,,master-DQ,MASTER,,,yes,,inven+grata,named lookup for Doug Suddeth missed; titled-domain fallback found 14 contacts but none owner-titled - no contact
Powercomm Construction Inc,powercommconstruction.com,T3,,master-DQ,MASTER,,,yes,yes,inven+grata,"list named David Kwasnik (President); returned David Kwasnik Jr. (SVP) - possible generational mismatch, verify"
Prismecs,prismecs.com,T4,,master-DQ,MASTER,,,yes,yes,inven+grata,top mobile 763-291-1333 duplicates the office line; TX 281 number listed first as likelier cell
ProCal Lighting,procallighting.com,T5,,master-DQ,MASTER,,,,,grata,no grata execs; grata resolved requested domain to pro-cal.com (ProCal) - verify entity
R&R Electrical Inc.,rrelectricalinc.com,T5,,master-DQ,MASTER,,,yes,yes,inven+grata,ok
R.W. Electric,rwelectric.com,T4,,master-DQ,MASTER,,,,,grata,no grata execs
Reed Electric INC,reedelectric.us,T5,,master-DQ,MASTER,yes,,yes,,inven+grata,named lookup for Lee Reed found nothing; titled fallback found 1 contact but no owner-level title
Revolt Electric,revolt-electric.com,T5,,master-DQ,MASTER,,,yes,yes,inven+grata,"title differs - list says Owner, provider says Executive Project Manager"
Rizzo Electrical Contractors,rizzoelectric.com,T5,,master-DQ,MASTER,,,yes,,inven+grata,"no phone; list named Anthony Rizzo (Founder), got Frank Rizzo; email unverified"
SPEED Wiring Products,speedwiringproducts.com,M13,,master-DQ,MASTER,yes,,,,grata,no grata execs
STG Electric Services,stgelectricservices.com,S7,,master-DQ,MASTER,yes,,yes,yes,inven+grata,"named lookup for Chris Jaskiewicz (CEO) missed; fallback returned Jacob Jones, VP - not owner-level and no verified email"
"Schultheis Electric, a Division of TSB Inc.",tsbinc.net,T4,,master-DQ,MASTER,,,yes,yes,inven+grata,"Inven title is Vice President (Tim Schultheis II), list expected President - may be the son, verify"
Seco Electric,secoelectric.net,T5,,master-DQ,MASTER,,,yes,,inven+grata,no owner-titled contact at domain; named lookup for Joe Schamer found nothing
Shaw Electric LLC,shaw-electricllc.com,T5,,master-DQ,MASTER,,,yes,,inven+grata,named lookup for Allan Shaw found nothing; titled-domain fallback: 2 contacts at domain but none with an owner-level title
Sheets Contracting,sheetscontracting.com,S9,,master-DQ,MASTER,yes,,yes,yes,inven+grata,no verified email (all guessed patterns); mobiles present
Skytec,skytecpro.com,T3,,master-DQ,MASTER,,,yes,,inven+grata,"named lookup for Pankaj Chaturvedi found nothing; fallback returned Catherine Lasso, Founder/President - different person but owner-level; no phone"
Solar Electric Systems INC.,solarelectric.org,T5,,master-DQ,MASTER,,,yes,yes,inven+grata,"named lookup for 'Max B' (Owner) found nothing; fallback returned Gaetano Cuccio, Electrical Superintendent - NOT owner-level"
"Sparks Energy, Inc.",sparksinc.com,T3,,master-DQ,MASTER,,,yes,,inven+grata,named lookup for Jaradda Sparks found nothing; titled fallback found 4 contacts but no owner-level title
Specialty Engineering,specialtyengineering.net,T1,,master-DQ,MASTER,,,yes,,inven+grata,named lookup for David Burlingame missed; titled-domain fallback: no provider coverage for this domain
Splane Electric Supply Co,allenelectric.com,T5,,master-DQ,MASTER,,,yes,,inven+grata,named lookup for Bob Christian missed; titled-domain fallback: no provider coverage for this domain
"St Francis Electric, LLC",stfranciselectric.com,S8,,master-DQ,MASTER,yes,,yes,yes,inven+grata,named lookup for Andy Amador (Owner) found nothing; fallback returned substitute Michael Delgado (Field Ops Manager) - not an owner
Swmco,swmco.com,T6,,master-DQ,MASTER,,,yes,yes,inven+grata,ok
T M Electric,tmelectrical.ca,T5,,master-DQ,MASTER,,,yes,,inven+grata,"named lookup for Jeff Tremblay found nothing; .ca domain - CANADIAN entity, out of scope for a US target list, titled-domain fallback deliberately not spent"
"T&T Electrical Contractors, Inc.",tt-electric.com,T5,,master-DQ,MASTER,,,yes,,inven+grata,"named lookup for Thomas J. Tuton found nothing; titled-domain fallback: 1 contact at domain, no owner-level title"
TJ|H2b Analytical Services,tjh2b.com,T1,,master-DQ,MASTER,,,yes,yes,inven+grata,ok
Tempest Enterprises,thetempestco.com,T3,,master-DQ,MASTER,,,yes,,inven+grata,named lookup for David C Tempest found nothing; titled fallback found 3 contacts but no owner-level title
The Garick Group Inc.,thegarickgroup.com,T5,,master-DQ,MASTER,,,yes,,inven+grata,named lookup for Gary Paul Porras missed; titled-domain fallback: no provider coverage for this domain
"The Tri-M Group, LLC",tri-mgroup.com,T5,,master-DQ,MASTER,,,yes,yes,inven+grata,ok
Transition Power LLC,transitionpower.net,T3,,master-DQ,MASTER,,,,,grata,no grata company found for domain
Trustworthy Electric,trustworthyelectric.net,T5,,master-DQ,MASTER,yes,,yes,yes,inven+grata,"titled-domain lookup returned an administrator, not the listed Randy Jones (President & Owner)"
Universal Contracting Services,universalteam.net,S8,,master-DQ,MASTER,,,yes,,inven+grata,named lookup for Petar Bubalo missed; titled-domain fallback found 15 contacts but none owner-titled - no contact
Utility Electric,utilityelectric.net,T4,,master-DQ,MASTER,,,,,grata,no grata execs
Victory Powerline Services,victorypowerlineservices.com,T3,,master-DQ,MASTER,,,yes,yes,inven+grata,named lookup for Adam Prosser (CEO) found nothing; fallback returned substitute Brooks Boyle (Job Site Manager) - not an owner
Vilcon Inc,vilconinc.com,T5,,master-DQ,MASTER,,,yes,,inven+grata,named lookup for Brian James found nothing; titled fallback found 8 contacts but no owner-level title
"Wagner Technical Services, Inc.",wagnertech.com,T3,,master-DQ,MASTER,,,yes,yes,inven+grata,"matches listed Gerald L. Wagner (as Gerry Wagner); 4 mobiles incl. out-of-state 864/910 - NY numbers listed first, verify"
"Welch Companies, Inc.",welchcompanies.com,T5,,master-DQ,MASTER,,,yes,yes,inven+grata,ok
Williams Electrical Mechanical Group,williamsemgroup.com,T5,,master-DQ,MASTER,,,yes,,inven+grata,no provider coverage for domain; named lookup for Edmund Williams found nothing
Willis Cable Construction,williscable.com,T3,,master-DQ,MASTER,,,yes,,inven+grata,no owner-titled contact at domain; named lookup for Dennis Willis found nothing
Zeller Electric,zellerelectriccorp.com,T4,,master-DQ,MASTER,,,yes,,inven+grata,named lookup for Mark William Zeller missed; titled-domain fallback: no provider coverage for this domain
Analysis and Measurement Services (AMS) Corporation,ams-corp.com,T1,,master-P3,MASTER,yes,yes,,,grata,no grata execs
IVC Technologies,ivctechnologies.com,T1,,master-P3,MASTER,yes,yes,yes,yes,inven+grata,"list names Jeffrey Epperson (Founder/CEO); provider returned Pete Epperson, President and Owner - related but a different person"
"Albrecht Engineering, LLC",albrechtellc.com,T3,,master-P3,MASTER,yes,yes,yes,yes,inven+grata,"mobiles are NM/LA/IL area codes while person and company are Michigan (248) - none of the mobiles look local, verify before dialing"
"Criterion Critical Systems, Inc.",criterioncriticalsystems.com,T6,,master-P3,MASTER,yes,yes,yes,yes,inven+grata,ok
CT Electric,ctelectricpro.com,T4,,master-P3,MASTER,yes,yes,yes,yes,inven+grata,no verified work email (personal only)
"BIC Electric, LLC",bicelectrics.com,T3,,master-P3,MASTER,yes,yes,yes,yes,inven+grata,"provider title is Electrical Engineer vs list title Co-Founder and President - same name, verify seniority"
Southwest Industrial Electric,southwestelectric.com,T4,,master-P3,MASTER,yes,yes,yes,yes,inven+grata,ok
"Edge E&I Services, LLC",edgeserviceco.com,T4,,master-P3,MASTER,yes,yes,yes,yes,inven+grata,"named lookup for Marty Bass (President) found nothing; fallback returned Jason Campo, EVP - substitute, not the named owner"
Sitewide Project Solutions,sitewideps.com,T4,,master-P3,MASTER,yes,yes,yes,yes,inven+grata,"only mobile is an AUSTRALIAN +61 number on a Houston-located contact - likely wrong-entity phone, do not dial without verifying"
BridgePoint Electric,bridgepointelectric.com,T5,,master-P3,MASTER,yes,yes,yes,yes,inven+grata,record carries many personal emails for other Bridgemans - use the 918 mobiles only
"Nelson Electric, Inc",nelsonelec.com,T5,,master-P3,MASTER,yes,yes,yes,yes,inven+grata,ok
OlympiaTech Electric,olympiatech.net,T5,,master-P3,MASTER,yes,yes,yes,yes,inven+grata,ok
Commercial Lightning Protection,commerciallightning.com,S10,,master-P3,MASTER,yes,yes,yes,yes,inven+grata,ok
Holland Industrial,hollandindustrial.com,S7,,master-P3,MASTER,yes,yes,yes,yes,inven+grata,"titled-domain lookup returned Denise Usher (Purchasing, Co-Owner), not the listed Charles A. Brown (President)"
"Utility Construction Company, Inc.",utilityconstructionco.com,S8,,master-P3,MASTER,yes,yes,yes,,inven+grata,"named lookup for Suzette Nickum (President) missed; fallback returned Rocco Dolciato, VP - not owner-level, no mobile, no verified work email"
Pwr,pwrllc.com,S7,,master-P3,MASTER,yes,yes,yes,yes,inven+grata,named lookup for Paul Roberts (Founder) found nothing; fallback returned substitute Rod Law (President)
Sievert Electric,sievertelectric.com,T5,,master-P3,MASTER,yes,yes,yes,yes,inven+grata,ok
"American Electric Construction Company, LLC",aecco.net,T5,,master-P3,MASTER,yes,yes,yes,yes,inven+grata,ok
Capital City Electric,capcityelectric.com,T5,,master-P3,MASTER,yes,yes,yes,yes,inven+grata,"named lookup for Thomas Kessler (Owner) found nothing; fallback returned Eric Baker, President - different person but owner-level"
"Mayers Electric Co., Inc.",mayerselectric.com,T5,,master-P3,MASTER,yes,yes,yes,yes,inven+grata,no verified work email - only an unlabelled personal gmail
"Elite Power, Inc.",elitepower.com,T5,,master-P3,MASTER,yes,yes,yes,yes,inven+grata,ok
"RDM Electric Company, Inc.",rdmcompanies.com,T5,,master-P3,MASTER,yes,yes,yes,yes,inven+grata,"Inven title is Vice President, our record said President - title conflict; may be a junior/relative"
Rivers Electrical Corporation,riverselectrical.com,T5,,master-P3,MASTER,yes,yes,yes,yes,inven+grata,mobile is a Wyoming (307) area code while person and company are Massachusetts - verify
"Sweney Electric Company, INC",sweneyelectric.com,T4,,master-P3,MASTER,yes,yes,yes,yes,inven+grata,"named lookup for Phil Shikany (Owner) found nothing; fallback returned Eric Severson, President - different person but owner-level"
ArcStar Electric,arcstarelectric.com,T5,,master-P3,MASTER,yes,yes,yes,yes,inven+grata,ok
"MARS Transformers, LLC",marstransformers.com,T2,,master-P3,MASTER,yes,yes,yes,yes,inven+grata,"multiple mobiles; TX 832 listed first (company is Houston), 660 numbers are MO"
Resound Energy Services™,resoundenergy.com,S9,,master-P3,MASTER,yes,yes,yes,yes,inven+grata,"named lookup for Neil Sainsbury-Carter (CEO/Founder) found nothing; fallback returned Jason Towles, VP Sales - substitute; record mixes a Towles and a Steiner identity, verify"
Red Rover Electric,redroverelectric.com,T3,,master-P3,MASTER,yes,yes,yes,yes,inven+grata,"substitute contact - list named Bradley Hayes (CEO), got Nik Snyder (President)"
Midland Industrial Service LLC,midlandllc.com,T4,,master-P3,MASTER,yes,yes,yes,yes,inven+grata,"substitute contact - asked for Ryan Lawrence (CEO), got Joe Austin (Owner of a Midland unit)"
R&D Electric,rdelectric.net,T5,,master-P3,MASTER,yes,yes,yes,yes,inven+grata,ok
"Raygen Services, LLC",raygenservices.com,T5,,master-P3,MASTER,yes,yes,yes,yes,inven+grata,ok
"Douglas Electric Co., Inc.",douglaselectric.us,T5,,master-P3,MASTER,yes,yes,yes,yes,inven+grata,no verified work email - personal hotmail only
Cacy Electric,cacyelectric.com,T5,,master-P3,MASTER,yes,yes,yes,yes,inven+grata,"named lookup for Ryan Cacy (President) missed; fallback returned Nick Williams, VP - not owner-level, substitute contact"
Independent Lighting & Electrical,independentlighting.com,T5,,master-P3,MASTER,yes,yes,,,grata,no grata execs
Jemby Electric Inc.,jemby.com,T5,,master-P3,MASTER,yes,yes,yes,yes,inven+grata,"named lookup for Benzie Craig (Owner/President) missed; fallback returned Shannon Tostado, VP - not owner-level"
"Lywood Electric, Inc.",lywood.com,T5,,master-P3,MASTER,yes,yes,yes,yes,inven+grata,emails resolve on lywoodelectric.com not lywood.com - confirm the right domain
"North Point Technology, LLC",northpointusa.com,T4,,master-P3,MASTER,yes,yes,yes,yes,inven+grata,ok
"current engineering, inc.",currenteng.com,T4,,master-P3,MASTER,yes,yes,yes,yes,inven+grata,"titled-domain lookup returned Andy Rentsch (Co-Owner), not the listed David Miller (Owner) - owner-level, verify which is principal"
Walsh Electric Co. Inc.,walshelec.com,T5,,master-P3,MASTER,yes,yes,yes,,inven+grata,"no mobile; titled-domain lookup returned Chris Sikorski (VP), not the listed Pat Walsh (Founder and President)"
CapStar Electric,capstarelectric.com,T5,,master-P3,MASTER,yes,yes,yes,yes,inven+grata,"titled-domain lookup returned a VP, not the listed Steve Davis (CEO)"
"Bussco, INC.",busscoinc.com,T5,,master-P3,MASTER,yes,yes,yes,,inven+grata,no owner-titled contact at domain; named lookup for Steven Bussell found nothing
Foy Group Corporation,foygroup.net,T5,,master-P3,MASTER,yes,yes,yes,yes,inven+grata,"4th exec Zachary Beukema (CFO, no email) dropped by 3-contact cap"
"Mastercraft Electric, INC.",mastercraftinc.com,T5,,master-P3,MASTER,yes,yes,yes,yes,inven+grata,"substitute contact - list named Chad Walior (President), got Steve Brown (President and Owner)"
USIlluminations,usilluminations.com,T5,,master-P3,MASTER,yes,yes,yes,yes,inven+grata,ok
"Fitzgerald's Electrical Contracting, Inc",fitzec.com,T5,,master-P3,MASTER,yes,yes,yes,yes,inven+grata,ok
"PAGE Power Systems, Inc.",pagepowersystems.com,T3,,master-P3,MASTER,yes,yes,yes,yes,inven+grata,no verified email returned - phones only
Allied Electrical,alliedelectrical.com,T5,,master-P3,MASTER,yes,yes,yes,yes,inven+grata,ok
EC&M Integrated Solutions,ec-m.com,T5,,master-P3,MASTER,yes,yes,yes,yes,inven+grata,ok
CE Electrical Contractors,ce-electrical.com,T5,,master-P3,MASTER,yes,yes,yes,yes,inven+grata,ok
"Carey Electric, Inc.",careyelectricinc.com,T5,,master-P3,MASTER,yes,yes,yes,,inven+grata,no phone of any type on the record (matches listed Katie M. Carey)
CUSA Consulting Corp,cusaconsulting.com,T5,,master-P3,MASTER,yes,yes,yes,yes,inven+grata,"titled-domain lookup returned Mark Thurston (Owner), not the listed Virginia Thurston (CEO) - spouse/co-owner, confirm which to approach"
Eagle Electric,eagleelect.com,T5,,master-P3,MASTER,yes,yes,,,grata,no grata execs
"Montana Lines, Inc",mtlines.com,S8,,master-P3,MASTER,yes,yes,yes,yes,inven+grata,"substitute contact - list named Roxanne Marshall (Co-Owner), got Trevor Livesay (President)"
HTE Contractors,hitechelectric.com,T5,,master-P3,MASTER,yes,yes,yes,yes,inven+grata,"substitute contact - list named Barrett McMurtrey (President), got Joe Hunter (President); no verified email"
Kilian Electrical Service / Kilian Power,kilianelectric.com,T5,,master-P3,MASTER,yes,yes,yes,yes,inven+grata,ok
"Diversified Technologies, Inc.",divtecs.com,M13,,master-P3,MASTER,yes,yes,yes,yes,inven+grata,no verified work email; phone area codes (MA/SC/NV) do not match a WA-located owner - verify before dialing
Power Monitors,powermonitors.com,M13,,master-P3,MASTER,yes,yes,yes,yes,inven+grata,ok
Power Temp Systems,powertemp.com,M13,,master-P3,MASTER,yes,yes,yes,yes,inven+grata,verified emails resolve to totalenergysolutions.com not powertemp.com - confirm entity
Power Connections Inc,powerconnections.com,M13,,master-P3,MASTER,yes,yes,,,grata,no grata execs
"Root 3 Power, LLC",root3power.com,E12,,master-P3,MASTER,yes,yes,yes,yes,inven+grata,common-name record blends in a marriotthotels.com identity - verify before dialing
Grace Technologies,graceport.com,M13,,master-P3,MASTER,yes,yes,yes,yes,inven+grata,"Inven title is 'Learning Officer' with ypoiowa.com emails, not President/CEO of Graceport - likely a different Drew Allen, verify; no verified work email"
The H-J Family of Companies,h-j.com,M13,,master-P3,MASTER,yes,yes,yes,yes,inven+grata,ok
Amped I LLC,ampedi.com,E12,,master-P3,MASTER,yes,yes,yes,yes,inven+grata,ok
"Astute Engineering, LLC.",astuteng.com,E12,,master-P3,MASTER,yes,yes,yes,yes,inven+grata,ok
BTECH Inc,btechinc.com,M13,,master-P3,MASTER,yes,yes,yes,yes,inven+grata,ok
"Custom Electronics, Inc.",customelec.com,M13,,master-P3,MASTER,yes,yes,yes,yes,inven+grata,"substitute contact - list named Michael Pentaris (President/CEO), got Pat Thurmond (Owner); no verified work email"
Exeltech,exeltech.com,M13,,master-P3,MASTER,yes,yes,yes,yes,inven+grata,matches listed owner but no verified work email (personal gmail only); 3 mobiles on record
Gyre9,gyre9.com,M13,,master-P3,MASTER,yes,yes,yes,yes,inven+grata,ok
Titan LED,titanledus.com,M13,,master-P3,MASTER,yes,yes,yes,yes,inven+grata,ok
Senergy Electric,senergyelectric.com,M13,,master-P3,MASTER,yes,yes,yes,yes,inven+grata,record mixes in Venezuela (+58) and Mexico (+52) numbers - use the US +1 786 mobiles only
"ELECSYS Engineering Group, PLLC",elecsysgroup.com,E12,,master-P3,MASTER,yes,yes,yes,yes,inven+grata,ok
"Davidson Sales Company, Inc.",davidsonsales.com,M13,,master-P3,MASTER,yes,yes,yes,yes,inven+grata,ok
Merrimac Industrial Sales,merrimacindustrial.com,M13,,master-P3,MASTER,yes,yes,yes,yes,inven+grata,ok
South Coast Lighting & Design,southcoastlighting.com,M13,,master-P3,MASTER,yes,yes,yes,yes,inven+grata,ok
"RNB Controls, Inc.",rnbcontrols.com,M13,,master-P3,MASTER,yes,yes,yes,yes,inven+grata,ok
"RTF Project Services, LLC",rtfps.net,T4,,master-P3,MASTER,yes,yes,yes,yes,inven+grata,"named lookup for Frankie Rasberry (President/Owner) missed; fallback returned John Allen, CFO/Principal - not the named owner"
Specialized Electric Company - Colorado,specializedelectric.com,T5,,master-P3,MASTER,yes,yes,yes,yes,inven+grata,"named lookup for Kent Langfield (President & CEO) found nothing; titled fallback returned Jennifer Langfield (Business Owner) - co-owner/family, not the named principal"
"T.R. Curlee Electric,Inc.",trcurlee.com,T5,,master-P3,MASTER,yes,yes,yes,yes,inven+grata,no verified work email (only a personal gmail that may belong to a relative)
"A.R.S. Electric, LLC",arselectricnyc.com,S8,,master-P3,MASTER,yes,yes,yes,yes,inven+grata,ok
"Alternalite Electric, Inc.",alternalite.com,S9,,master-P3,MASTER,yes,yes,yes,yes,inven+grata,ok
Arc Flash Electric,arcflashelectric.com,T5,,master-P3,MASTER,yes,yes,yes,yes,inven+grata,no verified work email - personal gmail only
Design By Initiative,designbyinitiative.com,M13,,master-P3,MASTER,yes,yes,yes,yes,inven+grata,no verified work email (personal only)
Diamond -R- Electric,diamondrelectric.com,T5,,master-P3,MASTER,yes,yes,yes,yes,inven+grata,ok
"Signature Electric, Inc.",signatureelectriccorp.com,T5,,master-P3,MASTER,yes,yes,yes,yes,inven+grata,3 mobiles on record - verify before dialing
American Connectors,americanconnectors.com,M13,,master-P3,MASTER,yes,yes,yes,yes,inven+grata,ok
Amex Electric Services DFW,amexelectric.com,T5,,master-P3,MASTER,yes,yes,,,grata,no grata execs
Box Electric Company Inc,box-electric.com,T5,,master-P3,MASTER,yes,yes,yes,yes,inven+grata,ok
"CruzElectric, LLC.",cruzelectricllc.com,T5,,master-P3,MASTER,yes,yes,yes,yes,inven+grata,5 mobiles across MS/VA/NY area codes - DC-area 571/540 numbers are the plausible ones; the rest look like namesake contamination
Lumen Electric INC.,lumenelectric.com,T5,,master-P3,MASTER,yes,yes,,,grata,no grata execs
"Advanced Integration Technologies, Inc.",aitechfl.com,T5,,master-P3,MASTER,yes,yes,,,grata,no grata execs
5 Star Directional Drilling Services INC,5stardrilling.com,T3,,master-DQ,MASTER,yes,yes,yes,yes,inven+grata,ok
"A&H Industries, LLC",ahindllc.com,S8,,master-DQ,MASTER,yes,yes,,,grata,no grata company found for domain
APEX Controls,solutionsbyapex.com,T4,,master-DQ,MASTER,yes,yes,yes,yes,inven+grata,"titled-domain lookup returned Andy Winkel (CEO) with apexcontrols.cc emails, not the listed Michael TeBos (Owner) - confirm entity"
Abstract Electric,abstractelectric.com,T5,,master-DQ,MASTER,yes,yes,yes,yes,inven+grata,ok
"Advanced Gas Engine Solutions, Inc",agesinc.us,S7,,master-DQ,MASTER,yes,yes,yes,yes,inven+grata,ok
Al's Electric Services Ltd,alselectric.ca,T5,,master-DQ,MASTER,yes,yes,yes,yes,inven+grata,"Canada - non-US target, likely wrong match for a US mandate (.ca domain, contact in New Brunswick)"
Allstar Electrical Services,allstarelectrical.com,T5,,master-DQ,MASTER,yes,yes,yes,yes,inven+grata,ok
"Altimate Electric, LLC.",altimateelectric.com,T5,,master-DQ,MASTER,yes,yes,yes,yes,inven+grata,ok
"Aubrey Silvey Enterprises, Inc.",silvey.com,T3,,master-DQ,MASTER,yes,yes,yes,,inven+grata,"office line only; named lookup for Vann Pelt (President) found nothing, fallback matched 'Principal' in a manager title - NOT owner-level"
"B&J Electric of Poland, Inc.",bandjelectriconline.com,T5,,master-DQ,MASTER,yes,yes,yes,yes,inven+grata,no verified work email - personal only
Bass Electrical Corporation,basselectricalnyc.com,T5,,master-DQ,MASTER,yes,yes,,,grata,no grata execs
Benfield Electric,benfieldinc.com,T5,,master-DQ,MASTER,yes,yes,yes,yes,inven+grata,"contact is CFO, not an owner/CEO; no verified email"
"Bible Electric, Inc.",bibleelectric.com,T5,,master-DQ,MASTER,yes,yes,yes,,inven+grata,no mobile - direct dial and office only
Bj Baldwin Electric Inc,bjbaldwin.com,T3,,master-DQ,MASTER,yes,yes,yes,yes,inven+grata,mobile is CA 818 area code while company is PA - verify
Bullett Electric Inc,bullettelectric.com,T5,,master-DQ,MASTER,yes,yes,yes,yes,inven+grata,only verified email on the record is michelle@ (not Mike's own address)
Burkhead Electric,burkheadelectric.com,T5,,master-DQ,MASTER,yes,yes,yes,yes,inven+grata,ok
"C.M.Armitage,Inc",cmarmitage.com,T5,,master-DQ,MASTER,yes,yes,yes,yes,inven+grata,ok
"CDP, Inc.",cdpcorp.com,T6,,master-DQ,MASTER,yes,yes,yes,yes,inven+grata,ok
"Carlton Electric, INC.",carltonelectric.com,T5,,master-DQ,MASTER,yes,yes,yes,yes,inven+grata,ok
"ClearPath Utility Solutions, LLC",directionaldrilling.com,T3,,master-DQ,MASTER,yes,yes,yes,yes,inven+grata,no verified work email (personal only)
"Connors-Haas, Inc.",connors-haas.com,T4,,master-DQ,MASTER,yes,yes,yes,yes,inven+grata,ok
"D&D Electrical Contractors, Inc. / DNet Cabling & Solar",danddnet.com,T5,,master-DQ,MASTER,yes,yes,yes,yes,inven+grata,ok
D&D Motor Systems Inc.,ddmotorsystems.com,M13,,master-DQ,MASTER,yes,yes,yes,yes,inven+grata,ok
"DL Smith Electric, Inc.",dlsmith.com,T5,,master-DQ,MASTER,yes,yes,yes,yes,inven+grata,ok
Degryse Electric Inc.,degryseelectric.com,T5,,master-DQ,MASTER,yes,yes,yes,yes,inven+grata,ok
"EMT Electric, Inc.",emtelectric.com,T5,,master-DQ,MASTER,yes,yes,yes,yes,inven+grata,mobiles are Bay Area/LA area codes while company and person are Sacramento/Stockton (209) - verify mobile ownership
EZ EV Electric,ezevelectric.com,S9,,master-DQ,MASTER,yes,yes,yes,yes,inven+grata,ok
"Electrical Corporation of America, Inc.",ecahq.com,T4,,master-DQ,MASTER,yes,yes,yes,,inven+grata,office line only
"Electricians, Inc.",electriciansinc.com,T5,,master-DQ,MASTER,yes,yes,yes,,inven+grata,"office line only; contact located Glasgow, United Kingdom and is not the listed Jimmy Yamada (CEO) - non-US, likely wrong match"
Elite Power Solutions,elitepowersolutions.io,S9,,master-DQ,MASTER,yes,yes,,,grata,no grata execs
"Elm Electrical, Inc.",elmelec.com,T4,,master-DQ,MASTER,yes,yes,yes,,inven+grata,"UNITED KINGDOM contact returned for a US target - likely wrong match; also office line only, no verified email; named lookup for Robert Bacon found nothing"
"Generators of Houston A GENRG Power Solutions, LLC Company",generatorsofhouston.com,S7,,master-DQ,MASTER,yes,yes,yes,yes,inven+grata,"titled-domain lookup returned Rodney Page (Owner and Manager), not the listed Louis Giddens (President & Owner); no verified work email"
Godfrey Electric Inc.,godfreyelectric.com,T5,,master-DQ,MASTER,yes,yes,yes,yes,inven+grata,ok
GreenTech Energy Services,greentechenergy.com,T5,,master-DQ,MASTER,yes,yes,yes,yes,inven+grata,ok
Guardian Manufacturing,guardianmfg.com,T4,,master-DQ,MASTER,yes,yes,yes,yes,inven+grata,ok
Hawaii Energy Systems,hawaiienergysystems.com,T5,,master-DQ,MASTER,yes,yes,yes,yes,inven+grata,ok
Heco,hecoinc.com,S7,,master-DQ,MASTER,yes,yes,yes,yes,inven+grata,ok
Hurst Electric,hurstelec.com,T5,,master-DQ,MASTER,yes,yes,yes,yes,inven+grata,"named lookup for Gerald Jordan (CEO) found nothing; titled fallback returned Stacie Ritchey, Vice President - not the named owner"
I.E. Electric,i-e-electric.com,T5,,master-DQ,MASTER,yes,yes,yes,yes,inven+grata,no verified work email; the two verified personal emails belong to other names (Czarkowski/Franco) so ignore them
Ickler Electric Corporation,icklerelectric.com,T4,,master-DQ,MASTER,yes,yes,yes,yes,inven+grata,ok
Industrial Four Inc.,industrialfour.com,T4,,master-DQ,MASTER,yes,yes,yes,yes,inven+grata,"named lookup for Tom Hansen (Owner) missed; fallback returned Susan Turcotte, Co-Owner - different person, owner-level so usable"
Intelect Corporation,intelectcorp.com,T5,,master-DQ,MASTER,yes,yes,yes,yes,inven+grata,"titled-domain lookup returned Rohit Patel (CEO/President), not the listed Parth R. Patel (President & CEO); no verified work email"
Intelectric inc.,intelectric.net,S9,,master-DQ,MASTER,yes,yes,yes,,inven+grata,no mobile - direct dial and office only
J.R. Electrical,jrelectrical.com,T5,,master-DQ,MASTER,yes,yes,yes,,inven+grata,"named lookup for Jason Nieves (President) found nothing; fallback returned John Roda, Owner (emails on jrelectricalusa.com not jrelectrical.com - possible entity mismatch); no mobile"
"Jamerson & Bauwens Electrical Contractors, Inc.",jbelectric.com,T5,,master-DQ,MASTER,yes,yes,yes,yes,inven+grata,"substitute contact - asked for Ken Bauwens (CEO), got Gary Shamasko (President)"
"Knights' Electric, Inc.",knightselectric.com,T5,,master-DQ,MASTER,yes,yes,yes,yes,inven+grata,"named lookup for Barbara Ragsdale (President/CEO) missed; fallback returned Art Knight, Owner - different person but plausible co-owner; no verified work email"
Koester Corporation,koester-corp.com,T4,,master-DQ,MASTER,yes,yes,yes,yes,inven+grata,ok
Krause Electrical Contractors,krauseelectric.com,T5,,master-DQ,MASTER,yes,yes,yes,yes,inven+grata,ok
LED Lighting Inc.,ledlightinginc.com,M13,,master-DQ,MASTER,yes,yes,yes,,inven+grata,"office line only; contact located Lahore, Pakistan and is not the listed Bri Claeys (CEO) - non-US, likely wrong match"
LMS Electric & Plumbing,lmselectric.com,T5,,master-DQ,MASTER,yes,yes,yes,yes,inven+grata,ok
"Lakeland Electric, Inc.",lakelandohio.com,T5,,master-DQ,MASTER,yes,yes,yes,yes,inven+grata,"named lookup for Lee Vittardi (Owner) missed; fallback returned David Mueller, VP Operations - NOT owner-level, substitute contact"
Lightserve Corp,light-serve.com,T5,,master-DQ,MASTER,yes,yes,yes,yes,inven+grata,ok
"M&M Electric of Central Florida, Inc.",mmelectriccfl.com,T5,,master-DQ,MASTER,yes,yes,yes,yes,inven+grata,ok
"M. L. Schmitt, Inc.",mlschmittelectric.com,T5,,master-DQ,MASTER,yes,yes,yes,yes,inven+grata,no verified work email (personal yahoo only); 3 mobiles on record
MC Electric & Contracting,mcelectricpro.com,T5,,master-DQ,MASTER,yes,yes,yes,yes,inven+grata,ok
"Mad Dash, Inc.",maddash.com,T3,,master-DQ,MASTER,yes,yes,yes,yes,inven+grata,ok
McCay Southern,mccaysouthern.com,S7,,master-DQ,MASTER,yes,yes,yes,yes,inven+grata,ok
"N. J. Shaum & Son, INC. Electrical Contractors",shaum-electric.com,T5,,master-DQ,MASTER,yes,yes,yes,yes,inven+grata,"named lookup for Jeff Patton (Owner) missed; fallback returned Marsha Jensen, EA to CEO - NOT owner-level, gatekeeper contact"
Nelson Electric,nelson-electricllc.com,T5,,master-DQ,MASTER,yes,yes,yes,yes,inven+grata,ok
"Northline Utilities, LLC",northlineutilitiesllc.com,T3,,master-DQ,MASTER,yes,yes,yes,yes,inven+grata,emails resolve on northlinellc.com not northlineutilitiesllc.com - verify the right entity domain
O'Neill Electric Inc.,oneillelectricmn.com,T5,,master-DQ,MASTER,yes,yes,yes,yes,inven+grata,"5 mobiles on record - top MN 651 numbers listed, verify before dialing"
Packerland Electric LLC,packerlandelectric.com,T5,,master-DQ,MASTER,yes,yes,yes,yes,inven+grata,ok
Palmer Electric,palmer-electric.com,T5,,master-DQ,MASTER,yes,yes,yes,yes,inven+grata,top 'mobile' 407-646-8700 is also listed as the office line - treat 407-647-1937 as the candidate mobile
Performance Power,ppcwa.com,T6,,master-DQ,MASTER,yes,yes,yes,yes,inven+grata,named lookup for Jon Hessen (CEO) found nothing; fallback returned substitute Tom Johnson (Principal/VP)
Petro Guardian,petroguardian.com,S10,,master-DQ,MASTER,yes,yes,yes,yes,inven+grata,ok
"Portland Engineering, Inc.",portlandengineers.com,T4,,master-DQ,MASTER,yes,yes,yes,,inven+grata,"no mobile; titled-domain lookup returned Greg Chase (VP), not the listed Jeff Bruce (President); no verified work email"
Powercon LLC,powerconllc.com,T4,,master-DQ,MASTER,yes,yes,yes,yes,inven+grata,ok
Premier Automation LLC,premierautomation.com,T4,,master-DQ,MASTER,yes,yes,yes,yes,inven+grata,"same person also listed as owner of panelshop.com (row 182 of this slice) - premierautomation.com and panelshop.com are the same ownership, dedupe before outreach"
"Professional Meters, Inc.",prometers.com,T3,,master-DQ,MASTER,yes,yes,yes,yes,inven+grata,ok
Quality Switchgear Inc,qualityswitchgear.com,T2,,master-DQ,MASTER,yes,yes,yes,yes,inven+grata,ok
Raven Electric Inc,ravenelectric.com,T5,,master-DQ,MASTER,yes,yes,yes,yes,inven+grata,ok
Rose City Electric Co.,rosecityelectricco.com,T5,,master-DQ,MASTER,yes,yes,yes,yes,inven+grata,ok
"S&W Electrical Contractors, Inc.",swelectricinc.com,T5,,master-DQ,MASTER,yes,yes,yes,yes,inven+grata,"titled-domain lookup returned Matt Sylvia (Owner), not the listed Brian Washburn - owner-level, verify which is principal"
Sanders Services,sanderscomposites.com,T5,,master-DQ,MASTER,yes,yes,,,grata,no grata execs
"Sentry Electric, Inc.",sentryelectric.com,T5,,master-DQ,MASTER,yes,yes,yes,yes,inven+grata,ok
"Specialty Service Group, LLC",specialtyservicegroup.com,T5,,master-DQ,MASTER,yes,yes,yes,yes,inven+grata,ok
Spectrum Electric,spectrumelectricinc.com,T5,,master-DQ,MASTER,yes,yes,yes,yes,inven+grata,ok
State Electrical Contractors,stateelectricalcontractors.com,T5,,master-DQ,MASTER,yes,yes,yes,yes,inven+grata,"named lookup for Colleen Reichsfeld found nothing; titled fallback returned Michael Bast (Part-Owner/President) - different person, no verified email"
"Summit Electric & Data, Inc.",summitelectricdata.com,T5,,master-DQ,MASTER,yes,yes,,,grata,no grata execs
"Sunshine State Electric of Florida, Inc.",sselectric.com,T5,,master-DQ,MASTER,yes,yes,yes,yes,inven+grata,ok
Tower Generator,towergenerator.com,S7,,master-DQ,MASTER,yes,yes,yes,yes,inven+grata,ok
Tpi,tpiengineering.com,T1,,master-DQ,MASTER,yes,yes,yes,,inven+grata,"CANADA contact returned for a US target - likely wrong match; office line only, no verified email; named lookup for Tom Cantor found nothing"
Turner Electrical Services LLC - Providing TEGG Services,turnerelectricalservices.com,T1,,master-DQ,MASTER,yes,yes,yes,yes,inven+grata,ok
"Universal Blower Pac, Inc",universalblowerpac.com,S7,,master-DQ,MASTER,yes,yes,yes,yes,inven+grata,ok
Vector Commissioning Services,vectorcx.com,T1,,master-DQ,MASTER,yes,yes,yes,yes,inven+grata,"no verified vectorcx.com email - all professional addresses are 'Possible' guesses; verified work email is at randox.com (different employer), so identity match is weak"
Willis Electrical,williselectrical.com,T4,,master-DQ,MASTER,yes,yes,yes,yes,inven+grata,ok
