company,domain,headquarters,employees,ownership,year_founded,description,source_list,flag
"Dollar Tree, Inc.",dollartree.com,"Chesapeake, VA",150302,Public,1986,"Dollar Tree operates a national discount variety retail chain selling a wide assortment of low‑priced general merchandise to individual consumers. They focus on high‑volume sales of everyday consumables, household items, party and seasonal products, and basic personal care and grocery items, and they market themselves as a value retailer offering fixed low prices and convenient assortment across stores and digital channels.",NEJPTRNT,
Allied Universal,aus.com,"Irvine, CA",320041,Private Subsidiary,1957,"Allied Universal provides integrated security and facility services to organizations, delivering on-site security personnel combined with technology and professional services for businesses and institutions; they serve corporate, event, property management, and institutional customers and position themselves as a nationally supported, locally delivered partner using a risk-based, people-plus-technology approach.",NEJPTRNT,
Emerson Electric Co.,emerson.com,"Missouri, USA",166151,Public Subsidiary,1890,"Emerson Electric Co. designs and manufactures automation and control technologies, including process control systems, valves and actuators, sensing and analytical instruments, and HVAC/refrigeration controls, and provides related software and services. They primarily sell to industrial operators, OEMs, building and facilities managers, and systems integrators. They position themselves as a single-source supplier of control hardware, instrumentation, and software to support operational control and equipment lifecycle needs.",NEJPTRNT,
"Meta Platforms, Inc.",meta.com,"Menlo Park, CA",164941,Public,2004,"Meta Platforms, Inc. develops and operates widely used social networking and messaging applications and an advertising platform for businesses, while also building augmented/virtual reality hardware and software. They serve individual users who access their social and communication services and businesses that use their advertising, analytics, and developer tools. They position themselves as a provider of social connectivity and immersive experience technologies that enable communication, content sharing, and immersive computing.",NEJPTRNT,
Google,google.com,"Mountain View, CA",319402,Public Subsidiary,1998,"Google is a multinational technology company that specializes in internet-related products and services. Its offerings include online advertising technologies, search engine, cloud computing, software, and hardware. Google's typical customers include consumers, businesses, advertisers, and publishers who use its various products and services for different reasons. Google positions itself as a company that offers innovative and user-friendly technology solutions that aim to make the world's information accessible and useful.","NEJPTRNT,55X5CPA6",
"Securitas Security Services USA, Inc.",securitasinc.com,[unknown],[unknown],[unknown],[unknown],[unknown],NEJPTRNT,
Johnson Controls International plc,johnsoncontrols.com,[unknown],[unknown],[unknown],[unknown],[unknown],NEJPTRNT,
Kiewit Corp.,kiewit.com,[unknown],[unknown],[unknown],[unknown],[unknown],NEJPTRNT,
ABM Industries Incorporated,abm.com,[unknown],[unknown],[unknown],[unknown],[unknown],NEJPTRNT,
L'Air Liquide S.A.,airliquide.com,[unknown],[unknown],[unknown],[unknown],[unknown],NEJPTRNT,
"Tetra Tech, Inc.",tetratech.com,[unknown],[unknown],[unknown],[unknown],[unknown],NEJPTRNT,
"American Electric Power Company, Inc.",aep.com,[unknown],[unknown],[unknown],[unknown],[unknown],NEJPTRNT,
Securitas Group,securitas.com,[unknown],[unknown],[unknown],[unknown],[unknown],NEJPTRNT,
"Quanta Services, Inc.",quantaservices.com,[unknown],[unknown],[unknown],[unknown],[unknown],"NEJPTRNT,AG7VH6VZ",
"Rosendin Electric, Inc.",rosendin.com,[unknown],[unknown],[unknown],[unknown],[unknown],"NEJPTRNT,AG7VH6VZ,PXZB5DQZ",
Hubbell Incorporated,hubbell.com,[unknown],[unknown],[unknown],[unknown],[unknown],NEJPTRNT,
Johnson Electric Holdings Limited,johnsonelectric.com,[unknown],[unknown],[unknown],[unknown],[unknown],NEJPTRNT,
Black & Veatch,bv.com,[unknown],[unknown],[unknown],[unknown],[unknown],NEJPTRNT,
Brock Group,brockgroup.com,[unknown],[unknown],[unknown],[unknown],[unknown],NEJPTRNT,
USI Insurance Services,usi.com,[unknown],[unknown],[unknown],[unknown],[unknown],"NEJPTRNT,55X5CPA6",
CDM Smith Inc.,cdmsmith.com,[unknown],[unknown],[unknown],[unknown],[unknown],NEJPTRNT,
"EMCOR Group, Inc.",emcorgroup.com,[unknown],[unknown],[unknown],[unknown],[unknown],"NEJPTRNT,AG7VH6VZ",
Los Angeles Department of Water and Power,ladwp.com,[unknown],[unknown],[unknown],[unknown],[unknown],NEJPTRNT,
"Generac Power Systems, Inc.",generac.com,[unknown],[unknown],[unknown],[unknown],[unknown],NEJPTRNT,
Day & Zimmermann,dayzim.com,[unknown],[unknown],[unknown],[unknown],[unknown],NEJPTRNT,
Valaris Limited,valaris.com,[unknown],[unknown],[unknown],[unknown],[unknown],NEJPTRNT,
Controls and Switchgear,cselectric.co.in,[unknown],[unknown],[unknown],[unknown],[unknown],NEJPTRNT,NON_US_TLD
Black & McDonald Limited,blackandmcdonald.com,[unknown],[unknown],[unknown],[unknown],[unknown],"NEJPTRNT,B2P5ZX2E,PXZB5DQZ",
Rehlko,heilatech.com,[unknown],[unknown],[unknown],[unknown],[unknown],NEJPTRNT,
Rackspace Technology,rackspace.com,[unknown],[unknown],[unknown],[unknown],[unknown],NEJPTRNT,
"Centuri Group, Inc.",centuri.com,[unknown],[unknown],[unknown],[unknown],[unknown],NEJPTRNT,
"Juniper Networks, Inc.",juniper.net,[unknown],[unknown],[unknown],[unknown],[unknown],NEJPTRNT,
ACCO Engineered Systems,accoes.com,[unknown],[unknown],[unknown],[unknown],[unknown],NEJPTRNT,
Miller Electric Company,mecojax.com,[unknown],[unknown],[unknown],[unknown],[unknown],"NEJPTRNT,AG7VH6VZ",
BHI Energy,bhienergy.com,[unknown],[unknown],[unknown],[unknown],[unknown],NEJPTRNT,
MacDonald-Miller,macmiller.com,[unknown],[unknown],[unknown],[unknown],[unknown],NEJPTRNT,
Avi-Spl,avispl.com,[unknown],[unknown],[unknown],[unknown],[unknown],NEJPTRNT,
"Thryv, Inc.",thryv.com,[unknown],[unknown],[unknown],[unknown],[unknown],NEJPTRNT,
Black Box Corporation,blackbox.com,[unknown],[unknown],[unknown],[unknown],[unknown],NEJPTRNT,
Dashiell Corporation,dashiell.com,[unknown],[unknown],[unknown],[unknown],[unknown],NEJPTRNT,
The Newtron Group,thenewtrongroup.com,[unknown],[unknown],[unknown],[unknown],[unknown],"NEJPTRNT,AG7VH6VZ",
"Shambaugh & Son, L.P.",shambaugh.com,[unknown],[unknown],[unknown],[unknown],[unknown],NEJPTRNT,
The Brandt Companies,brandt.us,[unknown],[unknown],[unknown],[unknown],[unknown],NEJPTRNT,
The State Group,stategroup.com,[unknown],[unknown],[unknown],[unknown],[unknown],NEJPTRNT,
ADT Inc.,adt.com,[unknown],[unknown],[unknown],[unknown],[unknown],NEJPTRNT,
Southland Industries,southlandind.com,[unknown],[unknown],[unknown],[unknown],[unknown],NEJPTRNT,
"Sturgeon Electric Company, Inc.",sturgeonelectric.com,[unknown],[unknown],[unknown],[unknown],[unknown],"NEJPTRNT,B2P5ZX2E,TC959LXU,PXZB5DQZ",
MYR Group Inc.,myrgroup.com,[unknown],[unknown],[unknown],[unknown],[unknown],"NEJPTRNT,B2P5ZX2E,AG7VH6VZ",
The Waldinger Corporation,waldinger.com,[unknown],[unknown],[unknown],[unknown],[unknown],NEJPTRNT,
RailWorks Corporation,railworks.com,[unknown],[unknown],[unknown],[unknown],[unknown],NEJPTRNT,
Michels Corporation,michels.us,[unknown],[unknown],[unknown],[unknown],[unknown],"NEJPTRNT,B2P5ZX2E,PXZB5DQZ",
Limbach Holdings Inc.,limbachinc.com,[unknown],[unknown],[unknown],[unknown],[unknown],NEJPTRNT,
"M. J. Electric, LLC",mjelectric.com,[unknown],[unknown],[unknown],[unknown],[unknown],"NEJPTRNT,B2P5ZX2E",
ArchKey Solutions LLC,archkey.com,[unknown],[unknown],[unknown],[unknown],[unknown],"NEJPTRNT,B2P5ZX2E,AG7VH6VZ",
Cache Valley Electric Company,cve.com,[unknown],[unknown],[unknown],[unknown],[unknown],"NEJPTRNT,AG7VH6VZ,PXZB5DQZ",
"Enerfab, LLC.",enerfab.com,[unknown],[unknown],[unknown],[unknown],[unknown],NEJPTRNT,
"PAR Electrical Contractors, Inc.",parelectric.com,[unknown],[unknown],[unknown],[unknown],[unknown],"NEJPTRNT,B2P5ZX2E,PXZB5DQZ",
InfraSource,infrasourceus.com,[unknown],[unknown],[unknown],[unknown],[unknown],NEJPTRNT,
Mass. Electric Construction Co.,masselec.com,[unknown],[unknown],[unknown],[unknown],[unknown],"NEJPTRNT,B2P5ZX2E,PXZB5DQZ",
Crescent Electric Supply Company,crescentelectric.com,[unknown],[unknown],[unknown],[unknown],[unknown],NEJPTRNT,
"Intren, LLC",intren.com,[unknown],[unknown],[unknown],[unknown],[unknown],"NEJPTRNT,B2P5ZX2E",
Fisk Electric Co.,fiskcorp.com,[unknown],[unknown],[unknown],[unknown],[unknown],NEJPTRNT,
RS Group,rsgroup.com,[unknown],[unknown],[unknown],[unknown],[unknown],NEJPTRNT,
"LS ELECTRIC Co., Ltd.",ls-electric.com,[unknown],[unknown],[unknown],[unknown],[unknown],NEJPTRNT,
"CSI Electrical Contractors, Inc.",csielectric.com,[unknown],[unknown],[unknown],[unknown],[unknown],NEJPTRNT,
EC Electric,ecpowerslife.com,[unknown],[unknown],[unknown],[unknown],[unknown],"NEJPTRNT,PXZB5DQZ",NAME_MATCH_REVIEW: normalized name already in dedupe authority under a different domain - verify before outreach
"Hatzel and Buehler, Inc",hatzelandbuehler.com,[unknown],[unknown],[unknown],[unknown],[unknown],NEJPTRNT,
Hunt Electric Corporation,huntelec.com,[unknown],[unknown],[unknown],[unknown],[unknown],"NEJPTRNT,B2P5ZX2E,AG7VH6VZ",NAME_MATCH_REVIEW: normalized name already in dedupe authority under a different domain - verify before outreach
Mayer,mayerelectric.com,[unknown],[unknown],[unknown],[unknown],[unknown],NEJPTRNT,
Riggs Distler,riggsdistler.com,[unknown],[unknown],[unknown],[unknown],[unknown],NEJPTRNT,
Potelco Inc,potelco.net,[unknown],[unknown],[unknown],[unknown],[unknown],"NEJPTRNT,PXZB5DQZ",
"Ace Electric, Inc",aceelectric.net,[unknown],[unknown],[unknown],[unknown],[unknown],"NEJPTRNT,AG7VH6VZ",
VECA Electric & Technologies,veca.com,[unknown],[unknown],[unknown],[unknown],[unknown],"NEJPTRNT,AG7VH6VZ",
Haugland Group LLC,hauglandgroup.us,[unknown],[unknown],[unknown],[unknown],[unknown],NEJPTRNT,
McKinstry,mckinstry.com,[unknown],[unknown],[unknown],[unknown],[unknown],NEJPTRNT,
Qualus Corp.,qualuscorp.com,[unknown],[unknown],[unknown],[unknown],[unknown],NEJPTRNT,
"P1 Group, Inc.",p1group.com,[unknown],[unknown],[unknown],[unknown],[unknown],NEJPTRNT,
Therma,therma.com,[unknown],[unknown],[unknown],[unknown],[unknown],NEJPTRNT,
Superior,superiorgroup.net,[unknown],[unknown],[unknown],[unknown],[unknown],NEJPTRNT,
SERVICE ELECTRIC Company,serviceelectricco.com,[unknown],[unknown],[unknown],[unknown],[unknown],"NEJPTRNT,B2P5ZX2E,PXZB5DQZ",NAME_MATCH_REVIEW: normalized name already in dedupe authority under a different domain - verify before outreach
E-J Electric Installation Co.,ej1899.com,[unknown],[unknown],[unknown],[unknown],[unknown],"NEJPTRNT,AG7VH6VZ",
Baker Group,thebakergroup.com,[unknown],[unknown],[unknown],[unknown],[unknown],NEJPTRNT,
BMWC Constructors,bmwc.com,[unknown],[unknown],[unknown],[unknown],[unknown],NEJPTRNT,
"Cupertino Electric, Inc.",cei.com,[unknown],[unknown],[unknown],[unknown],[unknown],NEJPTRNT,
Yunex GmbH,yunextraffic.com,[unknown],[unknown],[unknown],[unknown],[unknown],NEJPTRNT,
OZZ Electric,ozzelectric.com,[unknown],[unknown],[unknown],[unknown],[unknown],NEJPTRNT,
Tri-City Electric Co.,tricityelectric.com,[unknown],[unknown],[unknown],[unknown],[unknown],"NEJPTRNT,AG7VH6VZ",
Oegpoweron,oeg.us.com,[unknown],[unknown],[unknown],[unknown],[unknown],NEJPTRNT,
Redwood Electric Group,redwoodeg.com,[unknown],[unknown],[unknown],[unknown],[unknown],"NEJPTRNT,AG7VH6VZ",
Underground Construction,undergroundconstruction.com,[unknown],[unknown],[unknown],[unknown],[unknown],NEJPTRNT,
New River Electrical Corporation,newriverelectrical.com,[unknown],[unknown],[unknown],[unknown],[unknown],NEJPTRNT,
Harris Co.,harriscompany.com,[unknown],[unknown],[unknown],[unknown],[unknown],"NEJPTRNT,B2P5ZX2E",
Egan Company,eganco.com,[unknown],[unknown],[unknown],[unknown],[unknown],"NEJPTRNT,B2P5ZX2E",
Commonwealth Electric Company of the Midwest,commonwealthelectric.com,[unknown],[unknown],[unknown],[unknown],[unknown],"NEJPTRNT,AG7VH6VZ",
Morrow-Meadows Corporation,morrow-meadows.com,[unknown],[unknown],[unknown],[unknown],[unknown],NEJPTRNT,
The Lane Construction Corporation,laneconstruct.com,[unknown],[unknown],[unknown],[unknown],[unknown],NEJPTRNT,
"Power Solutions, LLC",powersolutions-llc.com,[unknown],[unknown],[unknown],[unknown],[unknown],NEJPTRNT,
"RESA Power, LLC",resapower.com,[unknown],[unknown],[unknown],[unknown],[unknown],NEJPTRNT,
Big State Electric Ltd,bigstateelectric.com,[unknown],[unknown],[unknown],[unknown],[unknown],"NEJPTRNT,AG7VH6VZ",
North Houston Pole Line,nhplc.com,[unknown],[unknown],[unknown],[unknown],[unknown],"NEJPTRNT,B2P5ZX2E",
Summit Line Construction,summitlineconstruction.com,"Heber City, UT",1617,Public Subsidiary,2009,"Summit Line Construction provides electrical utility construction services focused on transmission and distribution line work, energized operations, substation construction, and foundations/drilling for grid projects. They serve utilities, renewable energy developers and large infrastructure contractors and claim to differentiate through a stated safety culture, labor affiliation, and emphasis on linking sustainable energy to the grid.","NEJPTRNT,PXZB5DQZ",
Verra Mobility Corporation,verramobility.com,"Mesa, AZ",1533,Private Equity Add-On,1987,"Verra Mobility Corporation is a leading provider of tech-enabled smart transportation solutions, including tolling, violations, and title and registration services. Their typical customers include transportation agencies, rental car companies, fleet owners, and municipalities. They differentiate themselves by offering innovative and reliable solutions that improve mobility and safety while also creating a seamless and convenient experience for both customers and end users.",NEJPTRNT,
DeBra-Kuempel Inc.,dkemcor.com,"Cincinnati, OH",1521,Public Subsidiary,1946,"DeBra-Kuempel Inc. is a mechanical construction and maintenance company that offers a range of services, including HVAC, plumbing, process piping, and industrial ventilation. Their typical customers are commercial and industrial clients in various sectors, such as healthcare, education, manufacturing, and government. DeBra-Kuempel Inc. differentiates themselves by emphasizing their extensive experience, technical expertise, and commitment to customer satisfaction. They position themselves as a trusted partner for mechanical construction and maintenance needs, providing high-quality solutions tailored to each client's specific requirements.",NEJPTRNT,
Aldridge Group,aldridgegroup.com,"Libertyville, IL",1508,Bootstrapped,1932,"Aldridge Group provides IT consulting, managed services, cybersecurity solutions, cloud services, and digital transformation services. Their typical customers are businesses of all sizes, from small companies to large enterprises, across various industries. They position themselves as a trusted partner that helps their clients leverage technology to achieve their business goals. They claim to differentiate themselves through their proactive approach to IT management, personalized customer service, and their expertise in cybersecurity.","NEJPTRNT,AG7VH6VZ",
Danella Companies,danella.com,"Plymouth Meeting, PA",1477,Bootstrapped,1972,"Danella Companies provides heavy civil and infrastructure construction services focused on site development, underground utilities and electrical/traffic systems, and roadway construction and paving for public agencies and private developers. They position themselves as a full‑service contractor with integrated capabilities and in‑house equipment to manage large-scale infrastructure projects from excavation through final paving and systems installation.",NEJPTRNT,
EPB,epb.com,[unknown],[unknown],[unknown],[unknown],[unknown],NEJPTRNT,
Sargent Electric Company,sargentelectric.com,[unknown],[unknown],[unknown],[unknown],[unknown],"NEJPTRNT,AG7VH6VZ",
Lighthouse Electric,lighthouseelectric.com,[unknown],[unknown],[unknown],[unknown],[unknown],NEJPTRNT,NAME_MATCH_REVIEW: normalized name already in dedupe authority under a different domain - verify before outreach
Motor City Electric Co.,mceco.com,[unknown],[unknown],[unknown],[unknown],[unknown],"NEJPTRNT,AG7VH6VZ",
Taft Electric Co,taftelectric.com,[unknown],[unknown],[unknown],[unknown],[unknown],NEJPTRNT,NAME_MATCH_REVIEW: normalized name already in dedupe authority under a different domain - verify before outreach
United Utility Services LLC,unitedutility.com,[unknown],[unknown],[unknown],[unknown],[unknown],NEJPTRNT,
TA Services,taservices.com,[unknown],[unknown],[unknown],[unknown],[unknown],NEJPTRNT,
CR Meyer,crmeyer.com,[unknown],[unknown],[unknown],[unknown],[unknown],NEJPTRNT,
Kokosing,kokosing.biz,[unknown],[unknown],[unknown],[unknown],[unknown],NEJPTRNT,
Helm Group,helmgroup.com,[unknown],[unknown],[unknown],[unknown],[unknown],NEJPTRNT,
"Intermountain Electric, Inc.",imelect.com,[unknown],[unknown],[unknown],[unknown],[unknown],NEJPTRNT,
"Continental Electrical Construction Company, LLC",cecco.com,[unknown],[unknown],[unknown],[unknown],[unknown],"NEJPTRNT,AG7VH6VZ",
HYLAN,hylan.com,[unknown],[unknown],[unknown],[unknown],[unknown],NEJPTRNT,
"B&D Industries, Inc.",banddindustries.com,[unknown],[unknown],[unknown],[unknown],[unknown],NEJPTRNT,
Hayes Mechanical,hayesmechanical.com,[unknown],[unknown],[unknown],[unknown],[unknown],NEJPTRNT,
Porch Group,porchgroup.com,[unknown],[unknown],[unknown],[unknown],[unknown],NEJPTRNT,
"Quality ""Plus"" Services, Inc.",qpsisbest.com,[unknown],[unknown],[unknown],[unknown],[unknown],NEJPTRNT,
"Sterling Industrial, LLC",sterlingindustrialllc.com,[unknown],[unknown],[unknown],[unknown],[unknown],NEJPTRNT,
Matrix NAC,matrixnac.com,[unknown],[unknown],[unknown],[unknown],[unknown],NEJPTRNT,
Lake Erie Electric,lakeerieelectric.com,[unknown],[unknown],[unknown],[unknown],[unknown],"NEJPTRNT,AG7VH6VZ",
Gurtz Electric Co.,gurtzelectric.com,[unknown],[unknown],[unknown],[unknown],[unknown],NEJPTRNT,
"Collins Electrical Company, Inc.",collinselectric.com,[unknown],[unknown],[unknown],[unknown],[unknown],NEJPTRNT,
SASCO,sasco.com,[unknown],[unknown],[unknown],[unknown],[unknown],NEJPTRNT,
Dynalectric Oregon,dyna-oregon.com,[unknown],[unknown],[unknown],[unknown],[unknown],NEJPTRNT,
"PayneCrest Electric, Inc.",paynecrest.com,[unknown],[unknown],[unknown],[unknown],[unknown],NEJPTRNT,
"I.B. Abel, Inc.",ib-abel.com,[unknown],[unknown],[unknown],[unknown],[unknown],NEJPTRNT,
Thompson Solutions Group,thompsonsolutionsgroup.com,[unknown],[unknown],[unknown],[unknown],[unknown],"NEJPTRNT,B2P5ZX2E",
Newkirk Electric Associates,newkirk-electric.com,[unknown],[unknown],[unknown],[unknown],[unknown],NEJPTRNT,
Baker Electric,baker-electric.com,[unknown],[unknown],[unknown],[unknown],[unknown],NEJPTRNT,
VarcoMac LLC,varcomac.com,[unknown],[unknown],[unknown],[unknown],[unknown],NEJPTRNT,
"PAR Western Line Contractors, LLC",parwlc.com,[unknown],[unknown],[unknown],[unknown],[unknown],"NEJPTRNT,PXZB5DQZ",
"J.M. Brennan, Inc.",jmbrennan.com,[unknown],[unknown],[unknown],[unknown],[unknown],NEJPTRNT,
"Westphal & Company, Inc.",westphalec.com,[unknown],[unknown],[unknown],[unknown],[unknown],NEJPTRNT,
"Van Ert Electric Company, Inc.",vanert.com,[unknown],[unknown],[unknown],[unknown],[unknown],NEJPTRNT,
"Huston Electric, Inc",hustonelectric.com,[unknown],[unknown],[unknown],[unknown],[unknown],NEJPTRNT,
Utility Supply and Construction Company,uscco.com,[unknown],[unknown],[unknown],[unknown],[unknown],NEJPTRNT,
"Prime Electric, Inc.",primee.com,[unknown],[unknown],[unknown],[unknown],[unknown],NEJPTRNT,NAME_MATCH_REVIEW: normalized name already in dedupe authority under a different domain - verify before outreach
Rudolph Libbe Inc.,rlgbuilds.com,[unknown],[unknown],[unknown],[unknown],[unknown],NEJPTRNT,
"Alterman, Inc.",goalterman.com,[unknown],[unknown],[unknown],[unknown],[unknown],"NEJPTRNT,AG7VH6VZ",
Briggs Electric,briggselectric.com,[unknown],[unknown],[unknown],[unknown],[unknown],NEJPTRNT,
ESI Electrical Contractors,esielectrical.com,[unknown],[unknown],[unknown],[unknown],[unknown],"NEJPTRNT,B2P5ZX2E",
International Line Builders Inc.,ilbinc.com,[unknown],[unknown],[unknown],[unknown],[unknown],"NEJPTRNT,PXZB5DQZ",
"Schmidt Electric Co., Inc.",schmidt-electric.com,[unknown],[unknown],[unknown],[unknown],[unknown],NEJPTRNT,
LONG Building Technologies,long.com,[unknown],[unknown],[unknown],[unknown],[unknown],NEJPTRNT,
Ferguson Electric,fergusonelectric.com,[unknown],[unknown],[unknown],[unknown],[unknown],NEJPTRNT,
"Gibson Electric Co., Inc.",gibsonelec.com,[unknown],[unknown],[unknown],[unknown],[unknown],NEJPTRNT,NAME_MATCH_REVIEW: normalized name already in dedupe authority under a different domain - verify before outreach
"Capital Electric Construction Co., Inc.",capitalelectric.com,[unknown],[unknown],[unknown],[unknown],[unknown],NEJPTRNT,
National Electrical Contractors Association (NECA),necanet.org,[unknown],[unknown],[unknown],[unknown],[unknown],NEJPTRNT,
COSCO Fire Protection,coscofire.com,[unknown],[unknown],[unknown],[unknown],[unknown],NEJPTRNT,
Lee Mechanical,selectlee.com,[unknown],[unknown],[unknown],[unknown],[unknown],NEJPTRNT,
Huen Electric,huenelectric.com,[unknown],[unknown],[unknown],[unknown],[unknown],NEJPTRNT,
McCarl's,mccarl.com,[unknown],[unknown],[unknown],[unknown],[unknown],NEJPTRNT,
McMillan Electric,mcmillanco.com,[unknown],[unknown],[unknown],[unknown],[unknown],NEJPTRNT,
Anvil Builders Inc.,anvilbuilders.com,[unknown],[unknown],[unknown],[unknown],[unknown],NEJPTRNT,
Connelly Electric Co,connellyelectric.com,[unknown],[unknown],[unknown],[unknown],[unknown],NEJPTRNT,
Morley Moss Inc.,morleymoss.com,[unknown],[unknown],[unknown],[unknown],[unknown],NEJPTRNT,
Industrial Electric Inc.,industelectric.com,[unknown],[unknown],[unknown],[unknown],[unknown],NEJPTRNT,NAME_MATCH_REVIEW: normalized name already in dedupe authority under a different domain - verify before outreach
"JHKelly, LLC",jhkelly.com,[unknown],[unknown],[unknown],[unknown],[unknown],NEJPTRNT,
Electric Plus,electricplus.com,[unknown],[unknown],[unknown],[unknown],[unknown],NEJPTRNT,
Koontz-Wagner,koontzwagnerservices.com,[unknown],[unknown],[unknown],[unknown],[unknown],NEJPTRNT,
Millennium Challenge Corporation,mcc.gov,[unknown],[unknown],[unknown],[unknown],[unknown],NEJPTRNT,
Metro Electric,metroelectric.com,[unknown],[unknown],[unknown],[unknown],[unknown],NEJPTRNT,NAME_MATCH_REVIEW: normalized name already in dedupe authority under a different domain - verify before outreach
"J. J. White, Inc.",jjwhiteinc.com,[unknown],[unknown],[unknown],[unknown],[unknown],NEJPTRNT,
Teldat Group,teldat.com,[unknown],[unknown],[unknown],[unknown],[unknown],NEJPTRNT,
"Potter Electric Signal Company, LLC",pottersignal.com,[unknown],[unknown],[unknown],[unknown],[unknown],NEJPTRNT,
"Adman Electric, Inc.",admanelectric.com,[unknown],[unknown],[unknown],[unknown],[unknown],NEJPTRNT,
White Electrical Construction Company,white-electrical.com,[unknown],[unknown],[unknown],[unknown],[unknown],NEJPTRNT,
Oklahoma Electrical Supply Co,oesco.com,[unknown],[unknown],[unknown],[unknown],[unknown],NEJPTRNT,
Cherry City Electric,cherrycityelectric.com,[unknown],[unknown],[unknown],[unknown],[unknown],NEJPTRNT,
"Ward Electric Company, Inc.",wardelectriccompany.com,[unknown],[unknown],[unknown],[unknown],[unknown],"NEJPTRNT,B2P5ZX2E",
Gaston Electrical,gastonelectrical.com,[unknown],[unknown],[unknown],[unknown],[unknown],NEJPTRNT,
Delta Services and it's licensors,deltaservicesllc.com,[unknown],[unknown],[unknown],[unknown],[unknown],NEJPTRNT,
MP Systems Inc.,mp-systemsinc.com,[unknown],[unknown],[unknown],[unknown],[unknown],"NEJPTRNT,B2P5ZX2E",
Alpha Energy Solutions,alphamechanicalservice.com,[unknown],[unknown],[unknown],[unknown],[unknown],NEJPTRNT,NAME_MATCH_REVIEW: normalized name already in dedupe authority under a different domain - verify before outreach
Inglett & Stubbs LLC,inglett-stubbs.com,[unknown],[unknown],[unknown],[unknown],[unknown],"NEJPTRNT,AG7VH6VZ",
The Stoner Electric Group,stonergroup.com,[unknown],[unknown],[unknown],[unknown],[unknown],NEJPTRNT,
"Pieper Electric, Inc.",pieperpower.com,[unknown],[unknown],[unknown],[unknown],[unknown],NEJPTRNT,
Schumacher Electric Corporation,schumacherelectric.com,[unknown],[unknown],[unknown],[unknown],[unknown],NEJPTRNT,
Buckeye Broadband,buckeyebroadband.com,[unknown],[unknown],[unknown],[unknown],[unknown],NEJPTRNT,
Zenith Systems LLC,zenithsystems.com,[unknown],[unknown],[unknown],[unknown],[unknown],NEJPTRNT,
"Bluestone Communications, Inc.",bluestonecomm.com,[unknown],[unknown],[unknown],[unknown],[unknown],NEJPTRNT,
Bancker Construction Corp,bancker.com,[unknown],[unknown],[unknown],[unknown],[unknown],NEJPTRNT,
Neal Electric Corp.,nealelectric.com,[unknown],[unknown],[unknown],[unknown],[unknown],NEJPTRNT,
Allison Smith Company LLC,allisonsmith.com,[unknown],[unknown],[unknown],[unknown],[unknown],NEJPTRNT,
"Cochran, Inc",cochraninc.com,[unknown],[unknown],[unknown],[unknown],[unknown],NEJPTRNT,NAME_MATCH_REVIEW: normalized name already in dedupe authority under a different domain - verify before outreach
Industrial Power Systems (IPS),ipscontractor.com,[unknown],[unknown],[unknown],[unknown],[unknown],NEJPTRNT,
Wilson Construction Company,wilsonconst.com,[unknown],[unknown],[unknown],[unknown],[unknown],"NEJPTRNT,PXZB5DQZ",
"J & M Brown Company, Inc.",jmbco.com,"Boston, MA",485,Bootstrapped,1921,"J & M Brown Company, Inc. is an electrical contracting firm that delivers electrical construction and low-voltage system services to construction managers, owners, and developers in commercial, institutional, and life science sectors; they emphasize integrated electrical, fire alarm, security and tel/data capabilities, a safety-first workforce, and project coordination to support complex builds.",NEJPTRNT,
Cerris,cerris.com,"Lenexa, KS",483,Private Subsidiary,1932,"Cerris is a national commercial construction and MEP contractor offering general contracting, design-build, preconstruction, construction management, building automation, and service for commercial clients; they emphasize integrated solutions for complex projects, long-term client relationships, and employee ownership.",NEJPTRNT,
"Allan Briteway Electrical Utility Contractors, Inc.",allanbriteway.com,"New York, NY",480,Bootstrapped,1954,"Allan Briteway Electrical Utility Contractors, Inc. is an electrical contracting firm that provides electrical installation and contractor services to Fortune 500 companies and commercial, pharmaceutical, industrial, medical, educational, communications, and municipal organizations; they emphasize over 60 years of experience and position themselves as a trusted, reliable provider built from merged predecessor firms.",NEJPTRNT,NAME_MATCH_REVIEW: normalized name already in dedupe authority under a different domain - verify before outreach
"Carr & Duff, Inc",carrduff.com,"Huntingdon Valley, PA",478,Private Equity Platform,1958,"Carr & Duff, Inc provides electrical construction and contracting services with an emphasis on 24/7 emergency response, utility and communication systems construction, and deployment of manpower and equipment for projects serving utilities, transportation, healthcare, wireless communications, industrial, commercial, and institutional clients.",NEJPTRNT,
Heim Company,edwinlheim.com,[unknown],[unknown],[unknown],[unknown],[unknown],NEJPTRNT,
Bragg Companies,braggcompanies.com,[unknown],[unknown],[unknown],[unknown],[unknown],NEJPTRNT,
W.J. O'Neil Company,wjo.com,[unknown],[unknown],[unknown],[unknown],[unknown],NEJPTRNT,
Baker Electric Home Energy,bakerhomeenergy.com,[unknown],[unknown],[unknown],[unknown],[unknown],NEJPTRNT,
"Preferred Electric Co., Inc.",peci-elect.com,[unknown],[unknown],[unknown],[unknown],[unknown],NEJPTRNT,NAME_MATCH_REVIEW: normalized name already in dedupe authority under a different domain - verify before outreach
Hooper,hoopercorp.com,[unknown],[unknown],[unknown],[unknown],[unknown],"NEJPTRNT,B2P5ZX2E",
Electrical Equipment Company,eecoonline.com,[unknown],[unknown],[unknown],[unknown],[unknown],NEJPTRNT,
Guarantee Electrical Company,geco.com,[unknown],[unknown],[unknown],[unknown],[unknown],"NEJPTRNT,AG7VH6VZ",
B&B Electric Inc.,bandbelectric.com,[unknown],[unknown],[unknown],[unknown],[unknown],"NEJPTRNT,B2P5ZX2E",NAME_MATCH_REVIEW: normalized name already in dedupe authority under a different domain - verify before outreach
"PerLectric, Inc.",perlectric.com,[unknown],[unknown],[unknown],[unknown],[unknown],NEJPTRNT,
Werner Electric,onewerner.com,[unknown],[unknown],[unknown],[unknown],[unknown],NEJPTRNT,
Collins Electrical,collinsmn.com,[unknown],[unknown],[unknown],[unknown],[unknown],"NEJPTRNT,B2P5ZX2E",
"City Light & Power, Inc.",clpinc.com,[unknown],[unknown],[unknown],[unknown],[unknown],NEJPTRNT,
Grp|Wegman,grpwegman.com,[unknown],[unknown],[unknown],[unknown],[unknown],NEJPTRNT,
NEAD Organization,neadorganization.com,[unknown],[unknown],[unknown],[unknown],[unknown],NEJPTRNT,
High Voltage Maintenance,hvmcorp.com,[unknown],[unknown],[unknown],[unknown],[unknown],NEJPTRNT,
Decker Electric,deckerelectric.com,[unknown],[unknown],[unknown],[unknown],[unknown],NEJPTRNT,
NorthEast Electrical,needco.com,[unknown],[unknown],[unknown],[unknown],[unknown],NEJPTRNT,NAME_MATCH_REVIEW: normalized name already in dedupe authority under a different domain - verify before outreach
De-Cal Mechanical Contractors,de-cal.com,[unknown],[unknown],[unknown],[unknown],[unknown],NEJPTRNT,
"Holaday-Parks, Inc.",holadayparks.com,[unknown],[unknown],[unknown],[unknown],[unknown],NEJPTRNT,
Baker Electric-Iowa,bakerelectric.com,[unknown],[unknown],[unknown],[unknown],[unknown],NEJPTRNT,
Staff Electric Co.,staffelectric.com,[unknown],[unknown],[unknown],[unknown],[unknown],NEJPTRNT,
McDonald Electric Corporation,mcdonaldcorp.com,[unknown],[unknown],[unknown],[unknown],[unknown],NEJPTRNT,
Bodine Electric of Decatur,bodinedecatur.com,[unknown],[unknown],[unknown],[unknown],[unknown],NEJPTRNT,
"Frischhertz Electric Company, Inc.",frischhertz.com,[unknown],[unknown],[unknown],[unknown],[unknown],NEJPTRNT,
Broadway Electric Service Company LLC (BESCO),besco.com,[unknown],[unknown],[unknown],[unknown],[unknown],"NEJPTRNT,55X5CPA6",
State Electric Corporation,stateelectriccorp.com,[unknown],[unknown],[unknown],[unknown],[unknown],NEJPTRNT,NAME_MATCH_REVIEW: normalized name already in dedupe authority under a different domain - verify before outreach
Muska Companies,muskacompanies.com,[unknown],[unknown],[unknown],[unknown],[unknown],"NEJPTRNT,B2P5ZX2E",
"Edward G. Sawyer Co., Inc.",egsawyer.com,[unknown],[unknown],[unknown],[unknown],[unknown],NEJPTRNT,
Gephart Electric,gephartelectric.com,[unknown],[unknown],[unknown],[unknown],[unknown],"NEJPTRNT,B2P5ZX2E",
Lecom Utility Contractors,lecomutility.com,[unknown],[unknown],[unknown],[unknown],[unknown],NEJPTRNT,
Kelso-Burnett Co.,kelso-burnett.com,[unknown],[unknown],[unknown],[unknown],[unknown],NEJPTRNT,
"MZI Group, Inc.",mzigroup.com,[unknown],[unknown],[unknown],[unknown],[unknown],NEJPTRNT,
Cal Coast Telecom,cctcom.net,[unknown],[unknown],[unknown],[unknown],[unknown],NEJPTRNT,
SECO Energy,secoenergy.com,[unknown],[unknown],[unknown],[unknown],[unknown],NEJPTRNT,
Christenson Electric,christenson.com,[unknown],[unknown],[unknown],[unknown],[unknown],"NEJPTRNT,PXZB5DQZ",
Horwitz Inc,horwitzllc.com,[unknown],[unknown],[unknown],[unknown],[unknown],"NEJPTRNT,B2P5ZX2E",
Titan Electric Inc,titanelectric.net,[unknown],[unknown],[unknown],[unknown],[unknown],NEJPTRNT,
B&G Electrical Contractors of New York,bgelectrical.com,[unknown],[unknown],[unknown],[unknown],[unknown],NEJPTRNT,
VFC Group,vfclp.com,[unknown],[unknown],[unknown],[unknown],[unknown],NEJPTRNT,
CBF Electric & Data,cbfelectric.com,[unknown],[unknown],[unknown],[unknown],[unknown],NEJPTRNT,
Wm. T. Spaeder Company,spaeder.com,[unknown],[unknown],[unknown],[unknown],[unknown],NEJPTRNT,
Bruce & Merrilees,bruceandmerrilees.com,[unknown],[unknown],[unknown],[unknown],[unknown],NEJPTRNT,
"Automation & Electronics, Inc.",autoelect.com,[unknown],[unknown],[unknown],[unknown],[unknown],NEJPTRNT,
Beltline Electric,beltlineelectric.com,[unknown],[unknown],[unknown],[unknown],[unknown],NEJPTRNT,
CH Reynolds,chreynolds.com,[unknown],[unknown],[unknown],[unknown],[unknown],NEJPTRNT,
Hi-Tech Electric Company,hi-techelectric.net,[unknown],[unknown],[unknown],[unknown],[unknown],NEJPTRNT,
Capital Electric Line Builders,capitalelectriclinebuilders.com,[unknown],[unknown],[unknown],[unknown],[unknown],"NEJPTRNT,B2P5ZX2E",
Skyline Construction,skylineconstruction.build,[unknown],[unknown],[unknown],[unknown],[unknown],NEJPTRNT,
Rocky Mountain Contractors,rockymountaincontractors.com,[unknown],[unknown],[unknown],[unknown],[unknown],NEJPTRNT,
"Elcor Electric, Inc.",elcorelectric.com,[unknown],[unknown],[unknown],[unknown],[unknown],NEJPTRNT,
"Air Systems, Inc.",airsystemsinc.com,[unknown],[unknown],[unknown],[unknown],[unknown],NEJPTRNT,
1901 INC.,1901inc.com,[unknown],[unknown],[unknown],[unknown],[unknown],NEJPTRNT,
"John A. Penney Company, Inc.",johnpenney.com,[unknown],[unknown],[unknown],[unknown],[unknown],NEJPTRNT,
Outsource Utility Contractor Corporation,outsourceucc.com,[unknown],[unknown],[unknown],[unknown],[unknown],NEJPTRNT,
ANDA Networks,telco.com,[unknown],[unknown],[unknown],[unknown],[unknown],NEJPTRNT,
Standard Electric,standardelectricco.com,[unknown],[unknown],[unknown],[unknown],[unknown],NEJPTRNT,NAME_MATCH_REVIEW: normalized name already in dedupe authority under a different domain - verify before outreach
EC Source Services,ecsourceservices.com,[unknown],[unknown],[unknown],[unknown],[unknown],NEJPTRNT,
"Town of Mansfield, MA",mansfieldma.com,[unknown],[unknown],[unknown],[unknown],[unknown],NEJPTRNT,
"Dynalectric Washington, DC",dynalectric-dc.com,[unknown],[unknown],[unknown],[unknown],[unknown],NEJPTRNT,
Verde Electric Corporation,verdeelectric.com,[unknown],[unknown],[unknown],[unknown],[unknown],NEJPTRNT,
National Technologies (NTI),ntitech.com,[unknown],[unknown],[unknown],[unknown],[unknown],NEJPTRNT,
Sletten Construction Company,slettencompanies.com,[unknown],[unknown],[unknown],[unknown],[unknown],NEJPTRNT,
"Thompson Electric, Inc",thompsonelectric.com,[unknown],[unknown],[unknown],[unknown],[unknown],NEJPTRNT,
KDC Inc.,kdcinc.com,[unknown],[unknown],[unknown],[unknown],[unknown],NEJPTRNT,
Sequoyah Electric & Network Services,sequoyah.com,[unknown],[unknown],[unknown],[unknown],[unknown],NEJPTRNT,
Harlan Electric Company,harlanelectric.com,[unknown],[unknown],[unknown],[unknown],[unknown],NEJPTRNT,
"J. Ranck Electric, Inc.",jranck.com,[unknown],[unknown],[unknown],[unknown],[unknown],NEJPTRNT,
Mills Electric,millselectric.com,[unknown],[unknown],[unknown],[unknown],[unknown],NEJPTRNT,
"ERMCO, Inc.",ermco.com,[unknown],[unknown],[unknown],[unknown],[unknown],"NEJPTRNT,AG7VH6VZ",
Maron Electric Company,maronelectric.com,[unknown],[unknown],[unknown],[unknown],[unknown],NEJPTRNT,
Gilston Electrical Contracting LLC,gilstonelectric.com,[unknown],[unknown],[unknown],[unknown],[unknown],NEJPTRNT,
MDE Electric Company,mde-electric.com,[unknown],[unknown],[unknown],[unknown],[unknown],NEJPTRNT,
"Marking Services, Inc",markserv.com,[unknown],[unknown],[unknown],[unknown],[unknown],NEJPTRNT,
"Center Line Electric, Inc.",centerline-elec.com,[unknown],[unknown],[unknown],[unknown],[unknown],NEJPTRNT,NAME_MATCH_REVIEW: normalized name already in dedupe authority under a different domain - verify before outreach
BK Technologies Inc.,bktechnologies.com,[unknown],[unknown],[unknown],[unknown],[unknown],NEJPTRNT,
"Billitier Electric, Inc",billitierelectric.com,[unknown],[unknown],[unknown],[unknown],[unknown],NEJPTRNT,
Scott Electric Company,scott-electric.com,[unknown],[unknown],[unknown],[unknown],[unknown],NEJPTRNT,
Schuler-Haas Electric Corp.,schuler-haas.com,[unknown],[unknown],[unknown],[unknown],[unknown],NEJPTRNT,
A-C Electric Company,a-celectric.com,[unknown],[unknown],[unknown],[unknown],[unknown],NEJPTRNT,
Atlas Acon Electric Service Corp.,atlasacon.com,[unknown],[unknown],[unknown],[unknown],[unknown],NEJPTRNT,
Miller Electrical Contractors,millerelectrical.net,[unknown],[unknown],[unknown],[unknown],[unknown],NEJPTRNT,
Winger Companies,wingercompanies.com,[unknown],[unknown],[unknown],[unknown],[unknown],NEJPTRNT,
"Advanced Electrical Systems, Inc.",aeslou.com,[unknown],[unknown],[unknown],[unknown],[unknown],NEJPTRNT,NAME_MATCH_REVIEW: normalized name already in dedupe authority under a different domain - verify before outreach
"Ready Electric Company, Inc.",readyelec.com,"Louisville, KY",312,Bootstrapped,1949,"Ready Electric Company, Inc. provides design-build electrical construction and technology services for business and institutional clients, focusing on BIM modeling, prefabrication, power distribution, low-voltage systems, and 24/7 service. They serve sectors such as healthcare, industrial, institutional, sports venues and data centers, and they claim faster, more accurate installations through in-house prefabrication and geospatial/Trimble technology and by operating as an ESOP.",NEJPTRNT,
Mill Plain Electric,mp-electric.com,"Vancouver, WA",309,Bootstrapped,1979,"Mill Plain Electric is a full-service electrical contractor specializing in traffic signals and roadway lighting while also providing industrial, commercial, healthcare, and design-build electrical services to business and government customers; they emphasize long-term customer relationships, a well-trained staff, and multi-decade experience.",NEJPTRNT,
Kroeschell Inc.,kroeschell.com,"Arlington Heights, IL",307,Bootstrapped,1879,"Kroeschell Inc. provides design-build MEP engineering and turnkey facility services for institutional and commercial clients, offering project delivery (general contracting and MEP design-build) plus ongoing maintenance and operations for critical building systems. They serve large corporations, healthcare, government, education, industrial and data center clients and position themselves as an experienced, employee-owned facilities engineering and operations partner focused on proactive maintenance, safety and sustainability.",NEJPTRNT,
"LVC Companies, Inc.",lvcinc.com,"Golden Valley, MN",303,Bootstrapped,2011,"LVC Companies provides design, installation, integration, inspection, maintenance, monitoring, and emergency service for fire protection, life-safety, security, and communications systems for commercial, industrial, government, education, healthcare, and property management customers. They position themselves as simplifying complex technology and offering 24-hour service while emphasizing safety, connectivity, and customer-focused solutions.","NEJPTRNT,B2P5ZX2E",
All-Pro Electric,allproelectric.com,[unknown],[unknown],[unknown],[unknown],[unknown],NEJPTRNT,
Revere Control Systems,reverecontrol.com,[unknown],[unknown],[unknown],[unknown],[unknown],NEJPTRNT,
Uihlein Electric,uihleinelectric.com,[unknown],[unknown],[unknown],[unknown],[unknown],NEJPTRNT,
Mid-West Electric,mid-westelectric.com,[unknown],[unknown],[unknown],[unknown],[unknown],NEJPTRNT,
Robinson Electric,robinsonelectric.com,[unknown],[unknown],[unknown],[unknown],[unknown],NEJPTRNT,NAME_MATCH_REVIEW: normalized name already in dedupe authority under a different domain - verify before outreach
Frey Electric Construction Co.,frey-electric.com,[unknown],[unknown],[unknown],[unknown],[unknown],NEJPTRNT,
Anderson Howard,aandh.com,[unknown],[unknown],[unknown],[unknown],[unknown],NEJPTRNT,
Young Electric and Communications,youngelec.com,[unknown],[unknown],[unknown],[unknown],[unknown],NEJPTRNT,
"Control Solutions, Inc.",controlsolutionsinc.com,[unknown],[unknown],[unknown],[unknown],[unknown],NEJPTRNT,
"Fred Geller Electrical, Inc.",fgeusa.com,[unknown],[unknown],[unknown],[unknown],[unknown],NEJPTRNT,
Titan Systems,titanlv.com,[unknown],[unknown],[unknown],[unknown],[unknown],NEJPTRNT,
Sierra Electric,sierraelectric.com,[unknown],[unknown],[unknown],[unknown],[unknown],NEJPTRNT,
Superior Electric Great Lakes Company,seglc.com,[unknown],[unknown],[unknown],[unknown],[unknown],NEJPTRNT,
"Anderson Electric, Inc",anderson-electric.com,[unknown],[unknown],[unknown],[unknown],[unknown],NEJPTRNT,
Xtreme Powerline Construction,xtremepowerline.com,[unknown],[unknown],[unknown],[unknown],[unknown],NEJPTRNT,
"Faith Electric, LLC",faithelectricllc.com,[unknown],[unknown],[unknown],[unknown],[unknown],NEJPTRNT,
"Charge, Inc.",chargeepc.com,[unknown],[unknown],[unknown],[unknown],[unknown],NEJPTRNT,
H.B. Frazer Company,hbfrazer.com,[unknown],[unknown],[unknown],[unknown],[unknown],NEJPTRNT,
Williams Electric Company,williamselectriccompany.org,[unknown],[unknown],[unknown],[unknown],[unknown],NEJPTRNT,
Staco Electric Construction Co,stacoelectric.com,[unknown],[unknown],[unknown],[unknown],[unknown],NEJPTRNT,
Total Mechanical,total-mechanical.com,[unknown],[unknown],[unknown],[unknown],[unknown],NEJPTRNT,
Comet Electric,cometelectric.com,[unknown],[unknown],[unknown],[unknown],[unknown],NEJPTRNT,
"Gordon L. Seaman, Inc.",gordonlseaman.com,[unknown],[unknown],[unknown],[unknown],[unknown],NEJPTRNT,
Preferred Electric,preferred-electric.com,[unknown],[unknown],[unknown],[unknown],[unknown],NEJPTRNT,NAME_MATCH_REVIEW: normalized name already in dedupe authority under a different domain - verify before outreach
"Ferndale Electric Company, Inc.",ferndale-electric.com,[unknown],[unknown],[unknown],[unknown],[unknown],NEJPTRNT,
SRT Communications,srt.com,[unknown],[unknown],[unknown],[unknown],[unknown],"NEJPTRNT,B2P5ZX2E",
Allran Electric,nyallran.com,[unknown],[unknown],[unknown],[unknown],[unknown],NEJPTRNT,
Intertech Mechanical Services,intertechmechanical.com,[unknown],[unknown],[unknown],[unknown],[unknown],NEJPTRNT,
The L.E. Myers Co.,lemyers.com,[unknown],[unknown],[unknown],[unknown],[unknown],"NEJPTRNT,B2P5ZX2E",
Crawford Company,crawford-company.com,[unknown],[unknown],[unknown],[unknown],[unknown],NEJPTRNT,
"Nitro Construction Services, Inc.",nitroconstructionservices.com,[unknown],[unknown],[unknown],[unknown],[unknown],NEJPTRNT,
Miller Electric Company of Omaha,millerelect.com,[unknown],[unknown],[unknown],[unknown],[unknown],NEJPTRNT,
NG Gilbert Services,nggilbert.com,[unknown],[unknown],[unknown],[unknown],[unknown],NEJPTRNT,
ABcom LLC,abcomllc.com,[unknown],[unknown],[unknown],[unknown],[unknown],"NEJPTRNT,B2P5ZX2E",
"T&R Electric Supply Company, Inc.",t-r.com,[unknown],[unknown],[unknown],[unknown],[unknown],NEJPTRNT,
P&E Constructors,peconstruct.com,[unknown],[unknown],[unknown],[unknown],[unknown],NEJPTRNT,
"United Electric Company, Inc.",unitedelec.com,[unknown],[unknown],[unknown],[unknown],[unknown],NEJPTRNT,NAME_MATCH_REVIEW: normalized name already in dedupe authority under a different domain - verify before outreach
John Burns Construction Company,jbconstructionco.com,[unknown],[unknown],[unknown],[unknown],[unknown],NEJPTRNT,
"H & L Electric, Inc.",hlelectric.com,[unknown],[unknown],[unknown],[unknown],[unknown],NEJPTRNT,
Kleinknecht Electric Company,kecny.com,[unknown],[unknown],[unknown],[unknown],[unknown],NEJPTRNT,
"Aldon Electric, Inc.",aldonelectric.com,[unknown],[unknown],[unknown],[unknown],[unknown],NEJPTRNT,
The Morse Group,themorsegroup.com,[unknown],[unknown],[unknown],[unknown],[unknown],"NEJPTRNT,AG7VH6VZ",
"Action Electric Co., Inc.",actioncontractors.com,[unknown],[unknown],[unknown],[unknown],[unknown],NEJPTRNT,
AP4 Group,ap4.com,[unknown],[unknown],[unknown],[unknown],[unknown],NEJPTRNT,
Tore Electric Company,toreelectric.com,[unknown],[unknown],[unknown],[unknown],[unknown],NEJPTRNT,
Ozarks Electric Cooperative,ozarksecc.com,[unknown],[unknown],[unknown],[unknown],[unknown],NEJPTRNT,
Robert B. Samuels,rbsamuels.com,[unknown],[unknown],[unknown],[unknown],[unknown],NEJPTRNT,
Furness Electric,furnesselectric.com,[unknown],[unknown],[unknown],[unknown],[unknown],NEJPTRNT,
"Appellation Construction Services, Llc",appellationconstruction.com,[unknown],[unknown],[unknown],[unknown],[unknown],NEJPTRNT,
Malek Inc.,malekinc.com,[unknown],[unknown],[unknown],[unknown],[unknown],NEJPTRNT,
"KLA Laboratories, Inc.",klalabs.com,[unknown],[unknown],[unknown],[unknown],[unknown],NEJPTRNT,
Valley Electric Company,velectric.com,[unknown],[unknown],[unknown],[unknown],[unknown],NEJPTRNT,
Quality Electric Inc.,qeidaho.com,[unknown],[unknown],[unknown],[unknown],[unknown],NEJPTRNT,NAME_MATCH_REVIEW: normalized name already in dedupe authority under a different domain - verify before outreach
Skyline Electric Company,skyline.us,[unknown],[unknown],[unknown],[unknown],[unknown],NEJPTRNT,
HMT Electric Inc.,hmtelectric.com,[unknown],[unknown],[unknown],[unknown],[unknown],NEJPTRNT,
Melton Electrical and Structured Cabling,meltonelectric.com,[unknown],[unknown],[unknown],[unknown],[unknown],NEJPTRNT,
Quality Sound,qualitysound.net,[unknown],[unknown],[unknown],[unknown],[unknown],NEJPTRNT,
"M&L Electrical, Inc.",mlelectrical.com,[unknown],[unknown],[unknown],[unknown],[unknown],"NEJPTRNT,55X5CPA6",
Miller-Eads Company,miller-eads.com,[unknown],[unknown],[unknown],[unknown],[unknown],NEJPTRNT,
Sidney Electric,sidneyelectric.com,[unknown],[unknown],[unknown],[unknown],[unknown],NEJPTRNT,
"McCrossin, Inc.",mccrossin.com,[unknown],[unknown],[unknown],[unknown],[unknown],NEJPTRNT,
Elecnor Hawkeye,elecnorhawkeye.com,[unknown],[unknown],[unknown],[unknown],[unknown],NEJPTRNT,
J.F. White Contracting Co.,jfwhite.com,[unknown],[unknown],[unknown],[unknown],[unknown],NEJPTRNT,
Dynalectric San Diego,dyna-sd.com,[unknown],[unknown],[unknown],[unknown],[unknown],NEJPTRNT,
TouchTel Electric & Datacom,ttedi.com,[unknown],[unknown],[unknown],[unknown],[unknown],NEJPTRNT,
"Block Electric Company, Inc.",blockelectric.com,[unknown],[unknown],[unknown],[unknown],[unknown],NEJPTRNT,
Sullivan & McLaughlin,sullymac.com,[unknown],[unknown],[unknown],[unknown],[unknown],NEJPTRNT,
"Integrity Networks, Inc.",integritynetworksinc.com,[unknown],[unknown],[unknown],[unknown],[unknown],NEJPTRNT,
Asr Electrical,asrelectric.com,[unknown],[unknown],[unknown],[unknown],[unknown],NEJPTRNT,
"Birdi Systems, Inc.",birdi-inc.com,[unknown],[unknown],[unknown],[unknown],[unknown],NEJPTRNT,
Pritchard Electric,pritchardelectric.com,[unknown],[unknown],[unknown],[unknown],[unknown],NEJPTRNT,
Modern Electric,modern-electric.com,[unknown],[unknown],[unknown],[unknown],[unknown],NEJPTRNT,NAME_MATCH_REVIEW: normalized name already in dedupe authority under a different domain - verify before outreach
Precision Electric Group,precisionelectricgroup.com,"Redmond, WA",214,Bootstrapped,2004,"Precision Electric Group provides electrical construction and contracting services for commercial and institutional clients, covering ground-up projects, build-outs, renovations, installations, design-build, and maintenance; they emphasize delivering projects on time and on budget, flexibility to work around client schedules, and acting as an ongoing maintenance partner.",NEJPTRNT,NAME_MATCH_REVIEW: normalized name already in dedupe authority under a different domain - verify before outreach
Standard Electric,standardelectric.com,"Wilmington, MA",211,Private Subsidiary,1952,"Standard Electric is a distributor and retailer of electrical and lighting supplies serving trade professionals and business customers as well as retail shoppers; they offer a broad product catalog (lamps, ballasts, conduit, wiring, tools, batteries) through an online ordering platform with business account features, branch pickup, and customer support.",NEJPTRNT,NAME_MATCH_REVIEW: normalized name already in dedupe authority under a different domain - verify before outreach
Escoe Industrial,escoeindustrial.com,"Georgia, USA",210,Bootstrapped,[unknown],"Escoe Industrial provides industrial and commercial maintenance and fabrication services to manufacturing and commercial operations. They offer custom metal fabrication and welding, electrical installations and controls, and mechanical services including millwright work and plant relocations. They market themselves as a 24-hour service provider with broad shop capabilities, trained staff, and an emphasis on efficiency and fair pricing.",NEJPTRNT,
Mark One Electric,markone.com,"Kansas City, MO",208,Bootstrapped,1974,"Mark One Electric provides advanced electrical knowledge, experience, and service to general contractors, developers, facility managers, and business owners across the Midwest region. Their offerings include power, data, lighting, and renewable energy solutions. They position themselves as Kansas City's most trusted electrical partner, highlighting their expertise, safety record, and ability to handle various project types in the sports, infrastructure, entertainment, civic, data center, industrial, healthcare, and education sectors.","NEJPTRNT,B2P5ZX2E",
Wasatch Electric,wasatchelectric.com,[unknown],[unknown],[unknown],[unknown],[unknown],"NEJPTRNT,PXZB5DQZ",
Paganini Electric Corporation,pagcos.com,[unknown],[unknown],[unknown],[unknown],[unknown],NEJPTRNT,
"Brooks Berry Haynie & Associates, Inc.",bbhelectric.com,[unknown],[unknown],[unknown],[unknown],[unknown],NEJPTRNT,
"B & B Electric, Inc",bbelectricinc.com,[unknown],[unknown],[unknown],[unknown],[unknown],NEJPTRNT,NAME_MATCH_REVIEW: normalized name already in dedupe authority under a different domain - verify before outreach
Dagle Electrical Construction Corp,deccorp.com,[unknown],[unknown],[unknown],[unknown],[unknown],NEJPTRNT,
"Kasselman Electric Co., Inc.",kasselmanelectric.com,[unknown],[unknown],[unknown],[unknown],[unknown],NEJPTRNT,
"Bombard Electric, LLC",bombardelectric.com,[unknown],[unknown],[unknown],[unknown],[unknown],NEJPTRNT,
"Contra Costa Electric, Inc.",ccelectric.com,[unknown],[unknown],[unknown],[unknown],[unknown],NEJPTRNT,
M B Herzog Electric,herzogelectric.com,[unknown],[unknown],[unknown],[unknown],[unknown],NEJPTRNT,
Binsky Snyder,binsky.com,[unknown],[unknown],[unknown],[unknown],[unknown],NEJPTRNT,
"Morton Electric, Inc.",mortonelectricinc.com,[unknown],[unknown],[unknown],[unknown],[unknown],NEJPTRNT,
Atlas Industrial Contractors,atlascos.com,[unknown],[unknown],[unknown],[unknown],[unknown],NEJPTRNT,
"Speelman Electric, Inc.",speelmanelectric.com,[unknown],[unknown],[unknown],[unknown],[unknown],NEJPTRNT,
TC Electric,tcelect.net,[unknown],[unknown],[unknown],[unknown],[unknown],"NEJPTRNT,AG7VH6VZ",NAME_MATCH_REVIEW: normalized name already in dedupe authority under a different domain - verify before outreach
"TTR Substations, Inc.",ttrsubstations.com,[unknown],[unknown],[unknown],[unknown],[unknown],NEJPTRNT,
"Medina Electric, LLC.",medinaelectric.net,[unknown],[unknown],[unknown],[unknown],[unknown],"NEJPTRNT,B2P5ZX2E",
"TriNova, Inc.",trinovainc.com,[unknown],[unknown],[unknown],[unknown],[unknown],NEJPTRNT,
Shade Tree,stsco.net,[unknown],[unknown],[unknown],[unknown],[unknown],"NEJPTRNT,B2P5ZX2E",
"UHL Company, Inc.",uhlcompany.com,[unknown],[unknown],[unknown],[unknown],[unknown],"NEJPTRNT,B2P5ZX2E",
Fontanesi and Kann Company,ezhvac.com,[unknown],[unknown],[unknown],[unknown],[unknown],NEJPTRNT,
"BCU Electric, Inc.",bcuelectric.com,[unknown],[unknown],[unknown],[unknown],[unknown],NEJPTRNT,
"Electric Company of Omaha, Inc.",ecomaha.com,[unknown],[unknown],[unknown],[unknown],[unknown],NEJPTRNT,
"Corporate Electric Group, Inc.",corporateelectricgroup.com,[unknown],[unknown],[unknown],[unknown],[unknown],NEJPTRNT,
American Electric Company LLC,americanelectric.com,[unknown],[unknown],[unknown],[unknown],[unknown],NEJPTRNT,NAME_MATCH_REVIEW: normalized name already in dedupe authority under a different domain - verify before outreach
Cannon Construction Inc,cannongroup.com,[unknown],[unknown],[unknown],[unknown],[unknown],NEJPTRNT,
GrowthZone AMS,growthzone.com,[unknown],[unknown],[unknown],[unknown],[unknown],NEJPTRNT,
Capitol City Electric,capitolcityelectricinc.com,[unknown],[unknown],[unknown],[unknown],[unknown],NEJPTRNT,
Kirby Electric Inc.,kirbyelectric.com,[unknown],[unknown],[unknown],[unknown],[unknown],NEJPTRNT,NAME_MATCH_REVIEW: normalized name already in dedupe authority under a different domain - verify before outreach
GSI,securityandnetworks.com,[unknown],[unknown],[unknown],[unknown],[unknown],NEJPTRNT,
ADCO Electrical Corp.,adcoonline.com,[unknown],[unknown],[unknown],[unknown],[unknown],NEJPTRNT,
Premier Electrical Corporation,premiercorp.net,[unknown],[unknown],[unknown],[unknown],[unknown],"NEJPTRNT,B2P5ZX2E",
"BEI Construction, Inc.",beiconstruction.com,[unknown],[unknown],[unknown],[unknown],[unknown],NEJPTRNT,
Sylvan,sylvan-inc.com,[unknown],[unknown],[unknown],[unknown],[unknown],NEJPTRNT,
Cogburn Bros. Inc,cogburnbros.com,[unknown],[unknown],[unknown],[unknown],[unknown],NEJPTRNT,
Einheit Electric Construction Co.,einheitelectric.com,[unknown],[unknown],[unknown],[unknown],[unknown],NEJPTRNT,
"Island Computer Products, Inc (Icp)",icpcorp.com,[unknown],[unknown],[unknown],[unknown],[unknown],NEJPTRNT,
Ostrow Electric Co,ostrowelectric.com,[unknown],[unknown],[unknown],[unknown],[unknown],NEJPTRNT,
Hyre Electric Co,emcorhyre.com,[unknown],[unknown],[unknown],[unknown],[unknown],NEJPTRNT,
Walton Electric Corporation,waltonelectriccorp.com,[unknown],[unknown],[unknown],[unknown],[unknown],NEJPTRNT,
EMCOR Services Combustioneer,combustioneer.com,[unknown],[unknown],[unknown],[unknown],[unknown],NEJPTRNT,
Valiant Energy Service,valiantenergyservice.com,[unknown],[unknown],[unknown],[unknown],[unknown],NEJPTRNT,
DualTemp Clauger,dualtempclauger.com,[unknown],[unknown],[unknown],[unknown],[unknown],NEJPTRNT,
ConvergeOne (C1),onec1.com,[unknown],[unknown],[unknown],[unknown],[unknown],NEJPTRNT,
"LAN-TEL Communications, Inc.",lan-tel.com,[unknown],[unknown],[unknown],[unknown],[unknown],NEJPTRNT,
"Industrial Contractors, Inc.",icinorthdakota.com,[unknown],[unknown],[unknown],[unknown],[unknown],NEJPTRNT,
"Star-Lo Electric, Inc.",star-lo.com,[unknown],[unknown],[unknown],[unknown],[unknown],NEJPTRNT,
Walker Telecomm Inc.,walkertelecomm.com,[unknown],[unknown],[unknown],[unknown],[unknown],NEJPTRNT,
Utilitra,utilitra.com,[unknown],[unknown],[unknown],[unknown],[unknown],NEJPTRNT,
Windsor Electric Company Inc,windsorelectric.com,[unknown],[unknown],[unknown],[unknown],[unknown],NEJPTRNT,
"PM Contracting, Inc.",pmc-kc.com,[unknown],[unknown],[unknown],[unknown],[unknown],NEJPTRNT,
Ullman Electric,ullmanelectric.com,[unknown],[unknown],[unknown],[unknown],[unknown],NEJPTRNT,
"VEC, Inc.",vecohio.com,[unknown],[unknown],[unknown],[unknown],[unknown],NEJPTRNT,
Shaw Electric Co.,shawelectric.com,[unknown],[unknown],[unknown],[unknown],[unknown],NEJPTRNT,NAME_MATCH_REVIEW: normalized name already in dedupe authority under a different domain - verify before outreach
"Thayer Power and Communication Line Construction Co., LLC",thayerpc.com,[unknown],[unknown],[unknown],[unknown],[unknown],NEJPTRNT,
"Fountain Construction Company, Inc.",fountainconstruction.com,[unknown],[unknown],[unknown],[unknown],[unknown],NEJPTRNT,
Phalcon,phalconusa.com,[unknown],[unknown],[unknown],[unknown],[unknown],NEJPTRNT,
"Johnson Contractors, Inc.",johnsoncont.com,[unknown],[unknown],[unknown],[unknown],[unknown],NEJPTRNT,
"Strategic Mechanical, Inc.",strategicmechanical.com,[unknown],[unknown],[unknown],[unknown],[unknown],NEJPTRNT,
Syserco,syserco.com,[unknown],[unknown],[unknown],[unknown],[unknown],NEJPTRNT,
Armour & Sons Electric,armourandsons.com,[unknown],[unknown],[unknown],[unknown],[unknown],NEJPTRNT,
A. Murphy Inc.,amurphy.com,[unknown],[unknown],[unknown],[unknown],[unknown],NEJPTRNT,
"Comtel Systems Technology, Inc.",comtelsys.com,[unknown],[unknown],[unknown],[unknown],[unknown],NEJPTRNT,
Irish Communication Company,irishteam.net,[unknown],[unknown],[unknown],[unknown],[unknown],NEJPTRNT,
Kaemmerlen Electric,kaemmerlen.com,[unknown],[unknown],[unknown],[unknown],[unknown],NEJPTRNT,
Uptime Electric Inc.,uptimeelectric.com,[unknown],[unknown],[unknown],[unknown],[unknown],NEJPTRNT,
Capitol Electric Construction Company,capitolelectric.com,[unknown],[unknown],[unknown],[unknown],[unknown],NEJPTRNT,
"Geiger Brothers, Inc.",geigerbrothers.com,[unknown],[unknown],[unknown],[unknown],[unknown],NEJPTRNT,
Lemberg,lembergelectric.com,[unknown],[unknown],[unknown],[unknown],[unknown],NEJPTRNT,
Schenectady Hardware & Electric,sheinc.com,[unknown],[unknown],[unknown],[unknown],[unknown],NEJPTRNT,
JCT Solutions,jctnj.com,[unknown],[unknown],[unknown],[unknown],[unknown],NEJPTRNT,
BP p.l.c.,bp.com,"London, UK",299352,Public,1909,"BP p.l.c. is an integrated energy company that produces and refines crude oil and natural gas, markets fuels and lubricants to commercial and retail customers, trades energy commodities, and invests in renewable energy and lower‑carbon fuels. They typically serve industrial and commercial energy buyers as well as retail fuel customers, and they claim to be diversifying their portfolio by expanding wind, biofuels, hydrogen and electric‑vehicle charging offerings alongside traditional petroleum operations.",55X5CPA6,NON_US_HQ
"Popeyes Louisiana Kitchen, Inc. (Popeyes)",popeyes.com,"Miami, FL",175350,Private Subsidiary,1972,"Popeyes is a quick-service restaurant chain that specializes in Southern-style chicken and seafood dishes. Their typical customers are individuals and families looking for a convenient and affordable dining option. Popeyes differentiates itself through its unique blend of Cajun and Creole flavors, as well as its famous buttermilk biscuits. They also market themselves as offering a ""Louisiana Fast"" dining experience, emphasizing the authentic and flavorful nature of their menu items.",55X5CPA6,
Siemens AG,siemens.com,"München, Germany",611022,Private Subsidiary,1847,"Siemens AG is a global technology company that focuses on electrification, automation, and digitalization. Their products and services range from power generation and distribution to medical imaging and industrial automation. Their typical customers include energy providers, manufacturers, healthcare institutions, and infrastructure companies. Siemens differentiates itself through its focus on innovation, sustainability, and providing comprehensive solutions for their customers' needs.",55X5CPA6,NON_US_HQ
"Republic Services, Inc.",republicservices.com,"Phoenix, AZ",105779,Public,1998,"Republic Services provides integrated non-hazardous solid waste collection, transportation, recycling, and disposal services for municipal, commercial, industrial, multifamily, and residential customers and emphasizes a broad operational network and investments in recycling and landfill-gas-to-energy infrastructure.",55X5CPA6,
Turner Construction Company,turnerconstruction.com,[unknown],[unknown],[unknown],[unknown],[unknown],55X5CPA6,
"Marsh & McLennan Companies, Inc.",marshmclennan.com,[unknown],[unknown],[unknown],[unknown],[unknown],55X5CPA6,
"United Rentals, Inc.",unitedrentals.com,[unknown],[unknown],[unknown],[unknown],[unknown],55X5CPA6,
Principal Financial Group,principal.com,[unknown],[unknown],[unknown],[unknown],[unknown],55X5CPA6,
Huntington National Bank,huntington.com,[unknown],[unknown],[unknown],[unknown],[unknown],55X5CPA6,
BrandSafway,brandsafway.com,[unknown],[unknown],[unknown],[unknown],[unknown],55X5CPA6,
"Brown & Brown, Inc.",bbrown.com,[unknown],[unknown],[unknown],[unknown],[unknown],55X5CPA6,
Renewal by Andersen,renewalbyandersen.homes,[unknown],[unknown],[unknown],[unknown],[unknown],55X5CPA6,
Great American Insurance Group,greatamericaninsurancegroup.com,[unknown],[unknown],[unknown],[unknown],[unknown],55X5CPA6,
"Acrisure, LLC",acrisure.com,[unknown],[unknown],[unknown],[unknown],[unknown],55X5CPA6,
"Roadsafe Traffic Systems, Inc",roadsafetraffic.com,[unknown],[unknown],[unknown],[unknown],[unknown],55X5CPA6,
"Cherry Bekaert Advisory, LLC",cbh.com,[unknown],[unknown],[unknown],[unknown],[unknown],55X5CPA6,
"Irving Materials, Inc.",irvmat.com,[unknown],[unknown],[unknown],[unknown],[unknown],55X5CPA6,
"Aerotek, Inc.",aerotek.com,[unknown],[unknown],[unknown],[unknown],[unknown],55X5CPA6,
Messer Construction Co.,messer.com,[unknown],[unknown],[unknown],[unknown],[unknown],55X5CPA6,
Central Bancompany,centralbank.net,[unknown],[unknown],[unknown],[unknown],[unknown],55X5CPA6,
"Houchens Industries, Inc.",houchens.com,[unknown],[unknown],[unknown],[unknown],[unknown],55X5CPA6,
WillScot,willscot.com,[unknown],[unknown],[unknown],[unknown],[unknown],55X5CPA6,
WesBanco,wesbanco.com,[unknown],[unknown],[unknown],[unknown],[unknown],55X5CPA6,
Enterprise Fleet Management,efleets.com,[unknown],[unknown],[unknown],[unknown],[unknown],55X5CPA6,
Knapheide,knapheide.com,[unknown],[unknown],[unknown],[unknown],[unknown],55X5CPA6,
MEI Industrial Solutions,meiindustrialsolutions.com,[unknown],[unknown],[unknown],[unknown],[unknown],55X5CPA6,
"Gray, Inc.",gray.com,[unknown],[unknown],[unknown],[unknown],[unknown],55X5CPA6,
Rumpke Waste & Recycling,rumpke.com,[unknown],[unknown],[unknown],[unknown],[unknown],55X5CPA6,
"Charah Solutions, Inc.",charah.com,[unknown],[unknown],[unknown],[unknown],[unknown],55X5CPA6,
Kentucky Farm Bureau Mutual Insurance Company,kyfb.com,[unknown],[unknown],[unknown],[unknown],[unknown],55X5CPA6,
Steptoe & Johnson PLLC,steptoe-johnson.com,[unknown],[unknown],[unknown],[unknown],[unknown],55X5CPA6,
Hennecke GmbH,hennecke.com,[unknown],[unknown],[unknown],[unknown],[unknown],55X5CPA6,
Valley Interior Systems,buildwithvalley.com,[unknown],[unknown],[unknown],[unknown],[unknown],55X5CPA6,
Kalkreuth Roofing And Sheet Metal,krsm.net,[unknown],[unknown],[unknown],[unknown],[unknown],55X5CPA6,
Louisville Paving and Construction Co.,loupaving.com,[unknown],[unknown],[unknown],[unknown],[unknown],55X5CPA6,
Boyd CAT,boydcat.com,[unknown],[unknown],[unknown],[unknown],[unknown],55X5CPA6,
Dean Dorton,deandorton.com,[unknown],[unknown],[unknown],[unknown],[unknown],55X5CPA6,
Gordian,gordian.com,[unknown],[unknown],[unknown],[unknown],[unknown],55X5CPA6,
Mobile Air & Power Rentals,mobileair.com,[unknown],[unknown],[unknown],[unknown],[unknown],55X5CPA6,
"American Roofing & Metal Company, Inc.",americanroofingonline.com,[unknown],[unknown],[unknown],[unknown],[unknown],55X5CPA6,
"Purple Wave, Inc.",purplewave.com,[unknown],[unknown],[unknown],[unknown],[unknown],55X5CPA6,
Shepherd Insurance,shepherdins.com,[unknown],[unknown],[unknown],[unknown],[unknown],55X5CPA6,
Houchens Insurance Group,higusa.com,[unknown],[unknown],[unknown],[unknown],[unknown],55X5CPA6,
Brandeis,brandeismachinery.com,[unknown],[unknown],[unknown],[unknown],[unknown],55X5CPA6,
"Amteck, LLC",amteck.com,[unknown],[unknown],[unknown],[unknown],[unknown],55X5CPA6,
"Blue & Co., LLC",blueandco.com,[unknown],[unknown],[unknown],[unknown],[unknown],55X5CPA6,
Servpro,servpro.com,[unknown],[unknown],[unknown],[unknown],[unknown],55X5CPA6,
AMAROK,amarok.com,[unknown],[unknown],[unknown],[unknown],[unknown],55X5CPA6,
TP Mechanical,tpmechanical.com,[unknown],[unknown],[unknown],[unknown],[unknown],55X5CPA6,
"Stites & Harbison, PLLC",stites.com,[unknown],[unknown],[unknown],[unknown],[unknown],55X5CPA6,
Tri-State,tri-stateservicegroup.com,[unknown],[unknown],[unknown],[unknown],[unknown],55X5CPA6,
Rising Sun Developing,risingsundeveloping.com,[unknown],[unknown],[unknown],[unknown],[unknown],55X5CPA6,
Bullard,bullard.com,[unknown],[unknown],[unknown],[unknown],[unknown],55X5CPA6,
Yamamoto FB Engineering,yamamotofineblanking.com,[unknown],[unknown],[unknown],[unknown],[unknown],55X5CPA6,
Jackson Kelly PLLC,jacksonkelly.com,[unknown],[unknown],[unknown],[unknown],[unknown],55X5CPA6,
Sternberg Automotive Group,sternbergs.com,[unknown],[unknown],[unknown],[unknown],[unknown],55X5CPA6,
"Total Tool Supply, Inc.",totaltool.com,[unknown],[unknown],[unknown],[unknown],[unknown],55X5CPA6,
"Green Mechanical Construction, Inc.",gmci.com,[unknown],[unknown],[unknown],[unknown],[unknown],55X5CPA6,
"Southern Pipeline Construction Company, Inc.",southernpipeline.net,[unknown],[unknown],[unknown],[unknown],[unknown],55X5CPA6,
RLA Utilities,rlautilities.com,[unknown],[unknown],[unknown],[unknown],[unknown],55X5CPA6,
MAC Construction,macconstruction.com,[unknown],[unknown],[unknown],[unknown],[unknown],55X5CPA6,
"UMR, Inc.",umr.com,[unknown],[unknown],[unknown],[unknown],[unknown],55X5CPA6,
CNC Foundations,cncfoundations.com,[unknown],[unknown],[unknown],[unknown],[unknown],55X5CPA6,
AE Electrical Solutions,aees.com,[unknown],[unknown],[unknown],[unknown],[unknown],55X5CPA6,
HouseRight,houseright.com,[unknown],[unknown],[unknown],[unknown],[unknown],55X5CPA6,
Powell Valley Millwork LLC,pvmillwork.com,[unknown],[unknown],[unknown],[unknown],[unknown],55X5CPA6,
Porta Kleen,portakleen.com,[unknown],[unknown],[unknown],[unknown],[unknown],55X5CPA6,
Anderson Communities,andersoncommunities.com,[unknown],[unknown],[unknown],[unknown],[unknown],55X5CPA6,
Dant Clayton Corporation,stadiumbleachers.com,[unknown],[unknown],[unknown],[unknown],[unknown],55X5CPA6,
"Denham-Blythe Company, Inc",denhamblythe.com,[unknown],[unknown],[unknown],[unknown],[unknown],55X5CPA6,
"Dean Builds, Inc.",deanbuilds.com,[unknown],[unknown],[unknown],[unknown],[unknown],55X5CPA6,
Peak Construction Corporation,peakconstruction.com,[unknown],[unknown],[unknown],[unknown],[unknown],55X5CPA6,
"C.J. Hughes Construction Co, Inc.",cjhughes.com,[unknown],[unknown],[unknown],[unknown],[unknown],55X5CPA6,
Elliott Supply & Glass,elliottcompanies.com,[unknown],[unknown],[unknown],[unknown],[unknown],55X5CPA6,
Grayhawk LLC,grayhawk-ky.com,[unknown],[unknown],[unknown],[unknown],[unknown],55X5CPA6,
"ABG Caulking Contractors, Inc.",abgcaulking.com,[unknown],[unknown],[unknown],[unknown],[unknown],55X5CPA6,
Judy Const,judycc.com,[unknown],[unknown],[unknown],[unknown],[unknown],55X5CPA6,
Clay Ingels Co LLC,clayingels.com,[unknown],[unknown],[unknown],[unknown],[unknown],55X5CPA6,
Klausing Group,klausinggroup.com,[unknown],[unknown],[unknown],[unknown],[unknown],55X5CPA6,
"Loveland Excavating and Paving, Inc.",lovelandexcavatingandpaving.com,[unknown],[unknown],[unknown],[unknown],[unknown],55X5CPA6,
EOS Worldwide,eosworldwide.com,[unknown],[unknown],[unknown],[unknown],[unknown],55X5CPA6,
Paul Hemmer Company,paulhemmer.com,[unknown],[unknown],[unknown],[unknown],[unknown],55X5CPA6,
Harrod Concrete & Stone,harrodco.com,[unknown],[unknown],[unknown],[unknown],[unknown],55X5CPA6,
Safe Zone Services,safezoneservices.com,[unknown],[unknown],[unknown],[unknown],[unknown],55X5CPA6,
LBX Company,lbxco.com,[unknown],[unknown],[unknown],[unknown],[unknown],55X5CPA6,
"Brown Construction, Inc.",brown-construction.com,[unknown],[unknown],[unknown],[unknown],[unknown],55X5CPA6,
The Murphy Elevator Company,murphyelevator.com,[unknown],[unknown],[unknown],[unknown],[unknown],55X5CPA6,
LockNet,locknet.com,[unknown],[unknown],[unknown],[unknown],[unknown],55X5CPA6,
Bme Inc.,bmeinc.com,[unknown],[unknown],[unknown],[unknown],[unknown],55X5CPA6,
"Marine Solutions, Inc.",msimarinesolutions.com,[unknown],[unknown],[unknown],[unknown],[unknown],55X5CPA6,
Hakes Brothers,hakesbrothers.com,[unknown],[unknown],[unknown],[unknown],[unknown],55X5CPA6,
Davis & Plomin Mechanical,davisandplomin.com,[unknown],[unknown],[unknown],[unknown],[unknown],55X5CPA6,
Hammer and Steel,hammersteel.com,[unknown],[unknown],[unknown],[unknown],[unknown],55X5CPA6,
"TIS Insurance Services, Inc .",tisins.com,[unknown],[unknown],[unknown],[unknown],[unknown],55X5CPA6,
Ranger Industrial Services,rangeris.com,[unknown],[unknown],[unknown],[unknown],[unknown],55X5CPA6,
"Wehr Constructors, Inc.",wehrconstructors.com,"Louisville, KY",114,Bootstrapped,1945,"Wehr Constructors, Inc. is a construction manager and general contractor serving institutional and organizational clients (healthcare, education, commercial, government, religious/non-profit, industrial) that markets itself as community-focused and culture-driven, emphasizing teamwork, faith, character, relationship-building, professional project delivery, and safety.",55X5CPA6,
J. A. Street & Associates,jastreet.com,"Blountville, TN",113,Bootstrapped,[unknown],"J. A. Street & Associates is a general contracting firm specializing in design-build and construction management for commercial, industrial, and institutional clients. They serve businesses such as retailers, manufacturers, institutional owners, and developers and claim to differentiate through an integrated, single-source project delivery model and a collaborative team approach.",55X5CPA6,
Insight Risk Management,irmllc.com,"Cordova, TN",111,Private Subsidiary,2013,"Insight Risk Management is an independent insurance agency and broker offering commercial and personal insurance placement, employee benefits, surety bonds, and risk management services to business and consumer clients. They emphasize long-standing operation, a team of experienced insurance and surety professionals, and providing multiple coverage options and risk-management advice. Their primary focus is brokering insurance solutions and managing client risk exposures.",55X5CPA6,
Ruggles Sign Company,rugglessign.com,"Versailles, KY",110,Bootstrapped,1946,"Ruggles Sign Company manufactures custom signs and manages end-to-end signage programs for business clients, focusing on design, project management, fabrication, installation, rebranding, and maintenance; they emphasize family ownership, long-term experience, personalized service, and the ability to deliver regional to global signage programs.",55X5CPA6,
Wilson Nurseries Inc,wilsonnurseries.com,"Hampshire, IL",107,Bootstrapped,[unknown],"Wilson Nurseries Inc is a landscape supply company offering a wide range of nursery stock, hardgoods, and accessories such as evergreens, grasses, perennials, shrubs, and natural stone. They also provide delivery services to yards and jobsites, as well as cater to contractors looking for quality plants and materials. Their typical customers include landscapers, contractors, and homeowners looking to enhance their outdoor spaces. Wilson Nurseries Inc claims to differentiate itself through its commitment to quality, convenience, and availability, as well as its extensive knowledge of plant information and its display gardens.",55X5CPA6,
"Gallmar Industries, LLC",fvht.com,[unknown],[unknown],[unknown],[unknown],[unknown],55X5CPA6,
Quality Drywall Midwest,qualitydrywallmidwest.com,[unknown],[unknown],[unknown],[unknown],[unknown],55X5CPA6,
The Atlas Companies,atlas-co.com,[unknown],[unknown],[unknown],[unknown],[unknown],55X5CPA6,
Solar Energy Solutions,sesre.com,[unknown],[unknown],[unknown],[unknown],[unknown],55X5CPA6,
Buchanan Contracting Inc.,buchanancontracting.net,[unknown],[unknown],[unknown],[unknown],[unknown],55X5CPA6,
Sentry Steel Inc.,sentrysteelinc.com,[unknown],[unknown],[unknown],[unknown],[unknown],55X5CPA6,
J.R. Hoe,jrhoe.com,[unknown],[unknown],[unknown],[unknown],[unknown],55X5CPA6,
Adleta Construction,adletagroup.com,[unknown],[unknown],[unknown],[unknown],[unknown],55X5CPA6,
CCI Industrial Services,cciindustrial.us,[unknown],[unknown],[unknown],[unknown],[unknown],55X5CPA6,
Edwards Moving & Rigging,edwardsmoving.com,[unknown],[unknown],[unknown],[unknown],[unknown],55X5CPA6,
American Scaffolding Inc.,amscaf.com,[unknown],[unknown],[unknown],[unknown],[unknown],55X5CPA6,
Swift Roofing,swiftroofing.net,[unknown],[unknown],[unknown],[unknown],[unknown],55X5CPA6,
Associated Pipe Line,associatedpipeline.com,[unknown],[unknown],[unknown],[unknown],[unknown],55X5CPA6,
Kerkan Roofing Inc,kerkan.com,[unknown],[unknown],[unknown],[unknown],[unknown],55X5CPA6,
Alliance Corporation,alliancecorporation.com,[unknown],[unknown],[unknown],[unknown],[unknown],55X5CPA6,
Congleton-Hacker Company,congleton-hacker.com,[unknown],[unknown],[unknown],[unknown],[unknown],55X5CPA6,
Lynn Imaging,lynnimaging.com,[unknown],[unknown],[unknown],[unknown],[unknown],55X5CPA6,
Thermal Equipment Sales KY,thermaleq.com,[unknown],[unknown],[unknown],[unknown],[unknown],55X5CPA6,
Contractors Materials Company,cmcmmi.com,[unknown],[unknown],[unknown],[unknown],[unknown],55X5CPA6,
ABR Construction,abrconstruction.com,[unknown],[unknown],[unknown],[unknown],[unknown],55X5CPA6,
Marrillia Design and Construction,marrillia.com,[unknown],[unknown],[unknown],[unknown],[unknown],55X5CPA6,
"Martin Contracting, Inc",martincontracting.net,[unknown],[unknown],[unknown],[unknown],[unknown],55X5CPA6,
Sterling Thompson Company,sterlingthompson.com,[unknown],[unknown],[unknown],[unknown],[unknown],55X5CPA6,
Wilson Equipment Company,wilsonequipment.com,[unknown],[unknown],[unknown],[unknown],[unknown],55X5CPA6,
"C & R Asphalt, LLC",asphaltanimals.com,[unknown],[unknown],[unknown],[unknown],[unknown],55X5CPA6,
HB Masonry LLC,hbmasonryky.com,[unknown],[unknown],[unknown],[unknown],[unknown],55X5CPA6,
"Branscum Construction Company, Inc.",branscumconstruction.com,[unknown],[unknown],[unknown],[unknown],[unknown],55X5CPA6,
"Thacker-Grigsby Telephone Company, Inc.",tgtel.com,[unknown],[unknown],[unknown],[unknown],[unknown],55X5CPA6,
"H & R Mechanical Contractors, Inc",hrmech.com,[unknown],[unknown],[unknown],[unknown],[unknown],55X5CPA6,
R&J Cylinder and Machine,rjcylinder.com,[unknown],[unknown],[unknown],[unknown],[unknown],55X5CPA6,
D & D Machinery Movers,ddmachinerymovers.com,[unknown],[unknown],[unknown],[unknown],[unknown],55X5CPA6,
"Parsons Electric, Inc.",parsonselectric.com,[unknown],[unknown],[unknown],[unknown],[unknown],55X5CPA6,
Ramey Construction,rameyco.com,[unknown],[unknown],[unknown],[unknown],[unknown],55X5CPA6,
Broughton Construction,broughtonflatwork.com,[unknown],[unknown],[unknown],[unknown],[unknown],55X5CPA6,
"Herrick Company, Inc.",herrick-company.com,[unknown],[unknown],[unknown],[unknown],[unknown],55X5CPA6,
Smith Contractors,smithcontractorsinc.com,[unknown],[unknown],[unknown],[unknown],[unknown],55X5CPA6,
"Meridian Wealth Management, LLC",meridianwealthllc.com,[unknown],[unknown],[unknown],[unknown],[unknown],55X5CPA6,
"Baldwin CPAs, PLLC",baldwincpas.com,[unknown],[unknown],[unknown],[unknown],[unknown],55X5CPA6,
Universal Contracting Corporation,unicon.cc,[unknown],[unknown],[unknown],[unknown],[unknown],55X5CPA6,
M&M Services Co Inc,mmservicesky.com,[unknown],[unknown],[unknown],[unknown],[unknown],55X5CPA6,
ENCON Equipment,enconequipment.com,[unknown],[unknown],[unknown],[unknown],[unknown],55X5CPA6,
CKSM,cksm.net,[unknown],[unknown],[unknown],[unknown],[unknown],55X5CPA6,
"Mason Structure, Inc",masonstructure.com,[unknown],[unknown],[unknown],[unknown],[unknown],55X5CPA6,
Castlen Steel,castlensteel.com,[unknown],[unknown],[unknown],[unknown],[unknown],55X5CPA6,
Insuramax,insuramax.com,[unknown],[unknown],[unknown],[unknown],[unknown],55X5CPA6,
Ideal Fencing Corp.,idealfencingcorp.com,[unknown],[unknown],[unknown],[unknown],[unknown],55X5CPA6,
"Keller Management Services, LLC",keller-na.com,[unknown],[unknown],[unknown],[unknown],[unknown],55X5CPA6,
"Semper Tek, Inc.",sempertekinc.com,[unknown],[unknown],[unknown],[unknown],[unknown],55X5CPA6,
"Thoroughbred Contractors, LLC",tbredcontractors.com,[unknown],[unknown],[unknown],[unknown],[unknown],55X5CPA6,
Highland Roofing,highlandroofing.com,[unknown],[unknown],[unknown],[unknown],[unknown],55X5CPA6,
Martina Bros Co,martinabros.com,[unknown],[unknown],[unknown],[unknown],[unknown],55X5CPA6,
ACE Consulting,ace-consulting.net,[unknown],[unknown],[unknown],[unknown],[unknown],55X5CPA6,
Jiffy Fastening Systems Inc,jiffyfastening.com,[unknown],[unknown],[unknown],[unknown],[unknown],55X5CPA6,
Innovative Demolition Service LLC,innovativedemolition.com,[unknown],[unknown],[unknown],[unknown],[unknown],55X5CPA6,
Capitol Tunneling Inc,capitoltunneling.com,[unknown],[unknown],[unknown],[unknown],[unknown],55X5CPA6,
"United Structural Systems Ltd., Inc.",ifixfoundations.com,[unknown],[unknown],[unknown],[unknown],[unknown],55X5CPA6,
Jmoore Construction,jmoore.construction,[unknown],[unknown],[unknown],[unknown],[unknown],55X5CPA6,
Heritage Window Solutions,heritagewindowsolutions.com,[unknown],[unknown],[unknown],[unknown],[unknown],55X5CPA6,
BJB Inc.,bjbrestoration.com,[unknown],[unknown],[unknown],[unknown],[unknown],55X5CPA6,
Brett Construction Co.,brettcon.com,[unknown],[unknown],[unknown],[unknown],[unknown],55X5CPA6,
Hyland Insurance,hylandins.net,[unknown],[unknown],[unknown],[unknown],[unknown],55X5CPA6,
"Bennett's Contracting, Inc.",bennettscontracting.com,[unknown],[unknown],[unknown],[unknown],[unknown],55X5CPA6,
Lexington Lawn & Landscape,lexlawnky.com,[unknown],[unknown],[unknown],[unknown],[unknown],55X5CPA6,
Turner Insurance & Bonding,turnerfirst.com,[unknown],[unknown],[unknown],[unknown],[unknown],55X5CPA6,
45Ninety.Com,45ninety.com,[unknown],[unknown],[unknown],[unknown],[unknown],55X5CPA6,
Site-Safe,sitesafeonline.com,[unknown],[unknown],[unknown],[unknown],[unknown],55X5CPA6,
Bosse Construction,bosseconstruction.com,[unknown],[unknown],[unknown],[unknown],[unknown],55X5CPA6,
Vc Veterans Contracting LLC,veteranscontractingllc.com,[unknown],[unknown],[unknown],[unknown],[unknown],55X5CPA6,
Big League Roofers,bigleagueroofers.com,[unknown],[unknown],[unknown],[unknown],[unknown],55X5CPA6,
Bim Group,bimgroup.us,[unknown],[unknown],[unknown],[unknown],[unknown],55X5CPA6,
Gunter Construction Roofing,gunterroofing.com,[unknown],[unknown],[unknown],[unknown],[unknown],55X5CPA6,
Winelco Inc.,winelco.com,[unknown],[unknown],[unknown],[unknown],[unknown],55X5CPA6,
SkyRidge,skyridgeparkcity.com,[unknown],[unknown],[unknown],[unknown],[unknown],55X5CPA6,
1st Call Disaster Services,1stcalldisasterservices.com,[unknown],[unknown],[unknown],[unknown],[unknown],55X5CPA6,
Kerr Brothers Funeral Home,kerrbrothersfuneralhome.com,[unknown],[unknown],[unknown],[unknown],[unknown],55X5CPA6,
"Messier & Associates, Inc.",messainc.com,[unknown],[unknown],[unknown],[unknown],[unknown],55X5CPA6,
Southern Sheet Metal Inc,southernsheetmetal.com,[unknown],[unknown],[unknown],[unknown],[unknown],55X5CPA6,
ISU Insurance and Investment Group,isuinsuranceandinvestmentgroup.com,[unknown],[unknown],[unknown],[unknown],[unknown],55X5CPA6,
"McKinney Painting, Inc.",mckinneypainting.com,[unknown],[unknown],[unknown],[unknown],[unknown],55X5CPA6,
Commonwealth Roofing Corp.,commonwealthroofing.com,[unknown],[unknown],[unknown],[unknown],[unknown],55X5CPA6,
Lanham Bros,lanhambros.com,[unknown],[unknown],[unknown],[unknown],[unknown],55X5CPA6,
Wilhite Limited Inc.,wilhitelimited.com,[unknown],[unknown],[unknown],[unknown],[unknown],55X5CPA6,
ABG Caulking & Waterproofing of Morristown Inc.,abg-caulking.com,[unknown],[unknown],[unknown],[unknown],[unknown],55X5CPA6,
Mcd Concrete Enterprises,mcdconcrete.com,[unknown],[unknown],[unknown],[unknown],[unknown],55X5CPA6,
Shelton Construction,sheltonconstruction.net,[unknown],[unknown],[unknown],[unknown],[unknown],55X5CPA6,
Tram Construction KY,tramconstructioninc.com,[unknown],[unknown],[unknown],[unknown],[unknown],55X5CPA6,
ShieldWorks,shieldworks.com,[unknown],[unknown],[unknown],[unknown],[unknown],55X5CPA6,
Hayden Steel,haydensteel.com,[unknown],[unknown],[unknown],[unknown],[unknown],55X5CPA6,
RAM Engineering & Construction,ram-engineering.net,[unknown],[unknown],[unknown],[unknown],[unknown],55X5CPA6,
"Packs, Inc.",packsinc.com,[unknown],[unknown],[unknown],[unknown],[unknown],55X5CPA6,
"Trace Creek Construction, Inc.",tracecreek.net,[unknown],[unknown],[unknown],[unknown],[unknown],55X5CPA6,
A1 Sheet Metal Inc.,a1sheetmetal.com,[unknown],[unknown],[unknown],[unknown],[unknown],55X5CPA6,
MP Kelly Design & Construction,mpkellyconstruction.com,"Richmond, KY",29,Bootstrapped,2004,"MP Kelly Design & Construction designs and constructs customized industrial and commercial buildings for business clients. They provide pre-construction consulting, design-build, general contracting and construction management services, with specialized capabilities in tilt-up construction and heavy industrial foundations, and emphasize owner/principal involvement and extensive project experience.",55X5CPA6,
"The Rock, LLC",therockllc.com,"Richmond, KY",28,Bootstrapped,[unknown],"THE ROCK is a family-owned masonry contractor offering brick, stone, and block construction and design/build services to commercial builders, developers, and general contractors. They emphasize decades of industry experience and capability across veneer, structural masonry (CMU), cast stone and architectural detailing for building projects.",55X5CPA6,
Cass Concrete,cassconcrete.com,"Danville, KY",28,Bootstrapped,2021,"Cass Concrete provides on-site concrete construction and related services for commercial, industrial, and multi-family housing projects. They offer Gypcrete underlayment and a range of concrete work—foundations, structural renovations, FF & FL floor systems, demolition, paving, sidewalks, curbs, walls, columns, and piers—and position themselves around precision, safety, and efficiency while supporting projects from consultation to completion.",55X5CPA6,
Associated Railroad Contrs Inc,associatedrailroad.com,"Louisville, KY",28,Bootstrapped,[unknown],"Associated Railroad Contractors Inc. offers design and build services, new construction, maintenance, and material and equipment for sale to the railroad industry. Their typical customers are railroad companies, transit agencies, and other organizations involved in the construction and maintenance of rail infrastructure. Associated Railroad Contractors Inc. positions itself as a reliable and experienced partner in the railroad industry, emphasizing their expertise, quality of work, and dedication to meeting their customers' needs.",55X5CPA6,
Ez Construction,ezconst.com,"Louisville, KY",28,Bootstrapped,1970,"E-Z Construction provides design-build site development and concrete construction services for commercial, industrial, and public-sector clients, specializing in park infrastructure, parking and storm systems, and concrete structures. They target manufacturing, commercial, and public-works customers and position themselves as a value-engineered, efficiency-focused contractor with decades of experience and a knowledgeable, certified staff.",55X5CPA6,
Congleton Lumber & Design Center,congletonlumber.com,[unknown],[unknown],[unknown],[unknown],[unknown],55X5CPA6,
Mountain Valley Insurance,mountainvalleyinsurance.net,[unknown],[unknown],[unknown],[unknown],[unknown],55X5CPA6,
Commonwealth Sign Company,commonwealthsign.com,[unknown],[unknown],[unknown],[unknown],[unknown],55X5CPA6,
Lodge At Red River Ranch,redriverranch.com,[unknown],[unknown],[unknown],[unknown],[unknown],55X5CPA6,
Kmhlouisville,kmhlouisville.com,[unknown],[unknown],[unknown],[unknown],[unknown],55X5CPA6,
Holland Excavating,hollandexcavating.com,[unknown],[unknown],[unknown],[unknown],[unknown],55X5CPA6,
Kentucky Associated General Contractors Self Insurers' Fund,kyagcsif.com,[unknown],[unknown],[unknown],[unknown],[unknown],55X5CPA6,
"Jbk, Inc.",flatroofonline.com,[unknown],[unknown],[unknown],[unknown],[unknown],55X5CPA6,
S & G Paving,sgpaving.net,[unknown],[unknown],[unknown],[unknown],[unknown],55X5CPA6,
"Prickel Electric, Llc",prickelelectric.com,[unknown],[unknown],[unknown],[unknown],[unknown],55X5CPA6,
"Chas. H. Bilz Insurance Agency, Inc.",bilzinsurance.com,[unknown],[unknown],[unknown],[unknown],[unknown],55X5CPA6,
"Pearce Blackburn Roofing, Llc",pearce-blackburn.com,[unknown],[unknown],[unknown],[unknown],[unknown],55X5CPA6,
Precision Services,precision-services.com,[unknown],[unknown],[unknown],[unknown],[unknown],55X5CPA6,
Laswell Electric Company Inc,lecoinc.com,[unknown],[unknown],[unknown],[unknown],[unknown],55X5CPA6,
WC Dillon Co.,wcdilloncompany.com,[unknown],[unknown],[unknown],[unknown],[unknown],55X5CPA6,
Reed's Sprayfoam Insulation,reedssprayfoam.com,[unknown],[unknown],[unknown],[unknown],[unknown],55X5CPA6,
Elaine Allen LLC,elaineallenllc.com,[unknown],[unknown],[unknown],[unknown],[unknown],55X5CPA6,
Doss and Horky Inc,dosshorky.com,[unknown],[unknown],[unknown],[unknown],[unknown],55X5CPA6,
Lynx Labeling,lynxlabeling.com,[unknown],[unknown],[unknown],[unknown],[unknown],55X5CPA6,
Tomrook Steel LLC,tomrook.com,[unknown],[unknown],[unknown],[unknown],[unknown],55X5CPA6,
"E.L. Electrical Contracting, Inc",elelectric.com,[unknown],[unknown],[unknown],[unknown],[unknown],55X5CPA6,
Green River Rentals Inc,greenriverrental.com,[unknown],[unknown],[unknown],[unknown],[unknown],55X5CPA6,
Air Mechanical Sales,airmechsales.com,[unknown],[unknown],[unknown],[unknown],[unknown],55X5CPA6,
"LoVo Systems, Inc",lovosystems.com,[unknown],[unknown],[unknown],[unknown],[unknown],55X5CPA6,
Beaver Creek Hydrology,beavercreekhydrology.com,[unknown],[unknown],[unknown],[unknown],[unknown],55X5CPA6,
W Principles,wprinciples.com,[unknown],[unknown],[unknown],[unknown],[unknown],55X5CPA6,
Walker Electrical Contractors,walkerelectric.net,[unknown],[unknown],[unknown],[unknown],[unknown],55X5CPA6,
Toadvine Enterprises,toadvine.com,[unknown],[unknown],[unknown],[unknown],[unknown],55X5CPA6,
"B&R Construction, Llc",bandr-construction.com,[unknown],[unknown],[unknown],[unknown],[unknown],55X5CPA6,
"Jave, Llc",javellc.com,[unknown],[unknown],[unknown],[unknown],[unknown],55X5CPA6,
Clay Pipeline Inc,claypipeline.com,[unknown],[unknown],[unknown],[unknown],[unknown],55X5CPA6,
Southern Trades Inc.,southerntradesinc.com,[unknown],[unknown],[unknown],[unknown],[unknown],55X5CPA6,
Kentucky Realty Corporations,kyrealtyonline.net,[unknown],[unknown],[unknown],[unknown],[unknown],55X5CPA6,
Concrete Coring Company,concretecoringcompany.com,[unknown],[unknown],[unknown],[unknown],[unknown],55X5CPA6,
JMK Electric,jmkelectric.com,[unknown],[unknown],[unknown],[unknown],[unknown],55X5CPA6,
Got Caulking Inc,gottcaulking.com,[unknown],[unknown],[unknown],[unknown],[unknown],55X5CPA6,
"Dbgc, Inc",dallmanbohl.com,[unknown],[unknown],[unknown],[unknown],[unknown],55X5CPA6,
Kitchen Concepts,kitchenconceptsky.com,[unknown],[unknown],[unknown],[unknown],[unknown],55X5CPA6,
Mci-Ridglok,mci-ridglok.com,[unknown],[unknown],[unknown],[unknown],[unknown],55X5CPA6,
Cooper Painting Inc,cooperpainting.com,[unknown],[unknown],[unknown],[unknown],[unknown],55X5CPA6,
Unified Electric Inc,unifiedelectric.net,[unknown],[unknown],[unknown],[unknown],[unknown],55X5CPA6,
McIntosh Electric LLC,mcintoshelectricllc.com,[unknown],[unknown],[unknown],[unknown],[unknown],55X5CPA6,
Aurora Pools & Spas,aurorapoolsandspas.com,[unknown],[unknown],[unknown],[unknown],[unknown],55X5CPA6,
Insulation Technologies,insulationtechnologies.com,[unknown],[unknown],[unknown],[unknown],[unknown],55X5CPA6,
"Louisville Tree Service, LLC",louisvilletreeservice.biz,[unknown],[unknown],[unknown],[unknown],[unknown],55X5CPA6,
"Disponette Service Co., Inc.",disponette.com,[unknown],[unknown],[unknown],[unknown],[unknown],55X5CPA6,
Burnett Sons Roofing Inc,burnettroofs.com,[unknown],[unknown],[unknown],[unknown],[unknown],55X5CPA6,
Grott Locksmith,grottlocksmith.net,[unknown],[unknown],[unknown],[unknown],[unknown],55X5CPA6,
Radden Painting,raddenpainting.com,[unknown],[unknown],[unknown],[unknown],[unknown],55X5CPA6,
Crown Stair,crownstair.com,[unknown],[unknown],[unknown],[unknown],[unknown],55X5CPA6,
Fab Steel Inc,fabsteelinc.com,[unknown],[unknown],[unknown],[unknown],[unknown],55X5CPA6,
Tommy Wells Construction Inc,tommywellsconstruction.com,[unknown],[unknown],[unknown],[unknown],[unknown],55X5CPA6,
Old Colony Insurance Svc Inc,oldcolonyinsurance.com,[unknown],[unknown],[unknown],[unknown],[unknown],55X5CPA6,
Hard Hat Housing,hardhathousing.com,[unknown],[unknown],[unknown],[unknown],[unknown],55X5CPA6,
Amshauling.Com,amshauling.com,[unknown],[unknown],[unknown],[unknown],[unknown],55X5CPA6,
Fayette Erectors Inc,fayetteerectors.com,[unknown],[unknown],[unknown],[unknown],[unknown],55X5CPA6,
McKnight & Associates,mcknightgc.com,[unknown],[unknown],[unknown],[unknown],[unknown],55X5CPA6,
Growth Solutions Team,growthsolutionsteam.com,[unknown],[unknown],[unknown],[unknown],[unknown],55X5CPA6,
Total Tech Solutions LLC,totaltech.net,[unknown],[unknown],[unknown],[unknown],[unknown],55X5CPA6,
Gooch Construction Inc,goochconstruction.com,[unknown],[unknown],[unknown],[unknown],[unknown],55X5CPA6,
Estesenergy.Com,estesenergy.com,[unknown],[unknown],[unknown],[unknown],[unknown],55X5CPA6,
A1 Portables,a1portables.com,[unknown],[unknown],[unknown],[unknown],[unknown],55X5CPA6,
"Lagco, Inc.",lagco.com,[unknown],[unknown],[unknown],[unknown],[unknown],55X5CPA6,
Technical Piping Svc Inc,technicalpiping.com,[unknown],[unknown],[unknown],[unknown],[unknown],55X5CPA6,
Al Torstrick Insurance Agency,altorstrick.com,[unknown],[unknown],[unknown],[unknown],[unknown],55X5CPA6,
"Graves & Graves, P.C.",graveslaw.org,[unknown],[unknown],[unknown],[unknown],[unknown],55X5CPA6,
Star Plumbing & Mechanical,mystarpros.com,[unknown],[unknown],[unknown],[unknown],[unknown],55X5CPA6,
R C Griffin Inc,rcgriffin.com,[unknown],[unknown],[unknown],[unknown],[unknown],55X5CPA6,
"Spectrum Contracting Services, Inc.",spectrumcontract.com,[unknown],[unknown],[unknown],[unknown],[unknown],55X5CPA6,
Johnson Lawrence Walker Inc,jlwins.com,[unknown],[unknown],[unknown],[unknown],[unknown],55X5CPA6,
Service Specialties,servspecllc.com,[unknown],[unknown],[unknown],[unknown],[unknown],55X5CPA6,
Interstate Fence Supply Inc,interstatefencesupply.com,[unknown],[unknown],[unknown],[unknown],[unknown],55X5CPA6,
Industrial Installations,industrialinstallations.com,[unknown],[unknown],[unknown],[unknown],[unknown],55X5CPA6,
"Ison Insurance Agency, Inc.",isoninsurance.com,[unknown],[unknown],[unknown],[unknown],[unknown],55X5CPA6,
Integrated Pest Management Services,ipmpestcontrol.com,[unknown],[unknown],[unknown],[unknown],[unknown],55X5CPA6,
Concrete Plus Llc,concreteplusllc.com,[unknown],[unknown],[unknown],[unknown],[unknown],55X5CPA6,
"Hearn & Fleener, LLC",hearnfleener.com,[unknown],[unknown],[unknown],[unknown],[unknown],55X5CPA6,
Dam Steel & Supply,damsteelsupply.com,[unknown],[unknown],[unknown],[unknown],[unknown],55X5CPA6,
N3D Group,n3dgroup.com,[unknown],[unknown],[unknown],[unknown],[unknown],55X5CPA6,
Geo Specialties,geospecialties.com,[unknown],[unknown],[unknown],[unknown],[unknown],55X5CPA6,
"Green Consturction Services, Inc.",green-construction.com,[unknown],[unknown],[unknown],[unknown],[unknown],55X5CPA6,
Lexington Laminates,lexingtonlaminates.com,[unknown],[unknown],[unknown],[unknown],[unknown],55X5CPA6,
HPP Industrial,hppindustrial.com,[unknown],[unknown],[unknown],[unknown],[unknown],55X5CPA6,
"Early Environmental Contracting, LLC",earlyenvironmental.com,[unknown],[unknown],[unknown],[unknown],[unknown],55X5CPA6,
Dynamic Restoration LLC,dynamicrestorationky.com,[unknown],[unknown],[unknown],[unknown],[unknown],55X5CPA6,
Kebco Inc.,kebcoinc.com,[unknown],[unknown],[unknown],[unknown],[unknown],55X5CPA6,
George H. Friedlander Company,friedlandercompany.com,[unknown],[unknown],[unknown],[unknown],[unknown],55X5CPA6,
Gallagher,ajg.com,[unknown],[unknown],[unknown],[unknown],[unknown],55X5CPA6,
R & M Construction Co.,rmconstructionco.com,[unknown],[unknown],[unknown],[unknown],[unknown],55X5CPA6,
Sunrise Excavation,sunriseexcavating.com,[unknown],[unknown],[unknown],[unknown],[unknown],55X5CPA6,
"Bluegrass Stream, LLC",bluegrassstream.com,[unknown],[unknown],[unknown],[unknown],[unknown],55X5CPA6,
Overhead Door Company of Corbin,corbindoors.com,[unknown],[unknown],[unknown],[unknown],[unknown],55X5CPA6,
Spears Mfg Co Inc,spearsmfg.com,[unknown],[unknown],[unknown],[unknown],[unknown],55X5CPA6,
Raymond Hymer Plumbing,raymondhymerplumbing.com,[unknown],[unknown],[unknown],[unknown],[unknown],55X5CPA6,
Enviro-Tec Services,envirotecservices.net,"Bowling Green, KY",8,Bootstrapped,2012,Enviro-Tec Services provides industrial fabrication and mechanical contracting services to business clients such as manufacturers and commercial operators. They position themselves as industrial fabricators and mechanical contractors and invite direct contact for project needs and inquiries.,55X5CPA6,
"Little Creek Construction, LLC",littlecreekconstruction.com,"Yadkinville, NC",8,Bootstrapped,[unknown],"Little Creek Construction, LLC provides residential construction services specializing in home additions and exterior remodeling for homeowners. They position themselves as a family-owned, licensed contractor with experienced leadership that uses quality materials and offers responsive, personalized service. Primary services include garage, room and sunroom additions, decks, patios, and fence construction.",55X5CPA6,
Do It Best,doitbest.com,"Illinois, USA",8,Private Subsidiary,1968,"Do It Best is a member-owned hardware, lumber and building materials cooperative that supplies and retails a broad assortment of tools, building materials, paint, plumbing, lawn & garden, and outdoor living products to consumers and member retail stores; they highlight cooperative membership, nationwide member locations, store-level services and same-day online order pickup.",55X5CPA6,
The King's Helper,kingshelper.com,"Lexington, KY",8,Bootstrapped,[unknown],"The King's Helper provides plumbing and HVAC repair, maintenance, and emergency response services to residential and small property customers and positions themselves as a dependable, long-established partner that honors commitments and responds when problems arise.",55X5CPA6,
Nally & Gibson Georgetown Inc,nallygibson.com,"George Town, Cayman Islands",8,Bootstrapped,[unknown],"Nally & Gibson Georgetown Inc operates a limestone quarry and supplies crushed limestone and other construction aggregates, and provides paving services. They serve construction and paving contractors and other businesses needing aggregate materials. They position themselves as a long-established, vertically integrated supplier with on-site quarrying and paving capabilities.",55X5CPA6,NON_US_HQ
River City Machine & Tool,rivercitymachineandtool.net,[unknown],[unknown],[unknown],[unknown],[unknown],55X5CPA6,
B&B Utility Services,bandbutilityservices.com,[unknown],[unknown],[unknown],[unknown],[unknown],55X5CPA6,
Duane Realty Group,duanerealtygroup.com,[unknown],[unknown],[unknown],[unknown],[unknown],55X5CPA6,
Sams Floor Covering Inc,samsfloorcoveringsny.com,[unknown],[unknown],[unknown],[unknown],[unknown],55X5CPA6,
Special Projects International,specialprojects.com,[unknown],[unknown],[unknown],[unknown],[unknown],55X5CPA6,
Smith Welding And Fabrication Inc,smithweldandfab.com,[unknown],[unknown],[unknown],[unknown],[unknown],55X5CPA6,
Summit Flooring,summitflooringgroup.com,[unknown],[unknown],[unknown],[unknown],[unknown],55X5CPA6,
Klempnerexcavating.Com,klempnerexcavating.com,[unknown],[unknown],[unknown],[unknown],[unknown],55X5CPA6,
Smith-Altman Insurance Agency,smithaltman.com,[unknown],[unknown],[unknown],[unknown],[unknown],55X5CPA6,
Tucker Building Company,tuckerbuildingcompany.com,[unknown],[unknown],[unknown],[unknown],[unknown],55X5CPA6,
Cambridge Construction,buildwithcambridge.com,[unknown],[unknown],[unknown],[unknown],[unknown],55X5CPA6,
Glasgow Insurance Agency,glasgowins.com,[unknown],[unknown],[unknown],[unknown],[unknown],55X5CPA6,
"JBR Industrial Servces, LLC",jbrindustrialservices.com,[unknown],[unknown],[unknown],[unknown],[unknown],55X5CPA6,
Sams Floor Covering,samsfc.com,[unknown],[unknown],[unknown],[unknown],[unknown],55X5CPA6,
Central Kentucky Glass,centralkentuckyglass.com,[unknown],[unknown],[unknown],[unknown],[unknown],55X5CPA6,
PSI Paving,psipaving.net,[unknown],[unknown],[unknown],[unknown],[unknown],55X5CPA6,
Falco Drilling Co,falcodrilling.com,[unknown],[unknown],[unknown],[unknown],[unknown],55X5CPA6,
R&R Roofing and Siding,rrroofingandsiding.com,[unknown],[unknown],[unknown],[unknown],[unknown],55X5CPA6,
KCS-Kentuckiana Contracting Services,kentuckianacontracting.com,[unknown],[unknown],[unknown],[unknown],[unknown],55X5CPA6,
A G C Of Kentucky Inc,agcky.org,[unknown],[unknown],[unknown],[unknown],[unknown],55X5CPA6,
Means Tool Co,meanstoolco.com,[unknown],[unknown],[unknown],[unknown],[unknown],55X5CPA6,
Slick Rollers.com,slickrollers.com,[unknown],[unknown],[unknown],[unknown],[unknown],55X5CPA6,
Cooper Painting,cooperpaintinginc.com,[unknown],[unknown],[unknown],[unknown],[unknown],55X5CPA6,
Gilpin Masonry,gilpinmasonry.com,[unknown],[unknown],[unknown],[unknown],[unknown],55X5CPA6,
Anything Email,anythingemail.com,[unknown],[unknown],[unknown],[unknown],[unknown],55X5CPA6,
"Custom Creations, Inc.",customcreationsky.com,[unknown],[unknown],[unknown],[unknown],[unknown],55X5CPA6,
L A Surety Solutions LLC,lasurety.net,[unknown],[unknown],[unknown],[unknown],[unknown],55X5CPA6,
Heat Pro,heatpro.net,[unknown],[unknown],[unknown],[unknown],[unknown],55X5CPA6,
"Hall and Clark Insurance Agency, Inc.",hallclark.com,[unknown],[unknown],[unknown],[unknown],[unknown],55X5CPA6,
Robert Ventures,robertventures.com,[unknown],[unknown],[unknown],[unknown],[unknown],55X5CPA6,
Heckmann Sales & Leasing,heckmannsales.com,[unknown],[unknown],[unknown],[unknown],[unknown],55X5CPA6,
Obara Corp,obarausa.com,[unknown],[unknown],[unknown],[unknown],[unknown],55X5CPA6,
Integ Construction Management,integconstruction.com,[unknown],[unknown],[unknown],[unknown],[unknown],55X5CPA6,
Bluegrass Tool & Industrial,sandkindustrial.com,[unknown],[unknown],[unknown],[unknown],[unknown],55X5CPA6,
IN-COM Data Systems,com.com,[unknown],[unknown],[unknown],[unknown],[unknown],55X5CPA6,
Lewis Brothers Funeral Chapel,lewisbrothersfuneralchapel.com,[unknown],[unknown],[unknown],[unknown],[unknown],55X5CPA6,
Vendoor,vendoorapp.com,[unknown],[unknown],[unknown],[unknown],[unknown],55X5CPA6,
Minnifield Enterprize Inc,minnifield.net,[unknown],[unknown],[unknown],[unknown],[unknown],55X5CPA6,
Red Arrow Corporation,redarrowcorp.net,[unknown],[unknown],[unknown],[unknown],[unknown],55X5CPA6,
"Lowe Pools, Inc",lowepools.com,[unknown],[unknown],[unknown],[unknown],[unknown],55X5CPA6,
Bri-Den CO,bridenroofing.com,[unknown],[unknown],[unknown],[unknown],[unknown],55X5CPA6,
Spencer Concrete,spencerconcrete.com,[unknown],[unknown],[unknown],[unknown],[unknown],55X5CPA6,
Carter & Witt,carterwitt.com,[unknown],[unknown],[unknown],[unknown],[unknown],55X5CPA6,
McKnight & Associates PC,mcknightsurveys.com,[unknown],[unknown],[unknown],[unknown],[unknown],55X5CPA6,
Hickey Steel,hickeysteel.com,[unknown],[unknown],[unknown],[unknown],[unknown],55X5CPA6,
test,test-llc.llc,[unknown],[unknown],[unknown],[unknown],[unknown],55X5CPA6,
"Bobby Luttrell & Sons, L.L.C.",luttrellandsons.com,[unknown],[unknown],[unknown],[unknown],[unknown],55X5CPA6,
LIBERTY Holding,libertygroupholdings.com,[unknown],[unknown],[unknown],[unknown],[unknown],55X5CPA6,
Geothermalearthworks.Com,geothermalearthworks.com,[unknown],[unknown],[unknown],[unknown],[unknown],55X5CPA6,
"KayKar, Inc.",kaykarinc.com,[unknown],[unknown],[unknown],[unknown],[unknown],55X5CPA6,
Tri-Star Roofing & Renovations,tristarroofingrenovations.com,[unknown],[unknown],[unknown],[unknown],[unknown],55X5CPA6,
Moore HVAC Solutions,moorehvacsolutionslexington.com,[unknown],[unknown],[unknown],[unknown],[unknown],55X5CPA6,
American Saddlebred Builders LLC,asbuildersllc.com,[unknown],[unknown],[unknown],[unknown],[unknown],55X5CPA6,
Samson Steel Structures,samsonsteelstructures.com,[unknown],[unknown],[unknown],[unknown],[unknown],55X5CPA6,
"McElroy, Wharton & Boldrick, Inc.",ky-insurance.com,[unknown],[unknown],[unknown],[unknown],[unknown],55X5CPA6,
Affordable Towing,bgaffordabletowing.com,[unknown],[unknown],[unknown],[unknown],[unknown],55X5CPA6,
Southern Pipeline Construction,soupipe.com,[unknown],[unknown],[unknown],[unknown],[unknown],55X5CPA6,
Roof Services LLC,roofservicesllc.net,[unknown],[unknown],[unknown],[unknown],[unknown],55X5CPA6,
"Perdue Environmental Contracting Co., Inc. (PECCO)",peccoinc.com,[unknown],[unknown],[unknown],[unknown],[unknown],55X5CPA6,
Legrand,legrand.com,[unknown],[unknown],[unknown],[unknown],[unknown],55X5CPA6,
Akin Sex C,akinsexc.com,[unknown],[unknown],[unknown],[unknown],[unknown],55X5CPA6,
Extreme Communications LLC,extremecommunicationsllc.com,[unknown],[unknown],[unknown],[unknown],[unknown],55X5CPA6,
Kentucky Realty Corporation,kentuckyrealty.net,[unknown],[unknown],[unknown],[unknown],[unknown],55X5CPA6,
Finally Finished Contracting,finallyfinishedcontracting.com,[unknown],[unknown],[unknown],[unknown],[unknown],55X5CPA6,
R&R Siding Llc,rrsidingllc.com,[unknown],[unknown],[unknown],[unknown],[unknown],55X5CPA6,
Cook Electrical Contractors,cookelec.com,[unknown],[unknown],[unknown],[unknown],[unknown],55X5CPA6,
Stanley Pipeline,stanleypipeline.org,[unknown],[unknown],[unknown],[unknown],[unknown],55X5CPA6,
"Stephenson Farms and Contracting, LLC",stephensoncontracting.com,[unknown],[unknown],[unknown],[unknown],[unknown],55X5CPA6,
AMP Paving LLC,amppaving.com,[unknown],[unknown],[unknown],[unknown],[unknown],55X5CPA6,
Law Office of Richard Deck,attorneyricharddeck.com,[unknown],[unknown],[unknown],[unknown],[unknown],55X5CPA6,
Johnsons Flooring Edan,johnsons-flooring.edan.io,[unknown],[unknown],[unknown],[unknown],[unknown],55X5CPA6,
JM Weldco,jmweldco.com,[unknown],[unknown],[unknown],[unknown],[unknown],55X5CPA6,
United Rail Service,unitedrailservice.org,[unknown],[unknown],[unknown],[unknown],[unknown],55X5CPA6,
Georgebstoneco,georgebstoneco.com,[unknown],[unknown],[unknown],[unknown],[unknown],55X5CPA6,
Shewmaker Trucking INC,shewmakertrucking.com,[unknown],[unknown],[unknown],[unknown],[unknown],55X5CPA6,
Southern Wv Media,southernwvmedia.com,[unknown],[unknown],[unknown],[unknown],[unknown],55X5CPA6,
Superior Hose & Fittings,superiorhose.com,[unknown],[unknown],[unknown],[unknown],[unknown],55X5CPA6,
"Younger, Inc",younger-electrical.com,[unknown],[unknown],[unknown],[unknown],[unknown],55X5CPA6,
Bellehomesllc.Com,bellehomesllc.com,[unknown],[unknown],[unknown],[unknown],[unknown],55X5CPA6,
CMD Painting,cmdpainting.com,[unknown],[unknown],[unknown],[unknown],[unknown],55X5CPA6,
Cooper Rose Enterprises Llc,cooperroseenterprises.com,[unknown],[unknown],[unknown],[unknown],[unknown],55X5CPA6,
Pratherandson.Com,pratherandson.com,[unknown],[unknown],[unknown],[unknown],[unknown],55X5CPA6,
Jumpstart Coatesville,gojumpstart.org,[unknown],[unknown],[unknown],[unknown],[unknown],55X5CPA6,
Packs Walker,packswalker.com,[unknown],[unknown],[unknown],[unknown],[unknown],55X5CPA6,
Straightedge Construction,straightedgeconstructionllc.com,[unknown],[unknown],[unknown],[unknown],[unknown],55X5CPA6,
Sunrise Excavating Llc,sunriseexcavatingllc.com,[unknown],[unknown],[unknown],[unknown],[unknown],55X5CPA6,
Surfaces Company Llc,surfacescompanyllc.org,[unknown],[unknown],[unknown],[unknown],[unknown],55X5CPA6,
Whitehouse Electric,whitehouseelectric.com,[unknown],[unknown],[unknown],[unknown],[unknown],55X5CPA6,
Djskitchencorner.Com,djskitchencorner.com,[unknown],[unknown],[unknown],[unknown],[unknown],55X5CPA6,
Tint Nerds,tintnerds.com,[unknown],[unknown],[unknown],[unknown],[unknown],55X5CPA6,
Elelectricllc.Com,elelectricllc.com,[unknown],[unknown],[unknown],[unknown],[unknown],55X5CPA6,
"Patterson Properties, Inc",pattersonpropertiesinc.com,[unknown],[unknown],[unknown],[unknown],[unknown],55X5CPA6,
S & T Watkins Fencing,stfencing.net,[unknown],[unknown],[unknown],[unknown],[unknown],55X5CPA6,
ClearView Excavating LLC,clearviewex.com,[unknown],[unknown],[unknown],[unknown],[unknown],55X5CPA6,
Andys Mirror Glass,andysmirror.com,"Cincinnati, OH",[unknown],Bootstrapped,[unknown],"Andys Mirror Glass provides commercial and residential glass and glazing services, including glass replacement, storefronts and entrances, curtainwall, mirrors, windows, doors, showers, and tabletops. They serve both residential customers and commercial clients and market themselves as a locally owned hometown glazing contractor with over 70 years of history and availability when needed, offering products at competitive prices.",55X5CPA6,
Monarch Construction,monarchconstruction.cc,"Swindon, UK",[unknown],Bootstrapped,[unknown],"Monarch Construction is an independent general contractor focused on commercial and institutional building projects. They offer general contracting, design/build delivery, self-performed concrete construction, and pre-construction services for public and private owners, educational institutions, healthcare, and industrial clients. They emphasize safety and performance ratings, single-point responsibility through design/build, and in-house concrete capabilities.",55X5CPA6,NON_US_HQ
W B Fosson & Sons Inc,wbfosson.com,"Ashland, KY",[unknown],Bootstrapped,[unknown],"W B Fosson & Sons Inc are a construction firm offering general contracting, construction management, mechanical contracting, design services, and design-build delivery for commercial, institutional, healthcare, education, and industrial clients; they emphasize decades of experience, a collaborative hands-on project management approach, and delivering projects on schedule and on budget.",55X5CPA6,
"Potter General Contracting, LLC",pottergc.com,"Louisville, KY",[unknown],Bootstrapped,2005,"Potter General Contracting provides commercial construction services focused on design-build and tenant improvement projects for business and institutional clients, including retail build-outs, medical and office facilities, restaurants, manufacturing facilities, and institutional projects. They emphasize managing projects from concept to completion and claim to differentiate by giving clients access to a cloud-based construction app for real-time project visibility and document handling.",55X5CPA6,
Smith-Manus Surety Bonds,smithmanus.com,"Louisville, KY",[unknown],Private Equity Add-On,1979,"Smith-Manus Surety Bonds brokers and places surety bonds and designs surety programs for businesses in industries such as construction, mining, oil and gas, development, waste, and environmental remediation. They serve business customers that need performance, payment, license/permit, and federal contracting bonds, and they market themselves as an experienced, industry-focused surety partner with nationwide reach and a partnership with a major broker.",55X5CPA6,
Good-One Excavating,goodoneexcavating.com,[unknown],[unknown],[unknown],[unknown],[unknown],55X5CPA6,
Greystone,greystonebuilds.com,[unknown],[unknown],[unknown],[unknown],[unknown],55X5CPA6,
"Graves & Graves, LLC",gravesontheweb.com,[unknown],[unknown],[unknown],[unknown],[unknown],55X5CPA6,
Kodiak Construction,kodiakconstructionky.com,[unknown],[unknown],[unknown],[unknown],[unknown],55X5CPA6,
Craig Caulking Inc,craigcaulking.com,[unknown],[unknown],[unknown],[unknown],[unknown],55X5CPA6,
Overhead Door Company,overheaddoorbg.com,[unknown],[unknown],[unknown],[unknown],[unknown],55X5CPA6,
YLB Accounting & Consulting Services,wisebuyingmall.com,[unknown],[unknown],[unknown],[unknown],[unknown],55X5CPA6,
"Industrial Electrical Contractors, INC.",iecbg.com,[unknown],[unknown],[unknown],[unknown],[unknown],55X5CPA6,
Patterson Construction & Design,pattersonconstructiondesign.com,[unknown],[unknown],[unknown],[unknown],[unknown],55X5CPA6,
Nelson Roofing,nelsonroofing1.com,[unknown],[unknown],[unknown],[unknown],[unknown],55X5CPA6,
Thompson Electrical Contracting,thompsonelectricalcontracting.com,[unknown],[unknown],[unknown],[unknown],[unknown],55X5CPA6,
Dudley's Geothermal & HVAC,dudleysgeothermalandhvac.com,[unknown],[unknown],[unknown],[unknown],[unknown],55X5CPA6,
Kremer Tree Service,kremertreeservice.com,[unknown],[unknown],[unknown],[unknown],[unknown],55X5CPA6,
Midnight Oil,midnightoil.com,[unknown],[unknown],[unknown],[unknown],[unknown],55X5CPA6,
Yamamoto FB Engineering,yamamotofb.com,[unknown],[unknown],[unknown],[unknown],[unknown],55X5CPA6,
McElroy Wharton & Boldrick,ky-realestate.com,[unknown],[unknown],[unknown],[unknown],[unknown],55X5CPA6,
R Alle Movements,rallemovements.com,[unknown],[unknown],[unknown],[unknown],[unknown],55X5CPA6,
South East Welding LTD,southeastwelding.ca,[unknown],[unknown],[unknown],[unknown],[unknown],55X5CPA6,NON_US_TLD
"Mathis & Sons, Inc.",mathisinc.com,[unknown],[unknown],[unknown],[unknown],[unknown],55X5CPA6,
Wildcat Drywall LLC,wildcatdrywall.com,[unknown],[unknown],[unknown],[unknown],[unknown],55X5CPA6,
Bendigo Electrician,timmillerelectrical.com.au,[unknown],[unknown],[unknown],[unknown],[unknown],55X5CPA6,NON_US_TLD
Wood Concepts,woodconcepts.ca,[unknown],[unknown],[unknown],[unknown],[unknown],55X5CPA6,NON_US_TLD
Jefferson Contracting Ltd.,jeffersoncontracting.com,[unknown],[unknown],[unknown],[unknown],[unknown],55X5CPA6,
Excavator,excavatorpub.co.uk,[unknown],[unknown],[unknown],[unknown],[unknown],55X5CPA6,NON_US_TLD
Total Care Environmental,totalcareenv.com,[unknown],[unknown],[unknown],[unknown],[unknown],55X5CPA6,
Edwards Development Group,edwardsdevelopmentgroup.com,[unknown],[unknown],[unknown],[unknown],[unknown],55X5CPA6,
Mick Mur F Inc,mickmurfinc.com,[unknown],[unknown],[unknown],[unknown],[unknown],55X5CPA6,
Crialoss Cafebistrot,palazzodegliabati.it,[unknown],[unknown],[unknown],[unknown],[unknown],55X5CPA6,NON_US_TLD
Adecontracting,adecontracting.com,[unknown],[unknown],[unknown],[unknown],[unknown],55X5CPA6,
Profile Php,concrete3.net,[unknown],[unknown],[unknown],[unknown],[unknown],55X5CPA6,
Euro-Paint.Info,euro-paint.info,[unknown],[unknown],[unknown],[unknown],[unknown],55X5CPA6,
Make Ready Services,makereadyservices.com,[unknown],[unknown],[unknown],[unknown],[unknown],55X5CPA6,
Nextech.Build,nextech.build,[unknown],[unknown],[unknown],[unknown],[unknown],55X5CPA6,
Pro Klee N,prokleen.com.my,[unknown],[unknown],[unknown],[unknown],[unknown],55X5CPA6,NON_US_TLD
Make Ready Services LLC,makereadyservices.co,[unknown],[unknown],[unknown],[unknown],[unknown],55X5CPA6,
Primoris Services Corp.,prim.com,"Dallas, TX",26266,Public,2006,"Primoris Services Corp. is an engineering and specialty contracting firm focused on energy and infrastructure projects. They deliver EPC and construction services—notably pipeline, electrical transmission and distribution, fabrication, mechanical and maintenance—to utilities, energy firms, pipeline operators and government agencies, and they market themselves as an integrated provider able to execute multi-discipline, large-scale infrastructure programs.",B2P5ZX2E,
NEI Electric,neielectric.com,[unknown],[unknown],[unknown],[unknown],[unknown],B2P5ZX2E,
Electric Construction Co,eccsfsd.com,[unknown],[unknown],[unknown],[unknown],[unknown],B2P5ZX2E,
Fraser Morris Electric,frasermorris.com,[unknown],[unknown],[unknown],[unknown],[unknown],B2P5ZX2E,
Matrix-NDI,matrix-ndi.com,[unknown],[unknown],[unknown],[unknown],[unknown],B2P5ZX2E,
J.Becher & Associates,jbecher.com,[unknown],[unknown],[unknown],[unknown],[unknown],B2P5ZX2E,
"Castle Contracting, LLC",digcastle.com,[unknown],[unknown],[unknown],[unknown],[unknown],B2P5ZX2E,
Master Technology Group (MTG),callmtg.com,[unknown],[unknown],[unknown],[unknown],[unknown],B2P5ZX2E,
"Gilbert Mechanical Contractors, LLC",gilbertmech.com,[unknown],[unknown],[unknown],[unknown],[unknown],B2P5ZX2E,
Pro-Tec Design,pro-tecdesign.com,[unknown],[unknown],[unknown],[unknown],[unknown],B2P5ZX2E,
"Holden Electric Co., Inc",holdenelectric.com,[unknown],[unknown],[unknown],[unknown],[unknown],B2P5ZX2E,
"Preferred Electric, Inc",preferred-elect.com,[unknown],[unknown],[unknown],[unknown],[unknown],B2P5ZX2E,NAME_MATCH_REVIEW: normalized name already in dedupe authority under a different domain - verify before outreach
Main Electric Construction Inc,main-electric.com,[unknown],[unknown],[unknown],[unknown],[unknown],B2P5ZX2E,
Pulse Electric Inc.,pulseelectric.net,[unknown],[unknown],[unknown],[unknown],[unknown],B2P5ZX2E,
Skeels Electric Co,skeelselectric.com,[unknown],[unknown],[unknown],[unknown],[unknown],B2P5ZX2E,
MSP Electric,msp-electric.com,[unknown],[unknown],[unknown],[unknown],[unknown],B2P5ZX2E,
Killmer Electric Co,killmerelectric.com,[unknown],[unknown],[unknown],[unknown],[unknown],B2P5ZX2E,
Benson Electric Company,bensonelectriccompany.com,[unknown],[unknown],[unknown],[unknown],[unknown],B2P5ZX2E,
Belknap Electric Inc,belknapelectric.com,[unknown],[unknown],[unknown],[unknown],[unknown],B2P5ZX2E,
"All State Communications, Inc.",allstatecom.com,[unknown],[unknown],[unknown],[unknown],[unknown],B2P5ZX2E,
Assurance Technologies Inc.,assurancetechs.com,[unknown],[unknown],[unknown],[unknown],[unknown],B2P5ZX2E,
National Powerline,nationalpowerline.com,[unknown],[unknown],[unknown],[unknown],[unknown],B2P5ZX2E,
"Granite Ledge Electrical Contractors, Inc.",graniteledgeelectric.com,[unknown],[unknown],[unknown],[unknown],[unknown],B2P5ZX2E,
Edling Electric,edlingelectric.com,[unknown],[unknown],[unknown],[unknown],[unknown],B2P5ZX2E,
"Magnum Boring, Llc",magnumboringkc.com,[unknown],[unknown],[unknown],[unknown],[unknown],B2P5ZX2E,
Rick Electric Inc,rickelectric.com,[unknown],[unknown],[unknown],[unknown],[unknown],B2P5ZX2E,
"Gunnar Electric, Inc.",gunnarelectric.com,[unknown],[unknown],[unknown],[unknown],[unknown],B2P5ZX2E,
Austin Electric,austinelectric.net,[unknown],[unknown],[unknown],[unknown],[unknown],B2P5ZX2E,
"Erickson Electric Company, Inc.",ericksonelectricmn.com,[unknown],[unknown],[unknown],[unknown],[unknown],B2P5ZX2E,
"Mayer Electric, INC",mayer-electric.com,[unknown],[unknown],[unknown],[unknown],[unknown],B2P5ZX2E,
Procellis Technology,procellis.com,[unknown],[unknown],[unknown],[unknown],[unknown],B2P5ZX2E,
Simon Electric,simon-electric.com,[unknown],[unknown],[unknown],[unknown],[unknown],B2P5ZX2E,
Bloomington Electric,bloomingtonelectric.com,[unknown],[unknown],[unknown],[unknown],[unknown],B2P5ZX2E,
Phasor Electric Company,phasorelectric.com,[unknown],[unknown],[unknown],[unknown],[unknown],B2P5ZX2E,
RS Electric Utility Services,rselectricutility.com,[unknown],[unknown],[unknown],[unknown],[unknown],B2P5ZX2E,
HumeraTech,humeratech.com,[unknown],[unknown],[unknown],[unknown],[unknown],B2P5ZX2E,
"Wheeler Construction, Inc.",wheelerconstruct.com,[unknown],[unknown],[unknown],[unknown],[unknown],B2P5ZX2E,
Rocket AV Inc.,rocketav.com,[unknown],[unknown],[unknown],[unknown],[unknown],B2P5ZX2E,
Gefroh Electric,gefrohelectric.com,[unknown],[unknown],[unknown],[unknown],[unknown],B2P5ZX2E,
Max Electric,maxelectricms.com,[unknown],[unknown],[unknown],[unknown],[unknown],B2P5ZX2E,
Schammel Electric Inc,schammelelectric.com,[unknown],[unknown],[unknown],[unknown],[unknown],B2P5ZX2E,
BlueSky Electric Co.,blueskyelectricco.com,[unknown],[unknown],[unknown],[unknown],[unknown],B2P5ZX2E,
Modern Electrical Solutions,modernelectricalsolutions.com,[unknown],[unknown],[unknown],[unknown],[unknown],B2P5ZX2E,
Paul's Electric Inc,paulselectricinc.com,[unknown],[unknown],[unknown],[unknown],[unknown],B2P5ZX2E,
Electric Systems of Duluth,electricsystemsofduluth.com,[unknown],[unknown],[unknown],[unknown],[unknown],B2P5ZX2E,
United Welding,unitedwelding.net,[unknown],[unknown],[unknown],[unknown],[unknown],B2P5ZX2E,
Western Edge Electric,westernedgeelectricinc.com,[unknown],[unknown],[unknown],[unknown],[unknown],B2P5ZX2E,
Hart Electric Of Northern Minnesota Inc.,hartelectricofnorthernmn.com,[unknown],[unknown],[unknown],[unknown],[unknown],B2P5ZX2E,
Twenty4Seven Fire & Security,twenty4sevenfs.com,[unknown],[unknown],[unknown],[unknown],[unknown],B2P5ZX2E,
Banks Electric Company,bankselectriccompany.com,[unknown],[unknown],[unknown],[unknown],[unknown],B2P5ZX2E,
Town and Country Electric,tacelectric.com,"Carol Stream, IL",9,Bootstrapped,[unknown],"Town and Country Electric, Inc. specializes in providing commercial electrical services and lighting maintenance in the Chicagoland area. Their typical customers are businesses and organizations in need of electrical services, including but not limited to office buildings, retail stores, restaurants, and other commercial establishments. They differentiate themselves by emphasizing their expertise in the commercial sector and their commitment to quality service, reliability, and customer satisfaction.",B2P5ZX2E,
Northwestern Electric Inc.,northwestern-electric.com,"Minot, ND",9,Bootstrapped,1951,"Northwestern Electric Inc. is a residential and commercial electrical contractor that performs electrical installations, lighting retrofits, fire alarm and boiler electrical work, and emergency electrical service for homeowners, multi-family housing and local businesses such as restaurants and hotels. They emphasize expert support, emergency responsiveness, team-based service delivery, and community involvement.",B2P5ZX2E,
Snyder Electric Co,snyderelectricco.net,"Minnesota, USA",8,Bootstrapped,1966,"Snyder Electric Co provides electrical contracting services for residential, commercial, and industrial customers, focusing on electrical repair, maintenance, wiring, and installation of equipment such as generators and EV charging stations. They emphasize being a small, local contractor with long-term experience and offer prompt troubleshooting and repair services.",B2P5ZX2E,
"Dakota Electric Construction Co., Inc.",dakotaelectricconst.com,"Fargo, ND",8,Bootstrapped,[unknown],"Dakota Electric Construction Co., Inc. provides electrical construction services—primarily design, installation, and service of electrical systems—for residential, commercial, retail, industrial, and institutional customers. They market themselves as a long-standing provider of dependable electrical solutions focused on safety, performance, and meeting project requirements for new construction, upgrades, and maintenance.",B2P5ZX2E,
"Security Control Systems, Inc.",scsimn.com,"Burnsville, MN",8,Bootstrapped,1997,"Security Control Systems provides customized electronic security solutions including installation, programming, maintenance, and 24/7 monitoring for businesses, property managers and residential customers. They emphasize personalized system design to meet varied user requirements and ongoing support through inspections and monitoring.",B2P5ZX2E,
WJRJ Electrical,wjrjelectrical.com,[unknown],[unknown],[unknown],[unknown],[unknown],B2P5ZX2E,
Rarick Financial Group,raricktax.com,[unknown],[unknown],[unknown],[unknown],[unknown],B2P5ZX2E,
"Tromco Electric, Llc",tromcoelectric.com,[unknown],[unknown],[unknown],[unknown],[unknown],B2P5ZX2E,
B&L Electric Company LLC,blelectric.com,[unknown],[unknown],[unknown],[unknown],[unknown],B2P5ZX2E,
City Wide Electrical Contractors,citywideelectricnd.com,[unknown],[unknown],[unknown],[unknown],[unknown],B2P5ZX2E,
Amick Sound Inc,amicksound.com,[unknown],[unknown],[unknown],[unknown],[unknown],B2P5ZX2E,
Wizard installations,wizardinstallations.com,[unknown],[unknown],[unknown],[unknown],[unknown],B2P5ZX2E,
HG Electric,hgelectric.net,[unknown],[unknown],[unknown],[unknown],[unknown],B2P5ZX2E,
Aikey Electric,aikeyelectric.com,[unknown],[unknown],[unknown],[unknown],[unknown],B2P5ZX2E,
Nylund electric,nylundelectricmn.com,[unknown],[unknown],[unknown],[unknown],[unknown],B2P5ZX2E,
Advanced Electrical Systems,aesnd.com,[unknown],[unknown],[unknown],[unknown],[unknown],B2P5ZX2E,NAME_MATCH_REVIEW: normalized name already in dedupe authority under a different domain - verify before outreach
Rafter Electric,rafterelectric.com,[unknown],[unknown],[unknown],[unknown],[unknown],B2P5ZX2E,
Owatonna Electric,owatonnaelectric.com,[unknown],[unknown],[unknown],[unknown],[unknown],B2P5ZX2E,
Northern Electrical Solutions,northernelectricalmn.com,[unknown],[unknown],[unknown],[unknown],[unknown],B2P5ZX2E,
Victor Electric,victorelectric.org,[unknown],[unknown],[unknown],[unknown],[unknown],B2P5ZX2E,
Regency Electric Mn,regencyelectricmn.com,[unknown],[unknown],[unknown],[unknown],[unknown],B2P5ZX2E,
Presidential Electric,presidentialelectricmn.com,[unknown],[unknown],[unknown],[unknown],[unknown],B2P5ZX2E,
Larson Electric,larsonelectriconline.com,[unknown],[unknown],[unknown],[unknown],[unknown],B2P5ZX2E,
Planet Solarity,planetsolarity.com,[unknown],[unknown],[unknown],[unknown],[unknown],B2P5ZX2E,
A & J Electric,ajelectricmn.com,[unknown],[unknown],[unknown],[unknown],[unknown],B2P5ZX2E,
Bison Electric,bisonelectric.org,[unknown],[unknown],[unknown],[unknown],[unknown],B2P5ZX2E,
Voyager Electrical Services,voyagerelectricalservices.com,[unknown],[unknown],[unknown],[unknown],[unknown],B2P5ZX2E,
Division 17 Electric,division17electric.com,[unknown],[unknown],[unknown],[unknown],[unknown],B2P5ZX2E,
Act 1 V 8 Electric,act1v8electric.com,[unknown],[unknown],[unknown],[unknown],[unknown],B2P5ZX2E,
Alpha Electric Mn,alphaelectricmn.com,[unknown],[unknown],[unknown],[unknown],[unknown],B2P5ZX2E,
Absolute Electric of Central MN LLC,absoluteelectricllc.com,[unknown],[unknown],[unknown],[unknown],[unknown],B2P5ZX2E,
Rob Mueller Electric,robmuellerelectric.com,[unknown],[unknown],[unknown],[unknown],[unknown],B2P5ZX2E,
Supreme Electric Inc,supremeelectricinc.com,[unknown],[unknown],[unknown],[unknown],[unknown],B2P5ZX2E,NAME_MATCH_REVIEW: normalized name already in dedupe authority under a different domain - verify before outreach
"Thompson Electric Albert Lea, MN",thompsonelectricofalbertlea.com,[unknown],[unknown],[unknown],[unknown],[unknown],B2P5ZX2E,
Arcade Electric,arcadeelectric.com,[unknown],[unknown],[unknown],[unknown],[unknown],B2P5ZX2E,
First Nation Electric,firstnationelectric.com,[unknown],[unknown],[unknown],[unknown],[unknown],B2P5ZX2E,
River City Quilts,rivercityquilts.com,[unknown],[unknown],[unknown],[unknown],[unknown],B2P5ZX2E,
"Electrical Construction & Service, LLC",electrical-mn.com,[unknown],[unknown],[unknown],[unknown],[unknown],B2P5ZX2E,
Infinity Electric,infinityelectricnd.com,[unknown],[unknown],[unknown],[unknown],[unknown],B2P5ZX2E,
Rickard Electric Inc Elec,reifargo.com,[unknown],[unknown],[unknown],[unknown],[unknown],B2P5ZX2E,
"American Residential Services, LLC",ars.com,"Memphis, TN",8165,Private Equity Platform,1975,"American Residential Services, LLC is a provider of heating, ventilation, air conditioning (HVAC) and plumbing services intended for both residential and light commercial clients. The company offers a wide range of services including plumbing, drain cleaning, sewer line, radiant barrier, insulation and electrical contracting services, enabling clients to receive the required services at an affordable rate. Its typical customers are homeowners that require maintenance, repair, or installation services for HVAC, plumbing, and electrical systems.",TC959LXU,
Empire Solar Group,empiresolargroup.com,"Salt Lake City, UT",147,Bootstrapped,2017,"Empire Solar Group provides residential and commercial solar panel and battery installation plus electrical contracting and EPC services, serving homeowners, businesses, and dealer partners. They emphasize energy independence, fast project turnaround, multi-year service warranties, assigned master electricians/project coordinators, financing support, and a social-impact partnership.",TC959LXU,
Black Diamond Experts,bdexperts.com,"Salt Lake City, UT",113,Private Subsidiary,2009,"Black Diamond Experts provides residential plumbing, HVAC, and electrical repair, installation, and maintenance services for homeowners and renters, and they market themselves as a local multi-trade provider offering 24/7 emergency service, upfront pricing, certified technicians, warranty coverage, financing, and a VIP maintenance plan.",TC959LXU,
"Surge Electric, LLC",surgeutah.com,[unknown],[unknown],[unknown],[unknown],[unknown],TC959LXU,
Heglar Creek Electric,heglarcreekelectric.com,[unknown],[unknown],[unknown],[unknown],[unknown],TC959LXU,
I D Electric Inc,idelect.com,[unknown],[unknown],[unknown],[unknown],[unknown],TC959LXU,
Expert Services,expertservicesutah.com,[unknown],[unknown],[unknown],[unknown],[unknown],TC959LXU,
Triple T Heating & Cooling,tripletheating.com,[unknown],[unknown],[unknown],[unknown],[unknown],TC959LXU,
Connect Heating and Air,utahheatingandcooling.com,[unknown],[unknown],[unknown],[unknown],[unknown],TC959LXU,
WordPress,wordpress.com,[unknown],[unknown],[unknown],[unknown],[unknown],TC959LXU,
Vyvue,vyvue.com,[unknown],[unknown],[unknown],[unknown],[unknown],TC959LXU,
Downs Electric Inc,downselectric.net,[unknown],[unknown],[unknown],[unknown],[unknown],TC959LXU,
"Marathon Electric, Llc",marathonelectricllc.com,[unknown],[unknown],[unknown],[unknown],[unknown],TC959LXU,
NeuWave Electric Company,neuwaveelectric.com,[unknown],[unknown],[unknown],[unknown],[unknown],TC959LXU,
Temporary Power Services,temporarypowerservices.com,[unknown],[unknown],[unknown],[unknown],[unknown],TC959LXU,
Natay Construction,natayconstruction.com,[unknown],[unknown],[unknown],[unknown],[unknown],TC959LXU,
American Electric Company Inc,americanelectric.cc,[unknown],[unknown],[unknown],[unknown],[unknown],TC959LXU,NAME_MATCH_REVIEW: normalized name already in dedupe authority under a different domain - verify before outreach
Advanced Maintenance Inc,advancedmaintenanceinc.com,[unknown],[unknown],[unknown],[unknown],[unknown],TC959LXU,
J P Electricals,jpelectric.com,[unknown],[unknown],[unknown],[unknown],[unknown],TC959LXU,
Distinct Lighting & Electrical,distinctlightandsound.com,[unknown],[unknown],[unknown],[unknown],[unknown],TC959LXU,
KMECO,kmecoutah.com,[unknown],[unknown],[unknown],[unknown],[unknown],TC959LXU,
Ohmega,ohmegaelectricutah.com,[unknown],[unknown],[unknown],[unknown],[unknown],TC959LXU,
"Paul'S Electric Service, Inc.",paulselectricservice.com,[unknown],[unknown],[unknown],[unknown],[unknown],TC959LXU,
Sugarhouse Electric,sugarhouseelectric.com,[unknown],[unknown],[unknown],[unknown],[unknown],TC959LXU,
STS Electric,sts-electric.com,[unknown],[unknown],[unknown],[unknown],[unknown],TC959LXU,
A+ Electric,apluselectricmanti.com,[unknown],[unknown],[unknown],[unknown],[unknown],TC959LXU,
Denali Energy,denalinrg.com,[unknown],[unknown],[unknown],[unknown],[unknown],TC959LXU,
"Next Level Electric, LLC",nextlevel-electric.com,[unknown],[unknown],[unknown],[unknown],[unknown],TC959LXU,
Budget Plumbing & Rooter,callbudget.com,[unknown],[unknown],[unknown],[unknown],[unknown],TC959LXU,
Frandsen Technical Services,frandsentec.com,[unknown],[unknown],[unknown],[unknown],[unknown],TC959LXU,
Parleys Electric,parleyselectric.com,[unknown],[unknown],[unknown],[unknown],[unknown],TC959LXU,
Brightline Electric,callbrightline.com,[unknown],[unknown],[unknown],[unknown],[unknown],TC959LXU,
Momentum Electric,momentumelectricslc.com,[unknown],[unknown],[unknown],[unknown],[unknown],TC959LXU,
King & Clark Electric LLC,kingandclarkelectric.com,[unknown],[unknown],[unknown],[unknown],[unknown],TC959LXU,
Aloha Electric,alohaelectric.us,[unknown],[unknown],[unknown],[unknown],[unknown],TC959LXU,
"Tactical Electrical Services, LLC",tacticalelectric.com,[unknown],[unknown],[unknown],[unknown],[unknown],TC959LXU,
Fairway Electrical,fairwayelectric.net,[unknown],[unknown],[unknown],[unknown],[unknown],TC959LXU,
Timberline Electric,timberlineelectricut.com,[unknown],[unknown],[unknown],[unknown],[unknown],TC959LXU,
High Country Electric,highcountryelectric.com,[unknown],[unknown],[unknown],[unknown],[unknown],TC959LXU,
Sego Builders,segobuilders.com,[unknown],[unknown],[unknown],[unknown],[unknown],TC959LXU,
Three Peaks Electric,threepeakselectric.com,[unknown],[unknown],[unknown],[unknown],[unknown],TC959LXU,
Hoffmann Energy,hoffmannenergy.com,[unknown],[unknown],[unknown],[unknown],[unknown],TC959LXU,
Homestead Electric,homesteadelectric.net,[unknown],[unknown],[unknown],[unknown],[unknown],TC959LXU,NAME_MATCH_REVIEW: normalized name already in dedupe authority under a different domain - verify before outreach
Snow Top Electric,snowtopelectric.com,[unknown],[unknown],[unknown],[unknown],[unknown],TC959LXU,
Alpine Electric Services,alpineelectricutah.com,[unknown],[unknown],[unknown],[unknown],[unknown],TC959LXU,
Rogue Electric,roguelectric.com,[unknown],[unknown],[unknown],[unknown],[unknown],TC959LXU,
Dream Maker Electric,dreammakerelectric.com,[unknown],[unknown],[unknown],[unknown],[unknown],TC959LXU,
Macks Builds LLC,macksbuildsllc.com,[unknown],[unknown],[unknown],[unknown],[unknown],TC959LXU,
Robertson Electric,robertsonelectricllc.com,[unknown],[unknown],[unknown],[unknown],[unknown],TC959LXU,
Same Day Electric,samedayelectric.com,[unknown],[unknown],[unknown],[unknown],[unknown],TC959LXU,
Suntrica Ltd.,suntrica.com,[unknown],[unknown],[unknown],[unknown],[unknown],TC959LXU,
Industrial Power & Controls,ipc.energy,[unknown],[unknown],[unknown],[unknown],[unknown],TC959LXU,
Alpha Electric,alpha-electric.com,[unknown],[unknown],[unknown],[unknown],[unknown],TC959LXU,NAME_MATCH_REVIEW: normalized name already in dedupe authority under a different domain - verify before outreach
K7H Electric LLC,k7helectric.com,[unknown],[unknown],[unknown],[unknown],[unknown],TC959LXU,
Integrated Electrical Services (IES),ies-co.com,"Sugar Land, TX",11926,Public,1997,"IES Holdings provides electrical construction, systems integration, and related industrial services to commercial, institutional, industrial and utility customers. They deliver design-build electrical contracting, installation and maintenance work and offer prefabricated/modular electrical solutions and component supply through subsidiaries. They emphasize integrated, end-to-end electrical and systems capabilities and turnkey prefabrication as distinguishing aspects of their offering.",AG7VH6VZ,
Helix Electric,helixelectric.com,"San Diego, CA",7166,Bootstrapped,1985,"Helix Electric provides electrical construction and integrated electrical services for commercial, industrial, data center, utility-scale renewable energy, and EV charging projects. They serve developers, industrial firms, utilities, general contractors, and organizations deploying charging infrastructure, and they claim differentiation through design-build capabilities, prefabrication, and full lifecycle electrical project delivery.",AG7VH6VZ,
Gaylor Electric,gaylor.com,[unknown],[unknown],[unknown],[unknown],[unknown],AG7VH6VZ,
Facility Solutions Group,fsg.com,[unknown],[unknown],[unknown],[unknown],[unknown],AG7VH6VZ,
Bergelectric,bergelectric.com,[unknown],[unknown],[unknown],[unknown],[unknown],AG7VH6VZ,
"ISC Constructors, LLC",iscgrp.com,[unknown],[unknown],[unknown],[unknown],[unknown],AG7VH6VZ,
CEC,cecfg.com,[unknown],[unknown],[unknown],[unknown],[unknown],AG7VH6VZ,
MMR Group,mmrgrp.com,[unknown],[unknown],[unknown],[unknown],[unknown],AG7VH6VZ,
"M.C. Dean, Inc.",mcdean.com,[unknown],[unknown],[unknown],[unknown],[unknown],AG7VH6VZ,
Faith Technologies Incorporated (FTI),faithtechinc.com,[unknown],[unknown],[unknown],[unknown],[unknown],AG7VH6VZ,
Rogers Electric,rogerselectric.com,[unknown],[unknown],[unknown],[unknown],[unknown],AG7VH6VZ,
Power Design Inc.,powerdesigninc.us,[unknown],[unknown],[unknown],[unknown],[unknown],AG7VH6VZ,
"Wayne J. Griffin Electric, Inc.",waynejgriffinelectric.com,[unknown],[unknown],[unknown],[unknown],[unknown],AG7VH6VZ,
"Encore Electric, Inc.",encoreelectric.com,[unknown],[unknown],[unknown],[unknown],[unknown],AG7VH6VZ,
"ICS Holding, LLC",icsholdingllc.com,[unknown],[unknown],[unknown],[unknown],[unknown],AG7VH6VZ,
Interstates,interstates.com,[unknown],[unknown],[unknown],[unknown],[unknown],AG7VH6VZ,
JMEG Electrical Contractors,jmeg.us,[unknown],[unknown],[unknown],[unknown],[unknown],AG7VH6VZ,
"Everus Construction Group, Inc.",everus.com,[unknown],[unknown],[unknown],[unknown],[unknown],AG7VH6VZ,
Willison Electric,wilsonelectric.net,[unknown],[unknown],[unknown],[unknown],[unknown],AG7VH6VZ,
"Robinson Brothers Construction, LLC",rbc-utility.com,[unknown],[unknown],[unknown],[unknown],[unknown],PXZB5DQZ,
Power Technology Inc,powerti.net,[unknown],[unknown],[unknown],[unknown],[unknown],PXZB5DQZ,
Salish Construction,salishelectric.com,[unknown],[unknown],[unknown],[unknown],[unknown],PXZB5DQZ,
"RiverLine Power, LLC.",riverlinepower.com,[unknown],[unknown],[unknown],[unknown],[unknown],PXZB5DQZ,
O'Neill Construction Group,oneillconstructiongroup.com,[unknown],[unknown],[unknown],[unknown],[unknown],PXZB5DQZ,
Jaco Testing,jacotesting.com,[unknown],[unknown],[unknown],[unknown],[unknown],PXZB5DQZ,
FB Titan,fbtitan.com,[unknown],[unknown],[unknown],[unknown],[unknown],PXZB5DQZ,
Yateslineco.Com,yateslineco.com,[unknown],[unknown],[unknown],[unknown],[unknown],PXZB5DQZ,
Auuinc.Com,auuinc.com,[unknown],[unknown],[unknown],[unknown],[unknown],PXZB5DQZ,
1884 Line Co,1884lineco.com,[unknown],[unknown],[unknown],[unknown],[unknown],PXZB5DQZ,
