event,series,start,city,state,company,domain,hq,employees,ownership,founded,in_target_list,priority,bucket,have_contact
Transmission & Distribution Conference 2024,Transmission & Distribution Conference,2024-11-18,Rancho Mirage,CA,IBM,manta.io,"Armonk, NY",327360,Public,1911,,,,
Transmission & Distribution Conference 2024,Transmission & Distribution Conference,2024-11-18,Rancho Mirage,CA,Siemens AG,siemens.com,"München, Germany",611022,Private Subsidiary,1847,,,,
Transmission & Distribution Conference 2024,Transmission & Distribution Conference,2024-11-18,Rancho Mirage,CA,Hitachi Energy Ltd.,hitachienergy.com,"Zürich, Switzerland",109669,Public Subsidiary,2020,,,,
Transmission & Distribution Conference 2024,Transmission & Distribution Conference,2024-11-18,Rancho Mirage,CA,Duke Energy Corporation,duke-energy.com,"Charlotte, NC",72470,Public Subsidiary,1904,,,,
Transmission & Distribution Conference 2024,Transmission & Distribution Conference,2024-11-18,Rancho Mirage,CA,Corteva,corteva.com,"Indianapolis, IN",59898,Public,2019,,,,
Transmission & Distribution Conference 2024,Transmission & Distribution Conference,2024-11-18,Rancho Mirage,CA,Exelon Corporation,exeloncorp.com,,,,,,,,
Transmission & Distribution Conference 2024,Transmission & Distribution Conference,2024-11-18,Rancho Mirage,CA,Stantec Inc.,stantec.com,,,,,,,,
Transmission & Distribution Conference 2024,Transmission & Distribution Conference,2024-11-18,Rancho Mirage,CA,Andritz,andritz.com,,,,,,,,
Transmission & Distribution Conference 2024,Transmission & Distribution Conference,2024-11-18,Rancho Mirage,CA,"American Electric Power Company, Inc.",aep.com,,,,,,,,
Transmission & Distribution Conference 2024,Transmission & Distribution Conference,2024-11-18,Rancho Mirage,CA,Public Service Enterprise Group Incorporated,landing.pseg.com,,,,,,,,
Transmission & Distribution Conference 2024,Transmission & Distribution Conference,2024-11-18,Rancho Mirage,CA,Eversource Energy,eversource.com,,,,,,,,
Transmission & Distribution Conference 2024,Transmission & Distribution Conference,2024-11-18,Rancho Mirage,CA,Mitsubishi Electric Corp.,mitsubishielectric.com,,,,,,,,
Transmission & Distribution Conference 2024,Transmission & Distribution Conference,2024-11-18,Rancho Mirage,CA,FirstEnergy Corp.,firstenergycorp.com,,,,,,,,
Transmission & Distribution Conference 2024,Transmission & Distribution Conference,2024-11-18,Rancho Mirage,CA,"SAS Institute, Inc.",sas.com,,,,,,,,
Transmission & Distribution Conference 2024,Transmission & Distribution Conference,2024-11-18,Rancho Mirage,CA,Fugro,fugro.com,,,,,,,,
Transmission & Distribution Conference 2024,Transmission & Distribution Conference,2024-11-18,Rancho Mirage,CA,Pacific Gas and Electric Company,pge.com,,,,,,,,
Transmission & Distribution Conference 2024,Transmission & Distribution Conference,2024-11-18,Rancho Mirage,CA,"Southwire Company, LLC.",southwire.com,,,,,,,,
Transmission & Distribution Conference 2024,Transmission & Distribution Conference,2024-11-18,Rancho Mirage,CA,Commonwealth Edison Company (ComEd),comed.com,,,,,,,,
Transmission & Distribution Conference 2024,Transmission & Distribution Conference,2024-11-18,Rancho Mirage,CA,"Osmose Pty., Ltd.",osmose.com,,,,,,,,
Transmission & Distribution Conference 2024,Transmission & Distribution Conference,2024-11-18,Rancho Mirage,CA,Hatch Ltd.,hatch.com,,,,,,,,
Transmission & Distribution Conference 2024,Transmission & Distribution Conference,2024-11-18,Rancho Mirage,CA,Landis+Gyr,landisgyr.eu,,,,,,,,
Transmission & Distribution Conference 2024,Transmission & Distribution Conference,2024-11-18,Rancho Mirage,CA,Arizona Public Service (APS),aps.com,,,,,,,,
Transmission & Distribution Conference 2024,Transmission & Distribution Conference,2024-11-18,Rancho Mirage,CA,Pacific Northwest National Laboratory,pnnl.gov,,,,,,,,
Transmission & Distribution Conference 2024,Transmission & Distribution Conference,2024-11-18,Rancho Mirage,CA,San Diego Gas & Electric,sdge.com,,,,,,,,
Transmission & Distribution Conference 2024,Transmission & Distribution Conference,2024-11-18,Rancho Mirage,CA,"Schweitzer Engineering Laboratories, Inc. (SEL)",selinc.com,,,,,,,,
Transmission & Distribution Conference 2024,Transmission & Distribution Conference,2024-11-18,Rancho Mirage,CA,Ameren,ameren.com,,,,,,,,
Transmission & Distribution Conference 2024,Transmission & Distribution Conference,2024-11-18,Rancho Mirage,CA,ATCO,atco.com,,,,,,,,
Transmission & Distribution Conference 2024,Transmission & Distribution Conference,2024-11-18,Rancho Mirage,CA,The AES Corporation,aes.com,,,,,,,,
Transmission & Distribution Conference 2024,Transmission & Distribution Conference,2024-11-18,Rancho Mirage,CA,CSA Group,csagroup.org,,,,,,,,
Transmission & Distribution Conference 2024,Transmission & Distribution Conference,2024-11-18,Rancho Mirage,CA,Bentley systems Incorporated,bentley.com,,,,,,,,
Transmission & Distribution Conference 2024,Transmission & Distribution Conference,2024-11-18,Rancho Mirage,CA,Transgrid,transgrid.com.au,,,,,,,,
Transmission & Distribution Conference 2024,Transmission & Distribution Conference,2024-11-18,Rancho Mirage,CA,Vaisala,vaisala.com,,,,,,,,
Transmission & Distribution Conference 2024,Transmission & Distribution Conference,2024-11-18,Rancho Mirage,CA,Austin Energy,austinenergy.com,,,,,,,,
Transmission & Distribution Conference 2024,Transmission & Distribution Conference,2024-11-18,Rancho Mirage,CA,Baltimore Gas and Electric,bge.com,,,,,,,,
Transmission & Distribution Conference 2024,Transmission & Distribution Conference,2024-11-18,Rancho Mirage,CA,Bbaconsultants,bbaconsultants.com,,,,,,,,
Transmission & Distribution Conference 2024,Transmission & Distribution Conference,2024-11-18,Rancho Mirage,CA,Stella-Jones,stella-jones.com,,,,,,,,
Transmission & Distribution Conference 2024,Transmission & Distribution Conference,2024-11-18,Rancho Mirage,CA,Liberty,libertyutilities.com,,,,,,,,
Transmission & Distribution Conference 2024,Transmission & Distribution Conference,2024-11-18,Rancho Mirage,CA,Manitoba Hydro,hydro.mb.ca,,,,,,,,
Transmission & Distribution Conference 2024,Transmission & Distribution Conference,2024-11-18,Rancho Mirage,CA,Idaho Power,idahopower.com,,,,,,,,
Transmission & Distribution Conference 2024,Transmission & Distribution Conference,2024-11-18,Rancho Mirage,CA,"Exponent, Inc.",exponent.com,,,,,,,,
Transmission & Distribution Conference 2024,Transmission & Distribution Conference,2024-11-18,Rancho Mirage,CA,EPCOR,epcor.com,,,,,,,,
Transmission & Distribution Conference 2024,Transmission & Distribution Conference,2024-11-18,Rancho Mirage,CA,Holley Performance Products Inc.,holley.com,,,,,,,,
Transmission & Distribution Conference 2024,Transmission & Distribution Conference,2024-11-18,Rancho Mirage,CA,Kinectrics,kinectrics.com,,,,,,,,
Transmission & Distribution Conference 2024,Transmission & Distribution Conference,2024-11-18,Rancho Mirage,CA,"Orange and Rockland Utilities, Inc.",oru.com,,,,,,,,
Transmission & Distribution Conference 2024,Transmission & Distribution Conference,2024-11-18,Rancho Mirage,CA,Preformed Line Products,preformed.com,,,,,,,,
Transmission & Distribution Conference 2024,Transmission & Distribution Conference,2024-11-18,Rancho Mirage,CA,PPL Electric Utilities,pplelectric.com,,,,,,,,
Transmission & Distribution Conference 2024,Transmission & Distribution Conference,2024-11-18,Rancho Mirage,CA,Metropolitan Water District of Southern California,mwdh2o.com,,,,,,,,
Transmission & Distribution Conference 2024,Transmission & Distribution Conference,2024-11-18,Rancho Mirage,CA,"Tokyo Electric Power Company Holdings, Inc.",tepco.co.jp,,,,,,,,
Transmission & Distribution Conference 2024,Transmission & Distribution Conference,2024-11-18,Rancho Mirage,CA,Transpower New Zealand,transpower.co.nz,,,,,,,,
Transmission & Distribution Conference 2024,Transmission & Distribution Conference,2024-11-18,Rancho Mirage,CA,Eugene Water & Electric Board (EWEB),eweb.org,,,,,,,,
Transmission & Distribution Conference 2024,Transmission & Distribution Conference,2024-11-18,Rancho Mirage,CA,MYNLHydro,nlhydro.com,,,,,,,,
Transmission & Distribution Conference 2024,Transmission & Distribution Conference,2024-11-18,Rancho Mirage,CA,ERCOT,ercot.com,,,,,,,,
Transmission & Distribution Conference 2024,Transmission & Distribution Conference,2024-11-18,Rancho Mirage,CA,Sediver,sediver.com,,,,,,,,
Transmission & Distribution Conference 2024,Transmission & Distribution Conference,2024-11-18,Rancho Mirage,CA,NRECA,electric.coop,,,,,,,,
Transmission & Distribution Conference 2024,Transmission & Distribution Conference,2024-11-18,Rancho Mirage,CA,"Skydio, Inc.",skydio.com,,,,,,,,
Transmission & Distribution Conference 2024,Transmission & Distribution Conference,2024-11-18,Rancho Mirage,CA,OMICRON electronics,omicronenergy.com,,,,,,,,
Transmission & Distribution Conference 2024,Transmission & Distribution Conference,2024-11-18,Rancho Mirage,CA,Hanson Professional Services Inc.,hanson-inc.com,,,,,,,,
Transmission & Distribution Conference 2024,Transmission & Distribution Conference,2024-11-18,Rancho Mirage,CA,"Tri-State Generation and Transmission Association, Inc.",tristate.coop,,,,,,,,
Transmission & Distribution Conference 2024,Transmission & Distribution Conference,2024-11-18,Rancho Mirage,CA,American Transmission,atcllc.com,,,,,,,,
Transmission & Distribution Conference 2024,Transmission & Distribution Conference,2024-11-18,Rancho Mirage,CA,Powertech Labs Inc.,powertechlabs.com,,,,,,,,
Transmission & Distribution Conference 2024,Transmission & Distribution Conference,2024-11-18,Rancho Mirage,CA,Resilient Structures,resilient-structures.com,,,,,,,,
Transmission & Distribution Conference 2024,Transmission & Distribution Conference,2024-11-18,Rancho Mirage,CA,"ArborMetrics Solutions, LLC",arbormetrics.com,,,,,,,,
Transmission & Distribution Conference 2024,Transmission & Distribution Conference,2024-11-18,Rancho Mirage,CA,Great River Energy,greatriverenergy.com,,,,,,,,
Transmission & Distribution Conference 2024,Transmission & Distribution Conference,2024-11-18,Rancho Mirage,CA,Chelan County PUD,chelanpud.org,,,,,,,,
Transmission & Distribution Conference 2024,Transmission & Distribution Conference,2024-11-18,Rancho Mirage,CA,Elexicon Energy,elexiconenergy.com,,,,,,,,
Transmission & Distribution Conference 2024,Transmission & Distribution Conference,2024-11-18,Rancho Mirage,CA,LS Power,lspower.com,,,,,,,,
Transmission & Distribution Conference 2024,Transmission & Distribution Conference,2024-11-18,Rancho Mirage,CA,Nashville Electric Service,nespower.com,,,,,,,,
Transmission & Distribution Conference 2024,Transmission & Distribution Conference,2024-11-18,Rancho Mirage,CA,American Furukawa Inc.,americanfurukawa.com,,,,,,,,
Transmission & Distribution Conference 2024,Transmission & Distribution Conference,2024-11-18,Rancho Mirage,CA,Tacoma Public Utilities,mytpu.org,,,,,,,,
Transmission & Distribution Conference 2024,Transmission & Distribution Conference,2024-11-18,Rancho Mirage,CA,East Kentucky Power Cooperative,ekpc.coop,,,,,,,,
Transmission & Distribution Conference 2024,Transmission & Distribution Conference,2024-11-18,Rancho Mirage,CA,Dairyland Power Cooperative,dairylandpower.com,,,,,,,,
Transmission & Distribution Conference 2024,Transmission & Distribution Conference,2024-11-18,Rancho Mirage,CA,AiDash Inc,aidash.com,,,,,,,,
Transmission & Distribution Conference 2024,Transmission & Distribution Conference,2024-11-18,Rancho Mirage,CA,Georgia Transmission Corporation,gatransmission.com,,,,,,,,
Transmission & Distribution Conference 2024,Transmission & Distribution Conference,2024-11-18,Rancho Mirage,CA,Arbor Day Foundation,arborday.org,,,,,,,,
Transmission & Distribution Conference 2024,Transmission & Distribution Conference,2024-11-18,Rancho Mirage,CA,EA Technology,eatechnology.com,,,,,,,,
Transmission & Distribution Conference 2024,Transmission & Distribution Conference,2024-11-18,Rancho Mirage,CA,Hoosier Energy,hoosierenergy.com,,,,,,,,
Transmission & Distribution Conference 2024,Transmission & Distribution Conference,2024-11-18,Rancho Mirage,CA,Think Power Solutions,thinkpowersolutions.com,,,,,,,,
Transmission & Distribution Conference 2024,Transmission & Distribution Conference,2024-11-18,Rancho Mirage,CA,Eaton,cooperindustries.com,,,,,,,,
Transmission & Distribution Conference 2024,Transmission & Distribution Conference,2024-11-18,Rancho Mirage,CA,Great Lakes Energy,gtlakes.com,,,,,,,,
Transmission & Distribution Conference 2024,Transmission & Distribution Conference,2024-11-18,Rancho Mirage,CA,Pano,pano.ai,,,,,,,,
Transmission & Distribution Conference 2024,Transmission & Distribution Conference,2024-11-18,Rancho Mirage,CA,"Access Intelligence, LLC.",accessintel.com,,,,,,,,
Transmission & Distribution Conference 2024,Transmission & Distribution Conference,2024-11-18,Rancho Mirage,CA,"TXNM Energy, Inc.",txnmenergy.com,,,,,,,,
Transmission & Distribution Conference 2024,Transmission & Distribution Conference,2024-11-18,Rancho Mirage,CA,"Copperweld Bimetallics, LLC",copperweld.com,,,,,,,,
Transmission & Distribution Conference 2024,Transmission & Distribution Conference,2024-11-18,Rancho Mirage,CA,Genics Inc.,genicsinc.com,,,,,,,,
Transmission & Distribution Conference 2024,Transmission & Distribution Conference,2024-11-18,Rancho Mirage,CA,Advanced Test Equipment Corp.,atecorp.com,,,,,,,,
Transmission & Distribution Conference 2024,Transmission & Distribution Conference,2024-11-18,Rancho Mirage,CA,LIVE EO,live-eo.com,,,,,,,,
Transmission & Distribution Conference 2024,Transmission & Distribution Conference,2024-11-18,Rancho Mirage,CA,Groundline Engineering Ltd.,groundlineengineering.com,,,,,,,,
Transmission & Distribution Conference 2024,Transmission & Distribution Conference,2024-11-18,Rancho Mirage,CA,"EDM International, Inc.",edmlink.com,,,,,YES,master-P2,E12,
Transmission & Distribution Conference 2024,Transmission & Distribution Conference,2024-11-18,Rancho Mirage,CA,Superior Court of Mariposa,mariposa.courts.ca.gov,,,,,,,,
Transmission & Distribution Conference 2024,Transmission & Distribution Conference,2024-11-18,Rancho Mirage,CA,Long Island Power Authority,lipower.org,,,,,,,,
Transmission & Distribution Conference 2024,Transmission & Distribution Conference,2024-11-18,Rancho Mirage,CA,"New Hampshire Electric Cooperative, Inc.",nhec.com,,,,,,,,
Transmission & Distribution Conference 2024,Transmission & Distribution Conference,2024-11-18,Rancho Mirage,CA,NM Group,nmgroup.com,,,,,,,,
Transmission & Distribution Conference 2024,Transmission & Distribution Conference,2024-11-18,Rancho Mirage,CA,ikeGPS,ikegps.com,,,,,,,,
Transmission & Distribution Conference 2024,Transmission & Distribution Conference,2024-11-18,Rancho Mirage,CA,Electrical Builders Inc. (EBI),electricalbuilders.com,,,,,,,,
Transmission & Distribution Conference 2024,Transmission & Distribution Conference,2024-11-18,Rancho Mirage,CA,LineVision,linevisioninc.com,,,,,,,,
Transmission & Distribution Conference 2024,Transmission & Distribution Conference,2024-11-18,Rancho Mirage,CA,Safearth,safearth.com,,,,,,,,
Transmission & Distribution Conference 2024,Transmission & Distribution Conference,2024-11-18,Rancho Mirage,CA,eSmart Systems AS,esmartsystems.com,,,,,,,,
Transmission & Distribution Conference 2024,Transmission & Distribution Conference,2024-11-18,Rancho Mirage,CA,Iapetus Holdings,iapetusllc.com,,,,,,,,
Transmission & Distribution Conference 2024,Transmission & Distribution Conference,2024-11-18,Rancho Mirage,CA,AEMC Instruments,aemc.com,,,,,,,,
Transmission & Distribution Conference 2024,Transmission & Distribution Conference,2024-11-18,Rancho Mirage,CA,Heimdall Power,heimdallpower.com,,,,,,,,
Transmission & Distribution Conference 2024,Transmission & Distribution Conference,2024-11-18,Rancho Mirage,CA,Ampacimon,ampacimon.com,"Ans, Belgium",73,Investor Backed,2010,,,,
Transmission & Distribution Conference 2024,Transmission & Distribution Conference,2024-11-18,Rancho Mirage,CA,Jackson Energy Cooperative,jacksonenergy.com,"Hessle, UK",70,,,,,,
Transmission & Distribution Conference 2024,Transmission & Distribution Conference,2024-11-18,Rancho Mirage,CA,"Cal Engineering Solutions, Inc.",calengineeringsolutions.com,"Fresno, CA",70,Private Subsidiary,2013,,,,
Transmission & Distribution Conference 2024,Transmission & Distribution Conference,2024-11-18,Rancho Mirage,CA,Israel Electric Corporation חברת החשמל לישראל בע,global-iec.com,"Haifa, Israel",9858,Bootstrapped,1923,,,,
Transmission & Distribution Conference 2024,Transmission & Distribution Conference,2024-11-18,Rancho Mirage,CA,Treeswift Inc,treeswift.com,"New York, NY",63,Investor Backed,2020,,,,
Transmission & Distribution Conference 2024,Transmission & Distribution Conference,2024-11-18,Rancho Mirage,CA,Maschinenfabrik Reinhausen,reinhausen.com,,,,,,,,
Transmission & Distribution Conference 2024,Transmission & Distribution Conference,2024-11-18,Rancho Mirage,CA,Tower Power Group,towerpowergroup.com,,,,,YES,campaign-P2,T3,YES
Transmission & Distribution Conference 2024,Transmission & Distribution Conference,2024-11-18,Rancho Mirage,CA,BC Hydro,bchydro.com,,,,,,,,
Transmission & Distribution Conference 2024,Transmission & Distribution Conference,2024-11-18,Rancho Mirage,CA,FortisBC,fortisbc.com,,,,,,,,
Transmission & Distribution Conference 2024,Transmission & Distribution Conference,2024-11-18,Rancho Mirage,CA,Liberty Electric Line Builders,libertyelectriclb.com,,,,,,,,
Transmission & Distribution Conference 2024,Transmission & Distribution Conference,2024-11-18,Rancho Mirage,CA,Ampjack Industries Ltd.,ampjack.ca,,,,,,,,
Transmission & Distribution Conference 2024,Transmission & Distribution Conference,2024-11-18,Rancho Mirage,CA,Induron Protective Coatings,induron.com,,,,,,,,
Transmission & Distribution Conference 2024,Transmission & Distribution Conference,2024-11-18,Rancho Mirage,CA,NB Power,nbpower.com,,,,,,,,
Transmission & Distribution Conference 2024,Transmission & Distribution Conference,2024-11-18,Rancho Mirage,CA,Hydro One Networks Inc.,hydroone.com,,,,,,,,
Transmission & Distribution Conference 2024,Transmission & Distribution Conference,2024-11-18,Rancho Mirage,CA,"Dairyland Electrical Industries, Inc.",dairyland.com,,,,,,,,
Transmission & Distribution Conference 2024,Transmission & Distribution Conference,2024-11-18,Rancho Mirage,CA,"The Ad Hoc Group, Inc.",theadhocgroup.com,,,,,,,,
Transmission & Distribution Conference 2024,Transmission & Distribution Conference,2024-11-18,Rancho Mirage,CA,Integral Analytics,integralanalytics.com,,,,,,,,
Transmission & Distribution Conference 2024,Transmission & Distribution Conference,2024-11-18,Rancho Mirage,CA,Toronto Hydro,torontohydro.com,,,,,,,,
Transmission & Distribution Conference 2024,Transmission & Distribution Conference,2024-11-18,Rancho Mirage,CA,City of Seattle,seattle.gov,,,,,,,,
Transmission & Distribution Conference 2024,Transmission & Distribution Conference,2024-11-18,Rancho Mirage,CA,LUMA Energy,lumapr.com,,,,,,,,
Transmission & Distribution Conference 2024,Transmission & Distribution Conference,2024-11-18,Rancho Mirage,CA,Powerlink Queensland,powerlink.com.au,,,,,,,,
Transmission & Distribution Conference 2024,Transmission & Distribution Conference,2024-11-18,Rancho Mirage,CA,Pileworks,pileworks.com,,,,,,,,
Transmission & Distribution Conference 2024,Transmission & Distribution Conference,2024-11-18,Rancho Mirage,CA,Rhizome,rhizomedata.com,,,,,,,,
Transmission & Distribution Conference 2024,Transmission & Distribution Conference,2024-11-18,Rancho Mirage,CA,Nova Scotia Power,nspower.ca,,,,,,,,
Transmission & Distribution Conference 2024,Transmission & Distribution Conference,2024-11-18,Rancho Mirage,CA,Burns & McDonnell,burnsmcd.com,,,,,,,,
Transmission & Distribution Conference 2024,Transmission & Distribution Conference,2024-11-18,Rancho Mirage,CA,ESTA International LLC,estainternational.com,,,,,,,,
Transmission & Distribution Conference 2024,Transmission & Distribution Conference,2024-11-18,Rancho Mirage,CA,Red Eléctrica,ree.es,,,,,,,,
Transmission & Distribution Conference 2024,Transmission & Distribution Conference,2024-11-18,Rancho Mirage,CA,Powder River Energy Corp,precorp.coop,,,,,,,,
Transmission & Distribution Conference 2024,Transmission & Distribution Conference,2024-11-18,Rancho Mirage,CA,"POWER Engineers, Incorporated",powereng.com,,,,,,,,
Transmission & Distribution Conference 2024,Transmission & Distribution Conference,2024-11-18,Rancho Mirage,CA,Advanced Power Technologies,advpowertech.com,,,,,,,,
Transmission & Distribution Conference 2024,Transmission & Distribution Conference,2024-11-18,Rancho Mirage,CA,ESB Networks,esbnetworks.ie,,,,,,,,
Transmission & Distribution Conference 2024,Transmission & Distribution Conference,2024-11-18,Rancho Mirage,CA,FortisAlberta,fortisalberta.com,,,,,,,,
Transmission & Distribution Conference 2024,Transmission & Distribution Conference,2024-11-18,Rancho Mirage,CA,TransGard,transgardsolutions.com,,,,,,,,
Transmission & Distribution Conference 2024,Transmission & Distribution Conference,2024-11-18,Rancho Mirage,CA,"PierTech Systems, LLC",piertech.com,,,,,,,,
Transmission & Distribution Conference 2024,Transmission & Distribution Conference,2024-11-18,Rancho Mirage,CA,City of Saskatoon,saskatoon.ca,,,,,,,,
Transmission & Distribution Conference 2024,Transmission & Distribution Conference,2024-11-18,Rancho Mirage,CA,Green Grid Inc.,greengridinc.com,,,,,,,,
Transmission & Distribution Conference 2024,Transmission & Distribution Conference,2024-11-18,Rancho Mirage,CA,InnovationForce,innovationforce.io,,,,,,,,
Transmission & Distribution Conference 2024,Transmission & Distribution Conference,2024-11-18,Rancho Mirage,CA,Thread,thread.one,,,,,,,,
Transmission & Distribution Conference 2024,Transmission & Distribution Conference,2024-11-18,Rancho Mirage,CA,Public Utilities Maintenance,puminc.com,,,,,,,,
Transmission & Distribution Conference 2024,Transmission & Distribution Conference,2024-11-18,Rancho Mirage,CA,Varasset,varasset.com,,,,,,,,
Transmission & Distribution Conference 2024,Transmission & Distribution Conference,2024-11-18,Rancho Mirage,CA,Pacific NDT,pacificndt.com,,,,,,,,
Transmission & Distribution Conference 2024,Transmission & Distribution Conference,2024-11-18,Rancho Mirage,CA,AESO,aeso.ca,,,,,,,,
Transmission & Distribution Conference 2024,Transmission & Distribution Conference,2024-11-18,Rancho Mirage,CA,AltaLink,altalink.ca,,,,,,,,
Transmission & Distribution Conference 2024,Transmission & Distribution Conference,2024-11-18,Rancho Mirage,CA,ENWIN Utilities,enwin.com,,,,,,,,
Transmission & Distribution Conference 2024,Transmission & Distribution Conference,2024-11-18,Rancho Mirage,CA,Exeter Ground LLC,exeterground.com,,,,,,,,
Transmission & Distribution Conference 2024,Transmission & Distribution Conference,2024-11-18,Rancho Mirage,CA,Copperleaf Technologies Inc,copperleaf.com,,,,,,,,
Transmission & Distribution Conference 2024,Transmission & Distribution Conference,2024-11-18,Rancho Mirage,CA,London Hydro,londonhydro.com,,,,,,,,
Transmission & Distribution Conference 2024,Transmission & Distribution Conference,2024-11-18,Rancho Mirage,CA,Forsite Consultants,forsite.ca,,,,,,,,
Transmission & Distribution Conference 2024,Transmission & Distribution Conference,2024-11-18,Rancho Mirage,CA,Consolidated Edison Inc.,conedison.com,,,,,,,,
Transmission & Distribution Conference 2024,Transmission & Distribution Conference,2024-11-18,Rancho Mirage,CA,Pepco,pepco.com,,,,,,,,
Transmission & Distribution Conference 2024,Transmission & Distribution Conference,2024-11-18,Rancho Mirage,CA,Central Hudson Gas & Electric Corp.,cenhud.com,,,,,,,,
Transmission & Distribution Conference 2024,Transmission & Distribution Conference,2024-11-18,Rancho Mirage,CA,F P & L,fpl.com,,,,,,,,
Transmission & Distribution Conference 2024,Transmission & Distribution Conference,2024-11-18,Rancho Mirage,CA,Evergy Co.,evergy.com,,,,,,,,
Transmission & Distribution Conference 2024,Transmission & Distribution Conference,2024-11-18,Rancho Mirage,CA,PUC Services Inc.,ssmpuc.com,,,,,,,,
Transmission & Distribution Conference 2024,Transmission & Distribution Conference,2024-11-18,Rancho Mirage,CA,Slacan Industries,slacan.com,,,,,,,,
Transmission & Distribution Conference 2024,Transmission & Distribution Conference,2024-11-18,Rancho Mirage,CA,Arkion,arkion.co,,,,,,,,
Transmission & Distribution Conference 2024,Transmission & Distribution Conference,2024-11-18,Rancho Mirage,CA,Delta-X Research,deltaxresearch.com,,,,,,,,
Transmission & Distribution Conference 2024,Transmission & Distribution Conference,2024-11-18,Rancho Mirage,CA,SAE Inc.,saeinc.com,,,,,,,,
Transmission & Distribution Conference 2024,Transmission & Distribution Conference,2024-11-18,Rancho Mirage,CA,Liveable Cities,liveablecities.com,,,,,,,,
Transmission & Distribution Conference 2024,Transmission & Distribution Conference,2024-11-18,Rancho Mirage,CA,Gridraven,gridraven.com,,,,,,,,
Transmission & Distribution Conference 2024,Transmission & Distribution Conference,2024-11-18,Rancho Mirage,CA,Laki Power,lakipower.com,,,,,,,,
Transmission & Distribution Conference 2024,Transmission & Distribution Conference,2024-11-18,Rancho Mirage,CA,Trex-Ai,trex-ai.ca,,,,,,,,
Transmission & Distribution Conference 2024,Transmission & Distribution Conference,2024-11-18,Rancho Mirage,CA,Hydro Ottawa,hydroottawa.com,,,,,,,,
Electrical Apparatus Service Association (EASA) Convention 2026,Electrical Apparatus Service Association EASA Convention,2026-06-13,Orlando,FL,Schaeffler AG,schaeffler.com,"Herzogenaurach, Germany",183044,Private Subsidiary,2011,,,,
Electrical Apparatus Service Association (EASA) Convention 2026,Electrical Apparatus Service Association EASA Convention,2026-06-13,Orlando,FL,SKF Group,skf.com,"Göteborg, Sweden",81666,Public,1907,,,,
Electrical Apparatus Service Association (EASA) Convention 2026,Electrical Apparatus Service Association EASA Convention,2026-06-13,Orlando,FL,Morgan Advanced Materials,morganadvancedmaterials.com,"Windsor, UK",9213,Public,1856,,,,
Electrical Apparatus Service Association (EASA) Convention 2026,Electrical Apparatus Service Association EASA Convention,2026-06-13,Orlando,FL,RENK Group AG,renk.com,"Augsburg, Germany",5011,Public,2003,,,,
Electrical Apparatus Service Association (EASA) Convention 2026,Electrical Apparatus Service Association EASA Convention,2026-06-13,Orlando,FL,Rexnord,rexnord.com,"Milwaukee, WI",4709,Public Subsidiary,1891,,,,
Electrical Apparatus Service Association (EASA) Convention 2026,Electrical Apparatus Service Association EASA Convention,2026-06-13,Orlando,FL,Innomotics,innomotics.com,,,,,,,,
Electrical Apparatus Service Association (EASA) Convention 2026,Electrical Apparatus Service Association EASA Convention,2026-06-13,Orlando,FL,ISOVOLTA Group,isovolta.com,,,,,,,,
Electrical Apparatus Service Association (EASA) Convention 2026,Electrical Apparatus Service Association EASA Convention,2026-06-13,Orlando,FL,OTC Industrial Technologies,otcindustrial.com,,,,,,,,
Electrical Apparatus Service Association (EASA) Convention 2026,Electrical Apparatus Service Association EASA Convention,2026-06-13,Orlando,FL,New York Blower Company,nyb.com,,,,,,,,
Electrical Apparatus Service Association (EASA) Convention 2026,Electrical Apparatus Service Association EASA Convention,2026-06-13,Orlando,FL,Toshiba Corporation.,toshiba.com,,,,,,,,
Electrical Apparatus Service Association (EASA) Convention 2026,Electrical Apparatus Service Association EASA Convention,2026-06-13,Orlando,FL,Doble Engineering Company,doble.com,,,,,,,,
Electrical Apparatus Service Association (EASA) Convention 2026,Electrical Apparatus Service Association EASA Convention,2026-06-13,Orlando,FL,National Electric Coil,national-electric-coil.com,,,,,,,,
Electrical Apparatus Service Association (EASA) Convention 2026,Electrical Apparatus Service Association EASA Convention,2026-06-13,Orlando,FL,Helwig Carbon Products,helwigcarbon.com,,,,,,,,
Electrical Apparatus Service Association (EASA) Convention 2026,Electrical Apparatus Service Association EASA Convention,2026-06-13,Orlando,FL,Rea Magnet Wire,reawire.com,,,,,,,,
Electrical Apparatus Service Association (EASA) Convention 2026,Electrical Apparatus Service Association EASA Convention,2026-06-13,Orlando,FL,Champlain Cable Corporation,champcable.com,,,,,,,,
Electrical Apparatus Service Association (EASA) Convention 2026,Electrical Apparatus Service Association EASA Convention,2026-06-13,Orlando,FL,WorldWide Electric Corp.,worldwideelectric.com,,,,,,,,
Electrical Apparatus Service Association (EASA) Convention 2026,Electrical Apparatus Service Association EASA Convention,2026-06-13,Orlando,FL,Preformed Windings Limited,preformedwindings.com,,,,,,,,
Electrical Apparatus Service Association (EASA) Convention 2026,Electrical Apparatus Service Association EASA Convention,2026-06-13,Orlando,FL,Nachi America Inc.,nachiamerica.com,,,,,,,,
Electrical Apparatus Service Association (EASA) Convention 2026,Electrical Apparatus Service Association EASA Convention,2026-06-13,Orlando,FL,Ideal Electric,idealelec.com,,,,,,,,
Electrical Apparatus Service Association (EASA) Convention 2026,Electrical Apparatus Service Association EASA Convention,2026-06-13,Orlando,FL,Essex Brownell,essexbrownell.com,,,,,,,,
Electrical Apparatus Service Association (EASA) Convention 2026,Electrical Apparatus Service Association EASA Convention,2026-06-13,Orlando,FL,"Bartlett Bearing Company, Inc.",bartlettbearing.com,,,,,,,,
Electrical Apparatus Service Association (EASA) Convention 2026,Electrical Apparatus Service Association EASA Convention,2026-06-13,Orlando,FL,The Electric Materials Company,elecmat.com,,,,,,,,
Electrical Apparatus Service Association (EASA) Convention 2026,Electrical Apparatus Service Association EASA Convention,2026-06-13,Orlando,FL,A-Rent Test Equipment,a-rent.com,,,,,,,,
Electrical Apparatus Service Association (EASA) Convention 2026,Electrical Apparatus Service Association EASA Convention,2026-06-13,Orlando,FL,Hansford Sensors Ltd,hansfordsensors.com,,,,,,,,
Electrical Apparatus Service Association (EASA) Convention 2026,Electrical Apparatus Service Association EASA Convention,2026-06-13,Orlando,FL,Precision Electric Motor Sales,pemsmotors.com,,,,,,,,
Electrical Apparatus Service Association (EASA) Convention 2026,Electrical Apparatus Service Association EASA Convention,2026-06-13,Orlando,FL,"Phasetronics, Inc.",phasetronics.com,,,,,,,,
Electrical Apparatus Service Association (EASA) Convention 2026,Electrical Apparatus Service Association EASA Convention,2026-06-13,Orlando,FL,Acoem USA,acoem.us,,,,,,,,
Electrical Apparatus Service Association (EASA) Convention 2026,Electrical Apparatus Service Association EASA Convention,2026-06-13,Orlando,FL,Phase Technologies,phasetechnologies.com,,,,,,,,
Electrical Apparatus Service Association (EASA) Convention 2026,Electrical Apparatus Service Association EASA Convention,2026-06-13,Orlando,FL,Parts Super Center,partssupercenter.com,,,,,,,,
Electrical Apparatus Service Association (EASA) Convention 2026,Electrical Apparatus Service Association EASA Convention,2026-06-13,Orlando,FL,HeatTek Inc.,heattek.com,,,,,,,,
Electrical Apparatus Service Association (EASA) Convention 2026,Electrical Apparatus Service Association EASA Convention,2026-06-13,Orlando,FL,Integrated Power Co.,ip-co.net,,,,,,,,
Electrical Apparatus Service Association (EASA) Convention 2026,Electrical Apparatus Service Association EASA Convention,2026-06-13,Orlando,FL,"Cutsforth, Inc.",cutsforth.com,,,,,,,,
Electrical Apparatus Service Association (EASA) Convention 2026,Electrical Apparatus Service Association EASA Convention,2026-06-13,Orlando,FL,"Benko Products, Inc.",benkoproducts.com,,,,,,,,
Electrical Apparatus Service Association (EASA) Convention 2026,Electrical Apparatus Service Association EASA Convention,2026-06-13,Orlando,FL,Precision Coil & Rotor,pecoil.com,,,,,,,,
Electrical Apparatus Service Association (EASA) Convention 2026,Electrical Apparatus Service Association EASA Convention,2026-06-13,Orlando,FL,"Advanced Rotors, Inc.",advrotors.com,,,,,,,,
Electrical Apparatus Service Association (EASA) Convention 2026,Electrical Apparatus Service Association EASA Convention,2026-06-13,Orlando,FL,"Ludeca, Inc.",ludeca.com,,,,,YES,valDQ-review,?,
Electrical Apparatus Service Association (EASA) Convention 2026,Electrical Apparatus Service Association EASA Convention,2026-06-13,Orlando,FL,"Astro Chemical Company, Inc.",astrochemical.com,,,,,,,,
Electrical Apparatus Service Association (EASA) Convention 2026,Electrical Apparatus Service Association EASA Convention,2026-06-13,Orlando,FL,Akard Commutator Of Tennessee (Act),act-inc.com,,,,,,,,
Electrical Apparatus Service Association (EASA) Convention 2026,Electrical Apparatus Service Association EASA Convention,2026-06-13,Orlando,FL,Sifco ASC,sifcoasc.com,,,,,,,,
Electrical Apparatus Service Association (EASA) Convention 2026,Electrical Apparatus Service Association EASA Convention,2026-06-13,Orlando,FL,Erbessd Instruments,erbessd-instruments.com,,,,,,,,
Electrical Apparatus Service Association (EASA) Convention 2026,Electrical Apparatus Service Association EASA Convention,2026-06-13,Orlando,FL,Service First Processing,sfprocessing.com,,,,,,,,
Electrical Apparatus Service Association (EASA) Convention 2026,Electrical Apparatus Service Association EASA Convention,2026-06-13,Orlando,FL,Vulcan Seals,vulcanseals.com,,,,,,,,
Electrical Apparatus Service Association (EASA) Convention 2026,Electrical Apparatus Service Association EASA Convention,2026-06-13,Orlando,FL,Pollution Control Products Company,pcpconline.com,,,,,,,,
Electrical Apparatus Service Association (EASA) Convention 2026,Electrical Apparatus Service Association EASA Convention,2026-06-13,Orlando,FL,SmartD Technologies,smartd.tech,,,,,,,,
Electrical Apparatus Service Association (EASA) Convention 2026,Electrical Apparatus Service Association EASA Convention,2026-06-13,Orlando,FL,SDT International SA/NV,sdtultrasound.com,,,,,,,,
Electrical Apparatus Service Association (EASA) Convention 2026,Electrical Apparatus Service Association EASA Convention,2026-06-13,Orlando,FL,Superior Services,gotosuperior.com,,,,,,,,
Electrical Apparatus Service Association (EASA) Convention 2026,Electrical Apparatus Service Association EASA Convention,2026-06-13,Orlando,FL,Midwest Promotional Group,midwestgrp.com,,,,,,,,
Electrical Apparatus Service Association (EASA) Convention 2026,Electrical Apparatus Service Association EASA Convention,2026-06-13,Orlando,FL,"Electrolock, Inc.",electrolock.com,,,,,,,,
Electrical Apparatus Service Association (EASA) Convention 2026,Electrical Apparatus Service Association EASA Convention,2026-06-13,Orlando,FL,PdMA Corporation,pdma.com,,,,,,,,
Electrical Apparatus Service Association (EASA) Convention 2026,Electrical Apparatus Service Association EASA Convention,2026-06-13,Orlando,FL,ICC International,iccinternational.com,,,,,,,,
Electrical Apparatus Service Association (EASA) Convention 2026,Electrical Apparatus Service Association EASA Convention,2026-06-13,Orlando,FL,"Empower Label, LLC",empowerlabel.com,,,,,,,,
Electrical Apparatus Service Association (EASA) Convention 2026,Electrical Apparatus Service Association EASA Convention,2026-06-13,Orlando,FL,CAM Innovation,caminnovation.com,,,,,,,,
Electrical Apparatus Service Association (EASA) Convention 2026,Electrical Apparatus Service Association EASA Convention,2026-06-13,Orlando,FL,Hamar Laser Instruments,hamarlaser.com,,,,,,,,
Electrical Apparatus Service Association (EASA) Convention 2026,Electrical Apparatus Service Association EASA Convention,2026-06-13,Orlando,FL,Electrom Instruments,electrominst.com,,,,,,,,
Electrical Apparatus Service Association (EASA) Convention 2026,Electrical Apparatus Service Association EASA Convention,2026-06-13,Orlando,FL,Controls And Components,controlsandcomponents.com,,,,,,,,
Electrical Apparatus Service Association (EASA) Convention 2026,Electrical Apparatus Service Association EASA Convention,2026-06-13,Orlando,FL,Estes Media,estesmedia.com,,,,,,,,
Electrical Apparatus Service Association (EASA) Convention 2026,Electrical Apparatus Service Association EASA Convention,2026-06-13,Orlando,FL,Seal Distributors Inc,sealdistributors.com,,,,,,,,
Electrical Apparatus Service Association (EASA) Convention 2026,Electrical Apparatus Service Association EASA Convention,2026-06-13,Orlando,FL,Spring Point,springpt.com,,,,,,,,
Electrical Apparatus Service Association (EASA) Convention 2026,Electrical Apparatus Service Association EASA Convention,2026-06-13,Orlando,FL,"HCP Pumps America, Inc.",hcppumpsofamerica.com,,,,,,,,
Electrical Apparatus Service Association (EASA) Convention 2026,Electrical Apparatus Service Association EASA Convention,2026-06-13,Orlando,FL,Southern Winding Services,southernwinding.com,,,,,YES,campaign-P2,S7,YES
Electrical Apparatus Service Association (EASA) Convention 2026,Electrical Apparatus Service Association EASA Convention,2026-06-13,Orlando,FL,VFDs.com,vfds.com,,,,,,,,
Electrical Apparatus Service Association (EASA) Convention 2026,Electrical Apparatus Service Association EASA Convention,2026-06-13,Orlando,FL,Rogers Equipment Sales Inc.,rogersequip.com,,,,,,,,
Electrical Apparatus Service Association (EASA) Convention 2026,Electrical Apparatus Service Association EASA Convention,2026-06-13,Orlando,FL,"Marathon Electric, Llc",marathonelectricllc.com,,,,,,,,
Electrical Apparatus Service Association (EASA) Convention 2026,Electrical Apparatus Service Association EASA Convention,2026-06-13,Orlando,FL,ECO Burn-Off Ovens,ecoburnoff.com,,,,,,,,
Electrical Apparatus Service Association (EASA) Convention 2026,Electrical Apparatus Service Association EASA Convention,2026-06-13,Orlando,FL,East Coast Electrical Equipment Company,eastcoastmotor.com,,,,,,,,
Electrical Apparatus Service Association (EASA) Convention 2026,Electrical Apparatus Service Association EASA Convention,2026-06-13,Orlando,FL,Laser Technologies Inc.,lasertechnologiesinc.com,,,,,,,,
Electrical Apparatus Service Association (EASA) Convention 2026,Electrical Apparatus Service Association EASA Convention,2026-06-13,Orlando,FL,Octava,octavainc.com,,,,,,,,
Electrical Apparatus Service Association (EASA) Convention 2026,Electrical Apparatus Service Association EASA Convention,2026-06-13,Orlando,FL,"Mitchell Electronics, Inc.",mitchell-electronics.com,,,,,,,,
Electrical Apparatus Service Association (EASA) Convention 2026,Electrical Apparatus Service Association EASA Convention,2026-06-13,Orlando,FL,MotorDocLLC,motordoc.com,,,,,,,,
Electrical Apparatus Service Association (EASA) Convention 2026,Electrical Apparatus Service Association EASA Convention,2026-06-13,Orlando,FL,Connex Industrial Corp,go-connex.com,,,,,,,,
Electrical Apparatus Service Association (EASA) Convention 2026,Electrical Apparatus Service Association EASA Convention,2026-06-13,Orlando,FL,Bmr Usa,bmr-usa.com,,,,,,,,
Electrical Apparatus Service Association (EASA) Convention 2026,Electrical Apparatus Service Association EASA Convention,2026-06-13,Orlando,FL,P&P Distributors Inc,ppdistributors.com,,,,,,,,
Electrical Apparatus Service Association (EASA) Convention 2026,Electrical Apparatus Service Association EASA Convention,2026-06-13,Orlando,FL,TT Electric,ttelectricusa.com,,,,,,,,
Electrical Apparatus Service Association (EASA) Convention 2026,Electrical Apparatus Service Association EASA Convention,2026-06-13,Orlando,FL,WEG S.A.,weg.net,,,,,,,,
Electrical Apparatus Service Association (EASA) Convention 2026,Electrical Apparatus Service Association EASA Convention,2026-06-13,Orlando,FL,"Barks Publications, Inc.",barks.com,,,,,,,,
Electrical Apparatus Service Association (EASA) Convention 2026,Electrical Apparatus Service Association EASA Convention,2026-06-13,Orlando,FL,Vibration Institute,vi-institute.org,,,,,,,,
Electrical Apparatus Service Association (EASA) Convention 2026,Electrical Apparatus Service Association EASA Convention,2026-06-13,Orlando,FL,Coiltec,coiltec.com,,,,,,,,
Electrical Apparatus Service Association (EASA) Convention 2026,Electrical Apparatus Service Association EASA Convention,2026-06-13,Orlando,FL,Darnell Bearing,darnellbearing.com,,,,,,,,
Electrical Apparatus Service Association (EASA) Convention 2026,Electrical Apparatus Service Association EASA Convention,2026-06-13,Orlando,FL,Martindale Electric Company,martindaleco.com,,,,,,,,
Electrical Apparatus Service Association (EASA) Convention 2026,Electrical Apparatus Service Association EASA Convention,2026-06-13,Orlando,FL,Accelerated Solutions,acceleratedsolutions.biz,,,,,,,,
Electrical Apparatus Service Association (EASA) Convention 2026,Electrical Apparatus Service Association EASA Convention,2026-06-13,Orlando,FL,ELK Motor,elkmotor.com.tr,,,,,,,,
Electrical Apparatus Service Association (EASA) Convention 2026,Electrical Apparatus Service Association EASA Convention,2026-06-13,Orlando,FL,Eis,eis.co.uk,,,,,,,,
Electrical Apparatus Service Association (EASA) Convention 2026,Electrical Apparatus Service Association EASA Convention,2026-06-13,Orlando,FL,BEM Testers,bemtesters.net,,,,,,,,
Electrical Apparatus Service Association (EASA) Convention 2026,Electrical Apparatus Service Association EASA Convention,2026-06-13,Orlando,FL,Cincinnati Babbitt Bearing,cinbab.com,,,,,,,,
Electrical Apparatus Service Association (EASA) Convention 2026,Electrical Apparatus Service Association EASA Convention,2026-06-13,Orlando,FL,"ABB, Inc.",abbinc-usa.com,,,,,,,,
Electrical Apparatus Service Association (EASA) Convention 2026,Electrical Apparatus Service Association EASA Convention,2026-06-13,Orlando,FL,Heartland Motors Inc.,heartland-motors.com,,,,,,,,
Electrical Apparatus Service Association (EASA) Convention 2026,Electrical Apparatus Service Association EASA Convention,2026-06-13,Orlando,FL,Toledo Commutator Co,toledocommutator.com,,,,,,,,
Electrical Apparatus Service Association (EASA) Convention 2026,Electrical Apparatus Service Association EASA Convention,2026-06-13,Orlando,FL,ESRcommerce,esrcommerce.com,,,,,,,,
Electrical Apparatus Service Association (EASA) Convention 2026,Electrical Apparatus Service Association EASA Convention,2026-06-13,Orlando,FL,GUND,gund.com,,,,,,,,
Electrical Apparatus Service Association (EASA) Convention 2026,Electrical Apparatus Service Association EASA Convention,2026-06-13,Orlando,FL,"Servo Solutions, Inc.",servosolutionsinc.com,,,,,,,,
Electrical Apparatus Service Association (EASA) Convention 2026,Electrical Apparatus Service Association EASA Convention,2026-06-13,Orlando,FL,Jasper Electric Motors,jasperelectricmotorsinc.com,,,,,,,,
Electrical Apparatus Service Association (EASA) Convention 2026,Electrical Apparatus Service Association EASA Convention,2026-06-13,Orlando,FL,"Suzhou Volsun Electronics Technology Co.,Ltd",szvolsun.com,,,,,,,,
Electrical Apparatus Service Association (EASA) Convention 2026,Electrical Apparatus Service Association EASA Convention,2026-06-13,Orlando,FL,Sertek Global,sertekglobal.com,,,,,,,,
Electrical Apparatus Service Association (EASA) Convention 2026,Electrical Apparatus Service Association EASA Convention,2026-06-13,Orlando,FL,Electric Motor Coil Co.,emccltd.ca,,,,,,,,
Electrical Apparatus Service Association (EASA) Convention 2026,Electrical Apparatus Service Association EASA Convention,2026-06-13,Orlando,FL,Lafert North America,lafertna.com,,,,,,,,
Electrical Apparatus Service Association (EASA) Convention 2026,Electrical Apparatus Service Association EASA Convention,2026-06-13,Orlando,FL,Teco-Westinghouse Motor Company,tecowestinghouse.com.mx,,,,,,,,
Electrical Apparatus Service Association (EASA) Convention 2026,Electrical Apparatus Service Association EASA Convention,2026-06-13,Orlando,FL,IRD Design,irdesign.co,,,,,,,,
Electrical Apparatus Service Association (EASA) Convention 2026,Electrical Apparatus Service Association EASA Convention,2026-06-13,Orlando,FL,Aaki Corp,aaki.ca,,,,,,,,
Electrical Apparatus Service Association (EASA) Convention 2026,Electrical Apparatus Service Association EASA Convention,2026-06-13,Orlando,FL,Quartzcoil Ltd,quartz.co.uk,,,,,,,,
Electrical Apparatus Service Association (EASA) Convention 2026,Electrical Apparatus Service Association EASA Convention,2026-06-13,Orlando,FL,"Anhui Wannan Electric Machine Co., Ltd.",wannanmotor.net,,,,,,,,
Electrical Apparatus Service Association (EASA) Convention 2026,Electrical Apparatus Service Association EASA Convention,2026-06-13,Orlando,FL,Shandong Sunvim Motor Co.,sunvimmotor.com,"Shandong, China",,Bootstrapped,,,,,
Electrical Apparatus Service Association (EASA) 2020,Electrical Apparatus Service Association (EASA),2020-06-14,Nashville,TN,Siemens AG,siemens.com,"München, Germany",611022,Private Subsidiary,1847,,,,
Electrical Apparatus Service Association (EASA) 2020,Electrical Apparatus Service Association (EASA),2020-06-14,Nashville,TN,Sulzer,sulzer.com,"Winterthur, Switzerland",33945,Public,1919,,,,
Electrical Apparatus Service Association (EASA) 2020,Electrical Apparatus Service Association (EASA),2020-06-14,Nashville,TN,JTEKT North America Corporation,jtekt-na.com,"Greenville, SC",13617,Public Subsidiary,2006,,,,
Electrical Apparatus Service Association (EASA) 2020,Electrical Apparatus Service Association (EASA),2020-06-14,Nashville,TN,NTN Bearing Corporation,ntnamericas.com,"Schaumburg, IL",5238,Private Subsidiary,1918,,,,
Electrical Apparatus Service Association (EASA) 2020,Electrical Apparatus Service Association (EASA),2020-06-14,Nashville,TN,Armstrong Fluid Technology,armstrongfluidtechnology.com,"Toronto, Canada",3826,Bootstrapped,1934,,,,
Electrical Apparatus Service Association (EASA) 2020,Electrical Apparatus Service Association (EASA),2020-06-14,Nashville,TN,Superior Essex,superioressex.com,,,,,,,,
Electrical Apparatus Service Association (EASA) 2020,Electrical Apparatus Service Association (EASA),2020-06-14,Nashville,TN,Megger Group Limited,megger.com,,,,,,,,
Electrical Apparatus Service Association (EASA) 2020,Electrical Apparatus Service Association (EASA),2020-06-14,Nashville,TN,ISOVOLTA Group,isovolta.com,,,,,,,,
Electrical Apparatus Service Association (EASA) 2020,Electrical Apparatus Service Association (EASA),2020-06-14,Nashville,TN,Garlock Family of Companies,garlock.com,,,,,,,,
Electrical Apparatus Service Association (EASA) 2020,Electrical Apparatus Service Association (EASA),2020-06-14,Nashville,TN,"Elantas Pdg, Inc.",elantas.com,,,,,,,,
Electrical Apparatus Service Association (EASA) 2020,Electrical Apparatus Service Association (EASA),2020-06-14,Nashville,TN,Toshiba Corporation.,toshiba.com,,,,,,,,
Electrical Apparatus Service Association (EASA) 2020,Electrical Apparatus Service Association (EASA),2020-06-14,Nashville,TN,"Benshaw, Inc.",benshaw.com,,,,,,,,
Electrical Apparatus Service Association (EASA) 2020,Electrical Apparatus Service Association (EASA),2020-06-14,Nashville,TN,Helwig Carbon Products,helwigcarbon.com,,,,,,,,
Electrical Apparatus Service Association (EASA) 2020,Electrical Apparatus Service Association (EASA),2020-06-14,Nashville,TN,The Gund Company,thegundcompany.com,,,,,,,,
Electrical Apparatus Service Association (EASA) 2020,Electrical Apparatus Service Association (EASA),2020-06-14,Nashville,TN,Rea Magnet Wire,reawire.com,,,,,,,,
Electrical Apparatus Service Association (EASA) 2020,Electrical Apparatus Service Association (EASA),2020-06-14,Nashville,TN,TECO-Westinghouse,tecowestinghouse.com,,,,,,,,
Electrical Apparatus Service Association (EASA) 2020,Electrical Apparatus Service Association (EASA),2020-06-14,Nashville,TN,"STAr Technologies, Inc.",star-quest.com,,,,,,,,
Electrical Apparatus Service Association (EASA) 2020,Electrical Apparatus Service Association (EASA),2020-06-14,Nashville,TN,WorldWide Electric Corp.,worldwideelectric.com,,,,,,,,
Electrical Apparatus Service Association (EASA) 2020,Electrical Apparatus Service Association (EASA),2020-06-14,Nashville,TN,Blue Ridge Communications,brctv.com,,,,,,,,
Electrical Apparatus Service Association (EASA) 2020,Electrical Apparatus Service Association (EASA),2020-06-14,Nashville,TN,Nachi America Inc.,nachiamerica.com,,,,,,,,
Electrical Apparatus Service Association (EASA) 2020,Electrical Apparatus Service Association (EASA),2020-06-14,Nashville,TN,"Sun Capital Partners, Inc.",suncappart.com,,,,,,,,
Electrical Apparatus Service Association (EASA) 2020,Electrical Apparatus Service Association (EASA),2020-06-14,Nashville,TN,Von Roll,vonroll.com,,,,,,,,
Electrical Apparatus Service Association (EASA) 2020,Electrical Apparatus Service Association (EASA),2020-06-14,Nashville,TN,"AES, Inc.",aesintl.com,,,,,YES,valDQ-review,?,
Electrical Apparatus Service Association (EASA) 2020,Electrical Apparatus Service Association (EASA),2020-06-14,Nashville,TN,Electro Static Technology,est-aegis.com,,,,,,,,
Electrical Apparatus Service Association (EASA) 2020,Electrical Apparatus Service Association (EASA),2020-06-14,Nashville,TN,"Bartlett Bearing Company, Inc.",bartlettbearing.com,,,,,,,,
Electrical Apparatus Service Association (EASA) 2020,Electrical Apparatus Service Association (EASA),2020-06-14,Nashville,TN,The Electric Materials Company,elecmat.com,,,,,,,,
Electrical Apparatus Service Association (EASA) 2020,Electrical Apparatus Service Association (EASA),2020-06-14,Nashville,TN,"Dykman Electrical, Inc.",dykman.com,,,,,,,,
Electrical Apparatus Service Association (EASA) 2020,Electrical Apparatus Service Association (EASA),2020-06-14,Nashville,TN,Precision Electric Motor Sales,pemsmotors.com,,,,,,,,
Electrical Apparatus Service Association (EASA) 2020,Electrical Apparatus Service Association (EASA),2020-06-14,Nashville,TN,Packard Inc.,packardonline.com,,,,,,,,
Electrical Apparatus Service Association (EASA) 2020,Electrical Apparatus Service Association (EASA),2020-06-14,Nashville,TN,Parts Super Center,partssupercenter.com,,,,,,,,
Electrical Apparatus Service Association (EASA) 2020,Electrical Apparatus Service Association (EASA),2020-06-14,Nashville,TN,Precision Coil & Rotor,pecoil.com,,,,,,,,
Electrical Apparatus Service Association (EASA) 2020,Electrical Apparatus Service Association (EASA),2020-06-14,Nashville,TN,"North American Electric, Inc.",naemotors.com,,,,,,,,
Electrical Apparatus Service Association (EASA) 2020,Electrical Apparatus Service Association (EASA),2020-06-14,Nashville,TN,"Bonitron, Inc.",bonitron.com,,,,,,,,
Electrical Apparatus Service Association (EASA) 2020,Electrical Apparatus Service Association (EASA),2020-06-14,Nashville,TN,H-T-L perma USA LP,permausa.com,,,,,,,,
Electrical Apparatus Service Association (EASA) 2020,Electrical Apparatus Service Association (EASA),2020-06-14,Nashville,TN,Kencoil,kencoil.com,,,,,,,,
Electrical Apparatus Service Association (EASA) 2020,Electrical Apparatus Service Association (EASA),2020-06-14,Nashville,TN,"Advanced Rotors, Inc.",advrotors.com,,,,,,,,
Electrical Apparatus Service Association (EASA) 2020,Electrical Apparatus Service Association (EASA),2020-06-14,Nashville,TN,"Ludeca, Inc.",ludeca.com,,,,,YES,valDQ-review,?,
Electrical Apparatus Service Association (EASA) 2020,Electrical Apparatus Service Association (EASA),2020-06-14,Nashville,TN,"Force Control Industries, Inc.",forcecontrol.com,,,,,,,,
Electrical Apparatus Service Association (EASA) 2020,Electrical Apparatus Service Association (EASA),2020-06-14,Nashville,TN,Kirkwood Holding,kirkwoodholding.com,,,,,,,,
Electrical Apparatus Service Association (EASA) 2020,Electrical Apparatus Service Association (EASA),2020-06-14,Nashville,TN,AEMC Instruments,aemc.com,,,,,,,,
Electrical Apparatus Service Association (EASA) 2020,Electrical Apparatus Service Association (EASA),2020-06-14,Nashville,TN,Coil Manufacturing Inc,cmicoil.com,,,,,,,,
Electrical Apparatus Service Association (EASA) 2020,Electrical Apparatus Service Association (EASA),2020-06-14,Nashville,TN,"Lippert Enterprises, Inc.",lippertent.com,,,,,,,,
Electrical Apparatus Service Association (EASA) 2020,Electrical Apparatus Service Association (EASA),2020-06-14,Nashville,TN,Techtop Industries,techtopind.com,,,,,,,,
Electrical Apparatus Service Association (EASA) 2020,Electrical Apparatus Service Association (EASA),2020-06-14,Nashville,TN,Akard Commutator Of Tennessee (Act),act-inc.com,,,,,,,,
Electrical Apparatus Service Association (EASA) 2020,Electrical Apparatus Service Association (EASA),2020-06-14,Nashville,TN,RDI Technologies Inc.,rditechnologies.com,,,,,,,,
Electrical Apparatus Service Association (EASA) 2020,Electrical Apparatus Service Association (EASA),2020-06-14,Nashville,TN,Service First Processing,sfprocessing.com,,,,,,,,
Electrical Apparatus Service Association (EASA) 2020,Electrical Apparatus Service Association (EASA),2020-06-14,Nashville,TN,TEAMSESCO Industrial & Renewable Technology Services,teamsesco.com,,,,,,,,
Electrical Apparatus Service Association (EASA) 2020,Electrical Apparatus Service Association (EASA),2020-06-14,Nashville,TN,Advanced Energy,advancedenergy.org,,,,,,,,
Electrical Apparatus Service Association (EASA) 2020,Electrical Apparatus Service Association (EASA),2020-06-14,Nashville,TN,Whelco Industrial,whelco.com,,,,,YES,campaign-Nurture,S7,YES
Electrical Apparatus Service Association (EASA) 2020,Electrical Apparatus Service Association (EASA),2020-06-14,Nashville,TN,ENI Labs,goeni.com,,,,,,,,
Electrical Apparatus Service Association (EASA) 2020,Electrical Apparatus Service Association (EASA),2020-06-14,Nashville,TN,Midwest Promotional Group,midwestgrp.com,,,,,,,,
Electrical Apparatus Service Association (EASA) 2020,Electrical Apparatus Service Association (EASA),2020-06-14,Nashville,TN,Pittsburgh Electrical Insulation (PEI),peipittsburgh.com,,,,,,,,
Electrical Apparatus Service Association (EASA) 2020,Electrical Apparatus Service Association (EASA),2020-06-14,Nashville,TN,PdMA Corporation,pdma.com,,,,,,,,
Electrical Apparatus Service Association (EASA) 2020,Electrical Apparatus Service Association (EASA),2020-06-14,Nashville,TN,TMX by Toolmex Industrial Solutions,toolmex.com,,,,,,,,
Electrical Apparatus Service Association (EASA) 2020,Electrical Apparatus Service Association (EASA),2020-06-14,Nashville,TN,ICC International,iccinternational.com,,,,,,,,
Electrical Apparatus Service Association (EASA) 2020,Electrical Apparatus Service Association (EASA),2020-06-14,Nashville,TN,"High Voltage, Inc.",hvinc.com,,,,,,,,
Electrical Apparatus Service Association (EASA) 2020,Electrical Apparatus Service Association (EASA),2020-06-14,Nashville,TN,"Joliet Electric Motors, LLC",jolietelectricmotors.com,,,,,,,,
Electrical Apparatus Service Association (EASA) 2020,Electrical Apparatus Service Association (EASA),2020-06-14,Nashville,TN,"ESR Motor Systems, LLC",esrmotors.com,,,,,,,,
Electrical Apparatus Service Association (EASA) 2020,Electrical Apparatus Service Association (EASA),2020-06-14,Nashville,TN,ABRO Balancing,abrobalancing.com,,,,,,,,
Electrical Apparatus Service Association (EASA) 2020,Electrical Apparatus Service Association (EASA),2020-06-14,Nashville,TN,CAM Innovation,caminnovation.com,,,,,,,,
Electrical Apparatus Service Association (EASA) 2020,Electrical Apparatus Service Association (EASA),2020-06-14,Nashville,TN,Cahaba Media Group,cahabamedia.com,,,,,,,,
Electrical Apparatus Service Association (EASA) 2020,Electrical Apparatus Service Association (EASA),2020-06-14,Nashville,TN,IRD Balancing,irdproducts.com,,,,,,,,
Electrical Apparatus Service Association (EASA) 2020,Electrical Apparatus Service Association (EASA),2020-06-14,Nashville,TN,Electrom Instruments,electrominst.com,,,,,,,,
Electrical Apparatus Service Association (EASA) 2020,Electrical Apparatus Service Association (EASA),2020-06-14,Nashville,TN,"ALL-TEST Pro, LLC",alltestpro.com,,,,,,,,
Electrical Apparatus Service Association (EASA) 2020,Electrical Apparatus Service Association (EASA),2020-06-14,Nashville,TN,M.G.M. Electric Motors,mgmelectricmotors.com,,,,,,,,
Electrical Apparatus Service Association (EASA) 2020,Electrical Apparatus Service Association (EASA),2020-06-14,Nashville,TN,Steelman Industries Inc,steelman.com,,,,,,,,
Electrical Apparatus Service Association (EASA) 2020,Electrical Apparatus Service Association (EASA),2020-06-14,Nashville,TN,Torque Technologies,torq-tech.com,,,,,,,,
Electrical Apparatus Service Association (EASA) 2020,Electrical Apparatus Service Association (EASA),2020-06-14,Nashville,TN,Cogebi Inc.,cogebi.com,,,,,,,,
Electrical Apparatus Service Association (EASA) 2020,Electrical Apparatus Service Association (EASA),2020-06-14,Nashville,TN,MH&W International Corp.,mhw-intl.com,,,,,,,,
Electrical Apparatus Service Association (EASA) 2020,Electrical Apparatus Service Association (EASA),2020-06-14,Nashville,TN,Adventech LLC,adventechinc.com,,,,,,,,
Electrical Apparatus Service Association (EASA) 2020,Electrical Apparatus Service Association (EASA),2020-06-14,Nashville,TN,Seal Distributors Inc,sealdistributors.com,,,,,,,,
Electrical Apparatus Service Association (EASA) 2020,Electrical Apparatus Service Association (EASA),2020-06-14,Nashville,TN,Dings Co.,dingsbrakes.com,,,,,,,,
Electrical Apparatus Service Association (EASA) 2020,Electrical Apparatus Service Association (EASA),2020-06-14,Nashville,TN,Stimple and Ward Company,swcoils.com,,,,,,,,
Electrical Apparatus Service Association (EASA) 2020,Electrical Apparatus Service Association (EASA),2020-06-14,Nashville,TN,EASA,easa.com,,,,,,,,
Electrical Apparatus Service Association (EASA) 2020,Electrical Apparatus Service Association (EASA),2020-06-14,Nashville,TN,Gaddis Inc,gaddismechanicalseals.com,,,,,,,,
Electrical Apparatus Service Association (EASA) 2020,Electrical Apparatus Service Association (EASA),2020-06-14,Nashville,TN,Smarter Systems,smartersys.com,,,,,,,,
Electrical Apparatus Service Association (EASA) 2020,Electrical Apparatus Service Association (EASA),2020-06-14,Nashville,TN,Connex Industrial Corporation,connex-electric.com,,,,,,,,
Electrical Apparatus Service Association (EASA) 2020,Electrical Apparatus Service Association (EASA),2020-06-14,Nashville,TN,Nidec,nidec.com,,,,,,,,
Electrical Apparatus Service Association (EASA) 2020,Electrical Apparatus Service Association (EASA),2020-06-14,Nashville,TN,"Test Products International, Inc",testproductsintl.com,,,,,,,,
Electrical Apparatus Service Association (EASA) 2020,Electrical Apparatus Service Association (EASA),2020-06-14,Nashville,TN,Superior Services LLC,superiorservicesllc.com,,,,,,,,
Electrical Apparatus Service Association (EASA) 2020,Electrical Apparatus Service Association (EASA),2020-06-14,Nashville,TN,Apex Sealing Inc.,apexsealing.com,,,,,,,,
Electrical Apparatus Service Association (EASA) 2020,Electrical Apparatus Service Association (EASA),2020-06-14,Nashville,TN,Rogers Equipment Sales Inc.,rogersequip.com,,,,,,,,
Electrical Apparatus Service Association (EASA) 2020,Electrical Apparatus Service Association (EASA),2020-06-14,Nashville,TN,Berliss Companies,berliss.com,,,,,,,,
Electrical Apparatus Service Association (EASA) 2020,Electrical Apparatus Service Association (EASA),2020-06-14,Nashville,TN,Electric Coil Service Inc,electriccoil.com,,,,,,,,
Electrical Apparatus Service Association (EASA) 2020,Electrical Apparatus Service Association (EASA),2020-06-14,Nashville,TN,Samatic,samatic.com,,,,,,,,
Electrical Apparatus Service Association (EASA) 2020,Electrical Apparatus Service Association (EASA),2020-06-14,Nashville,TN,Motor Diagnostic Systems Inc,motordiagnosticsystems.com,,,,,,,,
Electrical Apparatus Service Association (EASA) 2020,Electrical Apparatus Service Association (EASA),2020-06-14,Nashville,TN,Universal Coil Mfr,universalcoil.com,,,,,,,,
Electrical Apparatus Service Association (EASA) 2020,Electrical Apparatus Service Association (EASA),2020-06-14,Nashville,TN,Calco Electric Corp.,calcoelectric.com,,,,,,,,
Electrical Apparatus Service Association (EASA) 2020,Electrical Apparatus Service Association (EASA),2020-06-14,Nashville,TN,Pfannenberg,pfannenberg.com,,,,,,,,
Electrical Apparatus Service Association (EASA) 2020,Electrical Apparatus Service Association (EASA),2020-06-14,Nashville,TN,Laser Laminations,laserlaminations.com,,,,,,,,
Electrical Apparatus Service Association (EASA) 2020,Electrical Apparatus Service Association (EASA),2020-06-14,Nashville,TN,Laser Technologies Inc.,lasertechnologiesinc.com,,,,,,,,
Electrical Apparatus Service Association (EASA) 2020,Electrical Apparatus Service Association (EASA),2020-06-14,Nashville,TN,Lucrescent Bearing Corporation,lucre-usa.com,,,,,,,,
Electrical Apparatus Service Association (EASA) 2020,Electrical Apparatus Service Association (EASA),2020-06-14,Nashville,TN,"Single Phase Power Solutions, LLC",singlephasepowersolutions.com,,,,,,,,
Electrical Apparatus Service Association (EASA) 2020,Electrical Apparatus Service Association (EASA),2020-06-14,Nashville,TN,Ecotech Machinery Inc,ecomachinetools.com,,,,,,,,
Electrical Apparatus Service Association (EASA) 2020,Electrical Apparatus Service Association (EASA),2020-06-14,Nashville,TN,Green Motors Practices Group,greenmotors.org,,,,,,,,
Electrical Apparatus Service Association (EASA) 2020,Electrical Apparatus Service Association (EASA),2020-06-14,Nashville,TN,SFEG,sfeg.com,,,,,,,,
Electrical Apparatus Service Association (EASA) 2020,Electrical Apparatus Service Association (EASA),2020-06-14,Nashville,TN,Bmr Usa,bmr-usa.com,,,,,,,,
Electrical Apparatus Service Association (EASA) 2020,Electrical Apparatus Service Association (EASA),2020-06-14,Nashville,TN,Allied Industrial Marketing,alliedindustrialmarketing.com,,,,,,,,
Electrical Apparatus Service Association (EASA) 2020,Electrical Apparatus Service Association (EASA),2020-06-14,Nashville,TN,WEG S.A.,weg.net,,,,,,,,
Electrical Apparatus Service Association (EASA) 2020,Electrical Apparatus Service Association (EASA),2020-06-14,Nashville,TN,Vaughen's Price Publishing CO,vaughens.com,,,,,,,,
Electrical Apparatus Service Association (EASA) 2020,Electrical Apparatus Service Association (EASA),2020-06-14,Nashville,TN,"Barks Publications, Inc.",barks.com,"Chicago, IL",5,Bootstrapped,,,,,
Electrical Apparatus Service Association (EASA) 2020,Electrical Apparatus Service Association (EASA),2020-06-14,Nashville,TN,Martindale Electric Company,martindaleco.com,"Cleveland, OH",4,Investor Backed,1917,,,,
Electrical Apparatus Service Association (EASA) 2020,Electrical Apparatus Service Association (EASA),2020-06-14,Nashville,TN,Dynamics Research Corp,dynamicsresearch.net,"Richfield, OH",4,Bootstrapped,,YES,P3-candidate,S7,
Electrical Apparatus Service Association (EASA) 2020,Electrical Apparatus Service Association (EASA),2020-06-14,Nashville,TN,US Seal Inc,ussealmfg.com,"Clifton Park, NY",3,Bootstrapped,,,,,
Electrical Apparatus Service Association (EASA) 2020,Electrical Apparatus Service Association (EASA),2020-06-14,Nashville,TN,Windsor Stevens,windsor-stevens.com,"East Windsor, CT",3,Private Subsidiary,,,,,
Electrical Apparatus Service Association (EASA) 2020,Electrical Apparatus Service Association (EASA),2020-06-14,Nashville,TN,EBI Electric,ebielectric.com,,,,,,,,
Electrical Apparatus Service Association (EASA) 2020,Electrical Apparatus Service Association (EASA),2020-06-14,Nashville,TN,Coil Partners,coilpartners.com,,,,,,,,
Electrical Apparatus Service Association (EASA) 2020,Electrical Apparatus Service Association (EASA),2020-06-14,Nashville,TN,Cincinnati Babbitt Bearing,cinbab.com,,,,,,,,
Electrical Apparatus Service Association (EASA) 2020,Electrical Apparatus Service Association (EASA),2020-06-14,Nashville,TN,Aurora Motors,aurora-motors.com,,,,,,,,
Electrical Apparatus Service Association (EASA) 2020,Electrical Apparatus Service Association (EASA),2020-06-14,Nashville,TN,Fibertekinc,fibertekinc.com,,,,,,,,
Electrical Apparatus Service Association (EASA) 2020,Electrical Apparatus Service Association (EASA),2020-06-14,Nashville,TN,CWT Industries,cwtindustries.com,,,,,,,,
Electrical Apparatus Service Association (EASA) 2020,Electrical Apparatus Service Association (EASA),2020-06-14,Nashville,TN,"Servo Solutions, Inc.",servosolutionsinc.com,,,,,,,,
Electrical Apparatus Service Association (EASA) 2020,Electrical Apparatus Service Association (EASA),2020-06-14,Nashville,TN,eldec Induction,eldec.net,,,,,,,,
Electrical Apparatus Service Association (EASA) 2020,Electrical Apparatus Service Association (EASA),2020-06-14,Nashville,TN,T-T Electric,t-telectric.com,,,,,,,,
Electrical Apparatus Service Association (EASA) 2020,Electrical Apparatus Service Association (EASA),2020-06-14,Nashville,TN,Temporiti s.r.l.,temporiti.it,,,,,,,,
Electrical Apparatus Service Association (EASA) 2020,Electrical Apparatus Service Association (EASA),2020-06-14,Nashville,TN,Guspro Inc.,guspro.com,,,,,,,,
Electrical Apparatus Service Association (EASA) 2020,Electrical Apparatus Service Association (EASA),2020-06-14,Nashville,TN,Electrowind,electro-wind.com,,,,,,,,
Electrical Apparatus Service Association (EASA) 2020,Electrical Apparatus Service Association (EASA),2020-06-14,Nashville,TN,Lafert North America,lafertna.com,,,,,,,,
Electrical Apparatus Service Association (EASA) 2020,Electrical Apparatus Service Association (EASA),2020-06-14,Nashville,TN,Micamation AG,micamation.com,,,,,,,,
Electrical Apparatus Service Association (EASA) 2020,Electrical Apparatus Service Association (EASA),2020-06-14,Nashville,TN,Mep-Drives-Limited,mep.ca,,,,,,,,
Electrical Apparatus Service Association (EASA) 2020,Electrical Apparatus Service Association (EASA),2020-06-14,Nashville,TN,Oxyweld snc,oweld.com,,,,,,,,
Electrical Apparatus Service Association (EASA) 2020,Electrical Apparatus Service Association (EASA),2020-06-14,Nashville,TN,Innofluid,innofluid.com.cn,,,,,,,,
Electrical Apparatus Service Association (EASA) 2020,Electrical Apparatus Service Association (EASA),2020-06-14,Nashville,TN,Huanchi Bearing Group,hchbearing.com,,,,,,,,
Electrical Apparatus Service Association (EASA) 2020,Electrical Apparatus Service Association (EASA),2020-06-14,Nashville,TN,Houghton International,houghton-international.com,,,,,,,,
The Electro-Mechanical Authority (EASA) Conventions + Solutions Expo 2023,The Electro-Mechanical Authority (EASA) Conventions + Solutions Expo,2023-06-25,Oxon Hill,MD,General Motors Company,gm.com,"Detroit, MI",367529,Public,1908,,,,
The Electro-Mechanical Authority (EASA) Conventions + Solutions Expo 2023,The Electro-Mechanical Authority (EASA) Conventions + Solutions Expo,2023-06-25,Oxon Hill,MD,ABB Asea Brown Boveri Ltd.,abb.com,"Zürich, Switzerland",439252,Public,1988,,,,
The Electro-Mechanical Authority (EASA) Conventions + Solutions Expo 2023,The Electro-Mechanical Authority (EASA) Conventions + Solutions Expo,2023-06-25,Oxon Hill,MD,Schaeffler AG,schaeffler.com,"Herzogenaurach, Germany",183044,Private Subsidiary,2011,,,,
The Electro-Mechanical Authority (EASA) Conventions + Solutions Expo 2023,The Electro-Mechanical Authority (EASA) Conventions + Solutions Expo,2023-06-25,Oxon Hill,MD,Shell International B.V.,shell.com,"London, UK",733367,Public,1907,,,,
The Electro-Mechanical Authority (EASA) Conventions + Solutions Expo 2023,The Electro-Mechanical Authority (EASA) Conventions + Solutions Expo,2023-06-25,Oxon Hill,MD,Siemens AG,siemens.com,"München, Germany",611022,Private Subsidiary,1847,,,,
The Electro-Mechanical Authority (EASA) Conventions + Solutions Expo 2023,The Electro-Mechanical Authority (EASA) Conventions + Solutions Expo,2023-06-25,Oxon Hill,MD,Tenet Healthcare,tenethealth.com,,,,,,,,
The Electro-Mechanical Authority (EASA) Conventions + Solutions Expo 2023,The Electro-Mechanical Authority (EASA) Conventions + Solutions Expo,2023-06-25,Oxon Hill,MD,Google,google.com,,,,,,,,
The Electro-Mechanical Authority (EASA) Conventions + Solutions Expo 2023,The Electro-Mechanical Authority (EASA) Conventions + Solutions Expo,2023-06-25,Oxon Hill,MD,TD Bank Group,td.com,,,,,,,,
The Electro-Mechanical Authority (EASA) Conventions + Solutions Expo 2023,The Electro-Mechanical Authority (EASA) Conventions + Solutions Expo,2023-06-25,Oxon Hill,MD,3M Company,3m.com,,,,,,,,
The Electro-Mechanical Authority (EASA) Conventions + Solutions Expo 2023,The Electro-Mechanical Authority (EASA) Conventions + Solutions Expo,2023-06-25,Oxon Hill,MD,"DuPont de Nemours, Inc.",dupont.com,,,,,,,,
The Electro-Mechanical Authority (EASA) Conventions + Solutions Expo 2023,The Electro-Mechanical Authority (EASA) Conventions + Solutions Expo,2023-06-25,Oxon Hill,MD,Parsons Corporation,parsons.com,,,,,,,,
The Electro-Mechanical Authority (EASA) Conventions + Solutions Expo 2023,The Electro-Mechanical Authority (EASA) Conventions + Solutions Expo,2023-06-25,Oxon Hill,MD,Sulzer,sulzer.com,,,,,,,,
The Electro-Mechanical Authority (EASA) Conventions + Solutions Expo 2023,The Electro-Mechanical Authority (EASA) Conventions + Solutions Expo,2023-06-25,Oxon Hill,MD,The Timken Company,timken.com,,,,,,,,
The Electro-Mechanical Authority (EASA) Conventions + Solutions Expo 2023,The Electro-Mechanical Authority (EASA) Conventions + Solutions Expo,2023-06-25,Oxon Hill,MD,Texas A&M University,tamu.edu,,,,,,,,
The Electro-Mechanical Authority (EASA) Conventions + Solutions Expo 2023,The Electro-Mechanical Authority (EASA) Conventions + Solutions Expo,2023-06-25,Oxon Hill,MD,ITT Inc.,itt.com,,,,,,,,
The Electro-Mechanical Authority (EASA) Conventions + Solutions Expo 2023,The Electro-Mechanical Authority (EASA) Conventions + Solutions Expo,2023-06-25,Oxon Hill,MD,Komatsu,komatsu.com,,,,,,,,
The Electro-Mechanical Authority (EASA) Conventions + Solutions Expo 2023,The Electro-Mechanical Authority (EASA) Conventions + Solutions Expo,2023-06-25,Oxon Hill,MD,Advanced Energy,advancedenergy.com,,,,,,,,
The Electro-Mechanical Authority (EASA) Conventions + Solutions Expo 2023,The Electro-Mechanical Authority (EASA) Conventions + Solutions Expo,2023-06-25,Oxon Hill,MD,SICK Sensor Intelligence,sick.com,,,,,,,,
The Electro-Mechanical Authority (EASA) Conventions + Solutions Expo 2023,The Electro-Mechanical Authority (EASA) Conventions + Solutions Expo,2023-06-25,Oxon Hill,MD,Federal Bureau of Investigation (FBI),fbi.gov,,,,,,,,
The Electro-Mechanical Authority (EASA) Conventions + Solutions Expo 2023,The Electro-Mechanical Authority (EASA) Conventions + Solutions Expo,2023-06-25,Oxon Hill,MD,JTEKT North America Corporation,jtekt-na.com,,,,,,,,
The Electro-Mechanical Authority (EASA) Conventions + Solutions Expo 2023,The Electro-Mechanical Authority (EASA) Conventions + Solutions Expo,2023-06-25,Oxon Hill,MD,"Santander Bank, N.A.",santanderbank.com,,,,,,,,
The Electro-Mechanical Authority (EASA) Conventions + Solutions Expo 2023,The Electro-Mechanical Authority (EASA) Conventions + Solutions Expo,2023-06-25,Oxon Hill,MD,George Mason University,gmu.edu,,,,,,,,
The Electro-Mechanical Authority (EASA) Conventions + Solutions Expo 2023,The Electro-Mechanical Authority (EASA) Conventions + Solutions Expo,2023-06-25,Oxon Hill,MD,Morgan Advanced Materials,morganadvancedmaterials.com,,,,,,,,
The Electro-Mechanical Authority (EASA) Conventions + Solutions Expo 2023,The Electro-Mechanical Authority (EASA) Conventions + Solutions Expo,2023-06-25,Oxon Hill,MD,Odoo.com,odoo.sh,,,,,,,,
The Electro-Mechanical Authority (EASA) Conventions + Solutions Expo 2023,The Electro-Mechanical Authority (EASA) Conventions + Solutions Expo,2023-06-25,Oxon Hill,MD,Schunk Group,schunk-group.com,,,,,,,,
The Electro-Mechanical Authority (EASA) Conventions + Solutions Expo 2023,The Electro-Mechanical Authority (EASA) Conventions + Solutions Expo,2023-06-25,Oxon Hill,MD,Intertape Polymer Group,itape.com,,,,,,,,
The Electro-Mechanical Authority (EASA) Conventions + Solutions Expo 2023,The Electro-Mechanical Authority (EASA) Conventions + Solutions Expo,2023-06-25,Oxon Hill,MD,Miba AG,miba.com,,,,,,,,
The Electro-Mechanical Authority (EASA) Conventions + Solutions Expo 2023,The Electro-Mechanical Authority (EASA) Conventions + Solutions Expo,2023-06-25,Oxon Hill,MD,"Shermco Industries, Inc.",shermco.com,,,,,,,,
The Electro-Mechanical Authority (EASA) Conventions + Solutions Expo 2023,The Electro-Mechanical Authority (EASA) Conventions + Solutions Expo,2023-06-25,Oxon Hill,MD,NTN Bearing Corporation,ntnamericas.com,,,,,,,,
The Electro-Mechanical Authority (EASA) Conventions + Solutions Expo 2023,The Electro-Mechanical Authority (EASA) Conventions + Solutions Expo,2023-06-25,Oxon Hill,MD,CG Power and Industrial Solutions Limited,cgglobal.com,,,,,,,,
The Electro-Mechanical Authority (EASA) Conventions + Solutions Expo 2023,The Electro-Mechanical Authority (EASA) Conventions + Solutions Expo,2023-06-25,Oxon Hill,MD,DELFINGEN,delfingen.com,,,,,,,,
The Electro-Mechanical Authority (EASA) Conventions + Solutions Expo 2023,The Electro-Mechanical Authority (EASA) Conventions + Solutions Expo,2023-06-25,Oxon Hill,MD,IPL Global,iplglobal.com,,,,,,,,
The Electro-Mechanical Authority (EASA) Conventions + Solutions Expo 2023,The Electro-Mechanical Authority (EASA) Conventions + Solutions Expo,2023-06-25,Oxon Hill,MD,International Finance Corporation (IFC),ifc.org,,,,,,,,
The Electro-Mechanical Authority (EASA) Conventions + Solutions Expo 2023,The Electro-Mechanical Authority (EASA) Conventions + Solutions Expo,2023-06-25,Oxon Hill,MD,Rexnord,rexnord.com,,,,,,,,
The Electro-Mechanical Authority (EASA) Conventions + Solutions Expo 2023,The Electro-Mechanical Authority (EASA) Conventions + Solutions Expo,2023-06-25,Oxon Hill,MD,Innomotics,innomotics.com,,,,,,,,
The Electro-Mechanical Authority (EASA) Conventions + Solutions Expo 2023,The Electro-Mechanical Authority (EASA) Conventions + Solutions Expo,2023-06-25,Oxon Hill,MD,Megger Group Limited,megger.com,,,,,,,,
The Electro-Mechanical Authority (EASA) Conventions + Solutions Expo 2023,The Electro-Mechanical Authority (EASA) Conventions + Solutions Expo,2023-06-25,Oxon Hill,MD,WSFS Bank,wsfsbank.com,,,,,,,,
The Electro-Mechanical Authority (EASA) Conventions + Solutions Expo 2023,The Electro-Mechanical Authority (EASA) Conventions + Solutions Expo,2023-06-25,Oxon Hill,MD,Victrex plc,victrex.com,,,,,,,,
The Electro-Mechanical Authority (EASA) Conventions + Solutions Expo 2023,The Electro-Mechanical Authority (EASA) Conventions + Solutions Expo,2023-06-25,Oxon Hill,MD,"EIS Legacy, LLC",eis-inc.com,,,,,,,,
The Electro-Mechanical Authority (EASA) Conventions + Solutions Expo 2023,The Electro-Mechanical Authority (EASA) Conventions + Solutions Expo,2023-06-25,Oxon Hill,MD,Sensirion,sensirion.com,,,,,,,,
The Electro-Mechanical Authority (EASA) Conventions + Solutions Expo 2023,The Electro-Mechanical Authority (EASA) Conventions + Solutions Expo,2023-06-25,Oxon Hill,MD,Qintess,qintess.com,,,,,,,,
The Electro-Mechanical Authority (EASA) Conventions + Solutions Expo 2023,The Electro-Mechanical Authority (EASA) Conventions + Solutions Expo,2023-06-25,Oxon Hill,MD,ISOVOLTA Group,isovolta.com,,,,,,,,
The Electro-Mechanical Authority (EASA) Conventions + Solutions Expo 2023,The Electro-Mechanical Authority (EASA) Conventions + Solutions Expo,2023-06-25,Oxon Hill,MD,"Marmon Holdings, Inc.",marmon.com,,,,,,,,
The Electro-Mechanical Authority (EASA) Conventions + Solutions Expo 2023,The Electro-Mechanical Authority (EASA) Conventions + Solutions Expo,2023-06-25,Oxon Hill,MD,Ainsworth Inc,ainsworth.com,,,,,,,,
The Electro-Mechanical Authority (EASA) Conventions + Solutions Expo 2023,The Electro-Mechanical Authority (EASA) Conventions + Solutions Expo,2023-06-25,Oxon Hill,MD,"Elantas Pdg, Inc.",elantas.com,,,,,,,,
The Electro-Mechanical Authority (EASA) Conventions + Solutions Expo 2023,The Electro-Mechanical Authority (EASA) Conventions + Solutions Expo,2023-06-25,Oxon Hill,MD,OTC Industrial Technologies,otcindustrial.com,,,,,,,,
The Electro-Mechanical Authority (EASA) Conventions + Solutions Expo 2023,The Electro-Mechanical Authority (EASA) Conventions + Solutions Expo,2023-06-25,Oxon Hill,MD,Trade-Mark Industrial Inc.,trade-markind.com,,,,,,,,
The Electro-Mechanical Authority (EASA) Conventions + Solutions Expo 2023,The Electro-Mechanical Authority (EASA) Conventions + Solutions Expo,2023-06-25,Oxon Hill,MD,University of Arkansas - Fort Smith,uafs.edu,,,,,,,,
The Electro-Mechanical Authority (EASA) Conventions + Solutions Expo 2023,The Electro-Mechanical Authority (EASA) Conventions + Solutions Expo,2023-06-25,Oxon Hill,MD,Marsilli S.p.A,marsilli.com,,,,,,,,
The Electro-Mechanical Authority (EASA) Conventions + Solutions Expo 2023,The Electro-Mechanical Authority (EASA) Conventions + Solutions Expo,2023-06-25,Oxon Hill,MD,"HD Hyundai Electric Co., Ltd.",hd-hyundaielectric.com,,,,,,,,
The Electro-Mechanical Authority (EASA) Conventions + Solutions Expo 2023,The Electro-Mechanical Authority (EASA) Conventions + Solutions Expo,2023-06-25,Oxon Hill,MD,Toshiba Corporation.,toshiba.com,,,,,,,,
The Electro-Mechanical Authority (EASA) Conventions + Solutions Expo 2023,The Electro-Mechanical Authority (EASA) Conventions + Solutions Expo,2023-06-25,Oxon Hill,MD,InnovaCare Health,innovacarehealth.com,,,,,,,,
The Electro-Mechanical Authority (EASA) Conventions + Solutions Expo 2023,The Electro-Mechanical Authority (EASA) Conventions + Solutions Expo,2023-06-25,Oxon Hill,MD,Kübler Group,kuebler.com,,,,,,,,
The Electro-Mechanical Authority (EASA) Conventions + Solutions Expo 2023,The Electro-Mechanical Authority (EASA) Conventions + Solutions Expo,2023-06-25,Oxon Hill,MD,"FLANDERS, Inc.",flandersinc.com,,,,,,,,
The Electro-Mechanical Authority (EASA) Conventions + Solutions Expo 2023,The Electro-Mechanical Authority (EASA) Conventions + Solutions Expo,2023-06-25,Oxon Hill,MD,National Electric Coil,national-electric-coil.com,,,,,,,,
The Electro-Mechanical Authority (EASA) Conventions + Solutions Expo 2023,The Electro-Mechanical Authority (EASA) Conventions + Solutions Expo,2023-06-25,Oxon Hill,MD,"Demco, Inc.",demco.com,,,,,,,,
The Electro-Mechanical Authority (EASA) Conventions + Solutions Expo 2023,The Electro-Mechanical Authority (EASA) Conventions + Solutions Expo,2023-06-25,Oxon Hill,MD,"Benshaw, Inc.",benshaw.com,,,,,,,,
The Electro-Mechanical Authority (EASA) Conventions + Solutions Expo 2023,The Electro-Mechanical Authority (EASA) Conventions + Solutions Expo,2023-06-25,Oxon Hill,MD,IEC Holden,iecholden.com,,,,,,,,
The Electro-Mechanical Authority (EASA) Conventions + Solutions Expo 2023,The Electro-Mechanical Authority (EASA) Conventions + Solutions Expo,2023-06-25,Oxon Hill,MD,DiversiTech Corporation,diversitech.com,,,,,,,,
The Electro-Mechanical Authority (EASA) Conventions + Solutions Expo 2023,The Electro-Mechanical Authority (EASA) Conventions + Solutions Expo,2023-06-25,Oxon Hill,MD,Helwig Carbon Products,helwigcarbon.com,,,,,,,,
The Electro-Mechanical Authority (EASA) Conventions + Solutions Expo 2023,The Electro-Mechanical Authority (EASA) Conventions + Solutions Expo,2023-06-25,Oxon Hill,MD,Gettle Incorporated,gettle.com,,,,,,,,
The Electro-Mechanical Authority (EASA) Conventions + Solutions Expo 2023,The Electro-Mechanical Authority (EASA) Conventions + Solutions Expo,2023-06-25,Oxon Hill,MD,Quartzelec Limited,quartzelec.com,,,,,,,,
The Electro-Mechanical Authority (EASA) Conventions + Solutions Expo 2023,The Electro-Mechanical Authority (EASA) Conventions + Solutions Expo,2023-06-25,Oxon Hill,MD,The Gund Company,thegundcompany.com,,,,,,,,
The Electro-Mechanical Authority (EASA) Conventions + Solutions Expo 2023,The Electro-Mechanical Authority (EASA) Conventions + Solutions Expo,2023-06-25,Oxon Hill,MD,Rea Magnet Wire,reawire.com,,,,,,,,
The Electro-Mechanical Authority (EASA) Conventions + Solutions Expo 2023,The Electro-Mechanical Authority (EASA) Conventions + Solutions Expo,2023-06-25,Oxon Hill,MD,Malloy Electric,malloyelectric.com,,,,,,,,
The Electro-Mechanical Authority (EASA) Conventions + Solutions Expo 2023,The Electro-Mechanical Authority (EASA) Conventions + Solutions Expo,2023-06-25,Oxon Hill,MD,Endeavor Business Media,endeavorb2b.com,,,,,,,,
The Electro-Mechanical Authority (EASA) Conventions + Solutions Expo 2023,The Electro-Mechanical Authority (EASA) Conventions + Solutions Expo,2023-06-25,Oxon Hill,MD,Karma Automotive,karmaautomotive.com,,,,,,,,
The Electro-Mechanical Authority (EASA) Conventions + Solutions Expo 2023,The Electro-Mechanical Authority (EASA) Conventions + Solutions Expo,2023-06-25,Oxon Hill,MD,"Brandon & Clark, Inc",brandonclark.com,,,,,YES,campaign-P2,S7,YES
The Electro-Mechanical Authority (EASA) Conventions + Solutions Expo 2023,The Electro-Mechanical Authority (EASA) Conventions + Solutions Expo,2023-06-25,Oxon Hill,MD,Bodine Electric of Decatur,bodinedecatur.com,,,,,,,,
The Electro-Mechanical Authority (EASA) Conventions + Solutions Expo 2023,The Electro-Mechanical Authority (EASA) Conventions + Solutions Expo,2023-06-25,Oxon Hill,MD,JWF Industries,jwfi.com,,,,,,,,
The Electro-Mechanical Authority (EASA) Conventions + Solutions Expo 2023,The Electro-Mechanical Authority (EASA) Conventions + Solutions Expo,2023-06-25,Oxon Hill,MD,"IBT Industrial Solutions, Inc. (IBT)",ibtinc.com,,,,,,,,
The Electro-Mechanical Authority (EASA) Conventions + Solutions Expo 2023,The Electro-Mechanical Authority (EASA) Conventions + Solutions Expo,2023-06-25,Oxon Hill,MD,TECO-Westinghouse,tecowestinghouse.com,,,,,,,,
The Electro-Mechanical Authority (EASA) Conventions + Solutions Expo 2023,The Electro-Mechanical Authority (EASA) Conventions + Solutions Expo,2023-06-25,Oxon Hill,MD,"L & S Electric, Inc.",lselectric.com,,,,,,,,
The Electro-Mechanical Authority (EASA) Conventions + Solutions Expo 2023,The Electro-Mechanical Authority (EASA) Conventions + Solutions Expo,2023-06-25,Oxon Hill,MD,Champlain Cable Corporation,champcable.com,,,,,,,,
The Electro-Mechanical Authority (EASA) Conventions + Solutions Expo 2023,The Electro-Mechanical Authority (EASA) Conventions + Solutions Expo,2023-06-25,Oxon Hill,MD,Jay Industrial Repair,jayindustrial.com,,,,,,,,
The Electro-Mechanical Authority (EASA) Conventions + Solutions Expo 2023,The Electro-Mechanical Authority (EASA) Conventions + Solutions Expo,2023-06-25,Oxon Hill,MD,Affiliated Distributors (AD),adhq.com,,,,,,,,
The Electro-Mechanical Authority (EASA) Conventions + Solutions Expo 2023,The Electro-Mechanical Authority (EASA) Conventions + Solutions Expo,2023-06-25,Oxon Hill,MD,"Electric Motor & Contracting Co., Inc",emc-co.com,,,,,YES,campaign-P2,S7,YES
The Electro-Mechanical Authority (EASA) Conventions + Solutions Expo 2023,The Electro-Mechanical Authority (EASA) Conventions + Solutions Expo,2023-06-25,Oxon Hill,MD,Independent Publishers Group,ipgbook.com,,,,,,,,
The Electro-Mechanical Authority (EASA) Conventions + Solutions Expo 2023,The Electro-Mechanical Authority (EASA) Conventions + Solutions Expo,2023-06-25,Oxon Hill,MD,Horner Industrial Group,hornerindustrial.com,,,,,,,,
The Electro-Mechanical Authority (EASA) Conventions + Solutions Expo 2023,The Electro-Mechanical Authority (EASA) Conventions + Solutions Expo,2023-06-25,Oxon Hill,MD,"Power-Flo Technologies, Inc.",powerflotechnologies.com,,,,,,,,
The Electro-Mechanical Authority (EASA) Conventions + Solutions Expo 2023,The Electro-Mechanical Authority (EASA) Conventions + Solutions Expo,2023-06-25,Oxon Hill,MD,Hupp Electric Motors,hupp-electric.com,,,,,,,,
The Electro-Mechanical Authority (EASA) Conventions + Solutions Expo 2023,The Electro-Mechanical Authority (EASA) Conventions + Solutions Expo,2023-06-25,Oxon Hill,MD,B & D Industrial,bdindustrial.com,,,,,,,,
The Electro-Mechanical Authority (EASA) Conventions + Solutions Expo 2023,The Electro-Mechanical Authority (EASA) Conventions + Solutions Expo,2023-06-25,Oxon Hill,MD,WorldWide Electric Corp.,worldwideelectric.com,,,,,,,,
The Electro-Mechanical Authority (EASA) Conventions + Solutions Expo 2023,The Electro-Mechanical Authority (EASA) Conventions + Solutions Expo,2023-06-25,Oxon Hill,MD,Hi-Speed Industrial Service,gohispeed.com,,,,,YES,campaign-P2,S7,YES
The Electro-Mechanical Authority (EASA) Conventions + Solutions Expo 2023,The Electro-Mechanical Authority (EASA) Conventions + Solutions Expo,2023-06-25,Oxon Hill,MD,City of Schenectady,cityofschenectady.gov,,,,,,,,
The Electro-Mechanical Authority (EASA) Conventions + Solutions Expo 2023,The Electro-Mechanical Authority (EASA) Conventions + Solutions Expo,2023-06-25,Oxon Hill,MD,MTE Corporation,mtecorp.com,,,,,,,,
The Electro-Mechanical Authority (EASA) Conventions + Solutions Expo 2023,The Electro-Mechanical Authority (EASA) Conventions + Solutions Expo,2023-06-25,Oxon Hill,MD,Alabama Specialty Product,alspi.com,,,,,,,,
The Electro-Mechanical Authority (EASA) Conventions + Solutions Expo 2023,The Electro-Mechanical Authority (EASA) Conventions + Solutions Expo,2023-06-25,Oxon Hill,MD,Preformed Windings Limited,preformedwindings.com,,,,,,,,
The Electro-Mechanical Authority (EASA) Conventions + Solutions Expo 2023,The Electro-Mechanical Authority (EASA) Conventions + Solutions Expo,2023-06-25,Oxon Hill,MD,Protecht Group,protechtgroup.com,,,,,,,,
The Electro-Mechanical Authority (EASA) Conventions + Solutions Expo 2023,The Electro-Mechanical Authority (EASA) Conventions + Solutions Expo,2023-06-25,Oxon Hill,MD,"Haysite Reinforced Plastics, LLC",haysite.com,,,,,,,,
The Electro-Mechanical Authority (EASA) Conventions + Solutions Expo 2023,The Electro-Mechanical Authority (EASA) Conventions + Solutions Expo,2023-06-25,Oxon Hill,MD,"KCF Technologies, Inc.",kcftech.com,,,,,,,,
The Electro-Mechanical Authority (EASA) Conventions + Solutions Expo 2023,The Electro-Mechanical Authority (EASA) Conventions + Solutions Expo,2023-06-25,Oxon Hill,MD,Skyline Electric Company,skyline.us,,,,,,,,
The Electro-Mechanical Authority (EASA) Conventions + Solutions Expo 2023,The Electro-Mechanical Authority (EASA) Conventions + Solutions Expo,2023-06-25,Oxon Hill,MD,Blue Technologies,btohio.com,,,,,,,,
The Electro-Mechanical Authority (EASA) Conventions + Solutions Expo 2023,The Electro-Mechanical Authority (EASA) Conventions + Solutions Expo,2023-06-25,Oxon Hill,MD,Eastern Industrial Automation,easternia.com,,,,,,,,
The Electro-Mechanical Authority (EASA) Conventions + Solutions Expo 2023,The Electro-Mechanical Authority (EASA) Conventions + Solutions Expo,2023-06-25,Oxon Hill,MD,RAM Motors & Controls,rammotors.com,,,,,,,,
The Electro-Mechanical Authority (EASA) Conventions + Solutions Expo 2023,The Electro-Mechanical Authority (EASA) Conventions + Solutions Expo,2023-06-25,Oxon Hill,MD,Nachi America Inc.,nachiamerica.com,,,,,,,,
The Electro-Mechanical Authority (EASA) Conventions + Solutions Expo 2023,The Electro-Mechanical Authority (EASA) Conventions + Solutions Expo,2023-06-25,Oxon Hill,MD,Essex Brownell,essexbrownell.com,,,,,,,,
The Electro-Mechanical Authority (EASA) Conventions + Solutions Expo 2023,The Electro-Mechanical Authority (EASA) Conventions + Solutions Expo,2023-06-25,Oxon Hill,MD,"Wingard & Company, Inc.",wingardaerospace.com,,,,,,,,
The Electro-Mechanical Authority (EASA) Conventions + Solutions Expo 2023,The Electro-Mechanical Authority (EASA) Conventions + Solutions Expo,2023-06-25,Oxon Hill,MD,Abbott,abbott-pm.com,,,,,,,,
The Electro-Mechanical Authority (EASA) Conventions + Solutions Expo 2023,The Electro-Mechanical Authority (EASA) Conventions + Solutions Expo,2023-06-25,Oxon Hill,MD,Godfrey & Wing Inc.,godfreywing.com,,,,,,,,
The Electro-Mechanical Authority (EASA) Conventions + Solutions Expo 2023,The Electro-Mechanical Authority (EASA) Conventions + Solutions Expo,2023-06-25,Oxon Hill,MD,EMR,emrco.com,"Rosedale, MD",186,Bootstrapped,1943,,,,
The Electro-Mechanical Authority (EASA) Conventions + Solutions Expo 2023,The Electro-Mechanical Authority (EASA) Conventions + Solutions Expo,2023-06-25,Oxon Hill,MD,Brehob Corporation,brehob.com,"Indianapolis, IN",179,Bootstrapped,1969,,,,
The Electro-Mechanical Authority (EASA) Conventions + Solutions Expo 2023,The Electro-Mechanical Authority (EASA) Conventions + Solutions Expo,2023-06-25,Oxon Hill,MD,Electron Energy Corporation,electronenergy.com,"Landisville, PA",175,Private Subsidiary,1970,,,,
The Electro-Mechanical Authority (EASA) Conventions + Solutions Expo 2023,The Electro-Mechanical Authority (EASA) Conventions + Solutions Expo,2023-06-25,Oxon Hill,MD,"Motor Technology, Inc.",motortechnologyinc.com,"York, PA",172,Public Subsidiary,1980,YES,master-P1,S7,
The Electro-Mechanical Authority (EASA) Conventions + Solutions Expo 2023,The Electro-Mechanical Authority (EASA) Conventions + Solutions Expo,2023-06-25,Oxon Hill,MD,Baldwin Supply Co.,baldwinsupply.com,"Plymouth, MN",170,Bootstrapped,1920,,,,
The Electro-Mechanical Authority (EASA) Conventions + Solutions Expo 2023,The Electro-Mechanical Authority (EASA) Conventions + Solutions Expo,2023-06-25,Oxon Hill,MD,"Windings, Inc.",windings.com,,,,,,,,
The Electro-Mechanical Authority (EASA) Conventions + Solutions Expo 2023,The Electro-Mechanical Authority (EASA) Conventions + Solutions Expo,2023-06-25,Oxon Hill,MD,"Sun Capital Partners, Inc.",suncappart.com,,,,,,,,
The Electro-Mechanical Authority (EASA) Conventions + Solutions Expo 2023,The Electro-Mechanical Authority (EASA) Conventions + Solutions Expo,2023-06-25,Oxon Hill,MD,Von Roll,vonroll.com,,,,,,,,
The Electro-Mechanical Authority (EASA) Conventions + Solutions Expo 2023,The Electro-Mechanical Authority (EASA) Conventions + Solutions Expo,2023-06-25,Oxon Hill,MD,Three D Metals,threedmetals.com,,,,,,,,
The Electro-Mechanical Authority (EASA) Conventions + Solutions Expo 2023,The Electro-Mechanical Authority (EASA) Conventions + Solutions Expo,2023-06-25,Oxon Hill,MD,Electric Motor Shop,electricmotorshop.com,,,,,YES,campaign-P2,S7,YES
The Electro-Mechanical Authority (EASA) Conventions + Solutions Expo 2023,The Electro-Mechanical Authority (EASA) Conventions + Solutions Expo,2023-06-25,Oxon Hill,MD,HECO,hecoinc.com,,,,,YES,master-DQ,S7,
The Electro-Mechanical Authority (EASA) Conventions + Solutions Expo 2023,The Electro-Mechanical Authority (EASA) Conventions + Solutions Expo,2023-06-25,Oxon Hill,MD,Electro Static Technology,est-aegis.com,,,,,,,,
The Electro-Mechanical Authority (EASA) Conventions + Solutions Expo 2023,The Electro-Mechanical Authority (EASA) Conventions + Solutions Expo,2023-06-25,Oxon Hill,MD,"Bartlett Bearing Company, Inc.",bartlettbearing.com,,,,,,,,
The Electro-Mechanical Authority (EASA) Conventions + Solutions Expo 2023,The Electro-Mechanical Authority (EASA) Conventions + Solutions Expo,2023-06-25,Oxon Hill,MD,Atlas Fibre,atlasfibre.com,,,,,,,,
The Electro-Mechanical Authority (EASA) Conventions + Solutions Expo 2023,The Electro-Mechanical Authority (EASA) Conventions + Solutions Expo,2023-06-25,Oxon Hill,MD,RJW Engineering,rjweng.com,,,,,,,,
The Electro-Mechanical Authority (EASA) Conventions + Solutions Expo 2023,The Electro-Mechanical Authority (EASA) Conventions + Solutions Expo,2023-06-25,Oxon Hill,MD,The Electric Materials Company,elecmat.com,,,,,,,,
The Electro-Mechanical Authority (EASA) Conventions + Solutions Expo 2023,The Electro-Mechanical Authority (EASA) Conventions + Solutions Expo,2023-06-25,Oxon Hill,MD,"Dykman Electrical, Inc.",dykman.com,,,,,,,,
The Electro-Mechanical Authority (EASA) Conventions + Solutions Expo 2023,The Electro-Mechanical Authority (EASA) Conventions + Solutions Expo,2023-06-25,Oxon Hill,MD,Etheredge Industrial Services,eecmotor.com,,,,,YES,campaign-P2,S7,YES
The Electro-Mechanical Authority (EASA) Conventions + Solutions Expo 2023,The Electro-Mechanical Authority (EASA) Conventions + Solutions Expo,2023-06-25,Oxon Hill,MD,Illinois Electric Works Inc.,illinoiselectric.com,,,,,,,,
The Electro-Mechanical Authority (EASA) Conventions + Solutions Expo 2023,The Electro-Mechanical Authority (EASA) Conventions + Solutions Expo,2023-06-25,Oxon Hill,MD,"Flex-A-Seal, Inc.",flexaseal.com,,,,,,,,
The Electro-Mechanical Authority (EASA) Conventions + Solutions Expo 2023,The Electro-Mechanical Authority (EASA) Conventions + Solutions Expo,2023-06-25,Oxon Hill,MD,Hansford Sensors Ltd,hansfordsensors.com,,,,,,,,
The Electro-Mechanical Authority (EASA) Conventions + Solutions Expo 2023,The Electro-Mechanical Authority (EASA) Conventions + Solutions Expo,2023-06-25,Oxon Hill,MD,"Cole Tech, Inc.",coleelectricms.com,,,,,YES,campaign-P2,S7,YES
The Electro-Mechanical Authority (EASA) Conventions + Solutions Expo 2023,The Electro-Mechanical Authority (EASA) Conventions + Solutions Expo,2023-06-25,Oxon Hill,MD,Tristate Armature,tristatearmature.com,,,,,,,,
The Electro-Mechanical Authority (EASA) Conventions + Solutions Expo 2023,The Electro-Mechanical Authority (EASA) Conventions + Solutions Expo,2023-06-25,Oxon Hill,MD,Ireland Electric Corporation,irelandelectriccorp.com,,,,,YES,ben-A,Commercial & industrial contracting,YES
The Electro-Mechanical Authority (EASA) Conventions + Solutions Expo 2023,The Electro-Mechanical Authority (EASA) Conventions + Solutions Expo,2023-06-25,Oxon Hill,MD,Relayr,relayr.io,,,,,,,,
The Electro-Mechanical Authority (EASA) Conventions + Solutions Expo 2023,The Electro-Mechanical Authority (EASA) Conventions + Solutions Expo,2023-06-25,Oxon Hill,MD,Precision Electric Motor Sales,pemsmotors.com,,,,,,,,
The Electro-Mechanical Authority (EASA) Conventions + Solutions Expo 2023,The Electro-Mechanical Authority (EASA) Conventions + Solutions Expo,2023-06-25,Oxon Hill,MD,Hibbs ElectroMechanical Inc.,hibbsinc.com,,,,,YES,campaign-P2,S7,YES
The Electro-Mechanical Authority (EASA) Conventions + Solutions Expo 2023,The Electro-Mechanical Authority (EASA) Conventions + Solutions Expo,2023-06-25,Oxon Hill,MD,"STH, Inc",sthinc.com,,,,,,,,
The Electro-Mechanical Authority (EASA) Conventions + Solutions Expo 2023,The Electro-Mechanical Authority (EASA) Conventions + Solutions Expo,2023-06-25,Oxon Hill,MD,Control Concepts Inc.,ccipower.com,,,,,,,,
The Electro-Mechanical Authority (EASA) Conventions + Solutions Expo 2023,The Electro-Mechanical Authority (EASA) Conventions + Solutions Expo,2023-06-25,Oxon Hill,MD,Acoem USA,acoem.us,,,,,,,,
The Electro-Mechanical Authority (EASA) Conventions + Solutions Expo 2023,The Electro-Mechanical Authority (EASA) Conventions + Solutions Expo,2023-06-25,Oxon Hill,MD,Jenkins Electric Company,jenkinselectric.com,,,,,YES,campaign-P2,S7,YES
The Electro-Mechanical Authority (EASA) Conventions + Solutions Expo 2023,The Electro-Mechanical Authority (EASA) Conventions + Solutions Expo,2023-06-25,Oxon Hill,MD,Longo Electrical-Mechanical Inc.,elongo.com,,,,,YES,master-P1,S7,
The Electro-Mechanical Authority (EASA) Conventions + Solutions Expo 2023,The Electro-Mechanical Authority (EASA) Conventions + Solutions Expo,2023-06-25,Oxon Hill,MD,Parts Super Center,partssupercenter.com,,,,,,,,
The Electro-Mechanical Authority (EASA) Conventions + Solutions Expo 2023,The Electro-Mechanical Authority (EASA) Conventions + Solutions Expo,2023-06-25,Oxon Hill,MD,HeatTek Inc.,heattek.com,,,,,,,,
The Electro-Mechanical Authority (EASA) Conventions + Solutions Expo 2023,The Electro-Mechanical Authority (EASA) Conventions + Solutions Expo,2023-06-25,Oxon Hill,MD,MROSupply.com,mrosupply.com,,,,,,,,
The Electro-Mechanical Authority (EASA) Conventions + Solutions Expo 2023,The Electro-Mechanical Authority (EASA) Conventions + Solutions Expo,2023-06-25,Oxon Hill,MD,Treon,treon.fi,,,,,,,,
The Electro-Mechanical Authority (EASA) Conventions + Solutions Expo 2023,The Electro-Mechanical Authority (EASA) Conventions + Solutions Expo,2023-06-25,Oxon Hill,MD,Ems Industrial Inc,emsindustrial.com,,,,,YES,campaign-P2,S7,YES
The Electro-Mechanical Authority (EASA) Conventions + Solutions Expo 2023,The Electro-Mechanical Authority (EASA) Conventions + Solutions Expo,2023-06-25,Oxon Hill,MD,Ideal Electric Company,theidealelectric.com,,,,,,,,
The Electro-Mechanical Authority (EASA) Conventions + Solutions Expo 2023,The Electro-Mechanical Authority (EASA) Conventions + Solutions Expo,2023-06-25,Oxon Hill,MD,"Cutsforth, Inc.",cutsforth.com,,,,,,,,
The Electro-Mechanical Authority (EASA) Conventions + Solutions Expo 2023,The Electro-Mechanical Authority (EASA) Conventions + Solutions Expo,2023-06-25,Oxon Hill,MD,"Midwest Service Center, LLC.",midwestservicecenter.com,,,,,,,,
The Electro-Mechanical Authority (EASA) Conventions + Solutions Expo 2023,The Electro-Mechanical Authority (EASA) Conventions + Solutions Expo,2023-06-25,Oxon Hill,MD,Layco Electric Innovations,lei-corp.com,,,,,,,,
The Electro-Mechanical Authority (EASA) Conventions + Solutions Expo 2023,The Electro-Mechanical Authority (EASA) Conventions + Solutions Expo,2023-06-25,Oxon Hill,MD,"Benko Products, Inc.",benkoproducts.com,,,,,,,,
The Electro-Mechanical Authority (EASA) Conventions + Solutions Expo 2023,The Electro-Mechanical Authority (EASA) Conventions + Solutions Expo,2023-06-25,Oxon Hill,MD,Potomac Testing,potomactesting.com,,,,,,,,
The Electro-Mechanical Authority (EASA) Conventions + Solutions Expo 2023,The Electro-Mechanical Authority (EASA) Conventions + Solutions Expo,2023-06-25,Oxon Hill,MD,York Repair Inc.,yorkrepair.com,,,,,YES,campaign-P2,S7,YES
The Electro-Mechanical Authority (EASA) Conventions + Solutions Expo 2023,The Electro-Mechanical Authority (EASA) Conventions + Solutions Expo,2023-06-25,Oxon Hill,MD,Precision Coil & Rotor,pecoil.com,,,,,,,,
The Electro-Mechanical Authority (EASA) Conventions + Solutions Expo 2023,The Electro-Mechanical Authority (EASA) Conventions + Solutions Expo,2023-06-25,Oxon Hill,MD,Kurz Industrial Solutions,kurz.com,,,,,,,,
The Electro-Mechanical Authority (EASA) Conventions + Solutions Expo 2023,The Electro-Mechanical Authority (EASA) Conventions + Solutions Expo,2023-06-25,Oxon Hill,MD,"North American Electric, Inc.",naemotors.com,,,,,,,,
The Electro-Mechanical Authority (EASA) Conventions + Solutions Expo 2023,The Electro-Mechanical Authority (EASA) Conventions + Solutions Expo,2023-06-25,Oxon Hill,MD,"Bonitron, Inc.",bonitron.com,,,,,,,,
The Electro-Mechanical Authority (EASA) Conventions + Solutions Expo 2023,The Electro-Mechanical Authority (EASA) Conventions + Solutions Expo,2023-06-25,Oxon Hill,MD,Ener-Tel Services,ener-tel.com,,,,,,,,
The Electro-Mechanical Authority (EASA) Conventions + Solutions Expo 2023,The Electro-Mechanical Authority (EASA) Conventions + Solutions Expo,2023-06-25,Oxon Hill,MD,Kencoil,kencoil.com,,,,,,,,
The Electro-Mechanical Authority (EASA) Conventions + Solutions Expo 2023,The Electro-Mechanical Authority (EASA) Conventions + Solutions Expo,2023-06-25,Oxon Hill,MD,"Red Stick Armature Works, Inc.",rsaworks.com,,,,,,,,
The Electro-Mechanical Authority (EASA) Conventions + Solutions Expo 2023,The Electro-Mechanical Authority (EASA) Conventions + Solutions Expo,2023-06-25,Oxon Hill,MD,E & I Sales Co.,eandisales.com,,,,,,,,
The Electro-Mechanical Authority (EASA) Conventions + Solutions Expo 2023,The Electro-Mechanical Authority (EASA) Conventions + Solutions Expo,2023-06-25,Oxon Hill,MD,"Bradleys, Inc.",bradleysmotors.com,,,,,YES,campaign-P2,S7,YES
The Electro-Mechanical Authority (EASA) Conventions + Solutions Expo 2023,The Electro-Mechanical Authority (EASA) Conventions + Solutions Expo,2023-06-25,Oxon Hill,MD,KJ Electric,kjelectric.com,,,,,,,,
The Electro-Mechanical Authority (EASA) Conventions + Solutions Expo 2023,The Electro-Mechanical Authority (EASA) Conventions + Solutions Expo,2023-06-25,Oxon Hill,MD,"Eldec, Llc",inductionheatingexperts.com,,,,,,,,
The Electro-Mechanical Authority (EASA) Conventions + Solutions Expo 2023,The Electro-Mechanical Authority (EASA) Conventions + Solutions Expo,2023-06-25,Oxon Hill,MD,"Allen's Electric Motor Service, Inc.",allenselectricmotors.com,,,,,YES,campaign-P2,S7,YES
The Electro-Mechanical Authority (EASA) Conventions + Solutions Expo 2023,The Electro-Mechanical Authority (EASA) Conventions + Solutions Expo,2023-06-25,Oxon Hill,MD,Independent Electric Machinery Company,iemco.com,,,,,YES,campaign-P2,S7,YES
The Electro-Mechanical Authority (EASA) Conventions + Solutions Expo 2023,The Electro-Mechanical Authority (EASA) Conventions + Solutions Expo,2023-06-25,Oxon Hill,MD,"Advanced Rotors, Inc.",advrotors.com,,,,,,,,
The Electro-Mechanical Authority (EASA) Conventions + Solutions Expo 2023,The Electro-Mechanical Authority (EASA) Conventions + Solutions Expo,2023-06-25,Oxon Hill,MD,"Ludeca, Inc.",ludeca.com,,,,,YES,valDQ-review,?,
The Electro-Mechanical Authority (EASA) Conventions + Solutions Expo 2023,The Electro-Mechanical Authority (EASA) Conventions + Solutions Expo,2023-06-25,Oxon Hill,MD,"Force Control Industries, Inc.",forcecontrol.com,,,,,,,,
The Electro-Mechanical Authority (EASA) Conventions + Solutions Expo 2023,The Electro-Mechanical Authority (EASA) Conventions + Solutions Expo,2023-06-25,Oxon Hill,MD,Electric Motor Shop of Wake Forest,electricmotorshopnc.com,,,,,YES,campaign-P2,S7,
The Electro-Mechanical Authority (EASA) Conventions + Solutions Expo 2023,The Electro-Mechanical Authority (EASA) Conventions + Solutions Expo,2023-06-25,Oxon Hill,MD,Mohawk Industries,mohawkind.com,,,,,,,,
The Electro-Mechanical Authority (EASA) Conventions + Solutions Expo 2023,The Electro-Mechanical Authority (EASA) Conventions + Solutions Expo,2023-06-25,Oxon Hill,MD,Kirkwood Holding,kirkwoodholding.com,,,,,,,,
The Electro-Mechanical Authority (EASA) Conventions + Solutions Expo 2023,The Electro-Mechanical Authority (EASA) Conventions + Solutions Expo,2023-06-25,Oxon Hill,MD,AEMC Instruments,aemc.com,,,,,,,,
The Electro-Mechanical Authority (EASA) Conventions + Solutions Expo 2023,The Electro-Mechanical Authority (EASA) Conventions + Solutions Expo,2023-06-25,Oxon Hill,MD,Bearing Service Inc.,bearingservice.com,,,,,,,,
The Electro-Mechanical Authority (EASA) Conventions + Solutions Expo 2023,The Electro-Mechanical Authority (EASA) Conventions + Solutions Expo,2023-06-25,Oxon Hill,MD,Coil Manufacturing Inc,cmicoil.com,,,,,,,,
The Electro-Mechanical Authority (EASA) Conventions + Solutions Expo 2023,The Electro-Mechanical Authority (EASA) Conventions + Solutions Expo,2023-06-25,Oxon Hill,MD,Volland Electric Equipment Corp.,volland.com,,,,,YES,campaign-P2,S7,YES
The Electro-Mechanical Authority (EASA) Conventions + Solutions Expo 2023,The Electro-Mechanical Authority (EASA) Conventions + Solutions Expo,2023-06-25,Oxon Hill,MD,The Flolo Corporation,flolo.com,,,,,YES,campaign-P2,S7,YES
The Electro-Mechanical Authority (EASA) Conventions + Solutions Expo 2023,The Electro-Mechanical Authority (EASA) Conventions + Solutions Expo,2023-06-25,Oxon Hill,MD,Experience AI Solutions,experienceaisolutions.com,,,,,,,,
The Electro-Mechanical Authority (EASA) Conventions + Solutions Expo 2023,The Electro-Mechanical Authority (EASA) Conventions + Solutions Expo,2023-06-25,Oxon Hill,MD,"H & N Electric, Power Systems by Timken",hnelectric.com,,,,,,,,
The Electro-Mechanical Authority (EASA) Conventions + Solutions Expo 2023,The Electro-Mechanical Authority (EASA) Conventions + Solutions Expo,2023-06-25,Oxon Hill,MD,"Vaughn Electric Company, Inc.",vaughnelectric.com,,,,,YES,campaign-P2,T4,YES
The Electro-Mechanical Authority (EASA) Conventions + Solutions Expo 2023,The Electro-Mechanical Authority (EASA) Conventions + Solutions Expo,2023-06-25,Oxon Hill,MD,Warwood Armature,warwoodarmature.com,,,,,,,,
The Electro-Mechanical Authority (EASA) Conventions + Solutions Expo 2023,The Electro-Mechanical Authority (EASA) Conventions + Solutions Expo,2023-06-25,Oxon Hill,MD,Odyssey Investment Partners,odysseyinvestment.com,,,,,,,,
The Electro-Mechanical Authority (EASA) Conventions + Solutions Expo 2023,The Electro-Mechanical Authority (EASA) Conventions + Solutions Expo,2023-06-25,Oxon Hill,MD,"Astro Chemical Company, Inc.",astrochemical.com,,,,,,,,
The Electro-Mechanical Authority (EASA) Conventions + Solutions Expo 2023,The Electro-Mechanical Authority (EASA) Conventions + Solutions Expo,2023-06-25,Oxon Hill,MD,Techtop Industries,techtopind.com,,,,,,,,
The Electro-Mechanical Authority (EASA) Conventions + Solutions Expo 2023,The Electro-Mechanical Authority (EASA) Conventions + Solutions Expo,2023-06-25,Oxon Hill,MD,SCANCON Encoders A/S,scancon.dk,,,,,,,,
The Electro-Mechanical Authority (EASA) Conventions + Solutions Expo 2023,The Electro-Mechanical Authority (EASA) Conventions + Solutions Expo,2023-06-25,Oxon Hill,MD,Walco Electric,walcokip.com,,,,,YES,campaign-P2,S7,YES
The Electro-Mechanical Authority (EASA) Conventions + Solutions Expo 2023,The Electro-Mechanical Authority (EASA) Conventions + Solutions Expo,2023-06-25,Oxon Hill,MD,"Transply, Inc.",transply.com,,,,,,,,
The Electro-Mechanical Authority (EASA) Conventions + Solutions Expo 2023,The Electro-Mechanical Authority (EASA) Conventions + Solutions Expo,2023-06-25,Oxon Hill,MD,"Colwell Banker Rector Phillips Morse, Inc.",cbrpm.com,,,,,,,,
The Electro-Mechanical Authority (EASA) Conventions + Solutions Expo 2023,The Electro-Mechanical Authority (EASA) Conventions + Solutions Expo,2023-06-25,Oxon Hill,MD,"Industrial Electric Motor Service, Inc.",iemsbr.com,,,,,YES,campaign-P2,S7,YES
The Electro-Mechanical Authority (EASA) Conventions + Solutions Expo 2023,The Electro-Mechanical Authority (EASA) Conventions + Solutions Expo,2023-06-25,Oxon Hill,MD,"Scott Armature, LLC",scottarm.com,,,,,YES,campaign-P2,S7,YES
The Electro-Mechanical Authority (EASA) Conventions + Solutions Expo 2023,The Electro-Mechanical Authority (EASA) Conventions + Solutions Expo,2023-06-25,Oxon Hill,MD,Akard Commutator Of Tennessee (Act),act-inc.com,,,,,,,,
The Electro-Mechanical Authority (EASA) Conventions + Solutions Expo 2023,The Electro-Mechanical Authority (EASA) Conventions + Solutions Expo,2023-06-25,Oxon Hill,MD,Sifco ASC,sifcoasc.com,,,,,,,,
The Electro-Mechanical Authority (EASA) Conventions + Solutions Expo 2023,The Electro-Mechanical Authority (EASA) Conventions + Solutions Expo,2023-06-25,Oxon Hill,MD,Rice Electric,rice-electric.com,,,,,,,,
The Electro-Mechanical Authority (EASA) Conventions + Solutions Expo 2023,The Electro-Mechanical Authority (EASA) Conventions + Solutions Expo,2023-06-25,Oxon Hill,MD,RDI Technologies Inc.,rditechnologies.com,,,,,,,,
The Electro-Mechanical Authority (EASA) Conventions + Solutions Expo 2023,The Electro-Mechanical Authority (EASA) Conventions + Solutions Expo,2023-06-25,Oxon Hill,MD,K&N Electric Motors Inc.,knelectric.com,,,,,,,,
The Electro-Mechanical Authority (EASA) Conventions + Solutions Expo 2023,The Electro-Mechanical Authority (EASA) Conventions + Solutions Expo,2023-06-25,Oxon Hill,MD,Redmond Waltz Electric,redmondwaltz.com,,,,,,,,
The Electro-Mechanical Authority (EASA) Conventions + Solutions Expo 2023,The Electro-Mechanical Authority (EASA) Conventions + Solutions Expo,2023-06-25,Oxon Hill,MD,England & Company,englandco.com,,,,,,,,
The Electro-Mechanical Authority (EASA) Conventions + Solutions Expo 2023,The Electro-Mechanical Authority (EASA) Conventions + Solutions Expo,2023-06-25,Oxon Hill,MD,Ofil,ofilsystems.com,,,,,,,,
The Electro-Mechanical Authority (EASA) Conventions + Solutions Expo 2023,The Electro-Mechanical Authority (EASA) Conventions + Solutions Expo,2023-06-25,Oxon Hill,MD,Erbessd Instruments,erbessd-instruments.com,,,,,,,,
The Electro-Mechanical Authority (EASA) Conventions + Solutions Expo 2023,The Electro-Mechanical Authority (EASA) Conventions + Solutions Expo,2023-06-25,Oxon Hill,MD,Bearings & Drives Solutions,bds-usa.net,,,,,,,,
The Electro-Mechanical Authority (EASA) Conventions + Solutions Expo 2023,The Electro-Mechanical Authority (EASA) Conventions + Solutions Expo,2023-06-25,Oxon Hill,MD,"Lubbock Electric Company, LLC",lubbockelectric.com,,,,,,,,
The Electro-Mechanical Authority (EASA) Conventions + Solutions Expo 2023,The Electro-Mechanical Authority (EASA) Conventions + Solutions Expo,2023-06-25,Oxon Hill,MD,Southern Apparatus Services,southernapparatus.com,,,,,YES,campaign-P2,S7,YES
The Electro-Mechanical Authority (EASA) Conventions + Solutions Expo 2023,The Electro-Mechanical Authority (EASA) Conventions + Solutions Expo,2023-06-25,Oxon Hill,MD,Service First Processing,sfprocessing.com,,,,,,,,
The Electro-Mechanical Authority (EASA) Conventions + Solutions Expo 2023,The Electro-Mechanical Authority (EASA) Conventions + Solutions Expo,2023-06-25,Oxon Hill,MD,Nippon Rika,nipponrika.jp,,,,,,,,
The Electro-Mechanical Authority (EASA) Conventions + Solutions Expo 2023,The Electro-Mechanical Authority (EASA) Conventions + Solutions Expo,2023-06-25,Oxon Hill,MD,B+M Industrial,bmindustrial.com,,,,,,,,
The Electro-Mechanical Authority (EASA) Conventions + Solutions Expo 2023,The Electro-Mechanical Authority (EASA) Conventions + Solutions Expo,2023-06-25,Oxon Hill,MD,"Craig Wire Products, LLC",craigwire.com,,,,,,,,
The Electro-Mechanical Authority (EASA) Conventions + Solutions Expo 2023,The Electro-Mechanical Authority (EASA) Conventions + Solutions Expo,2023-06-25,Oxon Hill,MD,Hill's Industrial,hillsindustrial.com,,,,,YES,campaign-P2,S7,YES
The Electro-Mechanical Authority (EASA) Conventions + Solutions Expo 2023,The Electro-Mechanical Authority (EASA) Conventions + Solutions Expo,2023-06-25,Oxon Hill,MD,National Electric Motor & Supply Co.,nemsco.com,,,,,,,,
The Electro-Mechanical Authority (EASA) Conventions + Solutions Expo 2023,The Electro-Mechanical Authority (EASA) Conventions + Solutions Expo,2023-06-25,Oxon Hill,MD,Advanced Energy,advancedenergy.org,,,,,,,,
The Electro-Mechanical Authority (EASA) Conventions + Solutions Expo 2023,The Electro-Mechanical Authority (EASA) Conventions + Solutions Expo,2023-06-25,Oxon Hill,MD,Pollution Control Products Company,pcpconline.com,"Dallas, TX",48,Bootstrapped,1971,,,,
The Electro-Mechanical Authority (EASA) Conventions + Solutions Expo 2023,The Electro-Mechanical Authority (EASA) Conventions + Solutions Expo,2023-06-25,Oxon Hill,MD,Whelco Industrial,whelco.com,"Toledo, OH",48,Bootstrapped,2002,YES,campaign-Nurture,S7,YES
The Electro-Mechanical Authority (EASA) Conventions + Solutions Expo 2023,The Electro-Mechanical Authority (EASA) Conventions + Solutions Expo,2023-06-25,Oxon Hill,MD,SDT International SA/NV,sdtultrasound.com,"Brussels-Capital, Belgium",48,Public Subsidiary,1975,,,,
The Electro-Mechanical Authority (EASA) Conventions + Solutions Expo 2023,The Electro-Mechanical Authority (EASA) Conventions + Solutions Expo,2023-06-25,Oxon Hill,MD,Motor Specialty Inc.,motorspecialty.com,"Racine, WI",48,Bootstrapped,1947,,,,
The Electro-Mechanical Authority (EASA) Conventions + Solutions Expo 2023,The Electro-Mechanical Authority (EASA) Conventions + Solutions Expo,2023-06-25,Oxon Hill,MD,edan,edan.io,"Mounds View, MN",46,Private Subsidiary,2020,,,,
The Electro-Mechanical Authority (EASA) Conventions + Solutions Expo 2023,The Electro-Mechanical Authority (EASA) Conventions + Solutions Expo,2023-06-25,Oxon Hill,MD,Nelson Electric Motor Service,1xrpm.weebly.com,,,,,,,,
The Electro-Mechanical Authority (EASA) Conventions + Solutions Expo 2023,The Electro-Mechanical Authority (EASA) Conventions + Solutions Expo,2023-06-25,Oxon Hill,MD,Midwest Promotional Group,midwestgrp.com,,,,,,,,
The Electro-Mechanical Authority (EASA) Conventions + Solutions Expo 2023,The Electro-Mechanical Authority (EASA) Conventions + Solutions Expo,2023-06-25,Oxon Hill,MD,"Butterfield, Inc.",butterfielddrilling.com,,,,,,,,
The Electro-Mechanical Authority (EASA) Conventions + Solutions Expo 2023,The Electro-Mechanical Authority (EASA) Conventions + Solutions Expo,2023-06-25,Oxon Hill,MD,Pittsburgh Electrical Insulation (PEI),peipittsburgh.com,,,,,,,,
The Electro-Mechanical Authority (EASA) Conventions + Solutions Expo 2023,The Electro-Mechanical Authority (EASA) Conventions + Solutions Expo,2023-06-25,Oxon Hill,MD,"Electrolock, Inc.",electrolock.com,,,,,,,,
The Electro-Mechanical Authority (EASA) Conventions + Solutions Expo 2023,The Electro-Mechanical Authority (EASA) Conventions + Solutions Expo,2023-06-25,Oxon Hill,MD,Holland Industrial,hollandindustrial.com,,,,,YES,master-P3,S7,
The Electro-Mechanical Authority (EASA) Conventions + Solutions Expo 2023,The Electro-Mechanical Authority (EASA) Conventions + Solutions Expo,2023-06-25,Oxon Hill,MD,Powertec,powertecmotors.com,,,,,,,,
The Electro-Mechanical Authority (EASA) Conventions + Solutions Expo 2023,The Electro-Mechanical Authority (EASA) Conventions + Solutions Expo,2023-06-25,Oxon Hill,MD,PdMA Corporation,pdma.com,,,,,,,,
The Electro-Mechanical Authority (EASA) Conventions + Solutions Expo 2023,The Electro-Mechanical Authority (EASA) Conventions + Solutions Expo,2023-06-25,Oxon Hill,MD,Malton Electric Co.,maltonelectric.com,,,,,YES,campaign-P2,S7,YES
The Electro-Mechanical Authority (EASA) Conventions + Solutions Expo 2023,The Electro-Mechanical Authority (EASA) Conventions + Solutions Expo,2023-06-25,Oxon Hill,MD,Gatterdam Industrial Services,gatterdam.com,,,,,,,,
The Electro-Mechanical Authority (EASA) Conventions + Solutions Expo 2023,The Electro-Mechanical Authority (EASA) Conventions + Solutions Expo,2023-06-25,Oxon Hill,MD,InterNational Electrical Testing Association (NETA),netaworld.org,,,,,,,,
The Electro-Mechanical Authority (EASA) Conventions + Solutions Expo 2023,The Electro-Mechanical Authority (EASA) Conventions + Solutions Expo,2023-06-25,Oxon Hill,MD,ICC International,iccinternational.com,,,,,,,,
The Electro-Mechanical Authority (EASA) Conventions + Solutions Expo 2023,The Electro-Mechanical Authority (EASA) Conventions + Solutions Expo,2023-06-25,Oxon Hill,MD,"High Voltage, Inc.",hvinc.com,,,,,,,,
The Electro-Mechanical Authority (EASA) Conventions + Solutions Expo 2023,The Electro-Mechanical Authority (EASA) Conventions + Solutions Expo,2023-06-25,Oxon Hill,MD,"ESR Motor Systems, LLC",esrmotors.com,,,,,,,,
The Electro-Mechanical Authority (EASA) Conventions + Solutions Expo 2023,The Electro-Mechanical Authority (EASA) Conventions + Solutions Expo,2023-06-25,Oxon Hill,MD,Gray Electric,grayelectricco.com,,,,,,,,
The Electro-Mechanical Authority (EASA) Conventions + Solutions Expo 2023,The Electro-Mechanical Authority (EASA) Conventions + Solutions Expo,2023-06-25,Oxon Hill,MD,Apex Industrial Automation,apexindustrialautomation.com,,,,,,,,
The Electro-Mechanical Authority (EASA) Conventions + Solutions Expo 2023,The Electro-Mechanical Authority (EASA) Conventions + Solutions Expo,2023-06-25,Oxon Hill,MD,Pye-Barker Engineered Solutions,pyebarker.com,,,,,,,,
The Electro-Mechanical Authority (EASA) Conventions + Solutions Expo 2023,The Electro-Mechanical Authority (EASA) Conventions + Solutions Expo,2023-06-25,Oxon Hill,MD,"A&W Electric, Inc.",aandwelectric.com,,,,,YES,campaign-P2,T4,YES
The Electro-Mechanical Authority (EASA) Conventions + Solutions Expo 2023,The Electro-Mechanical Authority (EASA) Conventions + Solutions Expo,2023-06-25,Oxon Hill,MD,ABRO Balancing,abrobalancing.com,,,,,,,,
The Electro-Mechanical Authority (EASA) Conventions + Solutions Expo 2023,The Electro-Mechanical Authority (EASA) Conventions + Solutions Expo,2023-06-25,Oxon Hill,MD,"Burford Electric Service, Inc.",burfordinc.com,,,,,YES,campaign-P2,S7,YES
The Electro-Mechanical Authority (EASA) Conventions + Solutions Expo 2023,The Electro-Mechanical Authority (EASA) Conventions + Solutions Expo,2023-06-25,Oxon Hill,MD,"Fusion Babbitting Co., Inc.",fusionbabbitting.com,,,,,,,,
The Electro-Mechanical Authority (EASA) Conventions + Solutions Expo 2023,The Electro-Mechanical Authority (EASA) Conventions + Solutions Expo,2023-06-25,Oxon Hill,MD,Noren Thermal Solutions,norenthermal.com,,,,,,,,
The Electro-Mechanical Authority (EASA) Conventions + Solutions Expo 2023,The Electro-Mechanical Authority (EASA) Conventions + Solutions Expo,2023-06-25,Oxon Hill,MD,CalCo Cutaways,calcocutaways.com,,,,,,,,
The Electro-Mechanical Authority (EASA) Conventions + Solutions Expo 2023,The Electro-Mechanical Authority (EASA) Conventions + Solutions Expo,2023-06-25,Oxon Hill,MD,Northwest Electric,nwelectric.com,,,,,,,,
The Electro-Mechanical Authority (EASA) Conventions + Solutions Expo 2023,The Electro-Mechanical Authority (EASA) Conventions + Solutions Expo,2023-06-25,Oxon Hill,MD,Globaltech Motor & Controls,globaltechmotors.com,,,,,,,,
The Electro-Mechanical Authority (EASA) Conventions + Solutions Expo 2023,The Electro-Mechanical Authority (EASA) Conventions + Solutions Expo,2023-06-25,Oxon Hill,MD,American MTS,americanmts.com,,,,,,,,
The Electro-Mechanical Authority (EASA) Conventions + Solutions Expo 2023,The Electro-Mechanical Authority (EASA) Conventions + Solutions Expo,2023-06-25,Oxon Hill,MD,"Rapa Electric, Inc.",rapaelectric.com,,,,,YES,campaign-P2,S7,YES
The Electro-Mechanical Authority (EASA) Conventions + Solutions Expo 2023,The Electro-Mechanical Authority (EASA) Conventions + Solutions Expo,2023-06-25,Oxon Hill,MD,Square One Electric Motors and Pumps,sqone.com,,,,,YES,campaign-P3,S7,YES
The Electro-Mechanical Authority (EASA) Conventions + Solutions Expo 2023,The Electro-Mechanical Authority (EASA) Conventions + Solutions Expo,2023-06-25,Oxon Hill,MD,CAM Innovation,caminnovation.com,,,,,,,,
The Electro-Mechanical Authority (EASA) Conventions + Solutions Expo 2023,The Electro-Mechanical Authority (EASA) Conventions + Solutions Expo,2023-06-25,Oxon Hill,MD,"Bay Motor Winding, Inc",baymotorwinding.com,,,,,,,,
The Electro-Mechanical Authority (EASA) Conventions + Solutions Expo 2023,The Electro-Mechanical Authority (EASA) Conventions + Solutions Expo,2023-06-25,Oxon Hill,MD,American Gear Manufacturers Association,agma.org,,,,,,,,
The Electro-Mechanical Authority (EASA) Conventions + Solutions Expo 2023,The Electro-Mechanical Authority (EASA) Conventions + Solutions Expo,2023-06-25,Oxon Hill,MD,Industrial Electro Mechanics,iemsavannah.com,,,,,YES,campaign-Nurture,S7,YES
The Electro-Mechanical Authority (EASA) Conventions + Solutions Expo 2023,The Electro-Mechanical Authority (EASA) Conventions + Solutions Expo,2023-06-25,Oxon Hill,MD,CFE Media and Technology,cfemedia.com,,,,,,,,
The Electro-Mechanical Authority (EASA) Conventions + Solutions Expo 2023,The Electro-Mechanical Authority (EASA) Conventions + Solutions Expo,2023-06-25,Oxon Hill,MD,Cahaba Media Group,cahabamedia.com,,,,,,,,
The Electro-Mechanical Authority (EASA) Conventions + Solutions Expo 2023,The Electro-Mechanical Authority (EASA) Conventions + Solutions Expo,2023-06-25,Oxon Hill,MD,Eagle Electric Machinery,eagleelectric.org,,,,,,,,
The Electro-Mechanical Authority (EASA) Conventions + Solutions Expo 2023,The Electro-Mechanical Authority (EASA) Conventions + Solutions Expo,2023-06-25,Oxon Hill,MD,IRD Balancing,irdproducts.com,,,,,,,,
The Electro-Mechanical Authority (EASA) Conventions + Solutions Expo 2023,The Electro-Mechanical Authority (EASA) Conventions + Solutions Expo,2023-06-25,Oxon Hill,MD,Nidec Conversion,nidec-conversion.com,,,,,,,,
The Electro-Mechanical Authority (EASA) Conventions + Solutions Expo 2023,The Electro-Mechanical Authority (EASA) Conventions + Solutions Expo,2023-06-25,Oxon Hill,MD,Electrom Instruments,electrominst.com,,,,,,,,
The Electro-Mechanical Authority (EASA) Conventions + Solutions Expo 2023,The Electro-Mechanical Authority (EASA) Conventions + Solutions Expo,2023-06-25,Oxon Hill,MD,"Matlock Electric Co., Inc.",matlockelectric.com,,,,,YES,campaign-P2,S7,YES
The Electro-Mechanical Authority (EASA) Conventions + Solutions Expo 2023,The Electro-Mechanical Authority (EASA) Conventions + Solutions Expo,2023-06-25,Oxon Hill,MD,University of Canterbury,canterbury.ac.nz,,,,,,,,
The Electro-Mechanical Authority (EASA) Conventions + Solutions Expo 2023,The Electro-Mechanical Authority (EASA) Conventions + Solutions Expo,2023-06-25,Oxon Hill,MD,Electro Mechanical Repair WA,electromechanical.com.au,,,,,,,,
The Electro-Mechanical Authority (EASA) Conventions + Solutions Expo 2023,The Electro-Mechanical Authority (EASA) Conventions + Solutions Expo,2023-06-25,Oxon Hill,MD,Applied Dynamics Corporation,applied-dynamics.com,,,,,YES,campaign-P2,S7,YES
The Electro-Mechanical Authority (EASA) Conventions + Solutions Expo 2023,The Electro-Mechanical Authority (EASA) Conventions + Solutions Expo,2023-06-25,Oxon Hill,MD,M.G.M. Electric Motors,mgmelectricmotors.com,,,,,,,,
The Electro-Mechanical Authority (EASA) Conventions + Solutions Expo 2023,The Electro-Mechanical Authority (EASA) Conventions + Solutions Expo,2023-06-25,Oxon Hill,MD,"Electrical & Mechanical Resources, Inc.",emrva.com,,,,,,,,
The Electro-Mechanical Authority (EASA) Conventions + Solutions Expo 2023,The Electro-Mechanical Authority (EASA) Conventions + Solutions Expo,2023-06-25,Oxon Hill,MD,Steelman Industries Inc,steelman.com,,,,,,,,
The Electro-Mechanical Authority (EASA) Conventions + Solutions Expo 2023,The Electro-Mechanical Authority (EASA) Conventions + Solutions Expo,2023-06-25,Oxon Hill,MD,Earnhardt Electric Service,earnhardtelectric.com,,,,,,,,
The Electro-Mechanical Authority (EASA) Conventions + Solutions Expo 2023,The Electro-Mechanical Authority (EASA) Conventions + Solutions Expo,2023-06-25,Oxon Hill,MD,Toric Engineering,toriceng.com,,,,,,,,
The Electro-Mechanical Authority (EASA) Conventions + Solutions Expo 2023,The Electro-Mechanical Authority (EASA) Conventions + Solutions Expo,2023-06-25,Oxon Hill,MD,Remsa USA Inc,remsausainc.com,,,,,YES,campaign-Nurture,S7,YES
The Electro-Mechanical Authority (EASA) Conventions + Solutions Expo 2023,The Electro-Mechanical Authority (EASA) Conventions + Solutions Expo,2023-06-25,Oxon Hill,MD,Asheville Mica Company,ashevillemica.com,,,,,,,,
The Electro-Mechanical Authority (EASA) Conventions + Solutions Expo 2023,The Electro-Mechanical Authority (EASA) Conventions + Solutions Expo,2023-06-25,Oxon Hill,MD,Williers Electric Co Inc,willierelectric.com,,,,,,,,
The Electro-Mechanical Authority (EASA) Conventions + Solutions Expo 2023,The Electro-Mechanical Authority (EASA) Conventions + Solutions Expo,2023-06-25,Oxon Hill,MD,Atlantic-Kenmark Electric Inc,atlantickenmark.com,,,,,,,,
The Electro-Mechanical Authority (EASA) Conventions + Solutions Expo 2023,The Electro-Mechanical Authority (EASA) Conventions + Solutions Expo,2023-06-25,Oxon Hill,MD,eir Ireland,eir.ie,,,,,,,,
The Electro-Mechanical Authority (EASA) Conventions + Solutions Expo 2023,The Electro-Mechanical Authority (EASA) Conventions + Solutions Expo,2023-06-25,Oxon Hill,MD,Torque Technologies,torq-tech.com,,,,,,,,
The Electro-Mechanical Authority (EASA) Conventions + Solutions Expo 2023,The Electro-Mechanical Authority (EASA) Conventions + Solutions Expo,2023-06-25,Oxon Hill,MD,Sloan Electric,sloanelectric.com,,,,,YES,campaign-Nurture,S7,YES
The Electro-Mechanical Authority (EASA) Conventions + Solutions Expo 2023,The Electro-Mechanical Authority (EASA) Conventions + Solutions Expo,2023-06-25,Oxon Hill,MD,"Leppert-Nutmeg, Inc.",leppert-nutmeg.com,,,,,YES,campaign-Nurture,S7,YES
The Electro-Mechanical Authority (EASA) Conventions + Solutions Expo 2023,The Electro-Mechanical Authority (EASA) Conventions + Solutions Expo,2023-06-25,Oxon Hill,MD,"Good Fruit Electric, LLC",goodfruitgrows.com,,,,,,,,
The Electro-Mechanical Authority (EASA) Conventions + Solutions Expo 2023,The Electro-Mechanical Authority (EASA) Conventions + Solutions Expo,2023-06-25,Oxon Hill,MD,"Ohio Carbon Industries, Inc.",ohiocarbon.com,,,,,,,,
The Electro-Mechanical Authority (EASA) Conventions + Solutions Expo 2023,The Electro-Mechanical Authority (EASA) Conventions + Solutions Expo,2023-06-25,Oxon Hill,MD,"Superior Electric Motor Service, Inc.",superiorelectricmotors.com,,,,,,,,
The Electro-Mechanical Authority (EASA) Conventions + Solutions Expo 2023,The Electro-Mechanical Authority (EASA) Conventions + Solutions Expo,2023-06-25,Oxon Hill,MD,AAA Pump Service,aaapumpservice.com,,,,,,,,
The Electro-Mechanical Authority (EASA) Conventions + Solutions Expo 2023,The Electro-Mechanical Authority (EASA) Conventions + Solutions Expo,2023-06-25,Oxon Hill,MD,MH&W International Corp.,mhw-intl.com,,,,,,,,
The Electro-Mechanical Authority (EASA) Conventions + Solutions Expo 2023,The Electro-Mechanical Authority (EASA) Conventions + Solutions Expo,2023-06-25,Oxon Hill,MD,"Stewart's Electric Motor Works, Inc.",semw.net,,,,,YES,campaign-P2,S7,YES
The Electro-Mechanical Authority (EASA) Conventions + Solutions Expo 2023,The Electro-Mechanical Authority (EASA) Conventions + Solutions Expo,2023-06-25,Oxon Hill,MD,Pitchero,pitchero.com,,,,,,,,
The Electro-Mechanical Authority (EASA) Conventions + Solutions Expo 2023,The Electro-Mechanical Authority (EASA) Conventions + Solutions Expo,2023-06-25,Oxon Hill,MD,"STAR Technology, Inc.",star-technology.com,,,,,,,,
The Electro-Mechanical Authority (EASA) Conventions + Solutions Expo 2023,The Electro-Mechanical Authority (EASA) Conventions + Solutions Expo,2023-06-25,Oxon Hill,MD,Huntingdon Electric Motor Svc,huntingdonelec.com,,,,,,,,
The Electro-Mechanical Authority (EASA) Conventions + Solutions Expo 2023,The Electro-Mechanical Authority (EASA) Conventions + Solutions Expo,2023-06-25,Oxon Hill,MD,Slaymaker Group,slaymakergroup.com,,,,,YES,campaign-P2,S7,YES
The Electro-Mechanical Authority (EASA) Conventions + Solutions Expo 2023,The Electro-Mechanical Authority (EASA) Conventions + Solutions Expo,2023-06-25,Oxon Hill,MD,McGilvra Electric,mcgilvraelectric.com,,,,,,,,
The Electro-Mechanical Authority (EASA) Conventions + Solutions Expo 2023,The Electro-Mechanical Authority (EASA) Conventions + Solutions Expo,2023-06-25,Oxon Hill,MD,Dings Co.,dingsbrakes.com,,,,,,,,
The Electro-Mechanical Authority (EASA) Conventions + Solutions Expo 2023,The Electro-Mechanical Authority (EASA) Conventions + Solutions Expo,2023-06-25,Oxon Hill,MD,Homewood Products Corporation,homewoodsales.com,,,,,,,,
The Electro-Mechanical Authority (EASA) Conventions + Solutions Expo 2023,The Electro-Mechanical Authority (EASA) Conventions + Solutions Expo,2023-06-25,Oxon Hill,MD,Stimple and Ward Company,swcoils.com,,,,,,,,
The Electro-Mechanical Authority (EASA) Conventions + Solutions Expo 2023,The Electro-Mechanical Authority (EASA) Conventions + Solutions Expo,2023-06-25,Oxon Hill,MD,Spring Point,springpt.com,,,,,,,,
The Electro-Mechanical Authority (EASA) Conventions + Solutions Expo 2023,The Electro-Mechanical Authority (EASA) Conventions + Solutions Expo,2023-06-25,Oxon Hill,MD,Tatung,tatung.com,,,,,,,,
The Electro-Mechanical Authority (EASA) Conventions + Solutions Expo 2023,The Electro-Mechanical Authority (EASA) Conventions + Solutions Expo,2023-06-25,Oxon Hill,MD,Confluence Energy Services,confluence-llc.com,,,,,,,,
The Electro-Mechanical Authority (EASA) Conventions + Solutions Expo 2023,The Electro-Mechanical Authority (EASA) Conventions + Solutions Expo,2023-06-25,Oxon Hill,MD,EASA,easa.com,,,,,,,,
The Electro-Mechanical Authority (EASA) Conventions + Solutions Expo 2023,The Electro-Mechanical Authority (EASA) Conventions + Solutions Expo,2023-06-25,Oxon Hill,MD,"Brisbane Industrial Drive Company, Inc.",brisbaneindustrial.com,,,,,,,,
The Electro-Mechanical Authority (EASA) Conventions + Solutions Expo 2023,The Electro-Mechanical Authority (EASA) Conventions + Solutions Expo,2023-06-25,Oxon Hill,MD,"Sidewinders, LLC.",sidewindersllc.com,,,,,YES,campaign-P2,S7,YES
The Electro-Mechanical Authority (EASA) Conventions + Solutions Expo 2023,The Electro-Mechanical Authority (EASA) Conventions + Solutions Expo,2023-06-25,Oxon Hill,MD,Connex Industrial Corporation,connex-electric.com,,,,,,,,
The Electro-Mechanical Authority (EASA) Conventions + Solutions Expo 2023,The Electro-Mechanical Authority (EASA) Conventions + Solutions Expo,2023-06-25,Oxon Hill,MD,Verona Industrial Equipment LLC,veronaie.com,,,,,,,,
The Electro-Mechanical Authority (EASA) Conventions + Solutions Expo 2023,The Electro-Mechanical Authority (EASA) Conventions + Solutions Expo,2023-06-25,Oxon Hill,MD,REM Industrial Solutions,remisi.com,,,,,YES,campaign-P2,S7,YES
The Electro-Mechanical Authority (EASA) Conventions + Solutions Expo 2023,The Electro-Mechanical Authority (EASA) Conventions + Solutions Expo,2023-06-25,Oxon Hill,MD,Nidec,nidec.com,,,,,,,,
The Electro-Mechanical Authority (EASA) Conventions + Solutions Expo 2023,The Electro-Mechanical Authority (EASA) Conventions + Solutions Expo,2023-06-25,Oxon Hill,MD,D&D Electric Motors,ddelectricmotors.com,,,,,,,,
The Electro-Mechanical Authority (EASA) Conventions + Solutions Expo 2023,The Electro-Mechanical Authority (EASA) Conventions + Solutions Expo,2023-06-25,Oxon Hill,MD,Electric Motor Repair Inc.,emr-mn.com,,,,,,,,
The Electro-Mechanical Authority (EASA) Conventions + Solutions Expo 2023,The Electro-Mechanical Authority (EASA) Conventions + Solutions Expo,2023-06-25,Oxon Hill,MD,"Test Products International, Inc",testproductsintl.com,,,,,,,,
The Electro-Mechanical Authority (EASA) Conventions + Solutions Expo 2023,The Electro-Mechanical Authority (EASA) Conventions + Solutions Expo,2023-06-25,Oxon Hill,MD,Superior Services LLC,superiorservicesllc.com,,,,,,,,
The Electro-Mechanical Authority (EASA) Conventions + Solutions Expo 2023,The Electro-Mechanical Authority (EASA) Conventions + Solutions Expo,2023-06-25,Oxon Hill,MD,"Industrial Pump and Motor Repair, Ltd.",industrialpumpandmotor.com,,,,,YES,campaign-P2,S7,YES
The Electro-Mechanical Authority (EASA) Conventions + Solutions Expo 2023,The Electro-Mechanical Authority (EASA) Conventions + Solutions Expo,2023-06-25,Oxon Hill,MD,OmniSensing Photonics,omnisensingtech.com,,,,,,,,
The Electro-Mechanical Authority (EASA) Conventions + Solutions Expo 2023,The Electro-Mechanical Authority (EASA) Conventions + Solutions Expo,2023-06-25,Oxon Hill,MD,Apex Sealing Inc.,apexsealing.com,,,,,,,,
The Electro-Mechanical Authority (EASA) Conventions + Solutions Expo 2023,The Electro-Mechanical Authority (EASA) Conventions + Solutions Expo,2023-06-25,Oxon Hill,MD,New Mexico State University,nmsu.edu,,,,,,,,
The Electro-Mechanical Authority (EASA) Conventions + Solutions Expo 2023,The Electro-Mechanical Authority (EASA) Conventions + Solutions Expo,2023-06-25,Oxon Hill,MD,Rogers Equipment Sales Inc.,rogersequip.com,,,,,,,,
The Electro-Mechanical Authority (EASA) Conventions + Solutions Expo 2023,The Electro-Mechanical Authority (EASA) Conventions + Solutions Expo,2023-06-25,Oxon Hill,MD,Electric Motor Wholesale Inc.,electricmotorwholesale.com,,,,,,,,
The Electro-Mechanical Authority (EASA) Conventions + Solutions Expo 2023,The Electro-Mechanical Authority (EASA) Conventions + Solutions Expo,2023-06-25,Oxon Hill,MD,"United Industrial Group, Inc.",uigcorp.com,,,,,YES,campaign-P2,S7,YES
The Electro-Mechanical Authority (EASA) Conventions + Solutions Expo 2023,The Electro-Mechanical Authority (EASA) Conventions + Solutions Expo,2023-06-25,Oxon Hill,MD,Industrial Motor & Controls,imcrep.com,,,,,,,,
The Electro-Mechanical Authority (EASA) Conventions + Solutions Expo 2023,The Electro-Mechanical Authority (EASA) Conventions + Solutions Expo,2023-06-25,Oxon Hill,MD,Goding Electric Company,goding.com,,,,,,,,
The Electro-Mechanical Authority (EASA) Conventions + Solutions Expo 2023,The Electro-Mechanical Authority (EASA) Conventions + Solutions Expo,2023-06-25,Oxon Hill,MD,Traver IDC,traveridc.com,,,,,YES,campaign-Nurture,S7,YES
The Electro-Mechanical Authority (EASA) Conventions + Solutions Expo 2023,The Electro-Mechanical Authority (EASA) Conventions + Solutions Expo,2023-06-25,Oxon Hill,MD,Magna Products Corp,magnaproducts.com,,,,,YES,valDQ-review,?,
The Electro-Mechanical Authority (EASA) Conventions + Solutions Expo 2023,The Electro-Mechanical Authority (EASA) Conventions + Solutions Expo,2023-06-25,Oxon Hill,MD,"Rockford Electric Motor, LLC",rockfordelectricmotor.com,,,,,,,,
The Electro-Mechanical Authority (EASA) Conventions + Solutions Expo 2023,The Electro-Mechanical Authority (EASA) Conventions + Solutions Expo,2023-06-25,Oxon Hill,MD,A&C Electric Company,acelectricmotorservice.com,"Warren, MI",17,Bootstrapped,1967,,,,
The Electro-Mechanical Authority (EASA) Conventions + Solutions Expo 2023,The Electro-Mechanical Authority (EASA) Conventions + Solutions Expo,2023-06-25,Oxon Hill,MD,Apparatus Repair & Engineering,apprep.com,"Hagerstown, MD",17,Bootstrapped,1991,YES,campaign-Nurture,S7,YES
The Electro-Mechanical Authority (EASA) Conventions + Solutions Expo 2023,The Electro-Mechanical Authority (EASA) Conventions + Solutions Expo,2023-06-25,Oxon Hill,MD,Berliss Companies,berliss.com,"Whippany, NJ",16,Private Subsidiary,1947,,,,
The Electro-Mechanical Authority (EASA) Conventions + Solutions Expo 2023,The Electro-Mechanical Authority (EASA) Conventions + Solutions Expo,2023-06-25,Oxon Hill,MD,"Sterling Electric, Inc.",sterlingelectric.com,"Kerrville, TX",16,Bootstrapped,,,,,
The Electro-Mechanical Authority (EASA) Conventions + Solutions Expo 2023,The Electro-Mechanical Authority (EASA) Conventions + Solutions Expo,2023-06-25,Oxon Hill,MD,Electric Coil Service Inc,electriccoil.com,"Temple, PA",16,Bootstrapped,1996,,,,
The Electro-Mechanical Authority (EASA) Conventions + Solutions Expo 2023,The Electro-Mechanical Authority (EASA) Conventions + Solutions Expo,2023-06-25,Oxon Hill,MD,Samatic,samatic.com,,,,,,,,
The Electro-Mechanical Authority (EASA) Conventions + Solutions Expo 2023,The Electro-Mechanical Authority (EASA) Conventions + Solutions Expo,2023-06-25,Oxon Hill,MD,Motor Diagnostic Systems Inc,motordiagnosticsystems.com,,,,,,,,
The Electro-Mechanical Authority (EASA) Conventions + Solutions Expo 2023,The Electro-Mechanical Authority (EASA) Conventions + Solutions Expo,2023-06-25,Oxon Hill,MD,Quality Armature Inc,qualityarmature.com,,,,,,,,
The Electro-Mechanical Authority (EASA) Conventions + Solutions Expo 2023,The Electro-Mechanical Authority (EASA) Conventions + Solutions Expo,2023-06-25,Oxon Hill,MD,Universal Coil Mfr,universalcoil.com,,,,,,,,
The Electro-Mechanical Authority (EASA) Conventions + Solutions Expo 2023,The Electro-Mechanical Authority (EASA) Conventions + Solutions Expo,2023-06-25,Oxon Hill,MD,United Industrial Services of Virginia,unitedisva.com,,,,,,,,
The Electro-Mechanical Authority (EASA) Conventions + Solutions Expo 2023,The Electro-Mechanical Authority (EASA) Conventions + Solutions Expo,2023-06-25,Oxon Hill,MD,Lange Electric Co,langeelectric.com,,,,,,,,
The Electro-Mechanical Authority (EASA) Conventions + Solutions Expo 2023,The Electro-Mechanical Authority (EASA) Conventions + Solutions Expo,2023-06-25,Oxon Hill,MD,Biedlers,biedlers.com,,,,,,,,
The Electro-Mechanical Authority (EASA) Conventions + Solutions Expo 2023,The Electro-Mechanical Authority (EASA) Conventions + Solutions Expo,2023-06-25,Oxon Hill,MD,Prattco Inc,prattco.com,,,,,,,,
The Electro-Mechanical Authority (EASA) Conventions + Solutions Expo 2023,The Electro-Mechanical Authority (EASA) Conventions + Solutions Expo,2023-06-25,Oxon Hill,MD,Electric Motor Co,electricmotorco.com,,,,,,,,
The Electro-Mechanical Authority (EASA) Conventions + Solutions Expo 2023,The Electro-Mechanical Authority (EASA) Conventions + Solutions Expo,2023-06-25,Oxon Hill,MD,ECO Burn-Off Ovens,ecoburnoff.com,,,,,,,,
The Electro-Mechanical Authority (EASA) Conventions + Solutions Expo 2023,The Electro-Mechanical Authority (EASA) Conventions + Solutions Expo,2023-06-25,Oxon Hill,MD,T. C. Lewis & Co.,tclewisproperties.com,,,,,,,,
The Electro-Mechanical Authority (EASA) Conventions + Solutions Expo 2023,The Electro-Mechanical Authority (EASA) Conventions + Solutions Expo,2023-06-25,Oxon Hill,MD,D Electric Inc,delectricinc.net,,,,,,,,
The Electro-Mechanical Authority (EASA) Conventions + Solutions Expo 2023,The Electro-Mechanical Authority (EASA) Conventions + Solutions Expo,2023-06-25,Oxon Hill,MD,J.W. Cooler Company,jwcooler.com,,,,,,,,
The Electro-Mechanical Authority (EASA) Conventions + Solutions Expo 2023,The Electro-Mechanical Authority (EASA) Conventions + Solutions Expo,2023-06-25,Oxon Hill,MD,"AC Furia Electric Motor, Inc.",acfuria.com,,,,,,,,
The Electro-Mechanical Authority (EASA) Conventions + Solutions Expo 2023,The Electro-Mechanical Authority (EASA) Conventions + Solutions Expo,2023-06-25,Oxon Hill,MD,Owensboro Electric Motor,owensboroelectricmotor.com,,,,,YES,campaign-Nurture,S7,YES
The Electro-Mechanical Authority (EASA) Conventions + Solutions Expo 2023,The Electro-Mechanical Authority (EASA) Conventions + Solutions Expo,2023-06-25,Oxon Hill,MD,East Coast Electrical Equipment Company,eastcoastmotor.com,,,,,,,,
The Electro-Mechanical Authority (EASA) Conventions + Solutions Expo 2023,The Electro-Mechanical Authority (EASA) Conventions + Solutions Expo,2023-06-25,Oxon Hill,MD,Ouachita Electric Cooperative Corporation,oecc.com,,,,,,,,
The Electro-Mechanical Authority (EASA) Conventions + Solutions Expo 2023,The Electro-Mechanical Authority (EASA) Conventions + Solutions Expo,2023-06-25,Oxon Hill,MD,"S&S Electric Motors, Inc.",ss-electric-motors.com,,,,,,,,
The Electro-Mechanical Authority (EASA) Conventions + Solutions Expo 2023,The Electro-Mechanical Authority (EASA) Conventions + Solutions Expo,2023-06-25,Oxon Hill,MD,"Rocky Mount Electric Motor, LLC",rmemnc.com,,,,,YES,campaign-Nurture,S7,YES
The Electro-Mechanical Authority (EASA) Conventions + Solutions Expo 2023,The Electro-Mechanical Authority (EASA) Conventions + Solutions Expo,2023-06-25,Oxon Hill,MD,Priest Electric Svc,priestelectric.com,,,,,,,,
The Electro-Mechanical Authority (EASA) Conventions + Solutions Expo 2023,The Electro-Mechanical Authority (EASA) Conventions + Solutions Expo,2023-06-25,Oxon Hill,MD,Avana Electrotek,avanaelectrotek.com,,,,,,,,
The Electro-Mechanical Authority (EASA) Conventions + Solutions Expo 2023,The Electro-Mechanical Authority (EASA) Conventions + Solutions Expo,2023-06-25,Oxon Hill,MD,B & B Electric Motor CO,bbelectricmotor.com,,,,,YES,campaign-Nurture,S7,YES
The Electro-Mechanical Authority (EASA) Conventions + Solutions Expo 2023,The Electro-Mechanical Authority (EASA) Conventions + Solutions Expo,2023-06-25,Oxon Hill,MD,Fulmer Company,fulmercompany.com,,,,,,,,
The Electro-Mechanical Authority (EASA) Conventions + Solutions Expo 2023,The Electro-Mechanical Authority (EASA) Conventions + Solutions Expo,2023-06-25,Oxon Hill,MD,Laser Technologies Inc.,lasertechnologiesinc.com,,,,,,,,
The Electro-Mechanical Authority (EASA) Conventions + Solutions Expo 2023,The Electro-Mechanical Authority (EASA) Conventions + Solutions Expo,2023-06-25,Oxon Hill,MD,Prime Electric Motors,primeelectricmotor.com,,,,,,,,
The Electro-Mechanical Authority (EASA) Conventions + Solutions Expo 2023,The Electro-Mechanical Authority (EASA) Conventions + Solutions Expo,2023-06-25,Oxon Hill,MD,LePoidevin Marketing,lepoidevinmarketing.com,,,,,,,,
The Electro-Mechanical Authority (EASA) Conventions + Solutions Expo 2023,The Electro-Mechanical Authority (EASA) Conventions + Solutions Expo,2023-06-25,Oxon Hill,MD,Western Industrial Motor & Machine,westernindustrialmotor.com,,,,,YES,campaign-P2,S7,YES
The Electro-Mechanical Authority (EASA) Conventions + Solutions Expo 2023,The Electro-Mechanical Authority (EASA) Conventions + Solutions Expo,2023-06-25,Oxon Hill,MD,Octava Engineering,octavaengineering.com,,,,,,,,
The Electro-Mechanical Authority (EASA) Conventions + Solutions Expo 2023,The Electro-Mechanical Authority (EASA) Conventions + Solutions Expo,2023-06-25,Oxon Hill,MD,Wyse Electric Motor Repair,wyseemr.com,,,,,,,,
The Electro-Mechanical Authority (EASA) Conventions + Solutions Expo 2023,The Electro-Mechanical Authority (EASA) Conventions + Solutions Expo,2023-06-25,Oxon Hill,MD,EMI power & automation,emipower.net,,,,,,,,
The Electro-Mechanical Authority (EASA) Conventions + Solutions Expo 2023,The Electro-Mechanical Authority (EASA) Conventions + Solutions Expo,2023-06-25,Oxon Hill,MD,Columbia Electric Motors Flowrider Motor Service Center,columbiaelectricmotors.com,,,,,,,,
The Electro-Mechanical Authority (EASA) Conventions + Solutions Expo 2023,The Electro-Mechanical Authority (EASA) Conventions + Solutions Expo,2023-06-25,Oxon Hill,MD,RPM Inc,rpm-inc.com,,,,,,,,
The Electro-Mechanical Authority (EASA) Conventions + Solutions Expo 2023,The Electro-Mechanical Authority (EASA) Conventions + Solutions Expo,2023-06-25,Oxon Hill,MD,Alexandria Armature Works,aawva.com,,,,,YES,campaign-Nurture,S7,YES
The Electro-Mechanical Authority (EASA) Conventions + Solutions Expo 2023,The Electro-Mechanical Authority (EASA) Conventions + Solutions Expo,2023-06-25,Oxon Hill,MD,Bayview Bearing and Supply,bayviewbearing.com,,,,,,,,
The Electro-Mechanical Authority (EASA) Conventions + Solutions Expo 2023,The Electro-Mechanical Authority (EASA) Conventions + Solutions Expo,2023-06-25,Oxon Hill,MD,Alpha Southwest,alphasw.com,,,,,,,,
The Electro-Mechanical Authority (EASA) Conventions + Solutions Expo 2023,The Electro-Mechanical Authority (EASA) Conventions + Solutions Expo,2023-06-25,Oxon Hill,MD,Power Quality Components,pqcomponents.com,,,,,,,,
The Electro-Mechanical Authority (EASA) Conventions + Solutions Expo 2023,The Electro-Mechanical Authority (EASA) Conventions + Solutions Expo,2023-06-25,Oxon Hill,MD,Windsor Stevens,windsorstevens.com,,,,,,,,
The Electro-Mechanical Authority (EASA) Conventions + Solutions Expo 2023,The Electro-Mechanical Authority (EASA) Conventions + Solutions Expo,2023-06-25,Oxon Hill,MD,M & M Electric Motor Repair,wewindmotors.com,,,,,,,,
The Electro-Mechanical Authority (EASA) Conventions + Solutions Expo 2023,The Electro-Mechanical Authority (EASA) Conventions + Solutions Expo,2023-06-25,Oxon Hill,MD,Motion Control Resources,mcrsales.com,,,,,,,,
The Electro-Mechanical Authority (EASA) Conventions + Solutions Expo 2023,The Electro-Mechanical Authority (EASA) Conventions + Solutions Expo,2023-06-25,Oxon Hill,MD,"Martino Marketing Group, Inc.",martinomarketing.com,,,,,,,,
The Electro-Mechanical Authority (EASA) Conventions + Solutions Expo 2023,The Electro-Mechanical Authority (EASA) Conventions + Solutions Expo,2023-06-25,Oxon Hill,MD,Witmer Motor Service,witmermotorservice.com,,,,,,,,
The Electro-Mechanical Authority (EASA) Conventions + Solutions Expo 2023,The Electro-Mechanical Authority (EASA) Conventions + Solutions Expo,2023-06-25,Oxon Hill,MD,Green Motors Practices Group,greenmotors.org,,,,,,,,
The Electro-Mechanical Authority (EASA) Conventions + Solutions Expo 2023,The Electro-Mechanical Authority (EASA) Conventions + Solutions Expo,2023-06-25,Oxon Hill,MD,SFEG,sfeg.com,,,,,,,,
The Electro-Mechanical Authority (EASA) Conventions + Solutions Expo 2023,The Electro-Mechanical Authority (EASA) Conventions + Solutions Expo,2023-06-25,Oxon Hill,MD,Connex Industrial Corp,go-connex.com,,,,,,,,
The Electro-Mechanical Authority (EASA) Conventions + Solutions Expo 2023,The Electro-Mechanical Authority (EASA) Conventions + Solutions Expo,2023-06-25,Oxon Hill,MD,IM Motors,immotors.com,,,,,,,,
The Electro-Mechanical Authority (EASA) Conventions + Solutions Expo 2023,The Electro-Mechanical Authority (EASA) Conventions + Solutions Expo,2023-06-25,Oxon Hill,MD,Bmr Usa,bmr-usa.com,,,,,,,,
The Electro-Mechanical Authority (EASA) Conventions + Solutions Expo 2023,The Electro-Mechanical Authority (EASA) Conventions + Solutions Expo,2023-06-25,Oxon Hill,MD,Deckman Motor & Pump,deckmanpump.com,,,,,,,,
The Electro-Mechanical Authority (EASA) Conventions + Solutions Expo 2023,The Electro-Mechanical Authority (EASA) Conventions + Solutions Expo,2023-06-25,Oxon Hill,MD,Dynamic Balancing,dynamicbalancing.com,,,,,,,,
The Electro-Mechanical Authority (EASA) Conventions + Solutions Expo 2023,The Electro-Mechanical Authority (EASA) Conventions + Solutions Expo,2023-06-25,Oxon Hill,MD,EMS Ltd,emsgrandrapids.com,,,,,,,,
The Electro-Mechanical Authority (EASA) Conventions + Solutions Expo 2023,The Electro-Mechanical Authority (EASA) Conventions + Solutions Expo,2023-06-25,Oxon Hill,MD,HPS Electrical Apparatus Sales & Service,hpselectric.com,,,,,,,,
The Electro-Mechanical Authority (EASA) Conventions + Solutions Expo 2023,The Electro-Mechanical Authority (EASA) Conventions + Solutions Expo,2023-06-25,Oxon Hill,MD,TT Electric,ttelectricusa.com,,,,,,,,
The Electro-Mechanical Authority (EASA) Conventions + Solutions Expo 2023,The Electro-Mechanical Authority (EASA) Conventions + Solutions Expo,2023-06-25,Oxon Hill,MD,Allied Industrial Marketing,alliedindustrialmarketing.com,,,,,,,,
The Electro-Mechanical Authority (EASA) Conventions + Solutions Expo 2023,The Electro-Mechanical Authority (EASA) Conventions + Solutions Expo,2023-06-25,Oxon Hill,MD,"Ludwig Electric, LLC",ludwigelectricllc.com,,,,,,,,
The Electro-Mechanical Authority (EASA) Conventions + Solutions Expo 2023,The Electro-Mechanical Authority (EASA) Conventions + Solutions Expo,2023-06-25,Oxon Hill,MD,Source Atlantic Limited,sourceatlantic.ca,,,,,,,,
The Electro-Mechanical Authority (EASA) Conventions + Solutions Expo 2023,The Electro-Mechanical Authority (EASA) Conventions + Solutions Expo,2023-06-25,Oxon Hill,MD,WEG S.A.,weg.net,,,,,,,,
The Electro-Mechanical Authority (EASA) Conventions + Solutions Expo 2023,The Electro-Mechanical Authority (EASA) Conventions + Solutions Expo,2023-06-25,Oxon Hill,MD,Vaughen's Price Publishing CO,vaughens.com,,,,,,,,
The Electro-Mechanical Authority (EASA) Conventions + Solutions Expo 2023,The Electro-Mechanical Authority (EASA) Conventions + Solutions Expo,2023-06-25,Oxon Hill,MD,"Kufen Motor & Pump Technologies, Inc.",kufenmotor.com,,,,,,,,
The Electro-Mechanical Authority (EASA) Conventions + Solutions Expo 2023,The Electro-Mechanical Authority (EASA) Conventions + Solutions Expo,2023-06-25,Oxon Hill,MD,Lewis Electric Motor Company,lewiselectricmotor.com,,,,,,,,
The Electro-Mechanical Authority (EASA) Conventions + Solutions Expo 2023,The Electro-Mechanical Authority (EASA) Conventions + Solutions Expo,2023-06-25,Oxon Hill,MD,"Barks Publications, Inc.",barks.com,,,,,,,,
The Electro-Mechanical Authority (EASA) Conventions + Solutions Expo 2023,The Electro-Mechanical Authority (EASA) Conventions + Solutions Expo,2023-06-25,Oxon Hill,MD,Vibration Institute,vi-institute.org,,,,,,,,
The Electro-Mechanical Authority (EASA) Conventions + Solutions Expo 2023,The Electro-Mechanical Authority (EASA) Conventions + Solutions Expo,2023-06-25,Oxon Hill,MD,California Association of Building Energy Consultants (CABEC),cabec.org,,,,,,,,
The Electro-Mechanical Authority (EASA) Conventions + Solutions Expo 2023,The Electro-Mechanical Authority (EASA) Conventions + Solutions Expo,2023-06-25,Oxon Hill,MD,"EDE Electric Motor Testing, Inc",edeinst.com,,,,,,,,
The Electro-Mechanical Authority (EASA) Conventions + Solutions Expo 2023,The Electro-Mechanical Authority (EASA) Conventions + Solutions Expo,2023-06-25,Oxon Hill,MD,One Stop Electric,onestopelectricmotor.com,,,,,,,,
The Electro-Mechanical Authority (EASA) Conventions + Solutions Expo 2023,The Electro-Mechanical Authority (EASA) Conventions + Solutions Expo,2023-06-25,Oxon Hill,MD,Hi-Sun Bearings,hisunbearings.com,,,,,,,,
The Electro-Mechanical Authority (EASA) Conventions + Solutions Expo 2023,The Electro-Mechanical Authority (EASA) Conventions + Solutions Expo,2023-06-25,Oxon Hill,MD,Coiltec,coiltec.com,,,,,,,,
The Electro-Mechanical Authority (EASA) Conventions + Solutions Expo 2023,The Electro-Mechanical Authority (EASA) Conventions + Solutions Expo,2023-06-25,Oxon Hill,MD,Martindale Electric Company,martindaleco.com,,,,,,,,
The Electro-Mechanical Authority (EASA) Conventions + Solutions Expo 2023,The Electro-Mechanical Authority (EASA) Conventions + Solutions Expo,2023-06-25,Oxon Hill,MD,Dynamics Research Corp,dynamicsresearch.net,,,,,YES,P3-candidate,S7,
The Electro-Mechanical Authority (EASA) Conventions + Solutions Expo 2023,The Electro-Mechanical Authority (EASA) Conventions + Solutions Expo,2023-06-25,Oxon Hill,MD,"Consultingpoint, Inc.",cpi-manufacturing.com,,,,,,,,
The Electro-Mechanical Authority (EASA) Conventions + Solutions Expo 2023,The Electro-Mechanical Authority (EASA) Conventions + Solutions Expo,2023-06-25,Oxon Hill,MD,JTEKT Corporation,jtekt.co.jp,,,,,,,,
The Electro-Mechanical Authority (EASA) Conventions + Solutions Expo 2023,The Electro-Mechanical Authority (EASA) Conventions + Solutions Expo,2023-06-25,Oxon Hill,MD,US Seal Inc,ussealmfg.com,,,,,,,,
The Electro-Mechanical Authority (EASA) Conventions + Solutions Expo 2023,The Electro-Mechanical Authority (EASA) Conventions + Solutions Expo,2023-06-25,Oxon Hill,MD,"Jolles Associates, Inc.",jolles.com,,,,,,,,
The Electro-Mechanical Authority (EASA) Conventions + Solutions Expo 2023,The Electro-Mechanical Authority (EASA) Conventions + Solutions Expo,2023-06-25,Oxon Hill,MD,Windsor Stevens,windsor-stevens.com,,,,,,,,
The Electro-Mechanical Authority (EASA) Conventions + Solutions Expo 2023,The Electro-Mechanical Authority (EASA) Conventions + Solutions Expo,2023-06-25,Oxon Hill,MD,Reliable Electric Motor Solutions,reliableelectricmotorsolutions.com,,,,,,,,
The Electro-Mechanical Authority (EASA) Conventions + Solutions Expo 2023,The Electro-Mechanical Authority (EASA) Conventions + Solutions Expo,2023-06-25,Oxon Hill,MD,"SensOS, LLC",sens-os.com,,,,,,,,
The Electro-Mechanical Authority (EASA) Conventions + Solutions Expo 2023,The Electro-Mechanical Authority (EASA) Conventions + Solutions Expo,2023-06-25,Oxon Hill,MD,"Industrial Quick Search, Inc.",industrialquicksearch.com,,,,,,,,
The Electro-Mechanical Authority (EASA) Conventions + Solutions Expo 2023,The Electro-Mechanical Authority (EASA) Conventions + Solutions Expo,2023-06-25,Oxon Hill,MD,Industrial Coils LLC,indcoils.com,,,,,,,,
The Electro-Mechanical Authority (EASA) Conventions + Solutions Expo 2023,The Electro-Mechanical Authority (EASA) Conventions + Solutions Expo,2023-06-25,Oxon Hill,MD,"The Machine Instrumentation Group, LLC",machineinstrumentation.com,,,,,,,,
The Electro-Mechanical Authority (EASA) Conventions + Solutions Expo 2023,The Electro-Mechanical Authority (EASA) Conventions + Solutions Expo,2023-06-25,Oxon Hill,MD,Armada Inc,armadaintel.com,,,,,,,,
The Electro-Mechanical Authority (EASA) Conventions + Solutions Expo 2023,The Electro-Mechanical Authority (EASA) Conventions + Solutions Expo,2023-06-25,Oxon Hill,MD,Torq Engineering,teamtorq.com,,,,,,,,
The Electro-Mechanical Authority (EASA) Conventions + Solutions Expo 2023,The Electro-Mechanical Authority (EASA) Conventions + Solutions Expo,2023-06-25,Oxon Hill,MD,Temple Electric Motor Service Inc,temple-ems.com,,,,,,,,
The Electro-Mechanical Authority (EASA) Conventions + Solutions Expo 2023,The Electro-Mechanical Authority (EASA) Conventions + Solutions Expo,2023-06-25,Oxon Hill,MD,Fletcher Moorland,fletchermoorland.co.uk,,,,,,,,
The Electro-Mechanical Authority (EASA) Conventions + Solutions Expo 2023,The Electro-Mechanical Authority (EASA) Conventions + Solutions Expo,2023-06-25,Oxon Hill,MD,Sepro Systems,seprosystems.com,,,,,,,,
The Electro-Mechanical Authority (EASA) Conventions + Solutions Expo 2023,The Electro-Mechanical Authority (EASA) Conventions + Solutions Expo,2023-06-25,Oxon Hill,MD,WES Ltd,wes.ltd.uk,,,,,,,,
The Electro-Mechanical Authority (EASA) Conventions + Solutions Expo 2023,The Electro-Mechanical Authority (EASA) Conventions + Solutions Expo,2023-06-25,Oxon Hill,MD,Sahney Commutators Pvt Ltd,sahney.com,,,,,,,,
The Electro-Mechanical Authority (EASA) Conventions + Solutions Expo 2023,The Electro-Mechanical Authority (EASA) Conventions + Solutions Expo,2023-06-25,Oxon Hill,MD,Birr Machines Ltd.,birr-machines.com,,,,,,,,
The Electro-Mechanical Authority (EASA) Conventions + Solutions Expo 2023,The Electro-Mechanical Authority (EASA) Conventions + Solutions Expo,2023-06-25,Oxon Hill,MD,Bakker Repair+Services,bakker-repair.nl,,,,,,,,
The Electro-Mechanical Authority (EASA) Conventions + Solutions Expo 2023,The Electro-Mechanical Authority (EASA) Conventions + Solutions Expo,2023-06-25,Oxon Hill,MD,Vogelsang Service Group,vogelsang.com,,,,,,,,
The Electro-Mechanical Authority (EASA) Conventions + Solutions Expo 2023,The Electro-Mechanical Authority (EASA) Conventions + Solutions Expo,2023-06-25,Oxon Hill,MD,Avonmore Electrical Co. Ltd,avonmore-electrical.com,,,,,,,,
The Electro-Mechanical Authority (EASA) Conventions + Solutions Expo 2023,The Electro-Mechanical Authority (EASA) Conventions + Solutions Expo,2023-06-25,Oxon Hill,MD,Simsa Motores,simsamotores.com,,,,,,,,
The Electro-Mechanical Authority (EASA) Conventions + Solutions Expo 2023,The Electro-Mechanical Authority (EASA) Conventions + Solutions Expo,2023-06-25,Oxon Hill,MD,V.J. Pamensky Canada Inc.,pamensky.com,,,,,,,,
The Electro-Mechanical Authority (EASA) Conventions + Solutions Expo 2023,The Electro-Mechanical Authority (EASA) Conventions + Solutions Expo,2023-06-25,Oxon Hill,MD,Coil Partners,coilpartners.com,,,,,,,,
The Electro-Mechanical Authority (EASA) Conventions + Solutions Expo 2023,The Electro-Mechanical Authority (EASA) Conventions + Solutions Expo,2023-06-25,Oxon Hill,MD,BEM Testers,bemtesters.net,,,,,,,,
The Electro-Mechanical Authority (EASA) Conventions + Solutions Expo 2023,The Electro-Mechanical Authority (EASA) Conventions + Solutions Expo,2023-06-25,Oxon Hill,MD,Cincinnati Babbitt Bearing,cinbab.com,,,,,,,,
The Electro-Mechanical Authority (EASA) Conventions + Solutions Expo 2023,The Electro-Mechanical Authority (EASA) Conventions + Solutions Expo,2023-06-25,Oxon Hill,MD,"CD Electric, LLC",cdelectricllc.com,,,,,,,,
The Electro-Mechanical Authority (EASA) Conventions + Solutions Expo 2023,The Electro-Mechanical Authority (EASA) Conventions + Solutions Expo,2023-06-25,Oxon Hill,MD,Thermolex,thermolex.com,,,,,,,,
The Electro-Mechanical Authority (EASA) Conventions + Solutions Expo 2023,The Electro-Mechanical Authority (EASA) Conventions + Solutions Expo,2023-06-25,Oxon Hill,MD,MEMCO,memcodmv.com,"Manassas, VA",,Bootstrapped,,,,,
The Electro-Mechanical Authority (EASA) Conventions + Solutions Expo 2023,The Electro-Mechanical Authority (EASA) Conventions + Solutions Expo,2023-06-25,Oxon Hill,MD,Plymon.Com,plymon.com,"Birmingham, AL",,Bootstrapped,,,,,
The Electro-Mechanical Authority (EASA) Conventions + Solutions Expo 2023,The Electro-Mechanical Authority (EASA) Conventions + Solutions Expo,2023-06-25,Oxon Hill,MD,Cs Associates,cs-associates.com,"Lynnwood, WA",,Bootstrapped,,,,,
The Electro-Mechanical Authority (EASA) Conventions + Solutions Expo 2023,The Electro-Mechanical Authority (EASA) Conventions + Solutions Expo,2023-06-25,Oxon Hill,MD,Qi Engineering,qi-engineering.com,"Yorkville, IL",,Bootstrapped,,,,,
The Electro-Mechanical Authority (EASA) Conventions + Solutions Expo 2023,The Electro-Mechanical Authority (EASA) Conventions + Solutions Expo,2023-06-25,Oxon Hill,MD,AtlasElektro,atlaselektro.com,"Richmond, NY",1,Bootstrapped,,,,,
The Electro-Mechanical Authority (EASA) Conventions + Solutions Expo 2023,The Electro-Mechanical Authority (EASA) Conventions + Solutions Expo,2023-06-25,Oxon Hill,MD,Industrial Electric Motors Inc,industrialmotorsinc.com,,,,,,,,
The Electro-Mechanical Authority (EASA) Conventions + Solutions Expo 2023,The Electro-Mechanical Authority (EASA) Conventions + Solutions Expo,2023-06-25,Oxon Hill,MD,"Holder & Associates, Inc",noholder.com,,,,,,,,
The Electro-Mechanical Authority (EASA) Conventions + Solutions Expo 2023,The Electro-Mechanical Authority (EASA) Conventions + Solutions Expo,2023-06-25,Oxon Hill,MD,Manville Motor,manvillesolutions.com,,,,,,,,
The Electro-Mechanical Authority (EASA) Conventions + Solutions Expo 2023,The Electro-Mechanical Authority (EASA) Conventions + Solutions Expo,2023-06-25,Oxon Hill,MD,Connie Podesta Presents,conniepodesta.com,,,,,,,,
The Electro-Mechanical Authority (EASA) Conventions + Solutions Expo 2023,The Electro-Mechanical Authority (EASA) Conventions + Solutions Expo,2023-06-25,Oxon Hill,MD,OMEC Medical,omecmedical.com,,,,,,,,
The Electro-Mechanical Authority (EASA) Conventions + Solutions Expo 2023,The Electro-Mechanical Authority (EASA) Conventions + Solutions Expo,2023-06-25,Oxon Hill,MD,Jasper Electric Motors,jasperelectricmotorsinc.com,,,,,,,,
The Electro-Mechanical Authority (EASA) Conventions + Solutions Expo 2023,The Electro-Mechanical Authority (EASA) Conventions + Solutions Expo,2023-06-25,Oxon Hill,MD,Temisa,temisa.mx,,,,,,,,
The Electro-Mechanical Authority (EASA) Conventions + Solutions Expo 2023,The Electro-Mechanical Authority (EASA) Conventions + Solutions Expo,2023-06-25,Oxon Hill,MD,Menzel Elektromotoren,menzel-motors.com,,,,,,,,
The Electro-Mechanical Authority (EASA) Conventions + Solutions Expo 2023,The Electro-Mechanical Authority (EASA) Conventions + Solutions Expo,2023-06-25,Oxon Hill,MD,Renown Electric Motors & Repair Inc.,renown-electric.com,,,,,,,,
The Electro-Mechanical Authority (EASA) Conventions + Solutions Expo 2023,The Electro-Mechanical Authority (EASA) Conventions + Solutions Expo,2023-06-25,Oxon Hill,MD,Grupo Gempsa,gempsa.info,,,,,,,,
The Electro-Mechanical Authority (EASA) Conventions + Solutions Expo 2023,The Electro-Mechanical Authority (EASA) Conventions + Solutions Expo,2023-06-25,Oxon Hill,MD,Oropeza Ingenieros SA de CV,oropezaingenieros.com,,,,,,,,
The Electro-Mechanical Authority (EASA) Conventions + Solutions Expo 2023,The Electro-Mechanical Authority (EASA) Conventions + Solutions Expo,2023-06-25,Oxon Hill,MD,Masters of Industry,mastersofindustry.be,,,,,,,,
The Electro-Mechanical Authority (EASA) Conventions + Solutions Expo 2023,The Electro-Mechanical Authority (EASA) Conventions + Solutions Expo,2023-06-25,Oxon Hill,MD,INSTRONIC Instrumentos de Testes,instronic.com.br,,,,,,,,
The Electro-Mechanical Authority (EASA) Conventions + Solutions Expo 2023,The Electro-Mechanical Authority (EASA) Conventions + Solutions Expo,2023-06-25,Oxon Hill,MD,Ferroman,ferroman.cl,,,,,,,,
The Electro-Mechanical Authority (EASA) Conventions + Solutions Expo 2023,The Electro-Mechanical Authority (EASA) Conventions + Solutions Expo,2023-06-25,Oxon Hill,MD,Rogers Electric & Machine,rogerselectric.ca,,,,,,,,
The Electro-Mechanical Authority (EASA) Conventions + Solutions Expo 2023,The Electro-Mechanical Authority (EASA) Conventions + Solutions Expo,2023-06-25,Oxon Hill,MD,Techtop Canada Inc.,techtopcanada.com,,,,,,,,
The Electro-Mechanical Authority (EASA) Conventions + Solutions Expo 2023,The Electro-Mechanical Authority (EASA) Conventions + Solutions Expo,2023-06-25,Oxon Hill,MD,"MANSER Manutenção, Serviços e Engenharia S.A",manser.com.br,,,,,,,,
The Electro-Mechanical Authority (EASA) Conventions + Solutions Expo 2023,The Electro-Mechanical Authority (EASA) Conventions + Solutions Expo,2023-06-25,Oxon Hill,MD,GMR Electric Motors Ltd,gmrelectric.com,,,,,,,,
The Electro-Mechanical Authority (EASA) Conventions + Solutions Expo 2023,The Electro-Mechanical Authority (EASA) Conventions + Solutions Expo,2023-06-25,Oxon Hill,MD,Sandrin Services Inc.,sandrininc.com,,,,,,,,
The Electro-Mechanical Authority (EASA) Conventions + Solutions Expo 2023,The Electro-Mechanical Authority (EASA) Conventions + Solutions Expo,2023-06-25,Oxon Hill,MD,Sertek Global,sertekglobal.com,,,,,,,,
The Electro-Mechanical Authority (EASA) Conventions + Solutions Expo 2023,The Electro-Mechanical Authority (EASA) Conventions + Solutions Expo,2023-06-25,Oxon Hill,MD,Guspro Inc.,guspro.com,,,,,,,,
The Electro-Mechanical Authority (EASA) Conventions + Solutions Expo 2023,The Electro-Mechanical Authority (EASA) Conventions + Solutions Expo,2023-06-25,Oxon Hill,MD,INVT China,invt-power.com.cn,,,,,,,,
The Electro-Mechanical Authority (EASA) Conventions + Solutions Expo 2023,The Electro-Mechanical Authority (EASA) Conventions + Solutions Expo,2023-06-25,Oxon Hill,MD,Ampro Electric Ltd,amproelectric.com,,,,,,,,
The Electro-Mechanical Authority (EASA) Conventions + Solutions Expo 2023,The Electro-Mechanical Authority (EASA) Conventions + Solutions Expo,2023-06-25,Oxon Hill,MD,Electrowind,electro-wind.com,,,,,,,,
The Electro-Mechanical Authority (EASA) Conventions + Solutions Expo 2023,The Electro-Mechanical Authority (EASA) Conventions + Solutions Expo,2023-06-25,Oxon Hill,MD,Bob White Electrix Australia,bwe.com.au,,,,,,,,
The Electro-Mechanical Authority (EASA) Conventions + Solutions Expo 2023,The Electro-Mechanical Authority (EASA) Conventions + Solutions Expo,2023-06-25,Oxon Hill,MD,Electric Motor Coil Co.,emccltd.ca,,,,,,,,
The Electro-Mechanical Authority (EASA) Conventions + Solutions Expo 2023,The Electro-Mechanical Authority (EASA) Conventions + Solutions Expo,2023-06-25,Oxon Hill,MD,Lafert North America,lafertna.com,,,,,,,,
The Electro-Mechanical Authority (EASA) Conventions + Solutions Expo 2023,The Electro-Mechanical Authority (EASA) Conventions + Solutions Expo,2023-06-25,Oxon Hill,MD,Saftty,saftty.com,,,,,,,,
The Electro-Mechanical Authority (EASA) Conventions + Solutions Expo 2023,The Electro-Mechanical Authority (EASA) Conventions + Solutions Expo,2023-06-25,Oxon Hill,MD,Universal Rewind,universalrewind.com,,,,,,,,
The Electro-Mechanical Authority (EASA) Conventions + Solutions Expo 2023,The Electro-Mechanical Authority (EASA) Conventions + Solutions Expo,2023-06-25,Oxon Hill,MD,"Rimes Electro Mecanica, C.A.",rimes.com.ve,,,,,,,,
The Electro-Mechanical Authority (EASA) Conventions + Solutions Expo 2023,The Electro-Mechanical Authority (EASA) Conventions + Solutions Expo,2023-06-25,Oxon Hill,MD,West Fraser Electro/Mechanical,west-fraser.com,,,,,,,,
The Electro-Mechanical Authority (EASA) Conventions + Solutions Expo 2023,The Electro-Mechanical Authority (EASA) Conventions + Solutions Expo,2023-06-25,Oxon Hill,MD,"Greensky Power Co., Ltd.",greensky-power.com,,,,,,,,
The Electro-Mechanical Authority (EASA) Conventions + Solutions Expo 2023,The Electro-Mechanical Authority (EASA) Conventions + Solutions Expo,2023-06-25,Oxon Hill,MD,Mep-Drives-Limited,mep.ca,,,,,,,,
The Electro-Mechanical Authority (EASA) Conventions + Solutions Expo 2023,The Electro-Mechanical Authority (EASA) Conventions + Solutions Expo,2023-06-25,Oxon Hill,MD,"Eletrotécnica KVM, Ltda.",kvm.com.br,,,,,,,,
The Electro-Mechanical Authority (EASA) Conventions + Solutions Expo 2023,The Electro-Mechanical Authority (EASA) Conventions + Solutions Expo,2023-06-25,Oxon Hill,MD,AEV Ltd,theaevgroup.com,,,,,,,,
The Electro-Mechanical Authority (EASA) Conventions + Solutions Expo 2023,The Electro-Mechanical Authority (EASA) Conventions + Solutions Expo,2023-06-25,Oxon Hill,MD,Martindale Electric Co. Ltd,martindale-electric.co.uk,,,,,,,,
The Electro-Mechanical Authority (EASA) Conventions + Solutions Expo 2023,The Electro-Mechanical Authority (EASA) Conventions + Solutions Expo,2023-06-25,Oxon Hill,MD,Trust Servo Motors Adjust,servomotorsadjust.com,,,,,,,,
The Electro-Mechanical Authority (EASA) Conventions + Solutions Expo 2023,The Electro-Mechanical Authority (EASA) Conventions + Solutions Expo,2023-06-25,Oxon Hill,MD,eMotors Direct Inc.,emotorsdirect.ca,,,,,,,,
The Electro-Mechanical Authority (EASA) Conventions + Solutions Expo 2023,The Electro-Mechanical Authority (EASA) Conventions + Solutions Expo,2023-06-25,Oxon Hill,MD,Total Image Group,totalimagegroup.com.au,,,,,,,,
The Electro-Mechanical Authority (EASA) Conventions + Solutions Expo 2023,The Electro-Mechanical Authority (EASA) Conventions + Solutions Expo,2023-06-25,Oxon Hill,MD,CBE,cbe.ma,,,,,,,,
The Electro-Mechanical Authority (EASA) Conventions + Solutions Expo 2023,The Electro-Mechanical Authority (EASA) Conventions + Solutions Expo,2023-06-25,Oxon Hill,MD,Centraldebobinados,centraldebobinados.com,,,,,,,,
The Electro-Mechanical Authority (EASA) Conventions + Solutions Expo 2023,The Electro-Mechanical Authority (EASA) Conventions + Solutions Expo,2023-06-25,Oxon Hill,MD,Hyosung Corporation,hyosung.com,,,,,,,,
The Electro-Mechanical Authority (EASA) Conventions + Solutions Expo 2023,The Electro-Mechanical Authority (EASA) Conventions + Solutions Expo,2023-06-25,Oxon Hill,MD,CPM Engineering,cpm-uk.com,,,,,,,,
The Electro-Mechanical Authority (EASA) Conventions + Solutions Expo 2023,The Electro-Mechanical Authority (EASA) Conventions + Solutions Expo,2023-06-25,Oxon Hill,MD,Ridgway Machines Ltd,ridgwayeng.com,,,,,,,,
The Electro-Mechanical Authority (EASA) Conventions + Solutions Expo 2023,The Electro-Mechanical Authority (EASA) Conventions + Solutions Expo,2023-06-25,Oxon Hill,MD,Armature Electric Ltd.,armatureelectric.com,,,,,,,,
The Electro-Mechanical Authority (EASA) Conventions + Solutions Expo 2023,The Electro-Mechanical Authority (EASA) Conventions + Solutions Expo,2023-06-25,Oxon Hill,MD,Oxyweld snc,oweld.com,,,,,,,,
The Electro-Mechanical Authority (EASA) Conventions + Solutions Expo 2023,The Electro-Mechanical Authority (EASA) Conventions + Solutions Expo,2023-06-25,Oxon Hill,MD,Spartakus APM,apm.spartakustech.com,,,,,,,,
The Electro-Mechanical Authority (EASA) Conventions + Solutions Expo 2023,The Electro-Mechanical Authority (EASA) Conventions + Solutions Expo,2023-06-25,Oxon Hill,MD,Lawrcon Electric and Machining Corporation,lawrcon.com,,,,,,,,
The Electro-Mechanical Authority (EASA) Conventions + Solutions Expo 2023,The Electro-Mechanical Authority (EASA) Conventions + Solutions Expo,2023-06-25,Oxon Hill,MD,Smartricity Inc.,smartricity.ca,,,,,,,,
The Electro-Mechanical Authority (EASA) Conventions + Solutions Expo 2023,The Electro-Mechanical Authority (EASA) Conventions + Solutions Expo,2023-06-25,Oxon Hill,MD,Eura Drives Flagship Products,euradrives.com,,,,,,,,
The Electro-Mechanical Authority (EASA) Conventions + Solutions Expo 2023,The Electro-Mechanical Authority (EASA) Conventions + Solutions Expo,2023-06-25,Oxon Hill,MD,Milbank Industrial Electric,milbank.co.nz,,,,,,,,
The Electro-Mechanical Authority (EASA) Conventions + Solutions Expo 2023,The Electro-Mechanical Authority (EASA) Conventions + Solutions Expo,2023-06-25,Oxon Hill,MD,Universal Electric Motors,uem.ca,,,,,,,,
The Electro-Mechanical Authority (EASA) Conventions + Solutions Expo 2023,The Electro-Mechanical Authority (EASA) Conventions + Solutions Expo,2023-06-25,Oxon Hill,MD,Lehmus,lehmus.pt,,,,,,,,
The Electro-Mechanical Authority (EASA) Conventions + Solutions Expo 2023,The Electro-Mechanical Authority (EASA) Conventions + Solutions Expo,2023-06-25,Oxon Hill,MD,Sprint Ex Engineering,sprintexengineering.com,,,,,,,,
The Electro-Mechanical Authority (EASA) Conventions + Solutions Expo 2023,The Electro-Mechanical Authority (EASA) Conventions + Solutions Expo,2023-06-25,Oxon Hill,MD,Bater Electric Ltd,baterelectric.com,,,,,,,,
The Electro-Mechanical Authority (EASA) Conventions + Solutions Expo 2023,The Electro-Mechanical Authority (EASA) Conventions + Solutions Expo,2023-06-25,Oxon Hill,MD,SeymourSmith Electric,seymoursmith.com,,,,,,,,
The Electro-Mechanical Authority (EASA) Conventions + Solutions Expo 2023,The Electro-Mechanical Authority (EASA) Conventions + Solutions Expo,2023-06-25,Oxon Hill,MD,Balance and Vibration Engineering BVE Pty Ltd,balvibe.com.au,,,,,,,,
The Electro-Mechanical Authority (EASA) Conventions + Solutions Expo 2023,The Electro-Mechanical Authority (EASA) Conventions + Solutions Expo,2023-06-25,Oxon Hill,MD,IME,ime.com.co,,,,,,,,
The Electro-Mechanical Authority (EASA) Conventions + Solutions Expo 2023,The Electro-Mechanical Authority (EASA) Conventions + Solutions Expo,2023-06-25,Oxon Hill,MD,Industrial Commutator Co,commutator.ca,,,,,,,,
The Electro-Mechanical Authority (EASA) Conventions + Solutions Expo 2023,The Electro-Mechanical Authority (EASA) Conventions + Solutions Expo,2023-06-25,Oxon Hill,MD,"Industrias Einstein, S A.",industriaseinstein.com,,,,,,,,
The Electro-Mechanical Authority (EASA) Conventions + Solutions Expo 2023,The Electro-Mechanical Authority (EASA) Conventions + Solutions Expo,2023-06-25,Oxon Hill,MD,Scona Electric Inc,sconaelectric.com,,,,,,,,
The Electro-Mechanical Authority (EASA) Conventions + Solutions Expo 2023,The Electro-Mechanical Authority (EASA) Conventions + Solutions Expo,2023-06-25,Oxon Hill,MD,Willingwisdom.Com,willingwisdom.com,,,,,,,,
The Electro-Mechanical Authority (EASA) Conventions + Solutions Expo 2023,The Electro-Mechanical Authority (EASA) Conventions + Solutions Expo,2023-06-25,Oxon Hill,MD,C&S Associates Ltd,csassociates.co.uk,,,,,,,,
The Electro-Mechanical Authority (EASA) Conventions + Solutions Expo 2023,The Electro-Mechanical Authority (EASA) Conventions + Solutions Expo,2023-06-25,Oxon Hill,MD,Anhui Hanhai New material corp.,hanhaimagnet.com,,,,,,,,
The Electro-Mechanical Authority (EASA) Conventions + Solutions Expo 2023,The Electro-Mechanical Authority (EASA) Conventions + Solutions Expo,2023-06-25,Oxon Hill,MD,Murray Hydronics Limited,murrayhydronics.com,,,,,,,,
The Electro-Mechanical Authority (EASA) Conventions + Solutions Expo 2023,The Electro-Mechanical Authority (EASA) Conventions + Solutions Expo,2023-06-25,Oxon Hill,MD,DSTAR Electric Ltd.,dstarelectric.com,,,,,,,,
The Electro-Mechanical Authority (EASA) Conventions + Solutions Expo 2023,The Electro-Mechanical Authority (EASA) Conventions + Solutions Expo,2023-06-25,Oxon Hill,MD,Cyntek Group,cyntekgroup.com,,,,,,,,
The Electro-Mechanical Authority (EASA) Conventions + Solutions Expo 2023,The Electro-Mechanical Authority (EASA) Conventions + Solutions Expo,2023-06-25,Oxon Hill,MD,Wescap,wescap.nl,,,,,,,,
The Electro-Mechanical Authority (EASA) Conventions + Solutions Expo 2023,The Electro-Mechanical Authority (EASA) Conventions + Solutions Expo,2023-06-25,Oxon Hill,MD,Kriskyle Industries Ltd,kriskyle.com,,,,,,,,
The Electro-Mechanical Authority (EASA) Conventions + Solutions Expo 2023,The Electro-Mechanical Authority (EASA) Conventions + Solutions Expo,2023-06-25,Oxon Hill,MD,Meunier Électrique,meunierelectrique.ca,,,,,,,,
The Electro-Mechanical Authority (EASA) Conventions + Solutions Expo 2023,The Electro-Mechanical Authority (EASA) Conventions + Solutions Expo,2023-06-25,Oxon Hill,MD,Elmah S De Rl.Cv,elmahn.com,,,,,,,,
The Electro-Mechanical Authority (EASA) Conventions + Solutions Expo 2023,The Electro-Mechanical Authority (EASA) Conventions + Solutions Expo,2023-06-25,Oxon Hill,MD,Ning Fan Bearing,ningfan.com,,,,,,,,
The Electro-Mechanical Authority (EASA) Conventions + Solutions Expo 2023,The Electro-Mechanical Authority (EASA) Conventions + Solutions Expo,2023-06-25,Oxon Hill,MD,Electric Motor Service,electricmotorservice.ca,,,,,,,,
The Electro-Mechanical Authority (EASA) Conventions + Solutions Expo 2023,The Electro-Mechanical Authority (EASA) Conventions + Solutions Expo,2023-06-25,Oxon Hill,MD,Fader Agencies,faderagencies.ca,,,,,,,,
The Electro-Mechanical Authority (EASA) Conventions + Solutions Expo 2023,The Electro-Mechanical Authority (EASA) Conventions + Solutions Expo,2023-06-25,Oxon Hill,MD,Lofgham,lofgham.com,,,,,,,,
The Electro-Mechanical Authority (EASA) Conventions + Solutions Expo 2023,The Electro-Mechanical Authority (EASA) Conventions + Solutions Expo,2023-06-25,Oxon Hill,MD,Carbon Brush Supply,carbonbrushsupply.com,,,,,,,,
The Electro-Mechanical Authority (EASA) Conventions + Solutions Expo 2023,The Electro-Mechanical Authority (EASA) Conventions + Solutions Expo,2023-06-25,Oxon Hill,MD,"Cixi Waylead Motor Manufacturing Co., Ltd.",waylead.com.cn,,,,,,,,
The Electro-Mechanical Authority (EASA) Conventions + Solutions Expo 2023,The Electro-Mechanical Authority (EASA) Conventions + Solutions Expo,2023-06-25,Oxon Hill,MD,"EMZ Industries, Inc",emzmotor.com,,,,,,,,
The Electro-Mechanical Authority (EASA) Conventions + Solutions Expo 2023,The Electro-Mechanical Authority (EASA) Conventions + Solutions Expo,2023-06-25,Oxon Hill,MD,"Anhui Wannan Electric Machine Co., Ltd.",wannanmotor.net,,,,,,,,
The Electro-Mechanical Authority (EASA) Conventions + Solutions Expo 2023,The Electro-Mechanical Authority (EASA) Conventions + Solutions Expo,2023-06-25,Oxon Hill,MD,"Ningbo Mairui Machinery Co., Ltd.",nbmairui.com,,,,,,,,
The Electro-Mechanical Authority (EASA) Conventions + Solutions Expo 2023,The Electro-Mechanical Authority (EASA) Conventions + Solutions Expo,2023-06-25,Oxon Hill,MD,"Shenyang Daming Motor Co., Ltd.",brimoch.com,,,,,,,,
The Electro-Mechanical Authority (EASA) Conventions + Solutions Expo 2023,The Electro-Mechanical Authority (EASA) Conventions + Solutions Expo,2023-06-25,Oxon Hill,MD,Keliang.Com,keliang.com,,,,,,,,
The Electro-Mechanical Authority (EASA) Conventions + Solutions Expo 2023,The Electro-Mechanical Authority (EASA) Conventions + Solutions Expo,2023-06-25,Oxon Hill,MD,Evans Electric,evanselectric.co.in,,,,,,,,
The Electro-Mechanical Authority (EASA) Conventions + Solutions Expo 2023,The Electro-Mechanical Authority (EASA) Conventions + Solutions Expo,2023-06-25,Oxon Hill,MD,Areurmot,areurmot.com,,,,,,,,
The Electro-Mechanical Authority (EASA) Conventions + Solutions Expo 2023,The Electro-Mechanical Authority (EASA) Conventions + Solutions Expo,2023-06-25,Oxon Hill,MD,Electromotor,electromotorspa.com,,,,,,,,
The Electro-Mechanical Authority (EASA) Conventions + Solutions Expo 2023,The Electro-Mechanical Authority (EASA) Conventions + Solutions Expo,2023-06-25,Oxon Hill,MD,Elektroullrich,elektroullrich.de,,,,,,,,
The Electro-Mechanical Authority (EASA) Conventions + Solutions Expo 2023,The Electro-Mechanical Authority (EASA) Conventions + Solutions Expo,2023-06-25,Oxon Hill,MD,Hrbobinados,hrbobinados.com,,,,,,,,
The Electro-Mechanical Authority (EASA) Conventions + Solutions Expo 2023,The Electro-Mechanical Authority (EASA) Conventions + Solutions Expo,2023-06-25,Oxon Hill,MD,Marro,marro.mx,,,,,,,,
The Electro-Mechanical Authority (EASA) Conventions + Solutions Expo 2023,The Electro-Mechanical Authority (EASA) Conventions + Solutions Expo,2023-06-25,Oxon Hill,MD,Em Inca,eminca.com,,,,,,,,
The Electro-Mechanical Authority (EASA) Conventions + Solutions Expo 2023,The Electro-Mechanical Authority (EASA) Conventions + Solutions Expo,2023-06-25,Oxon Hill,MD,Ltesas,ltesas.com,,,,,,,,
The Electro-Mechanical Authority (EASA) Conventions + Solutions Expo 2023,The Electro-Mechanical Authority (EASA) Conventions + Solutions Expo,2023-06-25,Oxon Hill,MD,Zhi Xing,zhi-xing.com,,,,,,,,
The Electro-Mechanical Authority (EASA) Conventions + Solutions Expo 2023,The Electro-Mechanical Authority (EASA) Conventions + Solutions Expo,2023-06-25,Oxon Hill,MD,Discount Electric Motors Inc,discountelectricmotorsinc.com,,,,,,,,
The Electro-Mechanical Authority (EASA) Conventions + Solutions Expo 2023,The Electro-Mechanical Authority (EASA) Conventions + Solutions Expo,2023-06-25,Oxon Hill,MD,Earth Inc,1earthinc.com,,,,,,,,
The Electro-Mechanical Authority (EASA) Conventions + Solutions Expo 2023,The Electro-Mechanical Authority (EASA) Conventions + Solutions Expo,2023-06-25,Oxon Hill,MD,Emrconsulting.No,emrconsulting.no,,,,,,,,
The Electro-Mechanical Authority (EASA) Conventions + Solutions Expo 2023,The Electro-Mechanical Authority (EASA) Conventions + Solutions Expo,2023-06-25,Oxon Hill,MD,Matelec SA,matelec.com.pe,,,,,,,,
Advancing Electrical Prefabrication 2026,Advancing Electrical Prefabrication,2026-07-22,Dallas,TX,"Rosendin Electric, Inc.",rosendin.com,"San Jose, CA",24686,Bootstrapped,1919,,,,
Advancing Electrical Prefabrication 2026,Advancing Electrical Prefabrication,2026-07-22,Dallas,TX,Hubbell Incorporated,hubbell.com,"Shelton, CT",24056,Public,1962,,,,
Advancing Electrical Prefabrication 2026,Advancing Electrical Prefabrication,2026-07-22,Dallas,TX,Helix Electric,helixelectric.com,"San Diego, CA",7166,Bootstrapped,1985,,,,
Advancing Electrical Prefabrication 2026,Advancing Electrical Prefabrication,2026-07-22,Dallas,TX,NSC,nscstaffing.com,"Georgia, USA",5727,Private Equity Add-On,2000,,,,
Advancing Electrical Prefabrication 2026,Advancing Electrical Prefabrication,2026-07-22,Dallas,TX,Bergelectric,bergelectric.com,"Carlsbad, CA",5617,Investor Backed,1946,,,,
Advancing Electrical Prefabrication 2026,Advancing Electrical Prefabrication,2026-07-22,Dallas,TX,The Newtron Group,thenewtrongroup.com,,,,,,,,
Advancing Electrical Prefabrication 2026,Advancing Electrical Prefabrication,2026-07-22,Dallas,TX,The Weitz Company,weitz.com,,,,,,,,
Advancing Electrical Prefabrication 2026,Advancing Electrical Prefabrication,2026-07-22,Dallas,TX,Neilsoft,neilsoft.com,,,,,,,,
Advancing Electrical Prefabrication 2026,Advancing Electrical Prefabrication,2026-07-22,Dallas,TX,ArchKey Solutions LLC,archkey.com,,,,,,,,
Advancing Electrical Prefabrication 2026,Advancing Electrical Prefabrication,2026-07-22,Dallas,TX,Cummings Electrical,cummingselec.com,,,,,,,,
Advancing Electrical Prefabrication 2026,Advancing Electrical Prefabrication,2026-07-22,Dallas,TX,Power Design Inc.,powerdesigninc.us,,,,,,,,
Advancing Electrical Prefabrication 2026,Advancing Electrical Prefabrication,2026-07-22,Dallas,TX,"CSI Electrical Contractors, Inc.",csielectric.com,,,,,,,,
Advancing Electrical Prefabrication 2026,Advancing Electrical Prefabrication,2026-07-22,Dallas,TX,"Hatzel and Buehler, Inc",hatzelandbuehler.com,,,,,,,,
Advancing Electrical Prefabrication 2026,Advancing Electrical Prefabrication,2026-07-22,Dallas,TX,"Encore Electric, Inc.",encoreelectric.com,,,,,,,,
Advancing Electrical Prefabrication 2026,Advancing Electrical Prefabrication,2026-07-22,Dallas,TX,Encore Wire Corp,encorewire.com,,,,,,,,
Advancing Electrical Prefabrication 2026,Advancing Electrical Prefabrication,2026-07-22,Dallas,TX,"Cupertino Electric, Inc.",cei.com,,,,,,,,
Advancing Electrical Prefabrication 2026,Advancing Electrical Prefabrication,2026-07-22,Dallas,TX,ENGworks,engbim.com,,,,,,,,
Advancing Electrical Prefabrication 2026,Advancing Electrical Prefabrication,2026-07-22,Dallas,TX,BRANCH,branchgroup.com,,,,,,,,
Advancing Electrical Prefabrication 2026,Advancing Electrical Prefabrication,2026-07-22,Dallas,TX,"PayneCrest Electric, Inc.",paynecrest.com,,,,,,,,
Advancing Electrical Prefabrication 2026,Advancing Electrical Prefabrication,2026-07-22,Dallas,TX,Baker Electric,baker-electric.com,,,,,,,,
Advancing Electrical Prefabrication 2026,Advancing Electrical Prefabrication,2026-07-22,Dallas,TX,Quickbase,quickbase.com,,,,,,,,
Advancing Electrical Prefabrication 2026,Advancing Electrical Prefabrication,2026-07-22,Dallas,TX,Rudolph Libbe Inc.,rlgbuilds.com,,,,,,,,
Advancing Electrical Prefabrication 2026,Advancing Electrical Prefabrication,2026-07-22,Dallas,TX,"Alterman, Inc.",goalterman.com,,,,,,,,
Advancing Electrical Prefabrication 2026,Advancing Electrical Prefabrication,2026-07-22,Dallas,TX,Briggs Electric,briggselectric.com,,,,,,,,
Advancing Electrical Prefabrication 2026,Advancing Electrical Prefabrication,2026-07-22,Dallas,TX,Inglett & Stubbs LLC,inglett-stubbs.com,,,,,,,,
Advancing Electrical Prefabrication 2026,Advancing Electrical Prefabrication,2026-07-22,Dallas,TX,"Amteck, LLC",amteck.com,,,,,,,,
Advancing Electrical Prefabrication 2026,Advancing Electrical Prefabrication,2026-07-22,Dallas,TX,"Tri-City Electrical Contractors, Inc.",tcelectric.com,,,,,,,,
Advancing Electrical Prefabrication 2026,Advancing Electrical Prefabrication,2026-07-22,Dallas,TX,BES,b-eng-s.com,,,,,,,,
Advancing Electrical Prefabrication 2026,Advancing Electrical Prefabrication,2026-07-22,Dallas,TX,CarolinaPower,carolinapower.com,,,,,,,,
Advancing Electrical Prefabrication 2026,Advancing Electrical Prefabrication,2026-07-22,Dallas,TX,"Piquette & Howard Electric Service, Inc.",phelectricalcontractor.com,,,,,,,,
Advancing Electrical Prefabrication 2026,Advancing Electrical Prefabrication,2026-07-22,Dallas,TX,Staff Electric Co.,staffelectric.com,,,,,,,,
Advancing Electrical Prefabrication 2026,Advancing Electrical Prefabrication,2026-07-22,Dallas,TX,O'Connell Electric Company,oconnellelectric.com,,,,,,,,
Advancing Electrical Prefabrication 2026,Advancing Electrical Prefabrication,2026-07-22,Dallas,TX,"Ready Electric Company, Inc.",readyelec.com,,,,,,,,
Advancing Electrical Prefabrication 2026,Advancing Electrical Prefabrication,2026-07-22,Dallas,TX,"Maddox Industrial Transformer, LLC",maddoxtransformer.com,,,,,,,,
Advancing Electrical Prefabrication 2026,Advancing Electrical Prefabrication,2026-07-22,Dallas,TX,Packer Fastener,packerfastener.com,,,,,,,,
Advancing Electrical Prefabrication 2026,Advancing Electrical Prefabrication,2026-07-22,Dallas,TX,Cablcon,cablcon.com,,,,,,,,
Advancing Electrical Prefabrication 2026,Advancing Electrical Prefabrication,2026-07-22,Dallas,TX,Sjs Bim | Vdc,sjsvdc.com,,,,,,,,
Advancing Electrical Prefabrication 2026,Advancing Electrical Prefabrication,2026-07-22,Dallas,TX,ProLift Rigging,proliftrigging.com,,,,,,,,
Advancing Electrical Prefabrication 2026,Advancing Electrical Prefabrication,2026-07-22,Dallas,TX,Allfasteners USA,allfasteners.com,,,,,,,,
Advancing Electrical Prefabrication 2026,Advancing Electrical Prefabrication,2026-07-22,Dallas,TX,Sullivan & McLaughlin,sullymac.com,,,,,,,,
Advancing Electrical Prefabrication 2026,Advancing Electrical Prefabrication,2026-07-22,Dallas,TX,"Copperweld Bimetallics, LLC",copperweld.com,,,,,,,,
Advancing Electrical Prefabrication 2026,Advancing Electrical Prefabrication,2026-07-22,Dallas,TX,RJP Electric,rjpelectric.com,,,,,,,,
Advancing Electrical Prefabrication 2026,Advancing Electrical Prefabrication,2026-07-22,Dallas,TX,Enterprise Electrical,enterpriseelectricalco.com,,,,,,,,
Advancing Electrical Prefabrication 2026,Advancing Electrical Prefabrication,2026-07-22,Dallas,TX,Outsource,outsource.net,,,,,,,,
Advancing Electrical Prefabrication 2026,Advancing Electrical Prefabrication,2026-07-22,Dallas,TX,Unistrut Midwest,unistrut.biz,,,,,,,,
Advancing Electrical Prefabrication 2026,Advancing Electrical Prefabrication,2026-07-22,Dallas,TX,"Kojo Technologies, Inc.",usekojo.com,,,,,,,,
Advancing Electrical Prefabrication 2026,Advancing Electrical Prefabrication,2026-07-22,Dallas,TX,Orbit Industries,orbitelectric.com,,,,,,,,
Advancing Electrical Prefabrication 2026,Advancing Electrical Prefabrication,2026-07-22,Dallas,TX,"Sanveo, Inc.",sanveo.com,,,,,,,,
Advancing Electrical Prefabrication 2026,Advancing Electrical Prefabrication,2026-07-22,Dallas,TX,Stratus,stratus.build,,,,,,,,
Advancing Electrical Prefabrication 2026,Advancing Electrical Prefabrication,2026-07-22,Dallas,TX,Canyon State Electric,canyonstateelectric.com,,,,,YES,campaign-P2,T5,YES
Advancing Electrical Prefabrication 2026,Advancing Electrical Prefabrication,2026-07-22,Dallas,TX,Remarcable Inc.,remarcable.com,,,,,,,,
Advancing Electrical Prefabrication 2026,Advancing Electrical Prefabrication,2026-07-22,Dallas,TX,Roman Stone Construction Company,romanstoneco.com,,,,,,,,
Advancing Electrical Prefabrication 2026,Advancing Electrical Prefabrication,2026-07-22,Dallas,TX,"Winward Electrical Services, Inc.",winwardelectric.com,,,,,YES,master-P2,T5,
Advancing Electrical Prefabrication 2026,Advancing Electrical Prefabrication,2026-07-22,Dallas,TX,Slifco Electric,slifcoelectric.com,,,,,,,,
Advancing Electrical Prefabrication 2026,Advancing Electrical Prefabrication,2026-07-22,Dallas,TX,eVolve MEP,evolvemep.com,,,,,,,,
Advancing Electrical Prefabrication 2026,Advancing Electrical Prefabrication,2026-07-22,Dallas,TX,VDC Specialists,vdcspecialists.com,,,,,,,,
Advancing Electrical Prefabrication 2026,Advancing Electrical Prefabrication,2026-07-22,Dallas,TX,Visionary Es,visionary-es.com,,,,,,,,
Advancing Electrical Prefabrication 2026,Advancing Electrical Prefabrication,2026-07-22,Dallas,TX,IMS Electrol Manufacturing,electrolmfg.com,,,,,,,,
Advancing Electrical Prefabrication 2026,Advancing Electrical Prefabrication,2026-07-22,Dallas,TX,Enterprise Electric,enterprise-electric.net,,,,,,,,
Advancing Electrical Prefabrication 2026,Advancing Electrical Prefabrication,2026-07-22,Dallas,TX,DPMG Corp.,dpmgcorp.com,,,,,,,,
Advancing Electrical Prefabrication 2026,Advancing Electrical Prefabrication,2026-07-22,Dallas,TX,Allied BIM,alliedbim.com,,,,,,,,
Advancing Electrical Prefabrication 2026,Advancing Electrical Prefabrication,2026-07-22,Dallas,TX,Auto BIM Route,autobimroute.com,,,,,,,,
Advancing Electrical Prefabrication 2026,Advancing Electrical Prefabrication,2026-07-22,Dallas,TX,"Central Conduit, Inc.",centralconduit.com,,,,,,,,
Advancing Electrical Prefabrication 2026,Advancing Electrical Prefabrication,2026-07-22,Dallas,TX,"Allstar Electrical Contractors, Inc",allstar-electric.org,,,,,,,,
Advancing Electrical Prefabrication 2026,Advancing Electrical Prefabrication,2026-07-22,Dallas,TX,EPI Power,epipower.com,,,,,,,,
Advancing Electrical Prefabrication 2026,Advancing Electrical Prefabrication,2026-07-22,Dallas,TX,InfraSquad,infrasquad.ai,,,,,,,,
Advancing Electrical Prefabrication 2026,Advancing Electrical Prefabrication,2026-07-22,Dallas,TX,W Bim El,w-bim-el.com,,,,,,,,
Advancing Electrical Prefabrication 2026,Advancing Electrical Prefabrication,2026-07-22,Dallas,TX,Augmenta,augmenta.ai,,,,,,,,
International Lineman's Rodeo & Expo 2026,International Lineman's Rodeo & Expo,2026-10-14,Overland Park,KS,Duke Energy Corporation,duke-energy.com,"Charlotte, NC",72470,Public Subsidiary,1904,,,,
International Lineman's Rodeo & Expo 2026,International Lineman's Rodeo & Expo,2026-10-14,Overland Park,KS,"Quanta Services, Inc.",quantaservices.com,"Houston, TX",30004,Public,1997,,,,
International Lineman's Rodeo & Expo 2026,International Lineman's Rodeo & Expo,2026-10-14,Overland Park,KS,DTE Energy Co.,dteenergy.com,"Detroit, MI",26804,Public,1849,,,,
International Lineman's Rodeo & Expo 2026,International Lineman's Rodeo & Expo,2026-10-14,Overland Park,KS,Pacific Gas and Electric Company,pge.com,"Oakland, CA",15737,Public,1905,,,,
International Lineman's Rodeo & Expo 2026,International Lineman's Rodeo & Expo,2026-10-14,Overland Park,KS,"Southwire Company, LLC.",southwire.com,"Carrollton, GA",14899,Investor Backed,1937,,,,
International Lineman's Rodeo & Expo 2026,International Lineman's Rodeo & Expo,2026-10-14,Overland Park,KS,Black & McDonald Limited,blackandmcdonald.com,,,,,,,,
International Lineman's Rodeo & Expo 2026,International Lineman's Rodeo & Expo,2026-10-14,Overland Park,KS,Arizona Public Service (APS),aps.com,,,,,,,,
International Lineman's Rodeo & Expo 2026,International Lineman's Rodeo & Expo,2026-10-14,Overland Park,KS,"Apex Tool Group, LLC",apextoolgroup.com,,,,,,,,
International Lineman's Rodeo & Expo 2026,International Lineman's Rodeo & Expo,2026-10-14,Overland Park,KS,Portland General Electric Company (PGE),portlandgeneral.com,,,,,,,,
International Lineman's Rodeo & Expo 2026,International Lineman's Rodeo & Expo,2026-10-14,Overland Park,KS,Crawford,crawfordelectricsupply.com,,,,,,,,
International Lineman's Rodeo & Expo 2026,International Lineman's Rodeo & Expo,2026-10-14,Overland Park,KS,Preformed Line Products,preformed.com,,,,,,,,
International Lineman's Rodeo & Expo 2026,International Lineman's Rodeo & Expo,2026-10-14,Overland Park,KS,United Utility Services LLC,unitedutility.com,,,,,,,,
International Lineman's Rodeo & Expo 2026,International Lineman's Rodeo & Expo,2026-10-14,Overland Park,KS,Blåkläder North America,blaklader.com,,,,,,,,
International Lineman's Rodeo & Expo 2026,International Lineman's Rodeo & Expo,2026-10-14,Overland Park,KS,Heavy Equipment Colleges of America,heavyequipmentcollege.edu,,,,,,,,
International Lineman's Rodeo & Expo 2026,International Lineman's Rodeo & Expo,2026-10-14,Overland Park,KS,American Wire Group,buyawg.com,,,,,,,,
International Lineman's Rodeo & Expo 2026,International Lineman's Rodeo & Expo,2026-10-14,Overland Park,KS,Gridware,gridware.io,,,,,,,,
International Lineman's Rodeo & Expo 2026,International Lineman's Rodeo & Expo,2026-10-14,Overland Park,KS,Buckingham Manufacturing Co Inc.,buckinghammfg.com,,,,,,,,
International Lineman's Rodeo & Expo 2026,International Lineman's Rodeo & Expo,2026-10-14,Overland Park,KS,Evergy Energy Partners,evergyenergypartners.com,,,,,,,,
International Lineman's Rodeo & Expo 2026,International Lineman's Rodeo & Expo,2026-10-14,Overland Park,KS,Hastings Fiberglass Products Inc.,hfgp.com,,,,,,,,
International Lineman's Rodeo & Expo 2026,International Lineman's Rodeo & Expo,2026-10-14,Overland Park,KS,"Jeffrey Machine, INC.",jeffreymachine.com,,,,,,,,
International Lineman's Rodeo & Expo 2026,International Lineman's Rodeo & Expo,2026-10-14,Overland Park,KS,"Youngstown Glove Co., LLC",ytgloves.com,,,,,,,,
International Lineman's Rodeo & Expo 2026,International Lineman's Rodeo & Expo,2026-10-14,Overland Park,KS,Lug-All,lug-all.com,,,,,,,,
International Lineman's Rodeo & Expo 2026,International Lineman's Rodeo & Expo,2026-10-14,Overland Park,KS,Meta Design & Manufacturing,metadesignmfg.info,,,,,,,,
International Lineman's Rodeo & Expo 2026,International Lineman's Rodeo & Expo,2026-10-14,Overland Park,KS,"Condux Tesmec, Inc.",conduxtesmec.com,,,,,YES,P3-candidate,T3,YES
International Lineman's Rodeo & Expo 2026,International Lineman's Rodeo & Expo,2026-10-14,Overland Park,KS,Bierer & Associates Inc,bierermeters.com,,,,,,,,
International Lineman's Rodeo & Expo 2026,International Lineman's Rodeo & Expo,2026-10-14,Overland Park,KS,Farwest,fwlsp.com,,,,,,,,
International Lineman's Rodeo & Expo 2026,International Lineman's Rodeo & Expo,2026-10-14,Overland Park,KS,"Line Work Bucket Products, LLC",lineworkbucketproducts.com,,,,,,,,
International Lineman's Rodeo & Expo 2026,International Lineman's Rodeo & Expo,2026-10-14,Overland Park,KS,LR Toolworks,lrtoolworks.com,,,,,,,,
International Lineman's Rodeo & Expo 2026,International Lineman's Rodeo & Expo,2026-10-14,Overland Park,KS,Three Phase Innovations,threephaseinnovations.com,,,,,,,,
National Rural Electric Cooperative Association (NRECA) PowerXchange 2026,National Rural Electric Cooperative Association (NRECA) PowerXchange,2026-03-06,Nashville,TN,"Amazon.com, Inc.",amazonaws.com,"Seattle, WA",793230,Public,1994,,,,
National Rural Electric Cooperative Association (NRECA) PowerXchange 2026,National Rural Electric Cooperative Association (NRECA) PowerXchange,2026-03-06,Nashville,TN,Cintas,cintas.com,"Cincinnati, OH",176402,Public,1968,,,,
National Rural Electric Cooperative Association (NRECA) PowerXchange 2026,National Rural Electric Cooperative Association (NRECA) PowerXchange,2026-03-06,Nashville,TN,"Cisco Systems, Inc",cisco.com,"San Jose, CA",201705,Public,1984,,,,
National Rural Electric Cooperative Association (NRECA) PowerXchange 2026,National Rural Electric Cooperative Association (NRECA) PowerXchange,2026-03-06,Nashville,TN,US Navy,navy.mil,"Washington, Washington, DC",212013,Investor Backed,1974,,,,
National Rural Electric Cooperative Association (NRECA) PowerXchange 2026,National Rural Electric Cooperative Association (NRECA) PowerXchange,2026-03-06,Nashville,TN,Ford Motor Company,ford.com,"Dearborn, MI",623131,Public,1959,,,,
National Rural Electric Cooperative Association (NRECA) PowerXchange 2026,National Rural Electric Cooperative Association (NRECA) PowerXchange,2026-03-06,Nashville,TN,"Honeywell International, Inc.",honeywell.com,,,,,,,,
National Rural Electric Cooperative Association (NRECA) PowerXchange 2026,National Rural Electric Cooperative Association (NRECA) PowerXchange,2026-03-06,Nashville,TN,Safran Group,safran-group.com,,,,,,,,
National Rural Electric Cooperative Association (NRECA) PowerXchange 2026,National Rural Electric Cooperative Association (NRECA) PowerXchange,2026-03-06,Nashville,TN,ABB Asea Brown Boveri Ltd.,abb.com,,,,,,,,
National Rural Electric Cooperative Association (NRECA) PowerXchange 2026,National Rural Electric Cooperative Association (NRECA) PowerXchange,2026-03-06,Nashville,TN,Oracle,oracle.com,,,,,,,,
National Rural Electric Cooperative Association (NRECA) PowerXchange 2026,National Rural Electric Cooperative Association (NRECA) PowerXchange,2026-03-06,Nashville,TN,Hitachi Energy Ltd.,hitachienergy.com,,,,,,,,
National Rural Electric Cooperative Association (NRECA) PowerXchange 2026,National Rural Electric Cooperative Association (NRECA) PowerXchange,2026-03-06,Nashville,TN,Schneider Electric,se.com,,,,,,,,
National Rural Electric Cooperative Association (NRECA) PowerXchange 2026,National Rural Electric Cooperative Association (NRECA) PowerXchange,2026-03-06,Nashville,TN,"Xylem, Inc.",xylem.com,,,,,,,,
National Rural Electric Cooperative Association (NRECA) PowerXchange 2026,National Rural Electric Cooperative Association (NRECA) PowerXchange,2026-03-06,Nashville,TN,Sonepar,sonepar.com,,,,,,,,
National Rural Electric Cooperative Association (NRECA) PowerXchange 2026,National Rural Electric Cooperative Association (NRECA) PowerXchange,2026-03-06,Nashville,TN,DNV AS,dnv.com,,,,,,,,
National Rural Electric Cooperative Association (NRECA) PowerXchange 2026,National Rural Electric Cooperative Association (NRECA) PowerXchange,2026-03-06,Nashville,TN,RWE AG,rwe.com,,,,,,,,
National Rural Electric Cooperative Association (NRECA) PowerXchange 2026,National Rural Electric Cooperative Association (NRECA) PowerXchange,2026-03-06,Nashville,TN,Panasonic Corporation of North America,panasonic.com,,,,,,,,
National Rural Electric Cooperative Association (NRECA) PowerXchange 2026,National Rural Electric Cooperative Association (NRECA) PowerXchange,2026-03-06,Nashville,TN,CDW LLC,cdw.com,,,,,,,,
National Rural Electric Cooperative Association (NRECA) PowerXchange 2026,National Rural Electric Cooperative Association (NRECA) PowerXchange,2026-03-06,Nashville,TN,Parsons Corporation,parsons.com,,,,,,,,
National Rural Electric Cooperative Association (NRECA) PowerXchange 2026,National Rural Electric Cooperative Association (NRECA) PowerXchange,2026-03-06,Nashville,TN,CommScope Technologies LLC,commscope.com,,,,,,,,
National Rural Electric Cooperative Association (NRECA) PowerXchange 2026,National Rural Electric Cooperative Association (NRECA) PowerXchange,2026-03-06,Nashville,TN,U.S. Department of Agriculture,usda.gov,,,,,,,,
National Rural Electric Cooperative Association (NRECA) PowerXchange 2026,National Rural Electric Cooperative Association (NRECA) PowerXchange,2026-03-06,Nashville,TN,"Quanta Services, Inc.",quantaservices.com,,,,,,,,
National Rural Electric Cooperative Association (NRECA) PowerXchange 2026,National Rural Electric Cooperative Association (NRECA) PowerXchange,2026-03-06,Nashville,TN,"Motorola Solutions, Inc.",motorolasolutions.com,,,,,,,,
National Rural Electric Cooperative Association (NRECA) PowerXchange 2026,National Rural Electric Cooperative Association (NRECA) PowerXchange,2026-03-06,Nashville,TN,"Asplundh Tree Expert, LLC",asplundh.com,,,,,,,,
National Rural Electric Cooperative Association (NRECA) PowerXchange 2026,National Rural Electric Cooperative Association (NRECA) PowerXchange,2026-03-06,Nashville,TN,"Wesco International, Inc.",wesco.com,,,,,,,,
National Rural Electric Cooperative Association (NRECA) PowerXchange 2026,National Rural Electric Cooperative Association (NRECA) PowerXchange,2026-03-06,Nashville,TN,Hubbell Incorporated,hubbell.com,,,,,,,,
National Rural Electric Cooperative Association (NRECA) PowerXchange 2026,National Rural Electric Cooperative Association (NRECA) PowerXchange,2026-03-06,Nashville,TN,Directv,usdirect.com,,,,,,,,
National Rural Electric Cooperative Association (NRECA) PowerXchange 2026,National Rural Electric Cooperative Association (NRECA) PowerXchange,2026-03-06,Nashville,TN,"Southwire Company, LLC.",southwire.com,,,,,,,,
National Rural Electric Cooperative Association (NRECA) PowerXchange 2026,National Rural Electric Cooperative Association (NRECA) PowerXchange,2026-03-06,Nashville,TN,"Osmose Pty., Ltd.",osmose.com,,,,,,,,
National Rural Electric Cooperative Association (NRECA) PowerXchange 2026,National Rural Electric Cooperative Association (NRECA) PowerXchange,2026-03-06,Nashville,TN,"Itron, Inc.",itron.com,,,,,,,,
National Rural Electric Cooperative Association (NRECA) PowerXchange 2026,National Rural Electric Cooperative Association (NRECA) PowerXchange,2026-03-06,Nashville,TN,"Belden, Inc.",belden.com,,,,,,,,
National Rural Electric Cooperative Association (NRECA) PowerXchange 2026,National Rural Electric Cooperative Association (NRECA) PowerXchange,2026-03-06,Nashville,TN,Rheem Manufacturing Company,rheem.com,,,,,,,,
National Rural Electric Cooperative Association (NRECA) PowerXchange 2026,National Rural Electric Cooperative Association (NRECA) PowerXchange,2026-03-06,Nashville,TN,TRC,trccompanies.com,,,,,,,,
National Rural Electric Cooperative Association (NRECA) PowerXchange 2026,National Rural Electric Cooperative Association (NRECA) PowerXchange,2026-03-06,Nashville,TN,Pike Corp.,pike.com,,,,,,,,
National Rural Electric Cooperative Association (NRECA) PowerXchange 2026,National Rural Electric Cooperative Association (NRECA) PowerXchange,2026-03-06,Nashville,TN,"Kontoor Brands, Inc.",kontoorbrands.com,,,,,,,,
National Rural Electric Cooperative Association (NRECA) PowerXchange 2026,National Rural Electric Cooperative Association (NRECA) PowerXchange,2026-03-06,Nashville,TN,Sagemcom,sagemcom.com,,,,,,,,
National Rural Electric Cooperative Association (NRECA) PowerXchange 2026,National Rural Electric Cooperative Association (NRECA) PowerXchange,2026-03-06,Nashville,TN,Landis+Gyr,landisgyr.eu,,,,,,,,
National Rural Electric Cooperative Association (NRECA) PowerXchange 2026,National Rural Electric Cooperative Association (NRECA) PowerXchange,2026-03-06,Nashville,TN,"H&M Shared Services, Inc.",henkels.com,,,,,,,,
National Rural Electric Cooperative Association (NRECA) PowerXchange 2026,National Rural Electric Cooperative Association (NRECA) PowerXchange,2026-03-06,Nashville,TN,USIC LLC,usicllc.com,,,,,,,,
National Rural Electric Cooperative Association (NRECA) PowerXchange 2026,National Rural Electric Cooperative Association (NRECA) PowerXchange,2026-03-06,Nashville,TN,Oak Ridge National Laboratory,ornl.gov,,,,,,,,
National Rural Electric Cooperative Association (NRECA) PowerXchange 2026,National Rural Electric Cooperative Association (NRECA) PowerXchange,2026-03-06,Nashville,TN,University of Pennsylvania,upenn.edu,,,,,,,,
National Rural Electric Cooperative Association (NRECA) PowerXchange 2026,National Rural Electric Cooperative Association (NRECA) PowerXchange,2026-03-06,Nashville,TN,AWP Safety,awpsafety.com,,,,,,,,
National Rural Electric Cooperative Association (NRECA) PowerXchange 2026,National Rural Electric Cooperative Association (NRECA) PowerXchange,2026-03-06,Nashville,TN,Terex Corporation,terex.com,,,,,,,,
National Rural Electric Cooperative Association (NRECA) PowerXchange 2026,National Rural Electric Cooperative Association (NRECA) PowerXchange,2026-03-06,Nashville,TN,"Graybar Electric Company, Inc.",graybar.com,,,,,,,,
National Rural Electric Cooperative Association (NRECA) PowerXchange 2026,National Rural Electric Cooperative Association (NRECA) PowerXchange,2026-03-06,Nashville,TN,Prolec Energy,prolec.energy,,,,,,,,
National Rural Electric Cooperative Association (NRECA) PowerXchange 2026,National Rural Electric Cooperative Association (NRECA) PowerXchange,2026-03-06,Nashville,TN,Esri,esri.com,,,,,,,,
National Rural Electric Cooperative Association (NRECA) PowerXchange 2026,National Rural Electric Cooperative Association (NRECA) PowerXchange,2026-03-06,Nashville,TN,Bloom Energy Corporation,bloomenergy.com,,,,,,,,
National Rural Electric Cooperative Association (NRECA) PowerXchange 2026,National Rural Electric Cooperative Association (NRECA) PowerXchange,2026-03-06,Nashville,TN,"Schweitzer Engineering Laboratories, Inc. (SEL)",selinc.com,,,,,,,,
National Rural Electric Cooperative Association (NRECA) PowerXchange 2026,National Rural Electric Cooperative Association (NRECA) PowerXchange,2026-03-06,Nashville,TN,"Wright Tree Service, Inc.",wrighttree.com,,,,,,,,
National Rural Electric Cooperative Association (NRECA) PowerXchange 2026,National Rural Electric Cooperative Association (NRECA) PowerXchange,2026-03-06,Nashville,TN,"CCI Systems, Inc.",ccisystems.com,,,,,,,,
National Rural Electric Cooperative Association (NRECA) PowerXchange 2026,National Rural Electric Cooperative Association (NRECA) PowerXchange,2026-03-06,Nashville,TN,Bentley systems Incorporated,bentley.com,,,,,,,,
National Rural Electric Cooperative Association (NRECA) PowerXchange 2026,National Rural Electric Cooperative Association (NRECA) PowerXchange,2026-03-06,Nashville,TN,Dura-Line,duraline.com,,,,,,,,
National Rural Electric Cooperative Association (NRECA) PowerXchange 2026,National Rural Electric Cooperative Association (NRECA) PowerXchange,2026-03-06,Nashville,TN,Adtran,adtran.com,,,,,,,,
National Rural Electric Cooperative Association (NRECA) PowerXchange 2026,National Rural Electric Cooperative Association (NRECA) PowerXchange,2026-03-06,Nashville,TN,Altec Industries,altec.com,,,,,,,,
National Rural Electric Cooperative Association (NRECA) PowerXchange 2026,National Rural Electric Cooperative Association (NRECA) PowerXchange,2026-03-06,Nashville,TN,Border States,borderstates.com,,,,,,,,
National Rural Electric Cooperative Association (NRECA) PowerXchange 2026,National Rural Electric Cooperative Association (NRECA) PowerXchange,2026-03-06,Nashville,TN,Vaisala,vaisala.com,,,,,,,,
National Rural Electric Cooperative Association (NRECA) PowerXchange 2026,National Rural Electric Cooperative Association (NRECA) PowerXchange,2026-03-06,Nashville,TN,Entrust Solutions Group,entrustsol.com,,,,,,,,
National Rural Electric Cooperative Association (NRECA) PowerXchange 2026,National Rural Electric Cooperative Association (NRECA) PowerXchange,2026-03-06,Nashville,TN,"KCI Technologies, Inc.",kci.com,,,,,,,,
National Rural Electric Cooperative Association (NRECA) PowerXchange 2026,National Rural Electric Cooperative Association (NRECA) PowerXchange,2026-03-06,Nashville,TN,"Ariat International, Inc. (Ariat)",ariat.com,,,,,,,,
National Rural Electric Cooperative Association (NRECA) PowerXchange 2026,National Rural Electric Cooperative Association (NRECA) PowerXchange,2026-03-06,Nashville,TN,The Heico Companies LLC,heicocompanies.com,,,,,,,,
National Rural Electric Cooperative Association (NRECA) PowerXchange 2026,National Rural Electric Cooperative Association (NRECA) PowerXchange,2026-03-06,Nashville,TN,Alubar,alubar.net.br,,,,,,,,
National Rural Electric Cooperative Association (NRECA) PowerXchange 2026,National Rural Electric Cooperative Association (NRECA) PowerXchange,2026-03-06,Nashville,TN,Bobcat Company,bobcat.com,,,,,,,,
National Rural Electric Cooperative Association (NRECA) PowerXchange 2026,National Rural Electric Cooperative Association (NRECA) PowerXchange,2026-03-06,Nashville,TN,Avient Corporation,avient.com,,,,,,,,
National Rural Electric Cooperative Association (NRECA) PowerXchange 2026,National Rural Electric Cooperative Association (NRECA) PowerXchange,2026-03-06,Nashville,TN,"Ribbon Communications Operating Company, Inc.",ribboncommunications.com,,,,,,,,
National Rural Electric Cooperative Association (NRECA) PowerXchange 2026,National Rural Electric Cooperative Association (NRECA) PowerXchange,2026-03-06,Nashville,TN,Aspen Technology Inc,aspentech.com,,,,,,,,
National Rural Electric Cooperative Association (NRECA) PowerXchange 2026,National Rural Electric Cooperative Association (NRECA) PowerXchange,2026-03-06,Nashville,TN,Stella-Jones,stella-jones.com,,,,,,,,
National Rural Electric Cooperative Association (NRECA) PowerXchange 2026,National Rural Electric Cooperative Association (NRECA) PowerXchange,2026-03-06,Nashville,TN,Arxada AG,arxada.com,,,,,,,,
National Rural Electric Cooperative Association (NRECA) PowerXchange 2026,National Rural Electric Cooperative Association (NRECA) PowerXchange,2026-03-06,Nashville,TN,Olsson,olsson.com,,,,,,,,
National Rural Electric Cooperative Association (NRECA) PowerXchange 2026,National Rural Electric Cooperative Association (NRECA) PowerXchange,2026-03-06,Nashville,TN,Michels Corporation,michels.us,,,,,,,,
National Rural Electric Cooperative Association (NRECA) PowerXchange 2026,National Rural Electric Cooperative Association (NRECA) PowerXchange,2026-03-06,Nashville,TN,AFL Telecommunications,aflglobal.com,,,,,,,,
National Rural Electric Cooperative Association (NRECA) PowerXchange 2026,National Rural Electric Cooperative Association (NRECA) PowerXchange,2026-03-06,Nashville,TN,Howard Industries,howard.com,,,,,,,,
National Rural Electric Cooperative Association (NRECA) PowerXchange 2026,National Rural Electric Cooperative Association (NRECA) PowerXchange,2026-03-06,Nashville,TN,Koppers Inc.,koppers.com,,,,,,,,
National Rural Electric Cooperative Association (NRECA) PowerXchange 2026,National Rural Electric Cooperative Association (NRECA) PowerXchange,2026-03-06,Nashville,TN,"Dycom Industries, Inc",dycomind.com,,,,,,,,
National Rural Electric Cooperative Association (NRECA) PowerXchange 2026,National Rural Electric Cooperative Association (NRECA) PowerXchange,2026-03-06,Nashville,TN,The Davey Tree Expert Company,davey.com,,,,,,,,
National Rural Electric Cooperative Association (NRECA) PowerXchange 2026,National Rural Electric Cooperative Association (NRECA) PowerXchange,2026-03-06,Nashville,TN,Carhartt,carhartt.com,,,,,,,,
National Rural Electric Cooperative Association (NRECA) PowerXchange 2026,National Rural Electric Cooperative Association (NRECA) PowerXchange,2026-03-06,Nashville,TN,"Mitsubishi Electric Power Products, Inc.",meppi.com,,,,,,,,
National Rural Electric Cooperative Association (NRECA) PowerXchange 2026,National Rural Electric Cooperative Association (NRECA) PowerXchange,2026-03-06,Nashville,TN,G&W Electric Co.,gwelectric.com,,,,,,,,
National Rural Electric Cooperative Association (NRECA) PowerXchange 2026,National Rural Electric Cooperative Association (NRECA) PowerXchange,2026-03-06,Nashville,TN,Basin Electric Power Cooperative,basinelectric.com,,,,,,,,
National Rural Electric Cooperative Association (NRECA) PowerXchange 2026,National Rural Electric Cooperative Association (NRECA) PowerXchange,2026-03-06,Nashville,TN,Virginia Transformer Corp,vatransformer.com,,,,,,,,
National Rural Electric Cooperative Association (NRECA) PowerXchange 2026,National Rural Electric Cooperative Association (NRECA) PowerXchange,2026-03-06,Nashville,TN,Audubon Companies,auduboncompanies.com,,,,,,,,
National Rural Electric Cooperative Association (NRECA) PowerXchange 2026,National Rural Electric Cooperative Association (NRECA) PowerXchange,2026-03-06,Nashville,TN,S&C Electric Company,sandc.com,,,,,,,,
National Rural Electric Cooperative Association (NRECA) PowerXchange 2026,National Rural Electric Cooperative Association (NRECA) PowerXchange,2026-03-06,Nashville,TN,"Oldcastle Infrastructure, Inc.",oldcastleinfrastructure.com,,,,,,,,
National Rural Electric Cooperative Association (NRECA) PowerXchange 2026,National Rural Electric Cooperative Association (NRECA) PowerXchange,2026-03-06,Nashville,TN,"Ameresco, Inc.",ameresco.com,,,,,,,,
National Rural Electric Cooperative Association (NRECA) PowerXchange 2026,National Rural Electric Cooperative Association (NRECA) PowerXchange,2026-03-06,Nashville,TN,"Calix, Inc.",calix.com,,,,,,,,
National Rural Electric Cooperative Association (NRECA) PowerXchange 2026,National Rural Electric Cooperative Association (NRECA) PowerXchange,2026-03-06,Nashville,TN,Ermco-Eci,ermco-eci.com,,,,,,,,
National Rural Electric Cooperative Association (NRECA) PowerXchange 2026,National Rural Electric Cooperative Association (NRECA) PowerXchange,2026-03-06,Nashville,TN,KGP Services,kgpco.com,,,,,,,,
National Rural Electric Cooperative Association (NRECA) PowerXchange 2026,National Rural Electric Cooperative Association (NRECA) PowerXchange,2026-03-06,Nashville,TN,International Coaching Federation,coachingfederation.org,,,,,,,,
National Rural Electric Cooperative Association (NRECA) PowerXchange 2026,National Rural Electric Cooperative Association (NRECA) PowerXchange,2026-03-06,Nashville,TN,CoBank,cobank.com,,,,,,,,
National Rural Electric Cooperative Association (NRECA) PowerXchange 2026,National Rural Electric Cooperative Association (NRECA) PowerXchange,2026-03-06,Nashville,TN,"Delta Star, Inc.",deltastar.com,,,,,,,,
National Rural Electric Cooperative Association (NRECA) PowerXchange 2026,National Rural Electric Cooperative Association (NRECA) PowerXchange,2026-03-06,Nashville,TN,Olameter,olameter.com,,,,,,,,
National Rural Electric Cooperative Association (NRECA) PowerXchange 2026,National Rural Electric Cooperative Association (NRECA) PowerXchange,2026-03-06,Nashville,TN,Crawford,crawfordelectricsupply.com,,,,,,,,
National Rural Electric Cooperative Association (NRECA) PowerXchange 2026,National Rural Electric Cooperative Association (NRECA) PowerXchange,2026-03-06,Nashville,TN,"Electric Power Research Institute, Inc.",epri.com,,,,,,,,
National Rural Electric Cooperative Association (NRECA) PowerXchange 2026,National Rural Electric Cooperative Association (NRECA) PowerXchange,2026-03-06,Nashville,TN,"ITG Communications, LLC",itgcomm.com,,,,,,,,
National Rural Electric Cooperative Association (NRECA) PowerXchange 2026,National Rural Electric Cooperative Association (NRECA) PowerXchange,2026-03-06,Nashville,TN,Minnesota National Guard,ng.mil,,,,,,,,
National Rural Electric Cooperative Association (NRECA) PowerXchange 2026,National Rural Electric Cooperative Association (NRECA) PowerXchange,2026-03-06,Nashville,TN,Preformed Line Products,preformed.com,,,,,,,,
National Rural Electric Cooperative Association (NRECA) PowerXchange 2026,National Rural Electric Cooperative Association (NRECA) PowerXchange,2026-03-06,Nashville,TN,New River Electrical Corporation,newriverelectrical.com,,,,,,,,
National Rural Electric Cooperative Association (NRECA) PowerXchange 2026,National Rural Electric Cooperative Association (NRECA) PowerXchange,2026-03-06,Nashville,TN,Netceed,netceed.com,,,,,,,,
National Rural Electric Cooperative Association (NRECA) PowerXchange 2026,National Rural Electric Cooperative Association (NRECA) PowerXchange,2026-03-06,Nashville,TN,The Okonite Company,okonite.com,,,,,,,,
National Rural Electric Cooperative Association (NRECA) PowerXchange 2026,National Rural Electric Cooperative Association (NRECA) PowerXchange,2026-03-06,Nashville,TN,"Great Southwestern Construction, Inc.",gswc.us,,,,,,,,
National Rural Electric Cooperative Association (NRECA) PowerXchange 2026,National Rural Electric Cooperative Association (NRECA) PowerXchange,2026-03-06,Nashville,TN,"Nelson Tree Service, LLC",nelsontree.com,,,,,,,,
National Rural Electric Cooperative Association (NRECA) PowerXchange 2026,National Rural Electric Cooperative Association (NRECA) PowerXchange,2026-03-06,Nashville,TN,Xylem Tree Experts,xylemtree.com,,,,,,,,
National Rural Electric Cooperative Association (NRECA) PowerXchange 2026,National Rural Electric Cooperative Association (NRECA) PowerXchange,2026-03-06,Nashville,TN,Prinoth AG,prinoth.com,"Vipiteno, Italy",1546,Private Subsidiary,1962,,,,
National Rural Electric Cooperative Association (NRECA) PowerXchange 2026,National Rural Electric Cooperative Association (NRECA) PowerXchange,2026-03-06,Nashville,TN,"Mesa Associates, Inc",mesainc.com,"Madison, AL",1484,Bootstrapped,1988,,,,
National Rural Electric Cooperative Association (NRECA) PowerXchange 2026,National Rural Electric Cooperative Association (NRECA) PowerXchange,2026-03-06,Nashville,TN,Danella Companies,danella.com,"Plymouth Meeting, PA",1477,Bootstrapped,1972,,,,
National Rural Electric Cooperative Association (NRECA) PowerXchange 2026,National Rural Electric Cooperative Association (NRECA) PowerXchange,2026-03-06,Nashville,TN,Kendall Vegetation Services,kendallco.net,"Georgia, USA",1453,Investor Backed,1970,,,,
National Rural Electric Cooperative Association (NRECA) PowerXchange 2026,National Rural Electric Cooperative Association (NRECA) PowerXchange,2026-03-06,Nashville,TN,Chain Electric Company,chainelectric.com,"Hattiesburg, MS",1433,Private Equity Platform,1955,,,,
National Rural Electric Cooperative Association (NRECA) PowerXchange 2026,National Rural Electric Cooperative Association (NRECA) PowerXchange,2026-03-06,Nashville,TN,"Hog Slat, Incorporated",hogslat.com,,,,,,,,
National Rural Electric Cooperative Association (NRECA) PowerXchange 2026,National Rural Electric Cooperative Association (NRECA) PowerXchange,2026-03-06,Nashville,TN,"Scope Services, Inc.",scope-services.com,,,,,,,,
National Rural Electric Cooperative Association (NRECA) PowerXchange 2026,National Rural Electric Cooperative Association (NRECA) PowerXchange,2026-03-06,Nashville,TN,Gresham Smith,greshamsmith.com,,,,,,,,
National Rural Electric Cooperative Association (NRECA) PowerXchange 2026,National Rural Electric Cooperative Association (NRECA) PowerXchange,2026-03-06,Nashville,TN,Leatherman,leatherman.com,,,,,,,,
National Rural Electric Cooperative Association (NRECA) PowerXchange 2026,National Rural Electric Cooperative Association (NRECA) PowerXchange,2026-03-06,Nashville,TN,Meridian Cooperative,meridian.coop,,,,,,,,
National Rural Electric Cooperative Association (NRECA) PowerXchange 2026,National Rural Electric Cooperative Association (NRECA) PowerXchange,2026-03-06,Nashville,TN,United Utility Services LLC,unitedutility.com,,,,,,,,
National Rural Electric Cooperative Association (NRECA) PowerXchange 2026,National Rural Electric Cooperative Association (NRECA) PowerXchange,2026-03-06,Nashville,TN,"Ferreira Construction Co., Inc.",ferreiraconstruction.com,,,,,,,,
National Rural Electric Cooperative Association (NRECA) PowerXchange 2026,National Rural Electric Cooperative Association (NRECA) PowerXchange,2026-03-06,Nashville,TN,"McWane, Inc.",mcwane.com,,,,,,,,
National Rural Electric Cooperative Association (NRECA) PowerXchange 2026,National Rural Electric Cooperative Association (NRECA) PowerXchange,2026-03-06,Nashville,TN,National OnDemand,nationalondemand.com,,,,,,,,
National Rural Electric Cooperative Association (NRECA) PowerXchange 2026,National Rural Electric Cooperative Association (NRECA) PowerXchange,2026-03-06,Nashville,TN,"Davis H. Elliot Company, Inc.",dhec.com,,,,,,,,
National Rural Electric Cooperative Association (NRECA) PowerXchange 2026,National Rural Electric Cooperative Association (NRECA) PowerXchange,2026-03-06,Nashville,TN,NISC,nisc.coop,,,,,,,,
National Rural Electric Cooperative Association (NRECA) PowerXchange 2026,National Rural Electric Cooperative Association (NRECA) PowerXchange,2026-03-06,Nashville,TN,Mesa Solutions,mesapowersolutions.com,,,,,,,,
National Rural Electric Cooperative Association (NRECA) PowerXchange 2026,National Rural Electric Cooperative Association (NRECA) PowerXchange,2026-03-06,Nashville,TN,Arkansas Electric Cooperative Corporation,aecc.com,,,,,,,,
National Rural Electric Cooperative Association (NRECA) PowerXchange 2026,National Rural Electric Cooperative Association (NRECA) PowerXchange,2026-03-06,Nashville,TN,"Tyndale Company, Inc.",tyndaleusa.com,,,,,,,,
National Rural Electric Cooperative Association (NRECA) PowerXchange 2026,National Rural Electric Cooperative Association (NRECA) PowerXchange,2026-03-06,Nashville,TN,"I & S Group, Inc (Isg)",isginc.com,,,,,,,,
National Rural Electric Cooperative Association (NRECA) PowerXchange 2026,National Rural Electric Cooperative Association (NRECA) PowerXchange,2026-03-06,Nashville,TN,Hexatronic,hexatronic.com,,,,,,,,
National Rural Electric Cooperative Association (NRECA) PowerXchange 2026,National Rural Electric Cooperative Association (NRECA) PowerXchange,2026-03-06,Nashville,TN,"Trees, LLC",trees-llc.com,,,,,,,,
National Rural Electric Cooperative Association (NRECA) PowerXchange 2026,National Rural Electric Cooperative Association (NRECA) PowerXchange,2026-03-06,Nashville,TN,"Bird Electric Enterprises, LLC",birdelectricinc.com,,,,,,,,
National Rural Electric Cooperative Association (NRECA) PowerXchange 2026,National Rural Electric Cooperative Association (NRECA) PowerXchange,2026-03-06,Nashville,TN,NRECA,electric.coop,,,,,,,,
National Rural Electric Cooperative Association (NRECA) PowerXchange 2026,National Rural Electric Cooperative Association (NRECA) PowerXchange,2026-03-06,Nashville,TN,Sunbelt Solomon,sunbeltsolomon.com,,,,,,,,
National Rural Electric Cooperative Association (NRECA) PowerXchange 2026,National Rural Electric Cooperative Association (NRECA) PowerXchange,2026-03-06,Nashville,TN,Electro-Mechanical,electro-mechanical.com,,,,,,,,
National Rural Electric Cooperative Association (NRECA) PowerXchange 2026,National Rural Electric Cooperative Association (NRECA) PowerXchange,2026-03-06,Nashville,TN,Intermatic Incorporated,intermatic.com,,,,,,,,
National Rural Electric Cooperative Association (NRECA) PowerXchange 2026,National Rural Electric Cooperative Association (NRECA) PowerXchange,2026-03-06,Nashville,TN,"Concentric, LLC",concentricusa.com,,,,,,,,
National Rural Electric Cooperative Association (NRECA) PowerXchange 2026,National Rural Electric Cooperative Association (NRECA) PowerXchange,2026-03-06,Nashville,TN,NRTC,nrtc.coop,,,,,,,,
National Rural Electric Cooperative Association (NRECA) PowerXchange 2026,National Rural Electric Cooperative Association (NRECA) PowerXchange,2026-03-06,Nashville,TN,Milbank | Energy at Work,milbankworks.com,,,,,,,,
National Rural Electric Cooperative Association (NRECA) PowerXchange 2026,National Rural Electric Cooperative Association (NRECA) PowerXchange,2026-03-06,Nashville,TN,"Open Access Technology International, Inc.",oati.com,,,,,,,,
National Rural Electric Cooperative Association (NRECA) PowerXchange 2026,National Rural Electric Cooperative Association (NRECA) PowerXchange,2026-03-06,Nashville,TN,"Helix Traffic Solutions, LLC",helixtraffic.com,,,,,,,,
National Rural Electric Cooperative Association (NRECA) PowerXchange 2026,National Rural Electric Cooperative Association (NRECA) PowerXchange,2026-03-06,Nashville,TN,CHANNELL COMMERCIAL CORPORATION,channell.com,,,,,,,,
National Rural Electric Cooperative Association (NRECA) PowerXchange 2026,National Rural Electric Cooperative Association (NRECA) PowerXchange,2026-03-06,Nashville,TN,"John Staurulakis, LLC",jsitel.com,,,,,,,,
National Rural Electric Cooperative Association (NRECA) PowerXchange 2026,National Rural Electric Cooperative Association (NRECA) PowerXchange,2026-03-06,Nashville,TN,Geotek Llc,geotek.com,,,,,,,,
National Rural Electric Cooperative Association (NRECA) PowerXchange 2026,National Rural Electric Cooperative Association (NRECA) PowerXchange,2026-03-06,Nashville,TN,"The Townsend Company, LLC",townsendcompanyllc.com,,,,,,,,
National Rural Electric Cooperative Association (NRECA) PowerXchange 2026,National Rural Electric Cooperative Association (NRECA) PowerXchange,2026-03-06,Nashville,TN,"PowerSecure, Inc.",powersecure.com,,,,,,,,
National Rural Electric Cooperative Association (NRECA) PowerXchange 2026,National Rural Electric Cooperative Association (NRECA) PowerXchange,2026-03-06,Nashville,TN,UniTek Global Services,unitekglobalservices.com,,,,,,,,
National Rural Electric Cooperative Association (NRECA) PowerXchange 2026,National Rural Electric Cooperative Association (NRECA) PowerXchange,2026-03-06,Nashville,TN,"NSI Industries, LLC",nsiindustries.com,,,,,,,,
National Rural Electric Cooperative Association (NRECA) PowerXchange 2026,National Rural Electric Cooperative Association (NRECA) PowerXchange,2026-03-06,Nashville,TN,Middle Tennessee Electric,mte.com,,,,,,,,
National Rural Electric Cooperative Association (NRECA) PowerXchange 2026,National Rural Electric Cooperative Association (NRECA) PowerXchange,2026-03-06,Nashville,TN,TPC Wire & Cable,tpcwire.com,,,,,,,,
National Rural Electric Cooperative Association (NRECA) PowerXchange 2026,National Rural Electric Cooperative Association (NRECA) PowerXchange,2026-03-06,Nashville,TN,BlueAlly,blueally.com,,,,,,,,
National Rural Electric Cooperative Association (NRECA) PowerXchange 2026,National Rural Electric Cooperative Association (NRECA) PowerXchange,2026-03-06,Nashville,TN,"Energy Systems Group, LLC",energysystemsgroup.com,,,,,,,,
National Rural Electric Cooperative Association (NRECA) PowerXchange 2026,National Rural Electric Cooperative Association (NRECA) PowerXchange,2026-03-06,Nashville,TN,"ClimateMaster, Inc.",climatemaster.com,,,,,,,,
National Rural Electric Cooperative Association (NRECA) PowerXchange 2026,National Rural Electric Cooperative Association (NRECA) PowerXchange,2026-03-06,Nashville,TN,Resilient Structures,resilient-structures.com,,,,,,,,
National Rural Electric Cooperative Association (NRECA) PowerXchange 2026,National Rural Electric Cooperative Association (NRECA) PowerXchange,2026-03-06,Nashville,TN,"ArborWorks, LLC",arborworksinc.com,,,,,,,,
National Rural Electric Cooperative Association (NRECA) PowerXchange 2026,National Rural Electric Cooperative Association (NRECA) PowerXchange,2026-03-06,Nashville,TN,National Rural Utilities Cooperative Finance Corporation (NRUCFC),nrucfc.coop,,,,,,,,
National Rural Electric Cooperative Association (NRECA) PowerXchange 2026,National Rural Electric Cooperative Association (NRECA) PowerXchange,2026-03-06,Nashville,TN,Sunrise Telecom Inc,sunrisetele.com,,,,,,,,
National Rural Electric Cooperative Association (NRECA) PowerXchange 2026,National Rural Electric Cooperative Association (NRECA) PowerXchange,2026-03-06,Nashville,TN,IEEE Power & Energy Society,ieee-pes.org,,,,,,,,
National Rural Electric Cooperative Association (NRECA) PowerXchange 2026,National Rural Electric Cooperative Association (NRECA) PowerXchange,2026-03-06,Nashville,TN,"SDMyers, Inc.",sdmyers.com,,,,,,,,
National Rural Electric Cooperative Association (NRECA) PowerXchange 2026,National Rural Electric Cooperative Association (NRECA) PowerXchange,2026-03-06,Nashville,TN,Vantage Point Solutions,vantagepnt.com,,,,,,,,
National Rural Electric Cooperative Association (NRECA) PowerXchange 2026,National Rural Electric Cooperative Association (NRECA) PowerXchange,2026-03-06,Nashville,TN,Clearfield,seeclearfield.com,,,,,,,,
National Rural Electric Cooperative Association (NRECA) PowerXchange 2026,National Rural Electric Cooperative Association (NRECA) PowerXchange,2026-03-06,Nashville,TN,"Panelmatic, Inc",panelmatic.com,,,,,,,,
National Rural Electric Cooperative Association (NRECA) PowerXchange 2026,National Rural Electric Cooperative Association (NRECA) PowerXchange,2026-03-06,Nashville,TN,ETAP,etap.com,,,,,,,,
National Rural Electric Cooperative Association (NRECA) PowerXchange 2026,National Rural Electric Cooperative Association (NRECA) PowerXchange,2026-03-06,Nashville,TN,Marmon Utility,marmonutility.com,,,,,,,,
National Rural Electric Cooperative Association (NRECA) PowerXchange 2026,National Rural Electric Cooperative Association (NRECA) PowerXchange,2026-03-06,Nashville,TN,The Durham Company,durhamusa.com,,,,,,,,
National Rural Electric Cooperative Association (NRECA) PowerXchange 2026,National Rural Electric Cooperative Association (NRECA) PowerXchange,2026-03-06,Nashville,TN,"Conexon, LLC",conexon.us,,,,,,,,
National Rural Electric Cooperative Association (NRECA) PowerXchange 2026,National Rural Electric Cooperative Association (NRECA) PowerXchange,2026-03-06,Nashville,TN,DiversiTech Corporation,diversitech.com,,,,,,,,
National Rural Electric Cooperative Association (NRECA) PowerXchange 2026,National Rural Electric Cooperative Association (NRECA) PowerXchange,2026-03-06,Nashville,TN,"AccuWeather, Inc.",accuweather.com,,,,,,,,
National Rural Electric Cooperative Association (NRECA) PowerXchange 2026,National Rural Electric Cooperative Association (NRECA) PowerXchange,2026-03-06,Nashville,TN,Thermo Bond Buildings,thermobond.com,,,,,,,,
National Rural Electric Cooperative Association (NRECA) PowerXchange 2026,National Rural Electric Cooperative Association (NRECA) PowerXchange,2026-03-06,Nashville,TN,"Tarana Wireless, Inc.",taranawireless.com,,,,,,,,
National Rural Electric Cooperative Association (NRECA) PowerXchange 2026,National Rural Electric Cooperative Association (NRECA) PowerXchange,2026-03-06,Nashville,TN,"Mainspring Energy, Inc.",mainspringenergy.com,,,,,,,,
National Rural Electric Cooperative Association (NRECA) PowerXchange 2026,National Rural Electric Cooperative Association (NRECA) PowerXchange,2026-03-06,Nashville,TN,Versalift,versalift.com,,,,,,,,
National Rural Electric Cooperative Association (NRECA) PowerXchange 2026,National Rural Electric Cooperative Association (NRECA) PowerXchange,2026-03-06,Nashville,TN,F&H Electrical Contractors Inc.,fandhcontractors.com,,,,,,,,
National Rural Electric Cooperative Association (NRECA) PowerXchange 2026,National Rural Electric Cooperative Association (NRECA) PowerXchange,2026-03-06,Nashville,TN,Gridco Inc.,gridcompany.com,,,,,,,,
National Rural Electric Cooperative Association (NRECA) PowerXchange 2026,National Rural Electric Cooperative Association (NRECA) PowerXchange,2026-03-06,Nashville,TN,"Finley Engineering Company,Inc.",finleyusa.com,,,,,,,,
National Rural Electric Cooperative Association (NRECA) PowerXchange 2026,National Rural Electric Cooperative Association (NRECA) PowerXchange,2026-03-06,Nashville,TN,VertiGIS,vertigis.com,,,,,,,,
National Rural Electric Cooperative Association (NRECA) PowerXchange 2026,National Rural Electric Cooperative Association (NRECA) PowerXchange,2026-03-06,Nashville,TN,Hughes Brothers,hughesbros.com,,,,,,,,
National Rural Electric Cooperative Association (NRECA) PowerXchange 2026,National Rural Electric Cooperative Association (NRECA) PowerXchange,2026-03-06,Nashville,TN,Lecom Utility Contractors,lecomutility.com,,,,,,,,
National Rural Electric Cooperative Association (NRECA) PowerXchange 2026,National Rural Electric Cooperative Association (NRECA) PowerXchange,2026-03-06,Nashville,TN,Bell Lumber and Pole Company,blpole.com,,,,,,,,
National Rural Electric Cooperative Association (NRECA) PowerXchange 2026,National Rural Electric Cooperative Association (NRECA) PowerXchange,2026-03-06,Nashville,TN,SECO Energy,secoenergy.com,,,,,,,,
National Rural Electric Cooperative Association (NRECA) PowerXchange 2026,National Rural Electric Cooperative Association (NRECA) PowerXchange,2026-03-06,Nashville,TN,AiDash Inc,aidash.com,,,,,,,,
National Rural Electric Cooperative Association (NRECA) PowerXchange 2026,National Rural Electric Cooperative Association (NRECA) PowerXchange,2026-03-06,Nashville,TN,Southern States LLC,southernstatesllc.com,,,,,,,,
National Rural Electric Cooperative Association (NRECA) PowerXchange 2026,National Rural Electric Cooperative Association (NRECA) PowerXchange,2026-03-06,Nashville,TN,Gamber-Johnson LLC,gamberjohnson.com,,,,,,,,
National Rural Electric Cooperative Association (NRECA) PowerXchange 2026,National Rural Electric Cooperative Association (NRECA) PowerXchange,2026-03-06,Nashville,TN,Cyberhawk,thecyberhawk.com,,,,,,,,
National Rural Electric Cooperative Association (NRECA) PowerXchange 2026,National Rural Electric Cooperative Association (NRECA) PowerXchange,2026-03-06,Nashville,TN,"Milner, Inc.",milner.com,,,,,,,,
National Rural Electric Cooperative Association (NRECA) PowerXchange 2026,National Rural Electric Cooperative Association (NRECA) PowerXchange,2026-03-06,Nashville,TN,Cobb EMC,cobbemc.com,,,,,,,,
National Rural Electric Cooperative Association (NRECA) PowerXchange 2026,National Rural Electric Cooperative Association (NRECA) PowerXchange,2026-03-06,Nashville,TN,Trilliant,trilliant.com,,,,,,,,
National Rural Electric Cooperative Association (NRECA) PowerXchange 2026,National Rural Electric Cooperative Association (NRECA) PowerXchange,2026-03-06,Nashville,TN,Linetec Services,linetecservices.com,,,,,,,,
National Rural Electric Cooperative Association (NRECA) PowerXchange 2026,National Rural Electric Cooperative Association (NRECA) PowerXchange,2026-03-06,Nashville,TN,Accuenergy Inc.,accuenergy.com,,,,,,,,
National Rural Electric Cooperative Association (NRECA) PowerXchange 2026,National Rural Electric Cooperative Association (NRECA) PowerXchange,2026-03-06,Nashville,TN,North American Electric Reliability Corporation (NERC),nerc.com,,,,,,,,
National Rural Electric Cooperative Association (NRECA) PowerXchange 2026,National Rural Electric Cooperative Association (NRECA) PowerXchange,2026-03-06,Nashville,TN,"Cooperative Response Center, Inc.",crc.coop,,,,,,,,
National Rural Electric Cooperative Association (NRECA) PowerXchange 2026,National Rural Electric Cooperative Association (NRECA) PowerXchange,2026-03-06,Nashville,TN,Oglethorpe Power Corporation,opc.com,,,,,,,,
National Rural Electric Cooperative Association (NRECA) PowerXchange 2026,National Rural Electric Cooperative Association (NRECA) PowerXchange,2026-03-06,Nashville,TN,"Base Power, Inc",basepowercompany.com,,,,,,,,
National Rural Electric Cooperative Association (NRECA) PowerXchange 2026,National Rural Electric Cooperative Association (NRECA) PowerXchange,2026-03-06,Nashville,TN,"Multilink, Inc.",gomultilink.com,,,,,,,,
National Rural Electric Cooperative Association (NRECA) PowerXchange 2026,National Rural Electric Cooperative Association (NRECA) PowerXchange,2026-03-06,Nashville,TN,Mrcool,mrcool.com,,,,,,,,
National Rural Electric Cooperative Association (NRECA) PowerXchange 2026,National Rural Electric Cooperative Association (NRECA) PowerXchange,2026-03-06,Nashville,TN,JST Power Equipment,jstpower.com,,,,,,,,
National Rural Electric Cooperative Association (NRECA) PowerXchange 2026,National Rural Electric Cooperative Association (NRECA) PowerXchange,2026-03-06,Nashville,TN,"Gresco Utility Supply, Inc.",gresco.com,,,,,,,,
National Rural Electric Cooperative Association (NRECA) PowerXchange 2026,National Rural Electric Cooperative Association (NRECA) PowerXchange,2026-03-06,Nashville,TN,PraXel Line Services,praxel.energy,,,,,,,,
National Rural Electric Cooperative Association (NRECA) PowerXchange 2026,National Rural Electric Cooperative Association (NRECA) PowerXchange,2026-03-06,Nashville,TN,"Sherman + Reilly, Inc.",sherman-reilly.com,,,,,,,,
National Rural Electric Cooperative Association (NRECA) PowerXchange 2026,National Rural Electric Cooperative Association (NRECA) PowerXchange,2026-03-06,Nashville,TN,FlexGen,flexgen.com,,,,,,,,
National Rural Electric Cooperative Association (NRECA) PowerXchange 2026,National Rural Electric Cooperative Association (NRECA) PowerXchange,2026-03-06,Nashville,TN,Milwaukee Tool,milwaukeetool.com,,,,,,,,
National Rural Electric Cooperative Association (NRECA) PowerXchange 2026,National Rural Electric Cooperative Association (NRECA) PowerXchange,2026-03-06,Nashville,TN,"GDS Associates, Inc Engineers & Consultants",gdsassociates.com,,,,,,,,
National Rural Electric Cooperative Association (NRECA) PowerXchange 2026,National Rural Electric Cooperative Association (NRECA) PowerXchange,2026-03-06,Nashville,TN,Emerald Transformer,emeraldtransformer.com,,,,,,,,
National Rural Electric Cooperative Association (NRECA) PowerXchange 2026,National Rural Electric Cooperative Association (NRECA) PowerXchange,2026-03-06,Nashville,TN,Evans Consoles,evansonline.com,,,,,,,,
National Rural Electric Cooperative Association (NRECA) PowerXchange 2026,National Rural Electric Cooperative Association (NRECA) PowerXchange,2026-03-06,Nashville,TN,Texas Electric Cooperatives,texas-ec.org,,,,,,,,
National Rural Electric Cooperative Association (NRECA) PowerXchange 2026,National Rural Electric Cooperative Association (NRECA) PowerXchange,2026-03-06,Nashville,TN,Eaton,cooperindustries.com,,,,,,,,
National Rural Electric Cooperative Association (NRECA) PowerXchange 2026,National Rural Electric Cooperative Association (NRECA) PowerXchange,2026-03-06,Nashville,TN,TESCO Metering,tescometering.com,,,,,,,,
National Rural Electric Cooperative Association (NRECA) PowerXchange 2026,National Rural Electric Cooperative Association (NRECA) PowerXchange,2026-03-06,Nashville,TN,"ISPN, LLC.",ispn.net,,,,,,,,
National Rural Electric Cooperative Association (NRECA) PowerXchange 2026,National Rural Electric Cooperative Association (NRECA) PowerXchange,2026-03-06,Nashville,TN,Pano,pano.ai,,,,,,,,
National Rural Electric Cooperative Association (NRECA) PowerXchange 2026,National Rural Electric Cooperative Association (NRECA) PowerXchange,2026-03-06,Nashville,TN,"Maddox Industrial Transformer, LLC",maddoxtransformer.com,"Greer, SC",245,Bootstrapped,2015,,,,
National Rural Electric Cooperative Association (NRECA) PowerXchange 2026,National Rural Electric Cooperative Association (NRECA) PowerXchange,2026-03-06,Nashville,TN,"Toth and Associates, Inc.",tothassociates.com,"Springfield, MO",244,Bootstrapped,2003,,,,
National Rural Electric Cooperative Association (NRECA) PowerXchange 2026,National Rural Electric Cooperative Association (NRECA) PowerXchange,2026-03-06,Nashville,TN,GMB,gmbpowerline.com,"Charleston, WV",244,Bootstrapped,,,,,
National Rural Electric Cooperative Association (NRECA) PowerXchange 2026,National Rural Electric Cooperative Association (NRECA) PowerXchange,2026-03-06,Nashville,TN,Arcos Llc,arcos-inc.com,"Columbus, OH",240,Private Equity Platform,2005,,,,
National Rural Electric Cooperative Association (NRECA) PowerXchange 2026,National Rural Electric Cooperative Association (NRECA) PowerXchange,2026-03-06,Nashville,TN,"Knet Co.,Ltd.",e-knet.com,"Hamburg, Germany",238,Public Subsidiary,2002,,,,
National Rural Electric Cooperative Association (NRECA) PowerXchange 2026,National Rural Electric Cooperative Association (NRECA) PowerXchange,2026-03-06,Nashville,TN,American Wire Group,buyawg.com,,,,,,,,
National Rural Electric Cooperative Association (NRECA) PowerXchange 2026,National Rural Electric Cooperative Association (NRECA) PowerXchange,2026-03-06,Nashville,TN,Tantalus Systems,tantalus.com,,,,,,,,
National Rural Electric Cooperative Association (NRECA) PowerXchange 2026,National Rural Electric Cooperative Association (NRECA) PowerXchange,2026-03-06,Nashville,TN,"Fiber Instrument Sales, Inc.",fiberinstrumentsales.com,,,,,,,,
National Rural Electric Cooperative Association (NRECA) PowerXchange 2026,National Rural Electric Cooperative Association (NRECA) PowerXchange,2026-03-06,Nashville,TN,"Copperweld Bimetallics, LLC",copperweld.com,,,,,,,,
National Rural Electric Cooperative Association (NRECA) PowerXchange 2026,National Rural Electric Cooperative Association (NRECA) PowerXchange,2026-03-06,Nashville,TN,Vertical Supply Group (VSG),verticalsupplygroup.com,,,,,,,,
National Rural Electric Cooperative Association (NRECA) PowerXchange 2026,National Rural Electric Cooperative Association (NRECA) PowerXchange,2026-03-06,Nashville,TN,Exo Grouop,exoinc.com,,,,,,,,
National Rural Electric Cooperative Association (NRECA) PowerXchange 2026,National Rural Electric Cooperative Association (NRECA) PowerXchange,2026-03-06,Nashville,TN,ELM Companies,elmllc.com,,,,,,,,
National Rural Electric Cooperative Association (NRECA) PowerXchange 2026,National Rural Electric Cooperative Association (NRECA) PowerXchange,2026-03-06,Nashville,TN,"Radian Research, Inc.",radianresearch.com,,,,,,,,
National Rural Electric Cooperative Association (NRECA) PowerXchange 2026,National Rural Electric Cooperative Association (NRECA) PowerXchange,2026-03-06,Nashville,TN,"NovaTech, LLC",novatechautomation.com,,,,,,,,
National Rural Electric Cooperative Association (NRECA) PowerXchange 2026,National Rural Electric Cooperative Association (NRECA) PowerXchange,2026-03-06,Nashville,TN,Power System Engineering,powersystem.org,,,,,,,,
National Rural Electric Cooperative Association (NRECA) PowerXchange 2026,National Rural Electric Cooperative Association (NRECA) PowerXchange,2026-03-06,Nashville,TN,"Alamon, Inc",alamon.com,,,,,,,,
National Rural Electric Cooperative Association (NRECA) PowerXchange 2026,National Rural Electric Cooperative Association (NRECA) PowerXchange,2026-03-06,Nashville,TN,Wolf Line Construction,wolflineconst.com,,,,,,,,
National Rural Electric Cooperative Association (NRECA) PowerXchange 2026,National Rural Electric Cooperative Association (NRECA) PowerXchange,2026-03-06,Nashville,TN,ORing Industrial Networking Corp.,oringnet.com,,,,,,,,
National Rural Electric Cooperative Association (NRECA) PowerXchange 2026,National Rural Electric Cooperative Association (NRECA) PowerXchange,2026-03-06,Nashville,TN,Survalent,survalent.com,,,,,,,,
National Rural Electric Cooperative Association (NRECA) PowerXchange 2026,National Rural Electric Cooperative Association (NRECA) PowerXchange,2026-03-06,Nashville,TN,Vfp Inc.,vfpinc.com,,,,,,,,
National Rural Electric Cooperative Association (NRECA) PowerXchange 2026,National Rural Electric Cooperative Association (NRECA) PowerXchange,2026-03-06,Nashville,TN,Thompson Consulting Services,thompsoncs.net,,,,,,,,
National Rural Electric Cooperative Association (NRECA) PowerXchange 2026,National Rural Electric Cooperative Association (NRECA) PowerXchange,2026-03-06,Nashville,TN,Aerial Solutions,aerialsolutionsinc.com,,,,,,,,
National Rural Electric Cooperative Association (NRECA) PowerXchange 2026,National Rural Electric Cooperative Association (NRECA) PowerXchange,2026-03-06,Nashville,TN,"Ubicquia, Inc.",ubicquia.com,,,,,,,,
National Rural Electric Cooperative Association (NRECA) PowerXchange 2026,National Rural Electric Cooperative Association (NRECA) PowerXchange,2026-03-06,Nashville,TN,Federal Agricultural Mortgage Corporation,farmermac.com,,,,,,,,
National Rural Electric Cooperative Association (NRECA) PowerXchange 2026,National Rural Electric Cooperative Association (NRECA) PowerXchange,2026-03-06,Nashville,TN,Convey,goconvey.com,,,,,,,,
National Rural Electric Cooperative Association (NRECA) PowerXchange 2026,National Rural Electric Cooperative Association (NRECA) PowerXchange,2026-03-06,Nashville,TN,RITZ USA,ritzusa.com,,,,,,,,
National Rural Electric Cooperative Association (NRECA) PowerXchange 2026,National Rural Electric Cooperative Association (NRECA) PowerXchange,2026-03-06,Nashville,TN,Rural Electric Supply Cooperative (RESCO),resco1.com,,,,,,,,
National Rural Electric Cooperative Association (NRECA) PowerXchange 2026,National Rural Electric Cooperative Association (NRECA) PowerXchange,2026-03-06,Nashville,TN,Fiber Broadband Association,fiberbroadband.org,,,,,,,,
National Rural Electric Cooperative Association (NRECA) PowerXchange 2026,National Rural Electric Cooperative Association (NRECA) PowerXchange,2026-03-06,Nashville,TN,"Innovative Systems, LLC",innovsys.com,,,,,,,,
National Rural Electric Cooperative Association (NRECA) PowerXchange 2026,National Rural Electric Cooperative Association (NRECA) PowerXchange,2026-03-06,Nashville,TN,Infratech Corporation,infratechcorp.com,,,,,,,,
National Rural Electric Cooperative Association (NRECA) PowerXchange 2026,National Rural Electric Cooperative Association (NRECA) PowerXchange,2026-03-06,Nashville,TN,Genics Inc.,genicsinc.com,,,,,,,,
National Rural Electric Cooperative Association (NRECA) PowerXchange 2026,National Rural Electric Cooperative Association (NRECA) PowerXchange,2026-03-06,Nashville,TN,"Techline, Inc.",techline-inc.com,,,,,,,,
National Rural Electric Cooperative Association (NRECA) PowerXchange 2026,National Rural Electric Cooperative Association (NRECA) PowerXchange,2026-03-06,Nashville,TN,"Thayer Power and Communication Line Construction Co., LLC",thayerpc.com,,,,,,,,
National Rural Electric Cooperative Association (NRECA) PowerXchange 2026,National Rural Electric Cooperative Association (NRECA) PowerXchange,2026-03-06,Nashville,TN,"Blackwood Solutions, Inc",bwoodsolutions.com,,,,,,,,
National Rural Electric Cooperative Association (NRECA) PowerXchange 2026,National Rural Electric Cooperative Association (NRECA) PowerXchange,2026-03-06,Nashville,TN,Leotek Electronics USA LLC,leotek.com,,,,,,,,
National Rural Electric Cooperative Association (NRECA) PowerXchange 2026,National Rural Electric Cooperative Association (NRECA) PowerXchange,2026-03-06,Nashville,TN,LIVE EO,live-eo.com,,,,,,,,
National Rural Electric Cooperative Association (NRECA) PowerXchange 2026,National Rural Electric Cooperative Association (NRECA) PowerXchange,2026-03-06,Nashville,TN,OTC Services Inc.,otcservices.com,,,,,,,,
National Rural Electric Cooperative Association (NRECA) PowerXchange 2026,National Rural Electric Cooperative Association (NRECA) PowerXchange,2026-03-06,Nashville,TN,"Advanced Media Technologies, Inc.",goamt.com,,,,,,,,
National Rural Electric Cooperative Association (NRECA) PowerXchange 2026,National Rural Electric Cooperative Association (NRECA) PowerXchange,2026-03-06,Nashville,TN,Farmers Electric Cooperative,farmerselectric.coop,,,,,,,,
National Rural Electric Cooperative Association (NRECA) PowerXchange 2026,National Rural Electric Cooperative Association (NRECA) PowerXchange,2026-03-06,Nashville,TN,Guernsey,guernsey.us,,,,,,,,
National Rural Electric Cooperative Association (NRECA) PowerXchange 2026,National Rural Electric Cooperative Association (NRECA) PowerXchange,2026-03-06,Nashville,TN,Globema sp. z o. o.,globema.pl,,,,,,,,
National Rural Electric Cooperative Association (NRECA) PowerXchange 2026,National Rural Electric Cooperative Association (NRECA) PowerXchange,2026-03-06,Nashville,TN,Overstory,overstory.com,,,,,,,,
National Rural Electric Cooperative Association (NRECA) PowerXchange 2026,National Rural Electric Cooperative Association (NRECA) PowerXchange,2026-03-06,Nashville,TN,AP Equipment Financing Inc.,apfinancing.com,,,,,,,,
National Rural Electric Cooperative Association (NRECA) PowerXchange 2026,National Rural Electric Cooperative Association (NRECA) PowerXchange,2026-03-06,Nashville,TN,GeoForce Utility Technologies,geoforceutilitytech.com,,,,,YES,campaign-P2,T3,YES
National Rural Electric Cooperative Association (NRECA) PowerXchange 2026,National Rural Electric Cooperative Association (NRECA) PowerXchange,2026-03-06,Nashville,TN,"Advanced Pedestals, Ltd",api-plastics.com,,,,,,,,
National Rural Electric Cooperative Association (NRECA) PowerXchange 2026,National Rural Electric Cooperative Association (NRECA) PowerXchange,2026-03-06,Nashville,TN,"TCI of Alabama, LLC",tcialabama.com,,,,,,,,
National Rural Electric Cooperative Association (NRECA) PowerXchange 2026,National Rural Electric Cooperative Association (NRECA) PowerXchange,2026-03-06,Nashville,TN,"SALCo, Inc",salcoinc.net,,,,,,,,
National Rural Electric Cooperative Association (NRECA) PowerXchange 2026,National Rural Electric Cooperative Association (NRECA) PowerXchange,2026-03-06,Nashville,TN,Kaua'i Island Utility Cooperative,kiuc.coop,,,,,,,,
National Rural Electric Cooperative Association (NRECA) PowerXchange 2026,National Rural Electric Cooperative Association (NRECA) PowerXchange,2026-03-06,Nashville,TN,Central Georgia EMC,cgemc.com,,,,,,,,
National Rural Electric Cooperative Association (NRECA) PowerXchange 2026,National Rural Electric Cooperative Association (NRECA) PowerXchange,2026-03-06,Nashville,TN,"Transformer Maintenance & Service, Inc.",transmaint.com,,,,,,,,
National Rural Electric Cooperative Association (NRECA) PowerXchange 2026,National Rural Electric Cooperative Association (NRECA) PowerXchange,2026-03-06,Nashville,TN,"Allgeier, Martin And Associates, Inc.",amce.com,,,,,,,,
National Rural Electric Cooperative Association (NRECA) PowerXchange 2026,National Rural Electric Cooperative Association (NRECA) PowerXchange,2026-03-06,Nashville,TN,Milsoft Utility Solutions,milsoft.com,,,,,,,,
National Rural Electric Cooperative Association (NRECA) PowerXchange 2026,National Rural Electric Cooperative Association (NRECA) PowerXchange,2026-03-06,Nashville,TN,GeoDigital,geodigital.com,,,,,,,,
National Rural Electric Cooperative Association (NRECA) PowerXchange 2026,National Rural Electric Cooperative Association (NRECA) PowerXchange,2026-03-06,Nashville,TN,"Clean Power Research, L.L.C.",cleanpower.com,,,,,,,,
National Rural Electric Cooperative Association (NRECA) PowerXchange 2026,National Rural Electric Cooperative Association (NRECA) PowerXchange,2026-03-06,Nashville,TN,Firmatek,firmatek.com,,,,,,,,
National Rural Electric Cooperative Association (NRECA) PowerXchange 2026,National Rural Electric Cooperative Association (NRECA) PowerXchange,2026-03-06,Nashville,TN,LS Cable & System USA,lscsusa.com,,,,,,,,
National Rural Electric Cooperative Association (NRECA) PowerXchange 2026,National Rural Electric Cooperative Association (NRECA) PowerXchange,2026-03-06,Nashville,TN,EMPACT Engineering LLC,empactengineering.com,,,,,,,,
National Rural Electric Cooperative Association (NRECA) PowerXchange 2026,National Rural Electric Cooperative Association (NRECA) PowerXchange,2026-03-06,Nashville,TN,ONLINE Information Services,onlineis.com,,,,,,,,
National Rural Electric Cooperative Association (NRECA) PowerXchange 2026,National Rural Electric Cooperative Association (NRECA) PowerXchange,2026-03-06,Nashville,TN,DCMC Partners,dcmcpartners.com,,,,,,,,
National Rural Electric Cooperative Association (NRECA) PowerXchange 2026,National Rural Electric Cooperative Association (NRECA) PowerXchange,2026-03-06,Nashville,TN,TS Conductor,tsconductor.com,,,,,,,,
National Rural Electric Cooperative Association (NRECA) PowerXchange 2026,National Rural Electric Cooperative Association (NRECA) PowerXchange,2026-03-06,Nashville,TN,Russ Bassett Corporation,russbassett.com,,,,,,,,
National Rural Electric Cooperative Association (NRECA) PowerXchange 2026,National Rural Electric Cooperative Association (NRECA) PowerXchange,2026-03-06,Nashville,TN,Sentient Energy,sentientenergy.com,,,,,,,,
National Rural Electric Cooperative Association (NRECA) PowerXchange 2026,National Rural Electric Cooperative Association (NRECA) PowerXchange,2026-03-06,Nashville,TN,Silicon Ranch Legal Department,siliconranch.com,,,,,,,,
National Rural Electric Cooperative Association (NRECA) PowerXchange 2026,National Rural Electric Cooperative Association (NRECA) PowerXchange,2026-03-06,Nashville,TN,"American Power Systems, LLC",ampowersys.com,,,,,,,,
National Rural Electric Cooperative Association (NRECA) PowerXchange 2026,National Rural Electric Cooperative Association (NRECA) PowerXchange,2026-03-06,Nashville,TN,DIS-TRAN Packaged Substations,distransubstations.com,,,,,,,,
National Rural Electric Cooperative Association (NRECA) PowerXchange 2026,National Rural Electric Cooperative Association (NRECA) PowerXchange,2026-03-06,Nashville,TN,Palmetto Engineering & Consulting,palmettoeng.com,,,,,,,,
National Rural Electric Cooperative Association (NRECA) PowerXchange 2026,National Rural Electric Cooperative Association (NRECA) PowerXchange,2026-03-06,Nashville,TN,Maverick Corporation,maverickcorporation.com,,,,,,,,
National Rural Electric Cooperative Association (NRECA) PowerXchange 2026,National Rural Electric Cooperative Association (NRECA) PowerXchange,2026-03-06,Nashville,TN,Pivot,askpivot.com,,,,,,,,
National Rural Electric Cooperative Association (NRECA) PowerXchange 2026,National Rural Electric Cooperative Association (NRECA) PowerXchange,2026-03-06,Nashville,TN,"MDR Construction, Inc.",mdrpowerline.com,,,,,YES,campaign-P2,T3,YES
National Rural Electric Cooperative Association (NRECA) PowerXchange 2026,National Rural Electric Cooperative Association (NRECA) PowerXchange,2026-03-06,Nashville,TN,Kelly and Company,kellyandcompany.com,,,,,,,,
National Rural Electric Cooperative Association (NRECA) PowerXchange 2026,National Rural Electric Cooperative Association (NRECA) PowerXchange,2026-03-06,Nashville,TN,UtiliSource LLC,utilisource.us,,,,,,,,
National Rural Electric Cooperative Association (NRECA) PowerXchange 2026,National Rural Electric Cooperative Association (NRECA) PowerXchange,2026-03-06,Nashville,TN,Xybix Systems Inc,xybix.com,,,,,,,,
National Rural Electric Cooperative Association (NRECA) PowerXchange 2026,National Rural Electric Cooperative Association (NRECA) PowerXchange,2026-03-06,Nashville,TN,Tallman Equipment Company,tallmanequipment.com,,,,,,,,
National Rural Electric Cooperative Association (NRECA) PowerXchange 2026,National Rural Electric Cooperative Association (NRECA) PowerXchange,2026-03-06,Nashville,TN,Huskie Tools,huskietools.com,,,,,,,,
National Rural Electric Cooperative Association (NRECA) PowerXchange 2026,National Rural Electric Cooperative Association (NRECA) PowerXchange,2026-03-06,Nashville,TN,Wilson Bohannan Lock Company,padlocks.com,,,,,,,,
National Rural Electric Cooperative Association (NRECA) PowerXchange 2026,National Rural Electric Cooperative Association (NRECA) PowerXchange,2026-03-06,Nashville,TN,Weschler Instruments,weschler.com,,,,,,,,
National Rural Electric Cooperative Association (NRECA) PowerXchange 2026,National Rural Electric Cooperative Association (NRECA) PowerXchange,2026-03-06,Nashville,TN,"MWResource, Inc.",mwresource.com,,,,,,,,
National Rural Electric Cooperative Association (NRECA) PowerXchange 2026,National Rural Electric Cooperative Association (NRECA) PowerXchange,2026-03-06,Nashville,TN,Almetek Industries,almetek.com,,,,,,,,
National Rural Electric Cooperative Association (NRECA) PowerXchange 2026,National Rural Electric Cooperative Association (NRECA) PowerXchange,2026-03-06,Nashville,TN,Federated Rural Electric Insurance Exchange,federatedrural.com,,,,,,,,
National Rural Electric Cooperative Association (NRECA) PowerXchange 2026,National Rural Electric Cooperative Association (NRECA) PowerXchange,2026-03-06,Nashville,TN,IND Technology,ind-technology.com.au,,,,,,,,
National Rural Electric Cooperative Association (NRECA) PowerXchange 2026,National Rural Electric Cooperative Association (NRECA) PowerXchange,2026-03-06,Nashville,TN,Sequachee Valley Electric Coop,svalleyec.com,,,,,,,,
National Rural Electric Cooperative Association (NRECA) PowerXchange 2026,National Rural Electric Cooperative Association (NRECA) PowerXchange,2026-03-06,Nashville,TN,REI Utility Services,reiutilityservices.com,,,,,,,,
National Rural Electric Cooperative Association (NRECA) PowerXchange 2026,National Rural Electric Cooperative Association (NRECA) PowerXchange,2026-03-06,Nashville,TN,MRC Midwest Electronic Recycling,mrcrecycling.net,,,,,,,,
National Rural Electric Cooperative Association (NRECA) PowerXchange 2026,National Rural Electric Cooperative Association (NRECA) PowerXchange,2026-03-06,Nashville,TN,Safety Test,safetytest.net,,,,,,,,
National Rural Electric Cooperative Association (NRECA) PowerXchange 2026,National Rural Electric Cooperative Association (NRECA) PowerXchange,2026-03-06,Nashville,TN,"Alpine Communication, LLC",alpinecommunication.com,,,,,,,,
National Rural Electric Cooperative Association (NRECA) PowerXchange 2026,National Rural Electric Cooperative Association (NRECA) PowerXchange,2026-03-06,Nashville,TN,"McCall-Thomas Engineering Company, Inc.",mccallthomas.com,,,,,,,,
National Rural Electric Cooperative Association (NRECA) PowerXchange 2026,National Rural Electric Cooperative Association (NRECA) PowerXchange,2026-03-06,Nashville,TN,Bulldog Pipe,bulldogpipe.com,,,,,,,,
National Rural Electric Cooperative Association (NRECA) PowerXchange 2026,National Rural Electric Cooperative Association (NRECA) PowerXchange,2026-03-06,Nashville,TN,"Constant Technologies, Inc.",constanttech.com,,,,,,,,
National Rural Electric Cooperative Association (NRECA) PowerXchange 2026,National Rural Electric Cooperative Association (NRECA) PowerXchange,2026-03-06,Nashville,TN,Adams Cable Equipment,adamscableequipment.com,,,,,,,,
National Rural Electric Cooperative Association (NRECA) PowerXchange 2026,National Rural Electric Cooperative Association (NRECA) PowerXchange,2026-03-06,Nashville,TN,"Viance, LLC",treatedwood.com,,,,,,,,
National Rural Electric Cooperative Association (NRECA) PowerXchange 2026,National Rural Electric Cooperative Association (NRECA) PowerXchange,2026-03-06,Nashville,TN,"Grip-Tite Manufacturing CO., L.L.C.",griptite.com,,,,,,,,
National Rural Electric Cooperative Association (NRECA) PowerXchange 2026,National Rural Electric Cooperative Association (NRECA) PowerXchange,2026-03-06,Nashville,TN,Air Force,af.mil,,,,,,,,
National Rural Electric Cooperative Association (NRECA) PowerXchange 2026,National Rural Electric Cooperative Association (NRECA) PowerXchange,2026-03-06,Nashville,TN,Virtual Peaker,virtual-peaker.com,,,,,,,,
National Rural Electric Cooperative Association (NRECA) PowerXchange 2026,National Rural Electric Cooperative Association (NRECA) PowerXchange,2026-03-06,Nashville,TN,Futura Systems,futuragis.com,,,,,,,,
National Rural Electric Cooperative Association (NRECA) PowerXchange 2026,National Rural Electric Cooperative Association (NRECA) PowerXchange,2026-03-06,Nashville,TN,"Katapult Engineering, Inc.",katapultengineering.com,,,,,,,,
National Rural Electric Cooperative Association (NRECA) PowerXchange 2026,National Rural Electric Cooperative Association (NRECA) PowerXchange,2026-03-06,Nashville,TN,"Daupler, Inc.",daupler.com,,,,,,,,
National Rural Electric Cooperative Association (NRECA) PowerXchange 2026,National Rural Electric Cooperative Association (NRECA) PowerXchange,2026-03-06,Nashville,TN,"Mississippi Tennessee Transformers, Inc",ms-tn.net,,,,,,,,
National Rural Electric Cooperative Association (NRECA) PowerXchange 2026,National Rural Electric Cooperative Association (NRECA) PowerXchange,2026-03-06,Nashville,TN,GLDS,glds.com,,,,,,,,
National Rural Electric Cooperative Association (NRECA) PowerXchange 2026,National Rural Electric Cooperative Association (NRECA) PowerXchange,2026-03-06,Nashville,TN,OneSource Restoration LLC,onesourcerestorationllc.com,,,,,YES,campaign-P2,T3,YES
National Rural Electric Cooperative Association (NRECA) PowerXchange 2026,National Rural Electric Cooperative Association (NRECA) PowerXchange,2026-03-06,Nashville,TN,PSP Products,pspproducts.com,,,,,,,,
National Rural Electric Cooperative Association (NRECA) PowerXchange 2026,National Rural Electric Cooperative Association (NRECA) PowerXchange,2026-03-06,Nashville,TN,"CellSite Solutions, LLC",cellsitesolutions.com,"Cedar Rapids, IA",59,Investor Backed,2010,,,,
National Rural Electric Cooperative Association (NRECA) PowerXchange 2026,National Rural Electric Cooperative Association (NRECA) PowerXchange,2026-03-06,Nashville,TN,Maschinenfabrik Reinhausen,reinhausen.com,"Brossard, Canada",58,Investor Backed,2009,,,,
National Rural Electric Cooperative Association (NRECA) PowerXchange 2026,National Rural Electric Cooperative Association (NRECA) PowerXchange,2026-03-06,Nashville,TN,Ofil,ofilsystems.com,"Nes Ziona, Israel",58,Bootstrapped,1993,,,,
National Rural Electric Cooperative Association (NRECA) PowerXchange 2026,National Rural Electric Cooperative Association (NRECA) PowerXchange,2026-03-06,Nashville,TN,Phoenix Contact USA,phoenixcontact.com,"Istanbul, Turkey",58,Investor Backed,1985,,,,
National Rural Electric Cooperative Association (NRECA) PowerXchange 2026,National Rural Electric Cooperative Association (NRECA) PowerXchange,2026-03-06,Nashville,TN,"Tech Products, Inc.",techproducts.com,"New York, USA",57,Bootstrapped,1948,,,,
National Rural Electric Cooperative Association (NRECA) PowerXchange 2026,National Rural Electric Cooperative Association (NRECA) PowerXchange,2026-03-06,Nashville,TN,Clear Path Utility Solutions LLC,clearpathutilityconsulting.com,,,,,,,,
National Rural Electric Cooperative Association (NRECA) PowerXchange 2026,National Rural Electric Cooperative Association (NRECA) PowerXchange,2026-03-06,Nashville,TN,"Vanguard Electric, LLC",vanguardelec.com,,,,,,,,
National Rural Electric Cooperative Association (NRECA) PowerXchange 2026,National Rural Electric Cooperative Association (NRECA) PowerXchange,2026-03-06,Nashville,TN,"CLP Engineering, LLC",clp-engineering.com,,,,,YES,master-P3,E12,
National Rural Electric Cooperative Association (NRECA) PowerXchange 2026,National Rural Electric Cooperative Association (NRECA) PowerXchange,2026-03-06,Nashville,TN,GoArmy,goarmy.com,,,,,,,,
National Rural Electric Cooperative Association (NRECA) PowerXchange 2026,National Rural Electric Cooperative Association (NRECA) PowerXchange,2026-03-06,Nashville,TN,AESI Acumen Engineered Solutions International Inc.,aesi-inc.com,,,,,,,,
National Rural Electric Cooperative Association (NRECA) PowerXchange 2026,National Rural Electric Cooperative Association (NRECA) PowerXchange,2026-03-06,Nashville,TN,"Communication Network Engineering, Inc. (CNE)",cnesolutions.com,,,,,,,,
National Rural Electric Cooperative Association (NRECA) PowerXchange 2026,National Rural Electric Cooperative Association (NRECA) PowerXchange,2026-03-06,Nashville,TN,Power Monitors,powermonitors.com,,,,,YES,master-P3,M13,
National Rural Electric Cooperative Association (NRECA) PowerXchange 2026,National Rural Electric Cooperative Association (NRECA) PowerXchange,2026-03-06,Nashville,TN,United Utility Supply,uus.coop,,,,,,,,
National Rural Electric Cooperative Association (NRECA) PowerXchange 2026,National Rural Electric Cooperative Association (NRECA) PowerXchange,2026-03-06,Nashville,TN,"Qei, Llc",qeiinc.com,,,,,,,,
National Rural Electric Cooperative Association (NRECA) PowerXchange 2026,National Rural Electric Cooperative Association (NRECA) PowerXchange,2026-03-06,Nashville,TN,Enact Solar,enact.solar,,,,,,,,
National Rural Electric Cooperative Association (NRECA) PowerXchange 2026,National Rural Electric Cooperative Association (NRECA) PowerXchange,2026-03-06,Nashville,TN,Dur-A-Lift Inc.,dur-a-lift.com,,,,,,,,
National Rural Electric Cooperative Association (NRECA) PowerXchange 2026,National Rural Electric Cooperative Association (NRECA) PowerXchange,2026-03-06,Nashville,TN,DVI Grid Solutions,dvigridsolutions.com,,,,,,,,
National Rural Electric Cooperative Association (NRECA) PowerXchange 2026,National Rural Electric Cooperative Association (NRECA) PowerXchange,2026-03-06,Nashville,TN,Systems With Intelligence Inc.,systemswithintelligence.com,,,,,,,,
National Rural Electric Cooperative Association (NRECA) PowerXchange 2026,National Rural Electric Cooperative Association (NRECA) PowerXchange,2026-03-06,Nashville,TN,Beach Timber,beachtimber.wpengine.com,,,,,,,,
National Rural Electric Cooperative Association (NRECA) PowerXchange 2026,National Rural Electric Cooperative Association (NRECA) PowerXchange,2026-03-06,Nashville,TN,HData,hdata.com,,,,,,,,
National Rural Electric Cooperative Association (NRECA) PowerXchange 2026,National Rural Electric Cooperative Association (NRECA) PowerXchange,2026-03-06,Nashville,TN,"BEC Technologies, Inc.",bectechnologies.net,,,,,,,,
National Rural Electric Cooperative Association (NRECA) PowerXchange 2026,National Rural Electric Cooperative Association (NRECA) PowerXchange,2026-03-06,Nashville,TN,Build Cbs,buildcbs.com,,,,,,,,
National Rural Electric Cooperative Association (NRECA) PowerXchange 2026,National Rural Electric Cooperative Association (NRECA) PowerXchange,2026-03-06,Nashville,TN,"Central Electric Cooperative, Inc.",cec.coop,,,,,,,,
National Rural Electric Cooperative Association (NRECA) PowerXchange 2026,National Rural Electric Cooperative Association (NRECA) PowerXchange,2026-03-06,Nashville,TN,Wells Rural Electric Company,wrec.coop,,,,,,,,
National Rural Electric Cooperative Association (NRECA) PowerXchange 2026,National Rural Electric Cooperative Association (NRECA) PowerXchange,2026-03-06,Nashville,TN,Data Center Coalition,datacentercoalition.org,,,,,,,,
National Rural Electric Cooperative Association (NRECA) PowerXchange 2026,National Rural Electric Cooperative Association (NRECA) PowerXchange,2026-03-06,Nashville,TN,Ronk,ronkelectrical.com,,,,,,,,
National Rural Electric Cooperative Association (NRECA) PowerXchange 2026,National Rural Electric Cooperative Association (NRECA) PowerXchange,2026-03-06,Nashville,TN,Lightshift Energy,lightshift.com,,,,,,,,
National Rural Electric Cooperative Association (NRECA) PowerXchange 2026,National Rural Electric Cooperative Association (NRECA) PowerXchange,2026-03-06,Nashville,TN,"Emerald AI, Inc.",emeraldai.co,,,,,,,,
National Rural Electric Cooperative Association (NRECA) PowerXchange 2026,National Rural Electric Cooperative Association (NRECA) PowerXchange,2026-03-06,Nashville,TN,FirstPower Group LLC,firstpowergroupllc.com,,,,,YES,campaign-Nurture,T2,YES
National Rural Electric Cooperative Association (NRECA) PowerXchange 2026,National Rural Electric Cooperative Association (NRECA) PowerXchange,2026-03-06,Nashville,TN,NexGen Utility Sales,nexgenutilitysales.com,,,,,,,,
National Rural Electric Cooperative Association (NRECA) PowerXchange 2026,National Rural Electric Cooperative Association (NRECA) PowerXchange,2026-03-06,Nashville,TN,"ArborPro, Inc",arborprousa.com,,,,,,,,
National Rural Electric Cooperative Association (NRECA) PowerXchange 2026,National Rural Electric Cooperative Association (NRECA) PowerXchange,2026-03-06,Nashville,TN,Uticom Systems Inc,uticom.net,,,,,,,,
National Rural Electric Cooperative Association (NRECA) PowerXchange 2026,National Rural Electric Cooperative Association (NRECA) PowerXchange,2026-03-06,Nashville,TN,"Basic Concepts, Inc.",basicconcepts.com,,,,,,,,
National Rural Electric Cooperative Association (NRECA) PowerXchange 2026,National Rural Electric Cooperative Association (NRECA) PowerXchange,2026-03-06,Nashville,TN,CallNet Call Center Services,callnetservices.com,,,,,,,,
National Rural Electric Cooperative Association (NRECA) PowerXchange 2026,National Rural Electric Cooperative Association (NRECA) PowerXchange,2026-03-06,Nashville,TN,Integral Analytics,integralanalytics.com,,,,,,,,
National Rural Electric Cooperative Association (NRECA) PowerXchange 2026,National Rural Electric Cooperative Association (NRECA) PowerXchange,2026-03-06,Nashville,TN,Power Line Sentry,powerlinesentry.com,,,,,,,,
National Rural Electric Cooperative Association (NRECA) PowerXchange 2026,National Rural Electric Cooperative Association (NRECA) PowerXchange,2026-03-06,Nashville,TN,Innovative Chemical Products Group,icpgroup.com,,,,,,,,
National Rural Electric Cooperative Association (NRECA) PowerXchange 2026,National Rural Electric Cooperative Association (NRECA) PowerXchange,2026-03-06,Nashville,TN,Sunbelt Rentals,sunbeltrentals.com,,,,,,,,
National Rural Electric Cooperative Association (NRECA) PowerXchange 2026,National Rural Electric Cooperative Association (NRECA) PowerXchange,2026-03-06,Nashville,TN,"Schaefer, Inc",schaeferpower.com,,,,,,,,
National Rural Electric Cooperative Association (NRECA) PowerXchange 2026,National Rural Electric Cooperative Association (NRECA) PowerXchange,2026-03-06,Nashville,TN,"Converge Strategies, LLC",convergestrategies.com,,,,,,,,
National Rural Electric Cooperative Association (NRECA) PowerXchange 2026,National Rural Electric Cooperative Association (NRECA) PowerXchange,2026-03-06,Nashville,TN,"Actif.ai, Inc.",actif.ai,,,,,,,,
National Rural Electric Cooperative Association (NRECA) PowerXchange 2026,National Rural Electric Cooperative Association (NRECA) PowerXchange,2026-03-06,Nashville,TN,Hercules Industries Inc.,herculock.com,,,,,,,,
National Rural Electric Cooperative Association (NRECA) PowerXchange 2026,National Rural Electric Cooperative Association (NRECA) PowerXchange,2026-03-06,Nashville,TN,Evluma,evluma.com,,,,,,,,
National Rural Electric Cooperative Association (NRECA) PowerXchange 2026,National Rural Electric Cooperative Association (NRECA) PowerXchange,2026-03-06,Nashville,TN,Future Grid,future-grid.com,,,,,,,,
National Rural Electric Cooperative Association (NRECA) PowerXchange 2026,National Rural Electric Cooperative Association (NRECA) PowerXchange,2026-03-06,Nashville,TN,Hawk Line Construction,hawklineconstruction.com,,,,,,,,
National Rural Electric Cooperative Association (NRECA) PowerXchange 2026,National Rural Electric Cooperative Association (NRECA) PowerXchange,2026-03-06,Nashville,TN,TCA Telcom Consulting,tcatel.com,,,,,,,,
National Rural Electric Cooperative Association (NRECA) PowerXchange 2026,National Rural Electric Cooperative Association (NRECA) PowerXchange,2026-03-06,Nashville,TN,Ziegler Es,ziegleres.com,,,,,,,,
National Rural Electric Cooperative Association (NRECA) PowerXchange 2026,National Rural Electric Cooperative Association (NRECA) PowerXchange,2026-03-06,Nashville,TN,Polecrete Stabilizer,polecretestabilizer.com,,,,,,,,
National Rural Electric Cooperative Association (NRECA) PowerXchange 2026,National Rural Electric Cooperative Association (NRECA) PowerXchange,2026-03-06,Nashville,TN,Safeguard Equipment,safeguardequipment.com,,,,,,,,
National Rural Electric Cooperative Association (NRECA) PowerXchange 2026,National Rural Electric Cooperative Association (NRECA) PowerXchange,2026-03-06,Nashville,TN,Kaddas Enterprises Inc,kaddas.com,,,,,,,,
National Rural Electric Cooperative Association (NRECA) PowerXchange 2026,National Rural Electric Cooperative Association (NRECA) PowerXchange,2026-03-06,Nashville,TN,"Epoch Solutions Group, LLC",epochsg.com,,,,,,,,
National Rural Electric Cooperative Association (NRECA) PowerXchange 2026,National Rural Electric Cooperative Association (NRECA) PowerXchange,2026-03-06,Nashville,TN,Noteworthy AI,noteworthy.ai,,,,,,,,
National Rural Electric Cooperative Association (NRECA) PowerXchange 2026,National Rural Electric Cooperative Association (NRECA) PowerXchange,2026-03-06,Nashville,TN,"Cross Discipline Engineering, LLC",crossdiscipline.com,,,,,YES,campaign-P3,E12,YES
National Rural Electric Cooperative Association (NRECA) PowerXchange 2026,National Rural Electric Cooperative Association (NRECA) PowerXchange,2026-03-06,Nashville,TN,"Professional Computer Solutions, LLC",pcs-csa.com,,,,,,,,
National Rural Electric Cooperative Association (NRECA) PowerXchange 2026,National Rural Electric Cooperative Association (NRECA) PowerXchange,2026-03-06,Nashville,TN,Litetronics International,litetronics.com,,,,,,,,
National Rural Electric Cooperative Association (NRECA) PowerXchange 2026,National Rural Electric Cooperative Association (NRECA) PowerXchange,2026-03-06,Nashville,TN,BrilliT,brillit.co,,,,,,,,
National Rural Electric Cooperative Association (NRECA) PowerXchange 2026,National Rural Electric Cooperative Association (NRECA) PowerXchange,2026-03-06,Nashville,TN,Penn-Union Corp.,penn-union.com,,,,,,,,
National Rural Electric Cooperative Association (NRECA) PowerXchange 2026,National Rural Electric Cooperative Association (NRECA) PowerXchange,2026-03-06,Nashville,TN,FARR Technologies,farrtechnologies.com,,,,,,,,
National Rural Electric Cooperative Association (NRECA) PowerXchange 2026,National Rural Electric Cooperative Association (NRECA) PowerXchange,2026-03-06,Nashville,TN,Peoples Energy Cooperative,peoplesenergy.coop,,,,,,,,
National Rural Electric Cooperative Association (NRECA) PowerXchange 2026,National Rural Electric Cooperative Association (NRECA) PowerXchange,2026-03-06,Nashville,TN,"Micatu, Inc.",micatu.com,,,,,,,,
National Rural Electric Cooperative Association (NRECA) PowerXchange 2026,National Rural Electric Cooperative Association (NRECA) PowerXchange,2026-03-06,Nashville,TN,Rhizome,rhizomedata.com,,,,,,,,
National Rural Electric Cooperative Association (NRECA) PowerXchange 2026,National Rural Electric Cooperative Association (NRECA) PowerXchange,2026-03-06,Nashville,TN,Senpilot Inc.,senpilot.com,,,,,,,,
National Rural Electric Cooperative Association (NRECA) PowerXchange 2026,National Rural Electric Cooperative Association (NRECA) PowerXchange,2026-03-06,Nashville,TN,Insulated Tools Ltd,insulatedtools.co.uk,,,,,,,,
National Rural Electric Cooperative Association (NRECA) PowerXchange 2026,National Rural Electric Cooperative Association (NRECA) PowerXchange,2026-03-06,Nashville,TN,"Mora-San Miguel Electric Cooperative, Inc.",morasanmiguel.coop,,,,,,,,
National Rural Electric Cooperative Association (NRECA) PowerXchange 2026,National Rural Electric Cooperative Association (NRECA) PowerXchange,2026-03-06,Nashville,TN,Integrity Data Solutions,accessids.com,,,,,,,,
National Rural Electric Cooperative Association (NRECA) PowerXchange 2026,National Rural Electric Cooperative Association (NRECA) PowerXchange,2026-03-06,Nashville,TN,Burns & McDonnell,burnsmcd.com,,,,,,,,
National Rural Electric Cooperative Association (NRECA) PowerXchange 2026,National Rural Electric Cooperative Association (NRECA) PowerXchange,2026-03-06,Nashville,TN,dataVoice International,datavoiceint.com,,,,,,,,
National Rural Electric Cooperative Association (NRECA) PowerXchange 2026,National Rural Electric Cooperative Association (NRECA) PowerXchange,2026-03-06,Nashville,TN,SkyHelm,skyhelm.com,,,,,,,,
National Rural Electric Cooperative Association (NRECA) PowerXchange 2026,National Rural Electric Cooperative Association (NRECA) PowerXchange,2026-03-06,Nashville,TN,"Laminated Wood Systems, Inc.",lwsinc.com,,,,,,,,
National Rural Electric Cooperative Association (NRECA) PowerXchange 2026,National Rural Electric Cooperative Association (NRECA) PowerXchange,2026-03-06,Nashville,TN,Rural Electric Convenience Cooperative Co,recc.coop,,,,,,,,
National Rural Electric Cooperative Association (NRECA) PowerXchange 2026,National Rural Electric Cooperative Association (NRECA) PowerXchange,2026-03-06,Nashville,TN,Ensight Plus,ensightplus.com,,,,,,,,
National Rural Electric Cooperative Association (NRECA) PowerXchange 2026,National Rural Electric Cooperative Association (NRECA) PowerXchange,2026-03-06,Nashville,TN,Neutron USA,neutronusa.com,,,,,,,,
National Rural Electric Cooperative Association (NRECA) PowerXchange 2026,National Rural Electric Cooperative Association (NRECA) PowerXchange,2026-03-06,Nashville,TN,Pointerra,pointerra.com,,,,,,,,
National Rural Electric Cooperative Association (NRECA) PowerXchange 2026,National Rural Electric Cooperative Association (NRECA) PowerXchange,2026-03-06,Nashville,TN,"Rock Rabbit, Inc.",rockrabbit.ai,,,,,,,,
National Rural Electric Cooperative Association (NRECA) PowerXchange 2026,National Rural Electric Cooperative Association (NRECA) PowerXchange,2026-03-06,Nashville,TN,GeoGraph Technologies,geograph.tech,,,,,,,,
National Rural Electric Cooperative Association (NRECA) PowerXchange 2026,National Rural Electric Cooperative Association (NRECA) PowerXchange,2026-03-06,Nashville,TN,Enxchange,enxenergy.com,,,,,,,,
National Rural Electric Cooperative Association (NRECA) PowerXchange 2026,National Rural Electric Cooperative Association (NRECA) PowerXchange,2026-03-06,Nashville,TN,The VON Corporation,voncorp.com,,,,,,,,
National Rural Electric Cooperative Association (NRECA) PowerXchange 2026,National Rural Electric Cooperative Association (NRECA) PowerXchange,2026-03-06,Nashville,TN,Kodiak Electric Assn Inc,kodiakelectric.com,,,,,,,,
National Rural Electric Cooperative Association (NRECA) PowerXchange 2026,National Rural Electric Cooperative Association (NRECA) PowerXchange,2026-03-06,Nashville,TN,Pacific Volt Inc.,pacificvolt.com,,,,,,,,
National Rural Electric Cooperative Association (NRECA) PowerXchange 2026,National Rural Electric Cooperative Association (NRECA) PowerXchange,2026-03-06,Nashville,TN,"EnerVision, Inc.",enervision-inc.com,,,,,,,,
National Rural Electric Cooperative Association (NRECA) PowerXchange 2026,National Rural Electric Cooperative Association (NRECA) PowerXchange,2026-03-06,Nashville,TN,Camect,camect.com,,,,,,,,
National Rural Electric Cooperative Association (NRECA) PowerXchange 2026,National Rural Electric Cooperative Association (NRECA) PowerXchange,2026-03-06,Nashville,TN,Character Lab,characterlab.org,,,,,,,,
National Rural Electric Cooperative Association (NRECA) PowerXchange 2026,National Rural Electric Cooperative Association (NRECA) PowerXchange,2026-03-06,Nashville,TN,Carina Technology,carinatek.com,,,,,,,,
National Rural Electric Cooperative Association (NRECA) PowerXchange 2026,National Rural Electric Cooperative Association (NRECA) PowerXchange,2026-03-06,Nashville,TN,AndPower,andpowergroup.com,,,,,,,,
National Rural Electric Cooperative Association (NRECA) PowerXchange 2026,National Rural Electric Cooperative Association (NRECA) PowerXchange,2026-03-06,Nashville,TN,Velarium,velariumenergy.com,,,,,,,,
National Rural Electric Cooperative Association (NRECA) PowerXchange 2026,National Rural Electric Cooperative Association (NRECA) PowerXchange,2026-03-06,Nashville,TN,"Eagle Eye Power Solutions, LLC",eepowersolutions.com,,,,,,,,
National Rural Electric Cooperative Association (NRECA) PowerXchange 2026,National Rural Electric Cooperative Association (NRECA) PowerXchange,2026-03-06,Nashville,TN,TESCO Company,tescocompany.com,,,,,,,,
National Rural Electric Cooperative Association (NRECA) PowerXchange 2026,National Rural Electric Cooperative Association (NRECA) PowerXchange,2026-03-06,Nashville,TN,Camvio,camv.io,,,,,,,,
National Rural Electric Cooperative Association (NRECA) PowerXchange 2026,National Rural Electric Cooperative Association (NRECA) PowerXchange,2026-03-06,Nashville,TN,Utility Structural Systems,utilitystructural.com,,,,,,,,
National Rural Electric Cooperative Association (NRECA) PowerXchange 2026,National Rural Electric Cooperative Association (NRECA) PowerXchange,2026-03-06,Nashville,TN,NetWatch.Ai,netwatch.ai,,,,,,,,
National Rural Electric Cooperative Association (NRECA) PowerXchange 2026,National Rural Electric Cooperative Association (NRECA) PowerXchange,2026-03-06,Nashville,TN,"Communication Network Engineering, Inc.",cnefargo.com,,,,,,,,
National Rural Electric Cooperative Association (NRECA) PowerXchange 2026,National Rural Electric Cooperative Association (NRECA) PowerXchange,2026-03-06,Nashville,TN,"Sieyuan Electric Co.,Ltd",sieyuan.com,,,,,,,,
National Rural Electric Cooperative Association (NRECA) PowerXchange 2026,National Rural Electric Cooperative Association (NRECA) PowerXchange,2026-03-06,Nashville,TN,"IPpay, LLC.",ippay.com,,,,,,,,
National Rural Electric Cooperative Association (NRECA) PowerXchange 2026,National Rural Electric Cooperative Association (NRECA) PowerXchange,2026-03-06,Nashville,TN,Franklin Electric Grid Solutions,franklingrid.com,,,,,,,,
National Rural Electric Cooperative Association (NRECA) PowerXchange 2026,National Rural Electric Cooperative Association (NRECA) PowerXchange,2026-03-06,Nashville,TN,MinMax Technologies,minmaxtech.com,,,,,,,,
National Rural Electric Cooperative Association (NRECA) PowerXchange 2026,National Rural Electric Cooperative Association (NRECA) PowerXchange,2026-03-06,Nashville,TN,NuVolt Group,nuvoltgroup.com,,,,,,,,
National Rural Electric Cooperative Association (NRECA) PowerXchange 2026,National Rural Electric Cooperative Association (NRECA) PowerXchange,2026-03-06,Nashville,TN,One Call,onecall.energy,,,,,,,,
National Rural Electric Cooperative Association (NRECA) PowerXchange 2026,National Rural Electric Cooperative Association (NRECA) PowerXchange,2026-03-06,Nashville,TN,Aircraft Dynamics,aircraftdynamics.com,,,,,,,,
National Rural Electric Cooperative Association (NRECA) PowerXchange 2026,National Rural Electric Cooperative Association (NRECA) PowerXchange,2026-03-06,Nashville,TN,Scopito,scopito.com,,,,,,,,
National Rural Electric Cooperative Association (NRECA) PowerXchange 2026,National Rural Electric Cooperative Association (NRECA) PowerXchange,2026-03-06,Nashville,TN,Choice IT Global,choiceitglobal.com,,,,,,,,
National Rural Electric Cooperative Association (NRECA) PowerXchange 2026,National Rural Electric Cooperative Association (NRECA) PowerXchange,2026-03-06,Nashville,TN,Nehrwess USA Inc.,nehrwess.com,"Brownstown, IN",14,Bootstrapped,1975,,,,
National Rural Electric Cooperative Association (NRECA) PowerXchange 2026,National Rural Electric Cooperative Association (NRECA) PowerXchange,2026-03-06,Nashville,TN,Asset Resource,asset-resource.com,"Houston, TX",14,Bootstrapped,,,,,
National Rural Electric Cooperative Association (NRECA) PowerXchange 2026,National Rural Electric Cooperative Association (NRECA) PowerXchange,2026-03-06,Nashville,TN,"Renovo Automation, LLC",renovoautomation.com,"Minneapolis, MN",14,Investor Backed,2025,,,,
National Rural Electric Cooperative Association (NRECA) PowerXchange 2026,National Rural Electric Cooperative Association (NRECA) PowerXchange,2026-03-06,Nashville,TN,Vulcan Line Tools,vulcanlinetools.com,"Birmingham, AL",13,Investor Backed,2019,,,,
National Rural Electric Cooperative Association (NRECA) PowerXchange 2026,National Rural Electric Cooperative Association (NRECA) PowerXchange,2026-03-06,Nashville,TN,Pennsylvania Rural Electric Association,prea.com,"Harrisburg, PA",13,Bootstrapped,,,,,
National Rural Electric Cooperative Association (NRECA) PowerXchange 2026,National Rural Electric Cooperative Association (NRECA) PowerXchange,2026-03-06,Nashville,TN,Yuga Solutions,yuga-solutions.com,,,,,,,,
National Rural Electric Cooperative Association (NRECA) PowerXchange 2026,National Rural Electric Cooperative Association (NRECA) PowerXchange,2026-03-06,Nashville,TN,Themisintelligence.Ai,themisintelligence.ai,,,,,,,,
National Rural Electric Cooperative Association (NRECA) PowerXchange 2026,National Rural Electric Cooperative Association (NRECA) PowerXchange,2026-03-06,Nashville,TN,Lidarusa,lidarusa.com,,,,,,,,
National Rural Electric Cooperative Association (NRECA) PowerXchange 2026,National Rural Electric Cooperative Association (NRECA) PowerXchange,2026-03-06,Nashville,TN,inLighten,inlighten.net,,,,,,,,
National Rural Electric Cooperative Association (NRECA) PowerXchange 2026,National Rural Electric Cooperative Association (NRECA) PowerXchange,2026-03-06,Nashville,TN,VASS Solutions,vasssolutions.com,,,,,,,,
National Rural Electric Cooperative Association (NRECA) PowerXchange 2026,National Rural Electric Cooperative Association (NRECA) PowerXchange,2026-03-06,Nashville,TN,Wasion Group,wasion.com,,,,,,,,
National Rural Electric Cooperative Association (NRECA) PowerXchange 2026,National Rural Electric Cooperative Association (NRECA) PowerXchange,2026-03-06,Nashville,TN,Komodo Wifi,komodosystems.com,,,,,,,,
National Rural Electric Cooperative Association (NRECA) PowerXchange 2026,National Rural Electric Cooperative Association (NRECA) PowerXchange,2026-03-06,Nashville,TN,Zeus Power Supplies LLC,zeustx.com,,,,,,,,
National Rural Electric Cooperative Association (NRECA) PowerXchange 2026,National Rural Electric Cooperative Association (NRECA) PowerXchange,2026-03-06,Nashville,TN,Big Sky Aerial Solutions,bigskyaerialsolutions.com,,,,,,,,
National Rural Electric Cooperative Association (NRECA) PowerXchange 2026,National Rural Electric Cooperative Association (NRECA) PowerXchange,2026-03-06,Nashville,TN,Kenick,kenick.com,,,,,,,,
National Rural Electric Cooperative Association (NRECA) PowerXchange 2026,National Rural Electric Cooperative Association (NRECA) PowerXchange,2026-03-06,Nashville,TN,BluemaxUSA,bluemaxusa.com,,,,,,,,
National Rural Electric Cooperative Association (NRECA) PowerXchange 2026,National Rural Electric Cooperative Association (NRECA) PowerXchange,2026-03-06,Nashville,TN,Travis Mills Foundation,travismillsfoundation.org,,,,,,,,
National Rural Electric Cooperative Association (NRECA) PowerXchange 2026,National Rural Electric Cooperative Association (NRECA) PowerXchange,2026-03-06,Nashville,TN,Custom Coating Innovations,customcoatinginnovations.com,,,,,,,,
National Rural Electric Cooperative Association (NRECA) PowerXchange 2026,National Rural Electric Cooperative Association (NRECA) PowerXchange,2026-03-06,Nashville,TN,DRT Cyber Inc.,drtcyber.com,,,,,,,,
National Rural Electric Cooperative Association (NRECA) PowerXchange 2026,National Rural Electric Cooperative Association (NRECA) PowerXchange,2026-03-06,Nashville,TN,Grid Graphics,gridgraphics.com,,,,,,,,
National Rural Electric Cooperative Association (NRECA) PowerXchange 2026,National Rural Electric Cooperative Association (NRECA) PowerXchange,2026-03-06,Nashville,TN,Smart Grid Solutions,smartgridsolutions.com,,,,,,,,
National Rural Electric Cooperative Association (NRECA) PowerXchange 2026,National Rural Electric Cooperative Association (NRECA) PowerXchange,2026-03-06,Nashville,TN,Glasmasters,glasmasters.com,,,,,,,,
National Rural Electric Cooperative Association (NRECA) PowerXchange 2026,National Rural Electric Cooperative Association (NRECA) PowerXchange,2026-03-06,Nashville,TN,Telsasoft,telsasoft.com,,,,,,,,
National Rural Electric Cooperative Association (NRECA) PowerXchange 2026,National Rural Electric Cooperative Association (NRECA) PowerXchange,2026-03-06,Nashville,TN,"VaOpto, LLC",vaopto.com,,,,,,,,
National Rural Electric Cooperative Association (NRECA) PowerXchange 2026,National Rural Electric Cooperative Association (NRECA) PowerXchange,2026-03-06,Nashville,TN,Plugin Optics,pluginoptics.com,,,,,,,,
National Rural Electric Cooperative Association (NRECA) PowerXchange 2026,National Rural Electric Cooperative Association (NRECA) PowerXchange,2026-03-06,Nashville,TN,Sy Tis,sytis.com,,,,,,,,
National Rural Electric Cooperative Association (NRECA) PowerXchange 2026,National Rural Electric Cooperative Association (NRECA) PowerXchange,2026-03-06,Nashville,TN,Trimade Marketing Inc,trimademarketing.com,,,,,,,,
National Rural Electric Cooperative Association (NRECA) PowerXchange 2026,National Rural Electric Cooperative Association (NRECA) PowerXchange,2026-03-06,Nashville,TN,"Skymira, LLC",skymira.com,,,,,,,,
National Rural Electric Cooperative Association (NRECA) PowerXchange 2026,National Rural Electric Cooperative Association (NRECA) PowerXchange,2026-03-06,Nashville,TN,TSEA energia,tseaenergia.com.br,,,,,,,,
National Rural Electric Cooperative Association (NRECA) PowerXchange 2026,National Rural Electric Cooperative Association (NRECA) PowerXchange,2026-03-06,Nashville,TN,"Aimxcel Innovative Solutions, Llp",aimxcel.com,,,,,,,,
National Rural Electric Cooperative Association (NRECA) PowerXchange 2026,National Rural Electric Cooperative Association (NRECA) PowerXchange,2026-03-06,Nashville,TN,Vertical Supply Co.,verticalsupplyco.com,,,,,,,,
National Rural Electric Cooperative Association (NRECA) PowerXchange 2026,National Rural Electric Cooperative Association (NRECA) PowerXchange,2026-03-06,Nashville,TN,LDR Leadership,ldrleadership.com,,,,,,,,
National Rural Electric Cooperative Association (NRECA) PowerXchange 2026,National Rural Electric Cooperative Association (NRECA) PowerXchange,2026-03-06,Nashville,TN,AeroVision Global,aerovisionglobal.com,,,,,,,,
National Rural Electric Cooperative Association (NRECA) PowerXchange 2026,National Rural Electric Cooperative Association (NRECA) PowerXchange,2026-03-06,Nashville,TN,Bloom Spatial,bloomspatial.com,,,,,,,,
National Rural Electric Cooperative Association (NRECA) PowerXchange 2026,National Rural Electric Cooperative Association (NRECA) PowerXchange,2026-03-06,Nashville,TN,Spotlight Security,spotlightsecurity.ai,,,,,,,,
National Rural Electric Cooperative Association (NRECA) PowerXchange 2026,National Rural Electric Cooperative Association (NRECA) PowerXchange,2026-03-06,Nashville,TN,WEG S.A.,weg.net,,,,,,,,
National Rural Electric Cooperative Association (NRECA) PowerXchange 2026,National Rural Electric Cooperative Association (NRECA) PowerXchange,2026-03-06,Nashville,TN,"GridWrap, Inc.",gridwrap.com,,,,,,,,
National Rural Electric Cooperative Association (NRECA) PowerXchange 2026,National Rural Electric Cooperative Association (NRECA) PowerXchange,2026-03-06,Nashville,TN,Telescada,telescada.com,,,,,,,,
National Rural Electric Cooperative Association (NRECA) PowerXchange 2026,National Rural Electric Cooperative Association (NRECA) PowerXchange,2026-03-06,Nashville,TN,EDMI Limited,edmi-meters.com,,,,,,,,
National Rural Electric Cooperative Association (NRECA) PowerXchange 2026,National Rural Electric Cooperative Association (NRECA) PowerXchange,2026-03-06,Nashville,TN,Cherokee Mfg.,cherokeemfg.com,,,,,,,,
National Rural Electric Cooperative Association (NRECA) PowerXchange 2026,National Rural Electric Cooperative Association (NRECA) PowerXchange,2026-03-06,Nashville,TN,Wiregrass Electric,wiregrass.coop,,,,,,,,
National Rural Electric Cooperative Association (NRECA) PowerXchange 2026,National Rural Electric Cooperative Association (NRECA) PowerXchange,2026-03-06,Nashville,TN,Hellenic Cables,cablel.com,,,,,,,,
National Rural Electric Cooperative Association (NRECA) PowerXchange 2026,National Rural Electric Cooperative Association (NRECA) PowerXchange,2026-03-06,Nashville,TN,Live Wall Media,livewallmedia.com,,,,,,,,
National Rural Electric Cooperative Association (NRECA) PowerXchange 2026,National Rural Electric Cooperative Association (NRECA) PowerXchange,2026-03-06,Nashville,TN,Hb Next Energy,hbnextenergy.com,,,,,,,,
National Rural Electric Cooperative Association (NRECA) PowerXchange 2026,National Rural Electric Cooperative Association (NRECA) PowerXchange,2026-03-06,Nashville,TN,Sterling Padlocks,sterlingpadlocks.com,,,,,,,,
National Rural Electric Cooperative Association (NRECA) PowerXchange 2026,National Rural Electric Cooperative Association (NRECA) PowerXchange,2026-03-06,Nashville,TN,Storm Services,stormsl.com,,,,,,,,
National Rural Electric Cooperative Association (NRECA) PowerXchange 2026,National Rural Electric Cooperative Association (NRECA) PowerXchange,2026-03-06,Nashville,TN,"SpryPoint Services, Inc.",sprypoint.com,,,,,,,,
National Rural Electric Cooperative Association (NRECA) PowerXchange 2026,National Rural Electric Cooperative Association (NRECA) PowerXchange,2026-03-06,Nashville,TN,GridIntel,gridintel.com,,,,,,,,
National Rural Electric Cooperative Association (NRECA) PowerXchange 2026,National Rural Electric Cooperative Association (NRECA) PowerXchange,2026-03-06,Nashville,TN,Farwest,fwlsp.com,,,,,,,,
National Rural Electric Cooperative Association (NRECA) PowerXchange 2026,National Rural Electric Cooperative Association (NRECA) PowerXchange,2026-03-06,Nashville,TN,EUDA,eudaonline.com,,,,,,,,
National Rural Electric Cooperative Association (NRECA) PowerXchange 2026,National Rural Electric Cooperative Association (NRECA) PowerXchange,2026-03-06,Nashville,TN,UCL Swift Americas,uclswiftna.com,,,,,,,,
National Rural Electric Cooperative Association (NRECA) PowerXchange 2026,National Rural Electric Cooperative Association (NRECA) PowerXchange,2026-03-06,Nashville,TN,R & D Utility Products,randdup.com,,,,,,,,
National Rural Electric Cooperative Association (NRECA) PowerXchange 2026,National Rural Electric Cooperative Association (NRECA) PowerXchange,2026-03-06,Nashville,TN,Twistarp,twistarp.com,,,,,,,,
National Rural Electric Cooperative Association (NRECA) PowerXchange 2026,National Rural Electric Cooperative Association (NRECA) PowerXchange,2026-03-06,Nashville,TN,Cooperative Family Fund,cooperativefamilyfund.com,,,,,,,,
National Rural Electric Cooperative Association (NRECA) PowerXchange 2026,National Rural Electric Cooperative Association (NRECA) PowerXchange,2026-03-06,Nashville,TN,Americanresources.Com,americanresources.com,,,,,,,,
National Rural Electric Cooperative Association (NRECA) PowerXchange 2026,National Rural Electric Cooperative Association (NRECA) PowerXchange,2026-03-06,Nashville,TN,Skellerup Footwear,skellerupfootwear.us,,,,,,,,
National Rural Electric Cooperative Association (NRECA) PowerXchange 2026,National Rural Electric Cooperative Association (NRECA) PowerXchange,2026-03-06,Nashville,TN,Patriot Switchgear,patriotswitchgear.com,,,,,,,,
National Rural Electric Cooperative Association (NRECA) PowerXchange 2026,National Rural Electric Cooperative Association (NRECA) PowerXchange,2026-03-06,Nashville,TN,N2 Engineers,n2engineers.com,,,,,,,,
National Rural Electric Cooperative Association (NRECA) PowerXchange 2026,National Rural Electric Cooperative Association (NRECA) PowerXchange,2026-03-06,Nashville,TN,CT Metering Solutions,ctmeteringsolutions.com,,,,,,,,
National Rural Electric Cooperative Association (NRECA) PowerXchange 2026,National Rural Electric Cooperative Association (NRECA) PowerXchange,2026-03-06,Nashville,TN,Scgteams.Com,scgteams.com,,,,,,,,
National Rural Electric Cooperative Association (NRECA) PowerXchange 2026,National Rural Electric Cooperative Association (NRECA) PowerXchange,2026-03-06,Nashville,TN,Mentalfitnessguy.Com,mentalfitnessguy.com,,,,,,,,
National Rural Electric Cooperative Association (NRECA) PowerXchange 2026,National Rural Electric Cooperative Association (NRECA) PowerXchange,2026-03-06,Nashville,TN,MacLean Network Solutions,macleannetworksolutions.com,,,,,,,,
National Rural Electric Cooperative Association (NRECA) PowerXchange 2026,National Rural Electric Cooperative Association (NRECA) PowerXchange,2026-03-06,Nashville,TN,Stellantis Fleet & Business Solutions,stellantisfleet.com,,,,,,,,
National Rural Electric Cooperative Association (NRECA) PowerXchange 2026,National Rural Electric Cooperative Association (NRECA) PowerXchange,2026-03-06,Nashville,TN,Utilismart Corporation,utilismartcorp.com,,,,,,,,
National Rural Electric Cooperative Association (NRECA) PowerXchange 2026,National Rural Electric Cooperative Association (NRECA) PowerXchange,2026-03-06,Nashville,TN,Touchstone Energy,touchstoneenergy.com,,,,,,,,
National Rural Electric Cooperative Association (NRECA) PowerXchange 2026,National Rural Electric Cooperative Association (NRECA) PowerXchange,2026-03-06,Nashville,TN,FlexCharging,flexcharging.com,,,,,,,,
National Rural Electric Cooperative Association (NRECA) PowerXchange 2026,National Rural Electric Cooperative Association (NRECA) PowerXchange,2026-03-06,Nashville,TN,RE Advisers,homesteadadvisers.com,,,,,,,,
National Rural Electric Cooperative Association (NRECA) PowerXchange 2026,National Rural Electric Cooperative Association (NRECA) PowerXchange,2026-03-06,Nashville,TN,Palfinger Ag,palfinger.com,,,,,,,,
National Rural Electric Cooperative Association (NRECA) PowerXchange 2026,National Rural Electric Cooperative Association (NRECA) PowerXchange,2026-03-06,Nashville,TN,Sparus Holdings,sparusholdings.com,,,,,,,,
National Rural Electric Cooperative Association (NRECA) PowerXchange 2026,National Rural Electric Cooperative Association (NRECA) PowerXchange,2026-03-06,Nashville,TN,LineWise Utility Products,line-wise.com,,,,,,,,
National Rural Electric Cooperative Association (NRECA) PowerXchange 2026,National Rural Electric Cooperative Association (NRECA) PowerXchange,2026-03-06,Nashville,TN,E-ISAC,eisac.com,,,,,,,,
National Rural Electric Cooperative Association (NRECA) PowerXchange 2026,National Rural Electric Cooperative Association (NRECA) PowerXchange,2026-03-06,Nashville,TN,American Resources/ROTECNA,pigequipment.com,,,,,,,,
National Rural Electric Cooperative Association (NRECA) PowerXchange 2026,National Rural Electric Cooperative Association (NRECA) PowerXchange,2026-03-06,Nashville,TN,UTV International,utvint.com,,,,,,,,
National Rural Electric Cooperative Association (NRECA) PowerXchange 2026,National Rural Electric Cooperative Association (NRECA) PowerXchange,2026-03-06,Nashville,TN,Jobasi,jobasi-sa.com,,,,,,,,
National Rural Electric Cooperative Association (NRECA) PowerXchange 2026,National Rural Electric Cooperative Association (NRECA) PowerXchange,2026-03-06,Nashville,TN,Sun Belt Rentals,sunbeltrentals.de,,,,,,,,
National Rural Electric Cooperative Association (NRECA) PowerXchange 2026,National Rural Electric Cooperative Association (NRECA) PowerXchange,2026-03-06,Nashville,TN,TIREBOSS Tire Pressure Control,tireboss.com,,,,,,,,
National Rural Electric Cooperative Association (NRECA) PowerXchange 2026,National Rural Electric Cooperative Association (NRECA) PowerXchange,2026-03-06,Nashville,TN,Delta-X Research,deltaxresearch.com,,,,,,,,
National Rural Electric Cooperative Association (NRECA) PowerXchange 2026,National Rural Electric Cooperative Association (NRECA) PowerXchange,2026-03-06,Nashville,TN,IFD Technologies Inc.,ifdtech.com,,,,,,,,
National Rural Electric Cooperative Association (NRECA) PowerXchange 2026,National Rural Electric Cooperative Association (NRECA) PowerXchange,2026-03-06,Nashville,TN,Edge Zero,edgezero.co,,,,,,,,
National Rural Electric Cooperative Association (NRECA) PowerXchange 2026,National Rural Electric Cooperative Association (NRECA) PowerXchange,2026-03-06,Nashville,TN,Adaion,adaion.energy,,,,,,,,
National Rural Electric Cooperative Association (NRECA) PowerXchange 2026,National Rural Electric Cooperative Association (NRECA) PowerXchange,2026-03-06,Nashville,TN,Awesense,awesense.com,,,,,,,,
National Rural Electric Cooperative Association (NRECA) PowerXchange 2026,National Rural Electric Cooperative Association (NRECA) PowerXchange,2026-03-06,Nashville,TN,Thor Poletest,thorpoletest.com,,,,,,,,
National Rural Electric Cooperative Association (NRECA) PowerXchange 2026,National Rural Electric Cooperative Association (NRECA) PowerXchange,2026-03-06,Nashville,TN,Synerty,synerty.com,,,,,,,,
National Rural Electric Cooperative Association (NRECA) PowerXchange 2026,National Rural Electric Cooperative Association (NRECA) PowerXchange,2026-03-06,Nashville,TN,Koppers Utility Services,koppersutilityservices.com,,,,,,,,
National Rural Electric Cooperative Association (NRECA) PowerXchange 2026,National Rural Electric Cooperative Association (NRECA) PowerXchange,2026-03-06,Nashville,TN,Meinberg Funkuhren Gmbh & Co.Kg,meinberg.de,,,,,,,,
National Rural Electric Cooperative Association (NRECA) PowerXchange 2026,National Rural Electric Cooperative Association (NRECA) PowerXchange,2026-03-06,Nashville,TN,Startup Alley Podcast,startupalleypodcast.com,,,,,,,,
National Rural Electric Cooperative Association (NRECA) PowerXchange 2026,National Rural Electric Cooperative Association (NRECA) PowerXchange,2026-03-06,Nashville,TN,SubProTech,subprotech.com,,,,,,,,
National Rural Electric Cooperative Association (NRECA) PowerXchange 2026,National Rural Electric Cooperative Association (NRECA) PowerXchange,2026-03-06,Nashville,TN,Sicuro,sicurousa.com,,,,,,,,
National Rural Electric Cooperative Association (NRECA) PowerXchange 2026,National Rural Electric Cooperative Association (NRECA) PowerXchange,2026-03-06,Nashville,TN,Entwisesystems.Com,entwisesystems.com,,,,,,,,
National Rural Electric Cooperative Association (NRECA) PowerXchange 2026,National Rural Electric Cooperative Association (NRECA) PowerXchange,2026-03-06,Nashville,TN,Kim Lear,kimlear.com,,,,,,,,
Utility Supply Management Alliance (USMA) Conference 2024,Utility Supply Management Alliance (USMA) Conference,2024-05-19,Scottsdale,AZ,ABB Asea Brown Boveri Ltd.,abb.com,"Zürich, Switzerland",439252,Public,1988,,,,
Utility Supply Management Alliance (USMA) Conference 2024,Utility Supply Management Alliance (USMA) Conference,2024-05-19,Scottsdale,AZ,"Hitachi, Ltd",hitachi.com,"Tokyo, Japan",141591,Private Subsidiary,1959,,,,
Utility Supply Management Alliance (USMA) Conference 2024,Utility Supply Management Alliance (USMA) Conference,2024-05-19,Scottsdale,AZ,Kiewit Corp.,kiewit.com,"Omaha, NE",121330,Bootstrapped,1884,,,,
Utility Supply Management Alliance (USMA) Conference 2024,Utility Supply Management Alliance (USMA) Conference,2024-05-19,Scottsdale,AZ,3M Company,3m.com,"Saint Paul, MN",94469,Public,1902,,,,
Utility Supply Management Alliance (USMA) Conference 2024,Utility Supply Management Alliance (USMA) Conference,2024-05-19,Scottsdale,AZ,"Wesco International, Inc.",wesco.com,"Pittsburgh, PA",26465,Public,1922,,,,
Utility Supply Management Alliance (USMA) Conference 2024,Utility Supply Management Alliance (USMA) Conference,2024-05-19,Scottsdale,AZ,Hubbell Incorporated,hubbell.com,,,,,,,,
Utility Supply Management Alliance (USMA) Conference 2024,Utility Supply Management Alliance (USMA) Conference,2024-05-19,Scottsdale,AZ,"Southwire Company, LLC.",southwire.com,,,,,,,,
Utility Supply Management Alliance (USMA) Conference 2024,Utility Supply Management Alliance (USMA) Conference,2024-05-19,Scottsdale,AZ,"Penguin Random House, LLC",penguinrandomhouse.com,,,,,,,,
Utility Supply Management Alliance (USMA) Conference 2024,Utility Supply Management Alliance (USMA) Conference,2024-05-19,Scottsdale,AZ,AAA Cooper Transportation,aaacooper.com,,,,,,,,
Utility Supply Management Alliance (USMA) Conference 2024,Utility Supply Management Alliance (USMA) Conference,2024-05-19,Scottsdale,AZ,"Valmont Industries, Inc.",valmont.com,,,,,,,,
Utility Supply Management Alliance (USMA) Conference 2024,Utility Supply Management Alliance (USMA) Conference,2024-05-19,Scottsdale,AZ,Arizona Public Service (APS),aps.com,,,,,,,,
Utility Supply Management Alliance (USMA) Conference 2024,Utility Supply Management Alliance (USMA) Conference,2024-05-19,Scottsdale,AZ,Prolec Energy,prolec.energy,,,,,,,,
Utility Supply Management Alliance (USMA) Conference 2024,Utility Supply Management Alliance (USMA) Conference,2024-05-19,Scottsdale,AZ,GEP,gep.com,,,,,,,,
Utility Supply Management Alliance (USMA) Conference 2024,Utility Supply Management Alliance (USMA) Conference,2024-05-19,Scottsdale,AZ,Noatum Logistics,noatumlogistics.com,,,,,,,,
Utility Supply Management Alliance (USMA) Conference 2024,Utility Supply Management Alliance (USMA) Conference,2024-05-19,Scottsdale,AZ,"Sabre Industries, Inc.",sabreindustries.com,,,,,,,,
Utility Supply Management Alliance (USMA) Conference 2024,Utility Supply Management Alliance (USMA) Conference,2024-05-19,Scottsdale,AZ,SAE Towers,saetowers.com,,,,,,,,
Utility Supply Management Alliance (USMA) Conference 2024,Utility Supply Management Alliance (USMA) Conference,2024-05-19,Scottsdale,AZ,Border States,borderstates.com,,,,,,,,
Utility Supply Management Alliance (USMA) Conference 2024,Utility Supply Management Alliance (USMA) Conference,2024-05-19,Scottsdale,AZ,Alubar,alubar.net.br,,,,,,,,
Utility Supply Management Alliance (USMA) Conference 2024,Utility Supply Management Alliance (USMA) Conference,2024-05-19,Scottsdale,AZ,Stella-Jones,stella-jones.com,,,,,,,,
Utility Supply Management Alliance (USMA) Conference 2024,Utility Supply Management Alliance (USMA) Conference,2024-05-19,Scottsdale,AZ,AFL Telecommunications,aflglobal.com,,,,,,,,
Utility Supply Management Alliance (USMA) Conference 2024,Utility Supply Management Alliance (USMA) Conference,2024-05-19,Scottsdale,AZ,Howard Industries,howard.com,,,,,,,,
Utility Supply Management Alliance (USMA) Conference 2024,Utility Supply Management Alliance (USMA) Conference,2024-05-19,Scottsdale,AZ,Koppers Inc.,koppers.com,,,,,,,,
Utility Supply Management Alliance (USMA) Conference 2024,Utility Supply Management Alliance (USMA) Conference,2024-05-19,Scottsdale,AZ,"MacLean Power, LLC",macleanpower.com,,,,,,,,
Utility Supply Management Alliance (USMA) Conference 2024,Utility Supply Management Alliance (USMA) Conference,2024-05-19,Scottsdale,AZ,"Mitsubishi Electric Power Products, Inc.",meppi.com,,,,,,,,
Utility Supply Management Alliance (USMA) Conference 2024,Utility Supply Management Alliance (USMA) Conference,2024-05-19,Scottsdale,AZ,G&W Electric Co.,gwelectric.com,,,,,,,,
Utility Supply Management Alliance (USMA) Conference 2024,Utility Supply Management Alliance (USMA) Conference,2024-05-19,Scottsdale,AZ,S&C Electric Company,sandc.com,,,,,,,,
Utility Supply Management Alliance (USMA) Conference 2024,Utility Supply Management Alliance (USMA) Conference,2024-05-19,Scottsdale,AZ,"Oldcastle Infrastructure, Inc.",oldcastleinfrastructure.com,,,,,,,,
Utility Supply Management Alliance (USMA) Conference 2024,Utility Supply Management Alliance (USMA) Conference,2024-05-19,Scottsdale,AZ,SGB SMIT,sgb-smit.com,,,,,,,,
Utility Supply Management Alliance (USMA) Conference 2024,Utility Supply Management Alliance (USMA) Conference,2024-05-19,Scottsdale,AZ,Crawford,crawfordelectricsupply.com,,,,,,,,
Utility Supply Management Alliance (USMA) Conference 2024,Utility Supply Management Alliance (USMA) Conference,2024-05-19,Scottsdale,AZ,Preformed Line Products,preformed.com,,,,,,,,
Utility Supply Management Alliance (USMA) Conference 2024,Utility Supply Management Alliance (USMA) Conference,2024-05-19,Scottsdale,AZ,Sediver,sediver.com,,,,,,,,
Utility Supply Management Alliance (USMA) Conference 2024,Utility Supply Management Alliance (USMA) Conference,2024-05-19,Scottsdale,AZ,Sunbelt Solomon,sunbeltsolomon.com,,,,,,,,
Utility Supply Management Alliance (USMA) Conference 2024,Utility Supply Management Alliance (USMA) Conference,2024-05-19,Scottsdale,AZ,Priority Wire & Cable,prioritywire.com,,,,,,,,
Utility Supply Management Alliance (USMA) Conference 2024,Utility Supply Management Alliance (USMA) Conference,2024-05-19,Scottsdale,AZ,Mosdorfer NA,mosdorfer.com,,,,,,,,
Utility Supply Management Alliance (USMA) Conference 2024,Utility Supply Management Alliance (USMA) Conference,2024-05-19,Scottsdale,AZ,NPK International Inc.,npki.com,,,,,,,,
Utility Supply Management Alliance (USMA) Conference 2024,Utility Supply Management Alliance (USMA) Conference,2024-05-19,Scottsdale,AZ,"DIS-TRAN Steel, LLC",distransteel.com,,,,,,,,
Utility Supply Management Alliance (USMA) Conference 2024,Utility Supply Management Alliance (USMA) Conference,2024-05-19,Scottsdale,AZ,Resilient Structures,resilient-structures.com,,,,,,,,
Utility Supply Management Alliance (USMA) Conference 2024,Utility Supply Management Alliance (USMA) Conference,2024-05-19,Scottsdale,AZ,Central Moloney,webuildpower.com,,,,,,,,
Utility Supply Management Alliance (USMA) Conference 2024,Utility Supply Management Alliance (USMA) Conference,2024-05-19,Scottsdale,AZ,Marmon Utility,marmonutility.com,,,,,,,,
Utility Supply Management Alliance (USMA) Conference 2024,Utility Supply Management Alliance (USMA) Conference,2024-05-19,Scottsdale,AZ,"Threaded Fasteners, Inc.",threadedfasteners.com,,,,,,,,
Utility Supply Management Alliance (USMA) Conference 2024,Utility Supply Management Alliance (USMA) Conference,2024-05-19,Scottsdale,AZ,Creative Composites Group,creativecompositesgroup.com,,,,,,,,
Utility Supply Management Alliance (USMA) Conference 2024,Utility Supply Management Alliance (USMA) Conference,2024-05-19,Scottsdale,AZ,Bell Lumber and Pole Company,blpole.com,,,,,,,,
Utility Supply Management Alliance (USMA) Conference 2024,Utility Supply Management Alliance (USMA) Conference,2024-05-19,Scottsdale,AZ,Southern States LLC,southernstatesllc.com,,,,,,,,
Utility Supply Management Alliance (USMA) Conference 2024,Utility Supply Management Alliance (USMA) Conference,2024-05-19,Scottsdale,AZ,Forbes Bros. Group,forbesbrosgroup.com,,,,,,,,
Utility Supply Management Alliance (USMA) Conference 2024,Utility Supply Management Alliance (USMA) Conference,2024-05-19,Scottsdale,AZ,ProcureAbility,procureability.com,,,,,,,,
Utility Supply Management Alliance (USMA) Conference 2024,Utility Supply Management Alliance (USMA) Conference,2024-05-19,Scottsdale,AZ,Service Wire Company,servicewire.com,,,,,,,,
Utility Supply Management Alliance (USMA) Conference 2024,Utility Supply Management Alliance (USMA) Conference,2024-05-19,Scottsdale,AZ,"Gresco Utility Supply, Inc.",gresco.com,,,,,,,,
Utility Supply Management Alliance (USMA) Conference 2024,Utility Supply Management Alliance (USMA) Conference,2024-05-19,Scottsdale,AZ,Emerald Transformer,emeraldtransformer.com,,,,,,,,
Utility Supply Management Alliance (USMA) Conference 2024,Utility Supply Management Alliance (USMA) Conference,2024-05-19,Scottsdale,AZ,Eaton,cooperindustries.com,,,,,,,,
Utility Supply Management Alliance (USMA) Conference 2024,Utility Supply Management Alliance (USMA) Conference,2024-05-19,Scottsdale,AZ,National Strand,nationalstrand.com,,,,,,,,
Utility Supply Management Alliance (USMA) Conference 2024,Utility Supply Management Alliance (USMA) Conference,2024-05-19,Scottsdale,AZ,"Maddox Industrial Transformer, LLC",maddoxtransformer.com,,,,,,,,
Utility Supply Management Alliance (USMA) Conference 2024,Utility Supply Management Alliance (USMA) Conference,2024-05-19,Scottsdale,AZ,American Wire Group,buyawg.com,,,,,,,,
Utility Supply Management Alliance (USMA) Conference 2024,Utility Supply Management Alliance (USMA) Conference,2024-05-19,Scottsdale,AZ,Fortress Information Security,fortressinfosec.com,,,,,,,,
Utility Supply Management Alliance (USMA) Conference 2024,Utility Supply Management Alliance (USMA) Conference,2024-05-19,Scottsdale,AZ,"Sefcor, Inc.",sefcor.com,,,,,,,,
Utility Supply Management Alliance (USMA) Conference 2024,Utility Supply Management Alliance (USMA) Conference,2024-05-19,Scottsdale,AZ,"Copperweld Bimetallics, LLC",copperweld.com,,,,,,,,
Utility Supply Management Alliance (USMA) Conference 2024,Utility Supply Management Alliance (USMA) Conference,2024-05-19,Scottsdale,AZ,"TAPP, inc.",tappinc.com,,,,,,,,
Utility Supply Management Alliance (USMA) Conference 2024,Utility Supply Management Alliance (USMA) Conference,2024-05-19,Scottsdale,AZ,Revenew International,revenew.com,,,,,,,,
Utility Supply Management Alliance (USMA) Conference 2024,Utility Supply Management Alliance (USMA) Conference,2024-05-19,Scottsdale,AZ,"Techline, Inc.",techline-inc.com,,,,,,,,
Utility Supply Management Alliance (USMA) Conference 2024,Utility Supply Management Alliance (USMA) Conference,2024-05-19,Scottsdale,AZ,Power Sales,powersaleskc.com,,,,,,,,
Utility Supply Management Alliance (USMA) Conference 2024,Utility Supply Management Alliance (USMA) Conference,2024-05-19,Scottsdale,AZ,G&S Technologies,gstechnologies.com,,,,,YES,campaign-P2,T2,YES
Utility Supply Management Alliance (USMA) Conference 2024,Utility Supply Management Alliance (USMA) Conference,2024-05-19,Scottsdale,AZ,LS Cable & System USA,lscsusa.com,,,,,,,,
Utility Supply Management Alliance (USMA) Conference 2024,Utility Supply Management Alliance (USMA) Conference,2024-05-19,Scottsdale,AZ,"CME Wire and Cable, Inc.",cmewire.com,,,,,,,,
Utility Supply Management Alliance (USMA) Conference 2024,Utility Supply Management Alliance (USMA) Conference,2024-05-19,Scottsdale,AZ,Logisticus Group,logisticusgroup.com,,,,,,,,
Utility Supply Management Alliance (USMA) Conference 2024,Utility Supply Management Alliance (USMA) Conference,2024-05-19,Scottsdale,AZ,Texas Meter & Device,texasmeter.com,,,,,YES,master-P2,T3,
Utility Supply Management Alliance (USMA) Conference 2024,Utility Supply Management Alliance (USMA) Conference,2024-05-19,Scottsdale,AZ,"Spartan Infrastructure, Inc.",spartaninfra.com,,,,,,,,
Utility Supply Management Alliance (USMA) Conference 2024,Utility Supply Management Alliance (USMA) Conference,2024-05-19,Scottsdale,AZ,American Barcode and RFID (AB&R),abr.com,,,,,,,,
Utility Supply Management Alliance (USMA) Conference 2024,Utility Supply Management Alliance (USMA) Conference,2024-05-19,Scottsdale,AZ,"Viance, LLC",treatedwood.com,,,,,,,,
Utility Supply Management Alliance (USMA) Conference 2024,Utility Supply Management Alliance (USMA) Conference,2024-05-19,Scottsdale,AZ,Ardmore Logistics,ardmorelogistics.com,,,,,,,,
Utility Supply Management Alliance (USMA) Conference 2024,Utility Supply Management Alliance (USMA) Conference,2024-05-19,Scottsdale,AZ,"POWER Engineers, Incorporated",powereng.com,,,,,,,,
Utility Supply Management Alliance (USMA) Conference 2024,Utility Supply Management Alliance (USMA) Conference,2024-05-19,Scottsdale,AZ,Brooks Manufacturing Co.,brooksmfg.com,,,,,,,,
Utility Supply Management Alliance (USMA) Conference 2024,Utility Supply Management Alliance (USMA) Conference,2024-05-19,Scottsdale,AZ,Smart Software Inc,smartcorp.com,,,,,,,,
Utility Supply Management Alliance (USMA) Conference 2024,Utility Supply Management Alliance (USMA) Conference,2024-05-19,Scottsdale,AZ,Utility Agency & Import,uaireps.com,,,,,,,,
Utility Supply Management Alliance (USMA) Conference 2024,Utility Supply Management Alliance (USMA) Conference,2024-05-19,Scottsdale,AZ,Clarity Consulting,claritycgroup.com,,,,,,,,
Utility Supply Management Alliance (USMA) Conference 2024,Utility Supply Management Alliance (USMA) Conference,2024-05-19,Scottsdale,AZ,Duncan Wardle,duncanwardle.com,,,,,,,,
Utility Supply Management Alliance (USMA) Conference 2024,Utility Supply Management Alliance (USMA) Conference,2024-05-19,Scottsdale,AZ,Midal Cables,midalcable.com,,,,,,,,
Utility Supply Management Alliance (USMA) Conference 2024,Utility Supply Management Alliance (USMA) Conference,2024-05-19,Scottsdale,AZ,Locweld,locweld.com,,,,,,,,
Utility Supply Management Alliance (USMA) Conference 2024,Utility Supply Management Alliance (USMA) Conference,2024-05-19,Scottsdale,AZ,VAF Industries,vafindustries.com,,,,,,,,
Utility Supply Management Alliance (USMA) Conference 2024,Utility Supply Management Alliance (USMA) Conference,2024-05-19,Scottsdale,AZ,Atkore,atkore.com,,,,,,,,
Utility Supply Management Alliance (USMA) Conference 2024,Utility Supply Management Alliance (USMA) Conference,2024-05-19,Scottsdale,AZ,My Oss,my-oss.com,,,,,,,,
Utility Supply Management Alliance (USMA) Conference 2024,Utility Supply Management Alliance (USMA) Conference,2024-05-19,Scottsdale,AZ,Optimusdist.Com,optimusdist.com,,,,,,,,
Utility Supply Management Alliance (USMA) Conference 2024,Utility Supply Management Alliance (USMA) Conference,2024-05-19,Scottsdale,AZ,Sitilides,trilogyadvisors.net,,,,,,,,
Utility Supply Management Alliance (USMA) Conference 2024,Utility Supply Management Alliance (USMA) Conference,2024-05-19,Scottsdale,AZ,Lapp Insulator Company LLC,lappinsulators.com,,,,,,,,
Utility Supply Management Alliance (USMA) Conference 2024,Utility Supply Management Alliance (USMA) Conference,2024-05-19,Scottsdale,AZ,Prysmian,prysmian.com,,,,,,,,
Utility Supply Management Alliance (USMA) Conference 2024,Utility Supply Management Alliance (USMA) Conference,2024-05-19,Scottsdale,AZ,The HR Edge,thehredge.net,,,,,,,,
Utility Supply Management Alliance (USMA) Conference 2024,Utility Supply Management Alliance (USMA) Conference,2024-05-19,Scottsdale,AZ,Arruti Group,arrutigroup.com,,,,,,,,
Utility Supply Management Alliance (USMA) Conference 2024,Utility Supply Management Alliance (USMA) Conference,2024-05-19,Scottsdale,AZ,Fabrimet,fabrimet.com,,,,,,,,
Electro-Mechanical Authority (EASA) Conventions & Solutions Expo 2025,The Electro-Mechanical Authority (EASA) Conventions + Solutions Expo,2025-07-19,Nashville,TN,GE Vernova Inc.,gevernova.com,"Cambridge, MA",237540,Public,2022,,,,
Electro-Mechanical Authority (EASA) Conventions & Solutions Expo 2025,The Electro-Mechanical Authority (EASA) Conventions + Solutions Expo,2025-07-19,Nashville,TN,ABB Asea Brown Boveri Ltd.,abb.com,"Zürich, Switzerland",439252,Public,1988,,,,
Electro-Mechanical Authority (EASA) Conventions & Solutions Expo 2025,The Electro-Mechanical Authority (EASA) Conventions + Solutions Expo,2025-07-19,Nashville,TN,Schaeffler AG,schaeffler.com,"Herzogenaurach, Germany",183044,Private Subsidiary,2011,,,,
Electro-Mechanical Authority (EASA) Conventions & Solutions Expo 2025,The Electro-Mechanical Authority (EASA) Conventions + Solutions Expo,2025-07-19,Nashville,TN,Kohler Ventures,kohlercompany.com,"Kohler, WI",48129,Private Subsidiary,1873,,,,
Electro-Mechanical Authority (EASA) Conventions & Solutions Expo 2025,The Electro-Mechanical Authority (EASA) Conventions + Solutions Expo,2025-07-19,Nashville,TN,Sulzer,sulzer.com,"Winterthur, Switzerland",33945,Public,1919,,,,
Electro-Mechanical Authority (EASA) Conventions & Solutions Expo 2025,The Electro-Mechanical Authority (EASA) Conventions + Solutions Expo,2025-07-19,Nashville,TN,The Timken Company,timken.com,,,,,,,,
Electro-Mechanical Authority (EASA) Conventions & Solutions Expo 2025,The Electro-Mechanical Authority (EASA) Conventions + Solutions Expo,2025-07-19,Nashville,TN,Texas A&M University,tamu.edu,,,,,,,,
Electro-Mechanical Authority (EASA) Conventions & Solutions Expo 2025,The Electro-Mechanical Authority (EASA) Conventions + Solutions Expo,2025-07-19,Nashville,TN,Estes Express Lines,estes-express.com,,,,,,,,
Electro-Mechanical Authority (EASA) Conventions & Solutions Expo 2025,The Electro-Mechanical Authority (EASA) Conventions + Solutions Expo,2025-07-19,Nashville,TN,ITT Inc.,itt.com,,,,,,,,
Electro-Mechanical Authority (EASA) Conventions & Solutions Expo 2025,The Electro-Mechanical Authority (EASA) Conventions + Solutions Expo,2025-07-19,Nashville,TN,JTEKT North America Corporation,jtekt-na.com,,,,,,,,
Electro-Mechanical Authority (EASA) Conventions & Solutions Expo 2025,The Electro-Mechanical Authority (EASA) Conventions + Solutions Expo,2025-07-19,Nashville,TN,Rehlko,heilatech.com,,,,,,,,
Electro-Mechanical Authority (EASA) Conventions & Solutions Expo 2025,The Electro-Mechanical Authority (EASA) Conventions + Solutions Expo,2025-07-19,Nashville,TN,Morgan Advanced Materials,morganadvancedmaterials.com,,,,,,,,
Electro-Mechanical Authority (EASA) Conventions & Solutions Expo 2025,The Electro-Mechanical Authority (EASA) Conventions + Solutions Expo,2025-07-19,Nashville,TN,Miba AG,miba.com,,,,,,,,
Electro-Mechanical Authority (EASA) Conventions & Solutions Expo 2025,The Electro-Mechanical Authority (EASA) Conventions + Solutions Expo,2025-07-19,Nashville,TN,Vulcan Materials Company,vulcanmaterials.com,,,,,,,,
Electro-Mechanical Authority (EASA) Conventions & Solutions Expo 2025,The Electro-Mechanical Authority (EASA) Conventions + Solutions Expo,2025-07-19,Nashville,TN,"Shermco Industries, Inc.",shermco.com,,,,,,,,
Electro-Mechanical Authority (EASA) Conventions & Solutions Expo 2025,The Electro-Mechanical Authority (EASA) Conventions + Solutions Expo,2025-07-19,Nashville,TN,NTN Bearing Corporation,ntnamericas.com,,,,,,,,
Electro-Mechanical Authority (EASA) Conventions & Solutions Expo 2025,The Electro-Mechanical Authority (EASA) Conventions + Solutions Expo,2025-07-19,Nashville,TN,Rexnord,rexnord.com,,,,,,,,
Electro-Mechanical Authority (EASA) Conventions & Solutions Expo 2025,The Electro-Mechanical Authority (EASA) Conventions + Solutions Expo,2025-07-19,Nashville,TN,Innomotics,innomotics.com,,,,,,,,
Electro-Mechanical Authority (EASA) Conventions & Solutions Expo 2025,The Electro-Mechanical Authority (EASA) Conventions + Solutions Expo,2025-07-19,Nashville,TN,Megger Group Limited,megger.com,,,,,,,,
Electro-Mechanical Authority (EASA) Conventions & Solutions Expo 2025,The Electro-Mechanical Authority (EASA) Conventions + Solutions Expo,2025-07-19,Nashville,TN,"EIS Legacy, LLC",eis-inc.com,,,,,,,,
Electro-Mechanical Authority (EASA) Conventions & Solutions Expo 2025,The Electro-Mechanical Authority (EASA) Conventions + Solutions Expo,2025-07-19,Nashville,TN,ISOVOLTA Group,isovolta.com,,,,,,,,
Electro-Mechanical Authority (EASA) Conventions & Solutions Expo 2025,The Electro-Mechanical Authority (EASA) Conventions + Solutions Expo,2025-07-19,Nashville,TN,Kirby Risk,kirbyrisk.com,,,,,,,,
Electro-Mechanical Authority (EASA) Conventions & Solutions Expo 2025,The Electro-Mechanical Authority (EASA) Conventions + Solutions Expo,2025-07-19,Nashville,TN,TD Power Systems,tdps.co.in,,,,,,,,
Electro-Mechanical Authority (EASA) Conventions & Solutions Expo 2025,The Electro-Mechanical Authority (EASA) Conventions + Solutions Expo,2025-07-19,Nashville,TN,"Elantas Pdg, Inc.",elantas.com,,,,,,,,
Electro-Mechanical Authority (EASA) Conventions & Solutions Expo 2025,The Electro-Mechanical Authority (EASA) Conventions + Solutions Expo,2025-07-19,Nashville,TN,Krempel,krempel.com,,,,,,,,
Electro-Mechanical Authority (EASA) Conventions & Solutions Expo 2025,The Electro-Mechanical Authority (EASA) Conventions + Solutions Expo,2025-07-19,Nashville,TN,Associated Electric Cooperative Inc.,aeci.org,,,,,,,,
Electro-Mechanical Authority (EASA) Conventions & Solutions Expo 2025,The Electro-Mechanical Authority (EASA) Conventions + Solutions Expo,2025-07-19,Nashville,TN,OTC Industrial Technologies,otcindustrial.com,,,,,,,,
Electro-Mechanical Authority (EASA) Conventions & Solutions Expo 2025,The Electro-Mechanical Authority (EASA) Conventions + Solutions Expo,2025-07-19,Nashville,TN,Marathon Motors & Generators,marathonelectric.com,,,,,,,,
Electro-Mechanical Authority (EASA) Conventions & Solutions Expo 2025,The Electro-Mechanical Authority (EASA) Conventions + Solutions Expo,2025-07-19,Nashville,TN,New York Blower Company,nyb.com,,,,,,,,
Electro-Mechanical Authority (EASA) Conventions & Solutions Expo 2025,The Electro-Mechanical Authority (EASA) Conventions + Solutions Expo,2025-07-19,Nashville,TN,Jintian Copper,jtcopper.com,,,,,,,,
Electro-Mechanical Authority (EASA) Conventions & Solutions Expo 2025,The Electro-Mechanical Authority (EASA) Conventions + Solutions Expo,2025-07-19,Nashville,TN,"HD Hyundai Electric Co., Ltd.",hd-hyundaielectric.com,,,,,,,,
Electro-Mechanical Authority (EASA) Conventions & Solutions Expo 2025,The Electro-Mechanical Authority (EASA) Conventions + Solutions Expo,2025-07-19,Nashville,TN,Wolong Electric America,wolongamerica.com,,,,,,,,
Electro-Mechanical Authority (EASA) Conventions & Solutions Expo 2025,The Electro-Mechanical Authority (EASA) Conventions + Solutions Expo,2025-07-19,Nashville,TN,Echo Electric,echoelectric.com,,,,,,,,
Electro-Mechanical Authority (EASA) Conventions & Solutions Expo 2025,The Electro-Mechanical Authority (EASA) Conventions + Solutions Expo,2025-07-19,Nashville,TN,Doble Engineering Company,doble.com,,,,,,,,
Electro-Mechanical Authority (EASA) Conventions & Solutions Expo 2025,The Electro-Mechanical Authority (EASA) Conventions + Solutions Expo,2025-07-19,Nashville,TN,Kübler Group,kuebler.com,,,,,,,,
Electro-Mechanical Authority (EASA) Conventions & Solutions Expo 2025,The Electro-Mechanical Authority (EASA) Conventions + Solutions Expo,2025-07-19,Nashville,TN,"FLANDERS, Inc.",flandersinc.com,,,,,,,,
Electro-Mechanical Authority (EASA) Conventions & Solutions Expo 2025,The Electro-Mechanical Authority (EASA) Conventions + Solutions Expo,2025-07-19,Nashville,TN,TDK Corporation,tdk.com,,,,,,,,
Electro-Mechanical Authority (EASA) Conventions & Solutions Expo 2025,The Electro-Mechanical Authority (EASA) Conventions + Solutions Expo,2025-07-19,Nashville,TN,Electrical Engineering and Equipment,3e-co.com,,,,,,,,
Electro-Mechanical Authority (EASA) Conventions & Solutions Expo 2025,The Electro-Mechanical Authority (EASA) Conventions + Solutions Expo,2025-07-19,Nashville,TN,National Electric Coil,national-electric-coil.com,,,,,,,,
Electro-Mechanical Authority (EASA) Conventions & Solutions Expo 2025,The Electro-Mechanical Authority (EASA) Conventions + Solutions Expo,2025-07-19,Nashville,TN,Phenix Construction Technologies,mbphenix.com,,,,,,,,
Electro-Mechanical Authority (EASA) Conventions & Solutions Expo 2025,The Electro-Mechanical Authority (EASA) Conventions + Solutions Expo,2025-07-19,Nashville,TN,"Benshaw, Inc.",benshaw.com,,,,,,,,
Electro-Mechanical Authority (EASA) Conventions & Solutions Expo 2025,The Electro-Mechanical Authority (EASA) Conventions + Solutions Expo,2025-07-19,Nashville,TN,DiversiTech Corporation,diversitech.com,,,,,,,,
Electro-Mechanical Authority (EASA) Conventions & Solutions Expo 2025,The Electro-Mechanical Authority (EASA) Conventions + Solutions Expo,2025-07-19,Nashville,TN,Echo Group,echogroupinc.com,,,,,,,,
Electro-Mechanical Authority (EASA) Conventions & Solutions Expo 2025,The Electro-Mechanical Authority (EASA) Conventions + Solutions Expo,2025-07-19,Nashville,TN,Helwig Carbon Products,helwigcarbon.com,,,,,,,,
Electro-Mechanical Authority (EASA) Conventions & Solutions Expo 2025,The Electro-Mechanical Authority (EASA) Conventions + Solutions Expo,2025-07-19,Nashville,TN,Quartzelec Limited,quartzelec.com,,,,,,,,
Electro-Mechanical Authority (EASA) Conventions & Solutions Expo 2025,The Electro-Mechanical Authority (EASA) Conventions + Solutions Expo,2025-07-19,Nashville,TN,The Gund Company,thegundcompany.com,,,,,,,,
Electro-Mechanical Authority (EASA) Conventions & Solutions Expo 2025,The Electro-Mechanical Authority (EASA) Conventions + Solutions Expo,2025-07-19,Nashville,TN,Rea Magnet Wire,reawire.com,,,,,,,,
Electro-Mechanical Authority (EASA) Conventions & Solutions Expo 2025,The Electro-Mechanical Authority (EASA) Conventions + Solutions Expo,2025-07-19,Nashville,TN,"Brandon & Clark, Inc",brandonclark.com,,,,,YES,campaign-P2,S7,YES
Electro-Mechanical Authority (EASA) Conventions & Solutions Expo 2025,The Electro-Mechanical Authority (EASA) Conventions + Solutions Expo,2025-07-19,Nashville,TN,TECO-Westinghouse,tecowestinghouse.com,,,,,,,,
Electro-Mechanical Authority (EASA) Conventions & Solutions Expo 2025,The Electro-Mechanical Authority (EASA) Conventions + Solutions Expo,2025-07-19,Nashville,TN,Champlain Cable Corporation,champcable.com,,,,,,,,
Electro-Mechanical Authority (EASA) Conventions & Solutions Expo 2025,The Electro-Mechanical Authority (EASA) Conventions + Solutions Expo,2025-07-19,Nashville,TN,Hupp Electric Motors,hupp-electric.com,,,,,,,,
Electro-Mechanical Authority (EASA) Conventions & Solutions Expo 2025,The Electro-Mechanical Authority (EASA) Conventions + Solutions Expo,2025-07-19,Nashville,TN,Air Hydro Power,airhydropower.com,,,,,,,,
Electro-Mechanical Authority (EASA) Conventions & Solutions Expo 2025,The Electro-Mechanical Authority (EASA) Conventions + Solutions Expo,2025-07-19,Nashville,TN,WorldWide Electric Corp.,worldwideelectric.com,,,,,,,,
Electro-Mechanical Authority (EASA) Conventions & Solutions Expo 2025,The Electro-Mechanical Authority (EASA) Conventions + Solutions Expo,2025-07-19,Nashville,TN,MTE Corporation,mtecorp.com,,,,,,,,
Electro-Mechanical Authority (EASA) Conventions & Solutions Expo 2025,The Electro-Mechanical Authority (EASA) Conventions + Solutions Expo,2025-07-19,Nashville,TN,Alabama Specialty Product,alspi.com,,,,,,,,
Electro-Mechanical Authority (EASA) Conventions & Solutions Expo 2025,The Electro-Mechanical Authority (EASA) Conventions + Solutions Expo,2025-07-19,Nashville,TN,"Magnetech Industrial Services, Inc.",magnetech.com,,,,,,,,
Electro-Mechanical Authority (EASA) Conventions & Solutions Expo 2025,The Electro-Mechanical Authority (EASA) Conventions + Solutions Expo,2025-07-19,Nashville,TN,Preformed Windings Limited,preformedwindings.com,,,,,,,,
Electro-Mechanical Authority (EASA) Conventions & Solutions Expo 2025,The Electro-Mechanical Authority (EASA) Conventions + Solutions Expo,2025-07-19,Nashville,TN,Skyline Electric Company,skyline.us,,,,,,,,
Electro-Mechanical Authority (EASA) Conventions & Solutions Expo 2025,The Electro-Mechanical Authority (EASA) Conventions + Solutions Expo,2025-07-19,Nashville,TN,Nachi America Inc.,nachiamerica.com,,,,,,,,
Electro-Mechanical Authority (EASA) Conventions & Solutions Expo 2025,The Electro-Mechanical Authority (EASA) Conventions + Solutions Expo,2025-07-19,Nashville,TN,Essex Brownell,essexbrownell.com,,,,,,,,
Electro-Mechanical Authority (EASA) Conventions & Solutions Expo 2025,The Electro-Mechanical Authority (EASA) Conventions + Solutions Expo,2025-07-19,Nashville,TN,Godfrey & Wing Inc.,godfreywing.com,,,,,,,,
Electro-Mechanical Authority (EASA) Conventions & Solutions Expo 2025,The Electro-Mechanical Authority (EASA) Conventions + Solutions Expo,2025-07-19,Nashville,TN,AVT Reliability,avtreliability.com,,,,,,,,
Electro-Mechanical Authority (EASA) Conventions & Solutions Expo 2025,The Electro-Mechanical Authority (EASA) Conventions + Solutions Expo,2025-07-19,Nashville,TN,Brehob Corporation,brehob.com,,,,,,,,
Electro-Mechanical Authority (EASA) Conventions & Solutions Expo 2025,The Electro-Mechanical Authority (EASA) Conventions + Solutions Expo,2025-07-19,Nashville,TN,Energy Management Corporation,goemc.com,,,,,YES,P3-candidate,S7,
Electro-Mechanical Authority (EASA) Conventions & Solutions Expo 2025,The Electro-Mechanical Authority (EASA) Conventions + Solutions Expo,2025-07-19,Nashville,TN,"Motor Technology, Inc.",motortechnologyinc.com,,,,,YES,master-P1,S7,
Electro-Mechanical Authority (EASA) Conventions & Solutions Expo 2025,The Electro-Mechanical Authority (EASA) Conventions + Solutions Expo,2025-07-19,Nashville,TN,Northwest Energy Efficiency Alliance (NEEA),neea.org,,,,,,,,
Electro-Mechanical Authority (EASA) Conventions & Solutions Expo 2025,The Electro-Mechanical Authority (EASA) Conventions + Solutions Expo,2025-07-19,Nashville,TN,"Sun Capital Partners, Inc.",suncappart.com,,,,,,,,
Electro-Mechanical Authority (EASA) Conventions & Solutions Expo 2025,The Electro-Mechanical Authority (EASA) Conventions + Solutions Expo,2025-07-19,Nashville,TN,"AES, Inc.",aesintl.com,,,,,YES,valDQ-review,?,
Electro-Mechanical Authority (EASA) Conventions & Solutions Expo 2025,The Electro-Mechanical Authority (EASA) Conventions + Solutions Expo,2025-07-19,Nashville,TN,HECO,hecoinc.com,,,,,YES,master-DQ,S7,
Electro-Mechanical Authority (EASA) Conventions & Solutions Expo 2025,The Electro-Mechanical Authority (EASA) Conventions + Solutions Expo,2025-07-19,Nashville,TN,Electro Static Technology,est-aegis.com,,,,,,,,
Electro-Mechanical Authority (EASA) Conventions & Solutions Expo 2025,The Electro-Mechanical Authority (EASA) Conventions + Solutions Expo,2025-07-19,Nashville,TN,Motortronics,motortronics.com,,,,,,,,
Electro-Mechanical Authority (EASA) Conventions & Solutions Expo 2025,The Electro-Mechanical Authority (EASA) Conventions + Solutions Expo,2025-07-19,Nashville,TN,"Bartlett Bearing Company, Inc.",bartlettbearing.com,,,,,,,,
Electro-Mechanical Authority (EASA) Conventions & Solutions Expo 2025,The Electro-Mechanical Authority (EASA) Conventions + Solutions Expo,2025-07-19,Nashville,TN,The Electric Materials Company,elecmat.com,,,,,,,,
Electro-Mechanical Authority (EASA) Conventions & Solutions Expo 2025,The Electro-Mechanical Authority (EASA) Conventions + Solutions Expo,2025-07-19,Nashville,TN,"Dykman Electrical, Inc.",dykman.com,,,,,,,,
Electro-Mechanical Authority (EASA) Conventions & Solutions Expo 2025,The Electro-Mechanical Authority (EASA) Conventions + Solutions Expo,2025-07-19,Nashville,TN,A-Rent Test Equipment,a-rent.com,,,,,,,,
Electro-Mechanical Authority (EASA) Conventions & Solutions Expo 2025,The Electro-Mechanical Authority (EASA) Conventions + Solutions Expo,2025-07-19,Nashville,TN,"Flex-A-Seal, Inc.",flexaseal.com,,,,,,,,
Electro-Mechanical Authority (EASA) Conventions & Solutions Expo 2025,The Electro-Mechanical Authority (EASA) Conventions + Solutions Expo,2025-07-19,Nashville,TN,Hansford Sensors Ltd,hansfordsensors.com,,,,,,,,
Electro-Mechanical Authority (EASA) Conventions & Solutions Expo 2025,The Electro-Mechanical Authority (EASA) Conventions + Solutions Expo,2025-07-19,Nashville,TN,"Cole Tech, Inc.",coleelectricms.com,,,,,YES,campaign-P2,S7,YES
Electro-Mechanical Authority (EASA) Conventions & Solutions Expo 2025,The Electro-Mechanical Authority (EASA) Conventions + Solutions Expo,2025-07-19,Nashville,TN,Precision Electric Motor Sales,pemsmotors.com,,,,,,,,
Electro-Mechanical Authority (EASA) Conventions & Solutions Expo 2025,The Electro-Mechanical Authority (EASA) Conventions + Solutions Expo,2025-07-19,Nashville,TN,Acoem USA,acoem.us,,,,,,,,
Electro-Mechanical Authority (EASA) Conventions & Solutions Expo 2025,The Electro-Mechanical Authority (EASA) Conventions + Solutions Expo,2025-07-19,Nashville,TN,Phase Technologies,phasetechnologies.com,,,,,,,,
Electro-Mechanical Authority (EASA) Conventions & Solutions Expo 2025,The Electro-Mechanical Authority (EASA) Conventions + Solutions Expo,2025-07-19,Nashville,TN,Jenkins Electric Company,jenkinselectric.com,,,,,YES,campaign-P2,S7,YES
Electro-Mechanical Authority (EASA) Conventions & Solutions Expo 2025,The Electro-Mechanical Authority (EASA) Conventions + Solutions Expo,2025-07-19,Nashville,TN,Estes Construction,estesconstruction.com,,,,,,,,
Electro-Mechanical Authority (EASA) Conventions & Solutions Expo 2025,The Electro-Mechanical Authority (EASA) Conventions + Solutions Expo,2025-07-19,Nashville,TN,Longo Electrical-Mechanical Inc.,elongo.com,,,,,YES,master-P1,S7,
Electro-Mechanical Authority (EASA) Conventions & Solutions Expo 2025,The Electro-Mechanical Authority (EASA) Conventions + Solutions Expo,2025-07-19,Nashville,TN,Parts Super Center,partssupercenter.com,,,,,,,,
Electro-Mechanical Authority (EASA) Conventions & Solutions Expo 2025,The Electro-Mechanical Authority (EASA) Conventions + Solutions Expo,2025-07-19,Nashville,TN,HeatTek Inc.,heattek.com,,,,,,,,
Electro-Mechanical Authority (EASA) Conventions & Solutions Expo 2025,The Electro-Mechanical Authority (EASA) Conventions + Solutions Expo,2025-07-19,Nashville,TN,Integrated Power Co.,ip-co.net,,,,,,,,
Electro-Mechanical Authority (EASA) Conventions & Solutions Expo 2025,The Electro-Mechanical Authority (EASA) Conventions + Solutions Expo,2025-07-19,Nashville,TN,Ems Industrial Inc,emsindustrial.com,,,,,YES,campaign-P2,S7,YES
Electro-Mechanical Authority (EASA) Conventions & Solutions Expo 2025,The Electro-Mechanical Authority (EASA) Conventions + Solutions Expo,2025-07-19,Nashville,TN,"Electric Motor Services, Inc.",electricmotorservices.net,,,,,YES,campaign-P2,S7,YES
Electro-Mechanical Authority (EASA) Conventions & Solutions Expo 2025,The Electro-Mechanical Authority (EASA) Conventions + Solutions Expo,2025-07-19,Nashville,TN,"Cutsforth, Inc.",cutsforth.com,,,,,,,,
Electro-Mechanical Authority (EASA) Conventions & Solutions Expo 2025,The Electro-Mechanical Authority (EASA) Conventions + Solutions Expo,2025-07-19,Nashville,TN,"Midwest Service Center, LLC.",midwestservicecenter.com,,,,,,,,
Electro-Mechanical Authority (EASA) Conventions & Solutions Expo 2025,The Electro-Mechanical Authority (EASA) Conventions + Solutions Expo,2025-07-19,Nashville,TN,"Benko Products, Inc.",benkoproducts.com,,,,,,,,
Electro-Mechanical Authority (EASA) Conventions & Solutions Expo 2025,The Electro-Mechanical Authority (EASA) Conventions + Solutions Expo,2025-07-19,Nashville,TN,York Repair Inc.,yorkrepair.com,,,,,YES,campaign-P2,S7,YES
Electro-Mechanical Authority (EASA) Conventions & Solutions Expo 2025,The Electro-Mechanical Authority (EASA) Conventions + Solutions Expo,2025-07-19,Nashville,TN,Precision Coil & Rotor,pecoil.com,,,,,,,,
Electro-Mechanical Authority (EASA) Conventions & Solutions Expo 2025,The Electro-Mechanical Authority (EASA) Conventions + Solutions Expo,2025-07-19,Nashville,TN,"Bonitron, Inc.",bonitron.com,,,,,,,,
Electro-Mechanical Authority (EASA) Conventions & Solutions Expo 2025,The Electro-Mechanical Authority (EASA) Conventions + Solutions Expo,2025-07-19,Nashville,TN,"Decatur Industrial Electric, Inc.",decaturindustrial.com,,,,,YES,campaign-P2,S7,YES
Electro-Mechanical Authority (EASA) Conventions & Solutions Expo 2025,The Electro-Mechanical Authority (EASA) Conventions + Solutions Expo,2025-07-19,Nashville,TN,"Bradleys, Inc.",bradleysmotors.com,,,,,YES,campaign-P2,S7,YES
Electro-Mechanical Authority (EASA) Conventions & Solutions Expo 2025,The Electro-Mechanical Authority (EASA) Conventions + Solutions Expo,2025-07-19,Nashville,TN,Independent Electric Machinery Company,iemco.com,,,,,YES,campaign-P2,S7,YES
Electro-Mechanical Authority (EASA) Conventions & Solutions Expo 2025,The Electro-Mechanical Authority (EASA) Conventions + Solutions Expo,2025-07-19,Nashville,TN,"Advanced Rotors, Inc.",advrotors.com,,,,,,,,
Electro-Mechanical Authority (EASA) Conventions & Solutions Expo 2025,The Electro-Mechanical Authority (EASA) Conventions + Solutions Expo,2025-07-19,Nashville,TN,"Ludeca, Inc.",ludeca.com,,,,,YES,valDQ-review,?,
Electro-Mechanical Authority (EASA) Conventions & Solutions Expo 2025,The Electro-Mechanical Authority (EASA) Conventions + Solutions Expo,2025-07-19,Nashville,TN,"Force Control Industries, Inc.",forcecontrol.com,"Fairfield, OH",83,Bootstrapped,1959,,,,
Electro-Mechanical Authority (EASA) Conventions & Solutions Expo 2025,The Electro-Mechanical Authority (EASA) Conventions + Solutions Expo,2025-07-19,Nashville,TN,Mohawk Industries,mohawkind.com,"Calhoun, GA",83,Public,1878,,,,
Electro-Mechanical Authority (EASA) Conventions & Solutions Expo 2025,The Electro-Mechanical Authority (EASA) Conventions + Solutions Expo,2025-07-19,Nashville,TN,Coil Manufacturing Inc,cmicoil.com,"Birmingham, AL",79,Bootstrapped,,,,,
Electro-Mechanical Authority (EASA) Conventions & Solutions Expo 2025,The Electro-Mechanical Authority (EASA) Conventions + Solutions Expo,2025-07-19,Nashville,TN,Smith Services,smithservices.com,"Princeton, WV",75,Private Equity Add-On,1981,,,,
Electro-Mechanical Authority (EASA) Conventions & Solutions Expo 2025,The Electro-Mechanical Authority (EASA) Conventions + Solutions Expo,2025-07-19,Nashville,TN,Easa Software,easasoftware.com,"Tampa, FL",74,Public Subsidiary,2006,,,,
Electro-Mechanical Authority (EASA) Conventions & Solutions Expo 2025,The Electro-Mechanical Authority (EASA) Conventions + Solutions Expo,2025-07-19,Nashville,TN,"H & N Electric, Power Systems by Timken",hnelectric.com,,,,,,,,
Electro-Mechanical Authority (EASA) Conventions & Solutions Expo 2025,The Electro-Mechanical Authority (EASA) Conventions + Solutions Expo,2025-07-19,Nashville,TN,Warwood Armature,warwoodarmature.com,,,,,,,,
Electro-Mechanical Authority (EASA) Conventions & Solutions Expo 2025,The Electro-Mechanical Authority (EASA) Conventions + Solutions Expo,2025-07-19,Nashville,TN,Odyssey Investment Partners,odysseyinvestment.com,,,,,,,,
Electro-Mechanical Authority (EASA) Conventions & Solutions Expo 2025,The Electro-Mechanical Authority (EASA) Conventions + Solutions Expo,2025-07-19,Nashville,TN,Techtop Industries,techtopind.com,,,,,,,,
Electro-Mechanical Authority (EASA) Conventions & Solutions Expo 2025,The Electro-Mechanical Authority (EASA) Conventions + Solutions Expo,2025-07-19,Nashville,TN,United Industries Group Inc,unitedind.com,,,,,,,,
Electro-Mechanical Authority (EASA) Conventions & Solutions Expo 2025,The Electro-Mechanical Authority (EASA) Conventions + Solutions Expo,2025-07-19,Nashville,TN,Walco Electric,walcokip.com,,,,,YES,campaign-P2,S7,YES
Electro-Mechanical Authority (EASA) Conventions & Solutions Expo 2025,The Electro-Mechanical Authority (EASA) Conventions + Solutions Expo,2025-07-19,Nashville,TN,PPI Engineering Ltd,ppi-engineering.com,,,,,,,,
Electro-Mechanical Authority (EASA) Conventions & Solutions Expo 2025,The Electro-Mechanical Authority (EASA) Conventions + Solutions Expo,2025-07-19,Nashville,TN,Akard Commutator Of Tennessee (Act),act-inc.com,,,,,,,,
Electro-Mechanical Authority (EASA) Conventions & Solutions Expo 2025,The Electro-Mechanical Authority (EASA) Conventions + Solutions Expo,2025-07-19,Nashville,TN,Sifco ASC,sifcoasc.com,,,,,,,,
Electro-Mechanical Authority (EASA) Conventions & Solutions Expo 2025,The Electro-Mechanical Authority (EASA) Conventions + Solutions Expo,2025-07-19,Nashville,TN,EuroSMC,smcint.com,,,,,,,,
Electro-Mechanical Authority (EASA) Conventions & Solutions Expo 2025,The Electro-Mechanical Authority (EASA) Conventions + Solutions Expo,2025-07-19,Nashville,TN,Erbessd Instruments,erbessd-instruments.com,,,,,,,,
Electro-Mechanical Authority (EASA) Conventions & Solutions Expo 2025,The Electro-Mechanical Authority (EASA) Conventions + Solutions Expo,2025-07-19,Nashville,TN,Service First Processing,sfprocessing.com,,,,,,,,
Electro-Mechanical Authority (EASA) Conventions & Solutions Expo 2025,The Electro-Mechanical Authority (EASA) Conventions + Solutions Expo,2025-07-19,Nashville,TN,Nippon Rika,nipponrika.jp,,,,,,,,
Electro-Mechanical Authority (EASA) Conventions & Solutions Expo 2025,The Electro-Mechanical Authority (EASA) Conventions + Solutions Expo,2025-07-19,Nashville,TN,B+M Industrial,bmindustrial.com,,,,,,,,
Electro-Mechanical Authority (EASA) Conventions & Solutions Expo 2025,The Electro-Mechanical Authority (EASA) Conventions + Solutions Expo,2025-07-19,Nashville,TN,Advanced Energy,advancedenergy.org,,,,,,,,
Electro-Mechanical Authority (EASA) Conventions & Solutions Expo 2025,The Electro-Mechanical Authority (EASA) Conventions + Solutions Expo,2025-07-19,Nashville,TN,Vulcan Seals,vulcanseals.com,,,,,,,,
Electro-Mechanical Authority (EASA) Conventions & Solutions Expo 2025,The Electro-Mechanical Authority (EASA) Conventions + Solutions Expo,2025-07-19,Nashville,TN,Pollution Control Products Company,pcpconline.com,,,,,,,,
Electro-Mechanical Authority (EASA) Conventions & Solutions Expo 2025,The Electro-Mechanical Authority (EASA) Conventions + Solutions Expo,2025-07-19,Nashville,TN,SmartD Technologies,smartd.tech,,,,,,,,
Electro-Mechanical Authority (EASA) Conventions & Solutions Expo 2025,The Electro-Mechanical Authority (EASA) Conventions + Solutions Expo,2025-07-19,Nashville,TN,SDT International SA/NV,sdtultrasound.com,,,,,,,,
Electro-Mechanical Authority (EASA) Conventions & Solutions Expo 2025,The Electro-Mechanical Authority (EASA) Conventions + Solutions Expo,2025-07-19,Nashville,TN,Midwest Promotional Group,midwestgrp.com,,,,,,,,
Electro-Mechanical Authority (EASA) Conventions & Solutions Expo 2025,The Electro-Mechanical Authority (EASA) Conventions + Solutions Expo,2025-07-19,Nashville,TN,Pittsburgh Electrical Insulation (PEI),peipittsburgh.com,,,,,,,,
Electro-Mechanical Authority (EASA) Conventions & Solutions Expo 2025,The Electro-Mechanical Authority (EASA) Conventions + Solutions Expo,2025-07-19,Nashville,TN,"Electrolock, Inc.",electrolock.com,,,,,,,,
Electro-Mechanical Authority (EASA) Conventions & Solutions Expo 2025,The Electro-Mechanical Authority (EASA) Conventions + Solutions Expo,2025-07-19,Nashville,TN,International Bank Of Azerbaijan,abb-bank.az,,,,,,,,
Electro-Mechanical Authority (EASA) Conventions & Solutions Expo 2025,The Electro-Mechanical Authority (EASA) Conventions + Solutions Expo,2025-07-19,Nashville,TN,PdMA Corporation,pdma.com,,,,,,,,
Electro-Mechanical Authority (EASA) Conventions & Solutions Expo 2025,The Electro-Mechanical Authority (EASA) Conventions + Solutions Expo,2025-07-19,Nashville,TN,Malton Electric Co.,maltonelectric.com,,,,,YES,campaign-P2,S7,YES
Electro-Mechanical Authority (EASA) Conventions & Solutions Expo 2025,The Electro-Mechanical Authority (EASA) Conventions + Solutions Expo,2025-07-19,Nashville,TN,InterNational Electrical Testing Association (NETA),netaworld.org,,,,,,,,
Electro-Mechanical Authority (EASA) Conventions & Solutions Expo 2025,The Electro-Mechanical Authority (EASA) Conventions + Solutions Expo,2025-07-19,Nashville,TN,ICC International,iccinternational.com,,,,,,,,
Electro-Mechanical Authority (EASA) Conventions & Solutions Expo 2025,The Electro-Mechanical Authority (EASA) Conventions + Solutions Expo,2025-07-19,Nashville,TN,"ESR Motor Systems, LLC",esrmotors.com,,,,,,,,
Electro-Mechanical Authority (EASA) Conventions & Solutions Expo 2025,The Electro-Mechanical Authority (EASA) Conventions + Solutions Expo,2025-07-19,Nashville,TN,Incline Marketing,inclinemktg.com,,,,,,,,
Electro-Mechanical Authority (EASA) Conventions & Solutions Expo 2025,The Electro-Mechanical Authority (EASA) Conventions + Solutions Expo,2025-07-19,Nashville,TN,Pye-Barker Engineered Solutions,pyebarker.com,,,,,,,,
Electro-Mechanical Authority (EASA) Conventions & Solutions Expo 2025,The Electro-Mechanical Authority (EASA) Conventions + Solutions Expo,2025-07-19,Nashville,TN,"A&W Electric, Inc.",aandwelectric.com,,,,,YES,campaign-P2,T4,YES
Electro-Mechanical Authority (EASA) Conventions & Solutions Expo 2025,The Electro-Mechanical Authority (EASA) Conventions + Solutions Expo,2025-07-19,Nashville,TN,ABRO Balancing,abrobalancing.com,,,,,,,,
Electro-Mechanical Authority (EASA) Conventions & Solutions Expo 2025,The Electro-Mechanical Authority (EASA) Conventions + Solutions Expo,2025-07-19,Nashville,TN,Davis Electric Co. Inc.,daviselectricwv.com,,,,,,,,
Electro-Mechanical Authority (EASA) Conventions & Solutions Expo 2025,The Electro-Mechanical Authority (EASA) Conventions + Solutions Expo,2025-07-19,Nashville,TN,Northwest Electric,nwelectric.com,,,,,,,,
Electro-Mechanical Authority (EASA) Conventions & Solutions Expo 2025,The Electro-Mechanical Authority (EASA) Conventions + Solutions Expo,2025-07-19,Nashville,TN,CAM Innovation,caminnovation.com,,,,,,,,
Electro-Mechanical Authority (EASA) Conventions & Solutions Expo 2025,The Electro-Mechanical Authority (EASA) Conventions + Solutions Expo,2025-07-19,Nashville,TN,"Bay Motor Winding, Inc",baymotorwinding.com,,,,,,,,
Electro-Mechanical Authority (EASA) Conventions & Solutions Expo 2025,The Electro-Mechanical Authority (EASA) Conventions + Solutions Expo,2025-07-19,Nashville,TN,Cahaba Media Group,cahabamedia.com,,,,,,,,
Electro-Mechanical Authority (EASA) Conventions & Solutions Expo 2025,The Electro-Mechanical Authority (EASA) Conventions + Solutions Expo,2025-07-19,Nashville,TN,Hamar Laser Instruments,hamarlaser.com,,,,,,,,
Electro-Mechanical Authority (EASA) Conventions & Solutions Expo 2025,The Electro-Mechanical Authority (EASA) Conventions + Solutions Expo,2025-07-19,Nashville,TN,Electrom Instruments,electrominst.com,,,,,,,,
Electro-Mechanical Authority (EASA) Conventions & Solutions Expo 2025,The Electro-Mechanical Authority (EASA) Conventions + Solutions Expo,2025-07-19,Nashville,TN,M.G.M. Electric Motors,mgmelectricmotors.com,,,,,,,,
Electro-Mechanical Authority (EASA) Conventions & Solutions Expo 2025,The Electro-Mechanical Authority (EASA) Conventions + Solutions Expo,2025-07-19,Nashville,TN,Steelman Industries Inc,steelman.com,,,,,,,,
Electro-Mechanical Authority (EASA) Conventions & Solutions Expo 2025,The Electro-Mechanical Authority (EASA) Conventions + Solutions Expo,2025-07-19,Nashville,TN,Earnhardt Electric Service,earnhardtelectric.com,,,,,,,,
Electro-Mechanical Authority (EASA) Conventions & Solutions Expo 2025,The Electro-Mechanical Authority (EASA) Conventions + Solutions Expo,2025-07-19,Nashville,TN,Torque Technologies,torq-tech.com,,,,,,,,
Electro-Mechanical Authority (EASA) Conventions & Solutions Expo 2025,The Electro-Mechanical Authority (EASA) Conventions + Solutions Expo,2025-07-19,Nashville,TN,"Dyno One, Inc.",dyno-one.com,,,,,,,,
Electro-Mechanical Authority (EASA) Conventions & Solutions Expo 2025,The Electro-Mechanical Authority (EASA) Conventions + Solutions Expo,2025-07-19,Nashville,TN,"Good Fruit Electric, LLC",goodfruitgrows.com,,,,,,,,
Electro-Mechanical Authority (EASA) Conventions & Solutions Expo 2025,The Electro-Mechanical Authority (EASA) Conventions + Solutions Expo,2025-07-19,Nashville,TN,"Ohio Carbon Industries, Inc.",ohiocarbon.com,,,,,,,,
Electro-Mechanical Authority (EASA) Conventions & Solutions Expo 2025,The Electro-Mechanical Authority (EASA) Conventions + Solutions Expo,2025-07-19,Nashville,TN,Ouachita Electric Service,ouachitaelectric.com,,,,,YES,campaign-P2,S7,YES
Electro-Mechanical Authority (EASA) Conventions & Solutions Expo 2025,The Electro-Mechanical Authority (EASA) Conventions + Solutions Expo,2025-07-19,Nashville,TN,MH&W International Corp.,mhw-intl.com,,,,,,,,
Electro-Mechanical Authority (EASA) Conventions & Solutions Expo 2025,The Electro-Mechanical Authority (EASA) Conventions + Solutions Expo,2025-07-19,Nashville,TN,"Precision Electric, Inc.",precision-elec.com,,,,,,,,
Electro-Mechanical Authority (EASA) Conventions & Solutions Expo 2025,The Electro-Mechanical Authority (EASA) Conventions + Solutions Expo,2025-07-19,Nashville,TN,"STAR Technology, Inc.",star-technology.com,,,,,,,,
Electro-Mechanical Authority (EASA) Conventions & Solutions Expo 2025,The Electro-Mechanical Authority (EASA) Conventions + Solutions Expo,2025-07-19,Nashville,TN,Seal Distributors Inc,sealdistributors.com,,,,,,,,
Electro-Mechanical Authority (EASA) Conventions & Solutions Expo 2025,The Electro-Mechanical Authority (EASA) Conventions + Solutions Expo,2025-07-19,Nashville,TN,Integrated Control Technologies,integratedcontroltech.com,,,,,YES,master-P3,T4,
Electro-Mechanical Authority (EASA) Conventions & Solutions Expo 2025,The Electro-Mechanical Authority (EASA) Conventions + Solutions Expo,2025-07-19,Nashville,TN,Dings Co.,dingsbrakes.com,,,,,,,,
Electro-Mechanical Authority (EASA) Conventions & Solutions Expo 2025,The Electro-Mechanical Authority (EASA) Conventions + Solutions Expo,2025-07-19,Nashville,TN,Spring Point,springpt.com,,,,,,,,
Electro-Mechanical Authority (EASA) Conventions & Solutions Expo 2025,The Electro-Mechanical Authority (EASA) Conventions + Solutions Expo,2025-07-19,Nashville,TN,Reed Electric Company,reedelectric.com,,,,,,,,
Electro-Mechanical Authority (EASA) Conventions & Solutions Expo 2025,The Electro-Mechanical Authority (EASA) Conventions + Solutions Expo,2025-07-19,Nashville,TN,Tatung,tatung.com,,,,,,,,
Electro-Mechanical Authority (EASA) Conventions & Solutions Expo 2025,The Electro-Mechanical Authority (EASA) Conventions + Solutions Expo,2025-07-19,Nashville,TN,Davis Electric,daviselectric.com,,,,,,,,
Electro-Mechanical Authority (EASA) Conventions & Solutions Expo 2025,The Electro-Mechanical Authority (EASA) Conventions + Solutions Expo,2025-07-19,Nashville,TN,Arlon Innovations,arloninnovations.com,,,,,,,,
Electro-Mechanical Authority (EASA) Conventions & Solutions Expo 2025,The Electro-Mechanical Authority (EASA) Conventions + Solutions Expo,2025-07-19,Nashville,TN,"HCP Pumps America, Inc.",hcppumpsofamerica.com,,,,,,,,
Electro-Mechanical Authority (EASA) Conventions & Solutions Expo 2025,The Electro-Mechanical Authority (EASA) Conventions + Solutions Expo,2025-07-19,Nashville,TN,Southern Winding Services,southernwinding.com,,,,,YES,campaign-P2,S7,YES
Electro-Mechanical Authority (EASA) Conventions & Solutions Expo 2025,The Electro-Mechanical Authority (EASA) Conventions + Solutions Expo,2025-07-19,Nashville,TN,Connex Industrial Corporation,connex-electric.com,,,,,,,,
Electro-Mechanical Authority (EASA) Conventions & Solutions Expo 2025,The Electro-Mechanical Authority (EASA) Conventions + Solutions Expo,2025-07-19,Nashville,TN,Infraspection Institute,infraspection.com,,,,,,,,
Electro-Mechanical Authority (EASA) Conventions & Solutions Expo 2025,The Electro-Mechanical Authority (EASA) Conventions + Solutions Expo,2025-07-19,Nashville,TN,Nidec,nidec.com,,,,,,,,
Electro-Mechanical Authority (EASA) Conventions & Solutions Expo 2025,The Electro-Mechanical Authority (EASA) Conventions + Solutions Expo,2025-07-19,Nashville,TN,VFDs.com,vfds.com,,,,,,,,
Electro-Mechanical Authority (EASA) Conventions & Solutions Expo 2025,The Electro-Mechanical Authority (EASA) Conventions + Solutions Expo,2025-07-19,Nashville,TN,"Test Products International, Inc",testproductsintl.com,,,,,,,,
Electro-Mechanical Authority (EASA) Conventions & Solutions Expo 2025,The Electro-Mechanical Authority (EASA) Conventions + Solutions Expo,2025-07-19,Nashville,TN,Superior Services LLC,superiorservicesllc.com,,,,,,,,
Electro-Mechanical Authority (EASA) Conventions & Solutions Expo 2025,The Electro-Mechanical Authority (EASA) Conventions + Solutions Expo,2025-07-19,Nashville,TN,"Krauth Electric Co., Inc.",krauthelectric.com,,,,,YES,campaign-P2,S7,YES
Electro-Mechanical Authority (EASA) Conventions & Solutions Expo 2025,The Electro-Mechanical Authority (EASA) Conventions + Solutions Expo,2025-07-19,Nashville,TN,Apex Sealing Inc.,apexsealing.com,,,,,,,,
Electro-Mechanical Authority (EASA) Conventions & Solutions Expo 2025,The Electro-Mechanical Authority (EASA) Conventions + Solutions Expo,2025-07-19,Nashville,TN,Rogers Equipment Sales Inc.,rogersequip.com,,,,,,,,
Electro-Mechanical Authority (EASA) Conventions & Solutions Expo 2025,The Electro-Mechanical Authority (EASA) Conventions + Solutions Expo,2025-07-19,Nashville,TN,"United Industrial Group, Inc.",uigcorp.com,,,,,YES,campaign-P2,S7,YES
Electro-Mechanical Authority (EASA) Conventions & Solutions Expo 2025,The Electro-Mechanical Authority (EASA) Conventions + Solutions Expo,2025-07-19,Nashville,TN,Resonance Systems,resonance.systems,,,,,,,,
Electro-Mechanical Authority (EASA) Conventions & Solutions Expo 2025,The Electro-Mechanical Authority (EASA) Conventions + Solutions Expo,2025-07-19,Nashville,TN,Electric Coil Service Inc,electriccoil.com,,,,,,,,
Electro-Mechanical Authority (EASA) Conventions & Solutions Expo 2025,The Electro-Mechanical Authority (EASA) Conventions + Solutions Expo,2025-07-19,Nashville,TN,Samatic,samatic.com,,,,,,,,
Electro-Mechanical Authority (EASA) Conventions & Solutions Expo 2025,The Electro-Mechanical Authority (EASA) Conventions + Solutions Expo,2025-07-19,Nashville,TN,Motor Diagnostic Systems Inc,motordiagnosticsystems.com,,,,,,,,
Electro-Mechanical Authority (EASA) Conventions & Solutions Expo 2025,The Electro-Mechanical Authority (EASA) Conventions + Solutions Expo,2025-07-19,Nashville,TN,Airsan Corporation,airsan.com,,,,,,,,
Electro-Mechanical Authority (EASA) Conventions & Solutions Expo 2025,The Electro-Mechanical Authority (EASA) Conventions + Solutions Expo,2025-07-19,Nashville,TN,Quality Armature Inc,qualityarmature.com,,,,,,,,
Electro-Mechanical Authority (EASA) Conventions & Solutions Expo 2025,The Electro-Mechanical Authority (EASA) Conventions + Solutions Expo,2025-07-19,Nashville,TN,Ideal Electric,idealelectricme.com,,,,,,,,
Electro-Mechanical Authority (EASA) Conventions & Solutions Expo 2025,The Electro-Mechanical Authority (EASA) Conventions + Solutions Expo,2025-07-19,Nashville,TN,Jemco-Maxair,jemco-maxair.com,,,,,,,,
Electro-Mechanical Authority (EASA) Conventions & Solutions Expo 2025,The Electro-Mechanical Authority (EASA) Conventions + Solutions Expo,2025-07-19,Nashville,TN,Universal Coil Mfr,universalcoil.com,,,,,,,,
Electro-Mechanical Authority (EASA) Conventions & Solutions Expo 2025,The Electro-Mechanical Authority (EASA) Conventions + Solutions Expo,2025-07-19,Nashville,TN,OMEC Electric,omecelectric.com,,,,,,,,
Electro-Mechanical Authority (EASA) Conventions & Solutions Expo 2025,The Electro-Mechanical Authority (EASA) Conventions + Solutions Expo,2025-07-19,Nashville,TN,Orange1 America,orange1america.com,,,,,,,,
Electro-Mechanical Authority (EASA) Conventions & Solutions Expo 2025,The Electro-Mechanical Authority (EASA) Conventions + Solutions Expo,2025-07-19,Nashville,TN,ECO Burn-Off Ovens,ecoburnoff.com,,,,,,,,
Electro-Mechanical Authority (EASA) Conventions & Solutions Expo 2025,The Electro-Mechanical Authority (EASA) Conventions + Solutions Expo,2025-07-19,Nashville,TN,Calco Electric Corp.,calcoelectric.com,,,,,,,,
Electro-Mechanical Authority (EASA) Conventions & Solutions Expo 2025,The Electro-Mechanical Authority (EASA) Conventions + Solutions Expo,2025-07-19,Nashville,TN,Service Specialties,servspecllc.com,,,,,,,,
Electro-Mechanical Authority (EASA) Conventions & Solutions Expo 2025,The Electro-Mechanical Authority (EASA) Conventions + Solutions Expo,2025-07-19,Nashville,TN,East Coast Electrical Equipment Company,eastcoastmotor.com,,,,,,,,
Electro-Mechanical Authority (EASA) Conventions & Solutions Expo 2025,The Electro-Mechanical Authority (EASA) Conventions + Solutions Expo,2025-07-19,Nashville,TN,Robert S Swanson CO,robertswanson.com,,,,,,,,
Electro-Mechanical Authority (EASA) Conventions & Solutions Expo 2025,The Electro-Mechanical Authority (EASA) Conventions + Solutions Expo,2025-07-19,Nashville,TN,Laser Technologies Inc.,lasertechnologiesinc.com,,,,,,,,
Electro-Mechanical Authority (EASA) Conventions & Solutions Expo 2025,The Electro-Mechanical Authority (EASA) Conventions + Solutions Expo,2025-07-19,Nashville,TN,Wilde Electric Motors,wildeelectricmotors.com,,,,,YES,campaign-Nurture,S7,YES
Electro-Mechanical Authority (EASA) Conventions & Solutions Expo 2025,The Electro-Mechanical Authority (EASA) Conventions + Solutions Expo,2025-07-19,Nashville,TN,Octava Engineering,octavaengineering.com,,,,,,,,
Electro-Mechanical Authority (EASA) Conventions & Solutions Expo 2025,The Electro-Mechanical Authority (EASA) Conventions + Solutions Expo,2025-07-19,Nashville,TN,Marathon Outsource,marathonoutsource.com,,,,,,,,
Electro-Mechanical Authority (EASA) Conventions & Solutions Expo 2025,The Electro-Mechanical Authority (EASA) Conventions + Solutions Expo,2025-07-19,Nashville,TN,"Jenkins & Company, PC",jenkinsco.com,,,,,,,,
Electro-Mechanical Authority (EASA) Conventions & Solutions Expo 2025,The Electro-Mechanical Authority (EASA) Conventions + Solutions Expo,2025-07-19,Nashville,TN,Hancock Electric Motor Svc Inc,hanelecmotor.com,,,,,,,,
Electro-Mechanical Authority (EASA) Conventions & Solutions Expo 2025,The Electro-Mechanical Authority (EASA) Conventions + Solutions Expo,2025-07-19,Nashville,TN,Warden Electric Co,wardenelectric.com,,,,,YES,campaign-Nurture,S7,YES
Electro-Mechanical Authority (EASA) Conventions & Solutions Expo 2025,The Electro-Mechanical Authority (EASA) Conventions + Solutions Expo,2025-07-19,Nashville,TN,"Mitchell Electronics, Inc.",mitchell-electronics.com,,,,,,,,
Electro-Mechanical Authority (EASA) Conventions & Solutions Expo 2025,The Electro-Mechanical Authority (EASA) Conventions + Solutions Expo,2025-07-19,Nashville,TN,Power Quality Components,pqcomponents.com,,,,,,,,
Electro-Mechanical Authority (EASA) Conventions & Solutions Expo 2025,The Electro-Mechanical Authority (EASA) Conventions + Solutions Expo,2025-07-19,Nashville,TN,"Heartland Industrial Solutions, LLC",heartlandsolutions.com,"Cincinnati, OH",7,Bootstrapped,1999,,,,
Electro-Mechanical Authority (EASA) Conventions & Solutions Expo 2025,The Electro-Mechanical Authority (EASA) Conventions + Solutions Expo,2025-07-19,Nashville,TN,Connex Industrial Corp,go-connex.com,"Norcross, GA",7,Bootstrapped,,,,,
Electro-Mechanical Authority (EASA) Conventions & Solutions Expo 2025,The Electro-Mechanical Authority (EASA) Conventions + Solutions Expo,2025-07-19,Nashville,TN,Bmr Usa,bmr-usa.com,"Scottsdale, AZ",6,Bootstrapped,,,,,
Electro-Mechanical Authority (EASA) Conventions & Solutions Expo 2025,The Electro-Mechanical Authority (EASA) Conventions + Solutions Expo,2025-07-19,Nashville,TN,Williams Enterprises,gowellc.com,"Fort Smith, AR",6,Bootstrapped,,,,,
Electro-Mechanical Authority (EASA) Conventions & Solutions Expo 2025,The Electro-Mechanical Authority (EASA) Conventions + Solutions Expo,2025-07-19,Nashville,TN,P&P Distributors Inc,ppdistributors.com,"Delray Beach, FL",6,Bootstrapped,,,,,
Electro-Mechanical Authority (EASA) Conventions & Solutions Expo 2025,The Electro-Mechanical Authority (EASA) Conventions + Solutions Expo,2025-07-19,Nashville,TN,AED.US,aed.us,,,,,,,,
Electro-Mechanical Authority (EASA) Conventions & Solutions Expo 2025,The Electro-Mechanical Authority (EASA) Conventions + Solutions Expo,2025-07-19,Nashville,TN,TT Electric,ttelectricusa.com,,,,,,,,
Electro-Mechanical Authority (EASA) Conventions & Solutions Expo 2025,The Electro-Mechanical Authority (EASA) Conventions + Solutions Expo,2025-07-19,Nashville,TN,IER Services,ierservices.com,,,,,,,,
Electro-Mechanical Authority (EASA) Conventions & Solutions Expo 2025,The Electro-Mechanical Authority (EASA) Conventions + Solutions Expo,2025-07-19,Nashville,TN,WEG S.A.,weg.net,,,,,,,,
Electro-Mechanical Authority (EASA) Conventions & Solutions Expo 2025,The Electro-Mechanical Authority (EASA) Conventions + Solutions Expo,2025-07-19,Nashville,TN,Vaughen's Price Publishing CO,vaughens.com,,,,,,,,
Electro-Mechanical Authority (EASA) Conventions & Solutions Expo 2025,The Electro-Mechanical Authority (EASA) Conventions + Solutions Expo,2025-07-19,Nashville,TN,"Barks Publications, Inc.",barks.com,,,,,,,,
Electro-Mechanical Authority (EASA) Conventions & Solutions Expo 2025,The Electro-Mechanical Authority (EASA) Conventions + Solutions Expo,2025-07-19,Nashville,TN,Vibration Institute,vi-institute.org,,,,,,,,
Electro-Mechanical Authority (EASA) Conventions & Solutions Expo 2025,The Electro-Mechanical Authority (EASA) Conventions + Solutions Expo,2025-07-19,Nashville,TN,Pumps & Systems,pumps-systems.com,,,,,,,,
Electro-Mechanical Authority (EASA) Conventions & Solutions Expo 2025,The Electro-Mechanical Authority (EASA) Conventions + Solutions Expo,2025-07-19,Nashville,TN,Electric Motor Rebuilders,electricmotorrebuilders.com,,,,,,,,
Electro-Mechanical Authority (EASA) Conventions & Solutions Expo 2025,The Electro-Mechanical Authority (EASA) Conventions + Solutions Expo,2025-07-19,Nashville,TN,Ganz Transformers and Electric Rotating Machines Ltd.,ganzelectric.com,,,,,,,,
Electro-Mechanical Authority (EASA) Conventions & Solutions Expo 2025,The Electro-Mechanical Authority (EASA) Conventions + Solutions Expo,2025-07-19,Nashville,TN,Coiltec,coiltec.com,,,,,,,,
Electro-Mechanical Authority (EASA) Conventions & Solutions Expo 2025,The Electro-Mechanical Authority (EASA) Conventions + Solutions Expo,2025-07-19,Nashville,TN,Darnell Bearing,darnellbearing.com,,,,,,,,
Electro-Mechanical Authority (EASA) Conventions & Solutions Expo 2025,The Electro-Mechanical Authority (EASA) Conventions + Solutions Expo,2025-07-19,Nashville,TN,Martindale Electric Company,martindaleco.com,,,,,,,,
Electro-Mechanical Authority (EASA) Conventions & Solutions Expo 2025,The Electro-Mechanical Authority (EASA) Conventions + Solutions Expo,2025-07-19,Nashville,TN,Jasper Electric Motors,jasperelectric.com,,,,,,,,
Electro-Mechanical Authority (EASA) Conventions & Solutions Expo 2025,The Electro-Mechanical Authority (EASA) Conventions + Solutions Expo,2025-07-19,Nashville,TN,US Seal Inc,ussealmfg.com,,,,,,,,
Electro-Mechanical Authority (EASA) Conventions & Solutions Expo 2025,The Electro-Mechanical Authority (EASA) Conventions + Solutions Expo,2025-07-19,Nashville,TN,ELK Motor,elkmotor.com.tr,,,,,,,,
Electro-Mechanical Authority (EASA) Conventions & Solutions Expo 2025,The Electro-Mechanical Authority (EASA) Conventions + Solutions Expo,2025-07-19,Nashville,TN,HELMKE Group,helmke.de,,,,,,,,
Electro-Mechanical Authority (EASA) Conventions & Solutions Expo 2025,The Electro-Mechanical Authority (EASA) Conventions + Solutions Expo,2025-07-19,Nashville,TN,Bakker Repair+Services,bakker-repair.nl,,,,,,,,
Electro-Mechanical Authority (EASA) Conventions & Solutions Expo 2025,The Electro-Mechanical Authority (EASA) Conventions + Solutions Expo,2025-07-19,Nashville,TN,PARTZSCH Unternehmensgruppe,partzsch.de,,,,,,,,
Electro-Mechanical Authority (EASA) Conventions & Solutions Expo 2025,The Electro-Mechanical Authority (EASA) Conventions + Solutions Expo,2025-07-19,Nashville,TN,Avonmore Electrical Co. Ltd,avonmore-electrical.com,,,,,,,,
Electro-Mechanical Authority (EASA) Conventions & Solutions Expo 2025,The Electro-Mechanical Authority (EASA) Conventions + Solutions Expo,2025-07-19,Nashville,TN,Coil Partners,coilpartners.com,,,,,,,,
Electro-Mechanical Authority (EASA) Conventions & Solutions Expo 2025,The Electro-Mechanical Authority (EASA) Conventions + Solutions Expo,2025-07-19,Nashville,TN,Cincinnati Babbitt Bearing,cinbab.com,,,,,,,,
Electro-Mechanical Authority (EASA) Conventions & Solutions Expo 2025,The Electro-Mechanical Authority (EASA) Conventions + Solutions Expo,2025-07-19,Nashville,TN,VibePro Powered by B&D Industrial,vibepro.com,,,,,,,,
Electro-Mechanical Authority (EASA) Conventions & Solutions Expo 2025,The Electro-Mechanical Authority (EASA) Conventions + Solutions Expo,2025-07-19,Nashville,TN,MDS Incorporated,mdsvet.com,,,,,,,,
Electro-Mechanical Authority (EASA) Conventions & Solutions Expo 2025,The Electro-Mechanical Authority (EASA) Conventions + Solutions Expo,2025-07-19,Nashville,TN,Rpm,rpm.org,,,,,,,,
Electro-Mechanical Authority (EASA) Conventions & Solutions Expo 2025,The Electro-Mechanical Authority (EASA) Conventions + Solutions Expo,2025-07-19,Nashville,TN,Heartland Motors Inc.,heartland-motors.com,,,,,,,,
Electro-Mechanical Authority (EASA) Conventions & Solutions Expo 2025,The Electro-Mechanical Authority (EASA) Conventions + Solutions Expo,2025-07-19,Nashville,TN,"Eagle Electric Machinery, Inc.",eagleelectricinc.net,,,,,,,,
Electro-Mechanical Authority (EASA) Conventions & Solutions Expo 2025,The Electro-Mechanical Authority (EASA) Conventions + Solutions Expo,2025-07-19,Nashville,TN,Toledo Commutator Co,toledocommutator.com,,,,,,,,
Electro-Mechanical Authority (EASA) Conventions & Solutions Expo 2025,The Electro-Mechanical Authority (EASA) Conventions + Solutions Expo,2025-07-19,Nashville,TN,Bailey Surplus,bailey-surplus.com,,,,,,,,
Electro-Mechanical Authority (EASA) Conventions & Solutions Expo 2025,The Electro-Mechanical Authority (EASA) Conventions + Solutions Expo,2025-07-19,Nashville,TN,Yi Shen Global,yishenglobal.com,,,,,,,,
Electro-Mechanical Authority (EASA) Conventions & Solutions Expo 2025,The Electro-Mechanical Authority (EASA) Conventions + Solutions Expo,2025-07-19,Nashville,TN,Cal Co Companies,calcocompanies.com,,,,,,,,
Electro-Mechanical Authority (EASA) Conventions & Solutions Expo 2025,The Electro-Mechanical Authority (EASA) Conventions + Solutions Expo,2025-07-19,Nashville,TN,AtlasElektro,atlaselektro.com,,,,,,,,
Electro-Mechanical Authority (EASA) Conventions & Solutions Expo 2025,The Electro-Mechanical Authority (EASA) Conventions + Solutions Expo,2025-07-19,Nashville,TN,Jasper Electric Motors,jasperelectricmotorsinc.com,,,,,,,,
Electro-Mechanical Authority (EASA) Conventions & Solutions Expo 2025,The Electro-Mechanical Authority (EASA) Conventions + Solutions Expo,2025-07-19,Nashville,TN,Drekan-Group,drekan.com,,,,,,,,
Electro-Mechanical Authority (EASA) Conventions & Solutions Expo 2025,The Electro-Mechanical Authority (EASA) Conventions + Solutions Expo,2025-07-19,Nashville,TN,Menzel Elektromotoren,menzel-motors.com,,,,,,,,
Electro-Mechanical Authority (EASA) Conventions & Solutions Expo 2025,The Electro-Mechanical Authority (EASA) Conventions + Solutions Expo,2025-07-19,Nashville,TN,Royal Diamond,royal-insulation.com,,,,,,,,
Electro-Mechanical Authority (EASA) Conventions & Solutions Expo 2025,The Electro-Mechanical Authority (EASA) Conventions + Solutions Expo,2025-07-19,Nashville,TN,"SDM Magnetics Co., Ltd.",magnet-sdm.com,,,,,,,,
Electro-Mechanical Authority (EASA) Conventions & Solutions Expo 2025,The Electro-Mechanical Authority (EASA) Conventions + Solutions Expo,2025-07-19,Nashville,TN,Lm 1947,lm1947.com,,,,,,,,
Electro-Mechanical Authority (EASA) Conventions & Solutions Expo 2025,The Electro-Mechanical Authority (EASA) Conventions + Solutions Expo,2025-07-19,Nashville,TN,"Tianjin Santroll Electric Technology Co., Ltd.",santroll.com,,,,,,,,
Electro-Mechanical Authority (EASA) Conventions & Solutions Expo 2025,The Electro-Mechanical Authority (EASA) Conventions + Solutions Expo,2025-07-19,Nashville,TN,Guspro Inc.,guspro.com,,,,,,,,
Electro-Mechanical Authority (EASA) Conventions & Solutions Expo 2025,The Electro-Mechanical Authority (EASA) Conventions + Solutions Expo,2025-07-19,Nashville,TN,Electrowind,electro-wind.com,,,,,,,,
Electro-Mechanical Authority (EASA) Conventions & Solutions Expo 2025,The Electro-Mechanical Authority (EASA) Conventions + Solutions Expo,2025-07-19,Nashville,TN,Electric Motor Coil Co.,emccltd.ca,,,,,,,,
Electro-Mechanical Authority (EASA) Conventions & Solutions Expo 2025,The Electro-Mechanical Authority (EASA) Conventions + Solutions Expo,2025-07-19,Nashville,TN,Lafert North America,lafertna.com,,,,,,,,
Electro-Mechanical Authority (EASA) Conventions & Solutions Expo 2025,The Electro-Mechanical Authority (EASA) Conventions + Solutions Expo,2025-07-19,Nashville,TN,Saftty,saftty.com,,,,,,,,
Electro-Mechanical Authority (EASA) Conventions & Solutions Expo 2025,The Electro-Mechanical Authority (EASA) Conventions + Solutions Expo,2025-07-19,Nashville,TN,Rotary Engineering UK Limited,rotary.co.uk,,,,,,,,
Electro-Mechanical Authority (EASA) Conventions & Solutions Expo 2025,The Electro-Mechanical Authority (EASA) Conventions + Solutions Expo,2025-07-19,Nashville,TN,Teco-Westinghouse Motor Company,tecowestinghouse.com.mx,,,,,,,,
Electro-Mechanical Authority (EASA) Conventions & Solutions Expo 2025,The Electro-Mechanical Authority (EASA) Conventions + Solutions Expo,2025-07-19,Nashville,TN,CPM Engineering,cpm-uk.com,,,,,,,,
Electro-Mechanical Authority (EASA) Conventions & Solutions Expo 2025,The Electro-Mechanical Authority (EASA) Conventions + Solutions Expo,2025-07-19,Nashville,TN,A.B.B.,abbsrl.it,,,,,,,,
Electro-Mechanical Authority (EASA) Conventions & Solutions Expo 2025,The Electro-Mechanical Authority (EASA) Conventions + Solutions Expo,2025-07-19,Nashville,TN,Eura Drives Flagship Products,euradrives.com,,,,,,,,
Electro-Mechanical Authority (EASA) Conventions & Solutions Expo 2025,The Electro-Mechanical Authority (EASA) Conventions + Solutions Expo,2025-07-19,Nashville,TN,Milbank Industrial Electric,milbank.co.nz,,,,,,,,
Electro-Mechanical Authority (EASA) Conventions & Solutions Expo 2025,The Electro-Mechanical Authority (EASA) Conventions + Solutions Expo,2025-07-19,Nashville,TN,Lehmus,lehmus.pt,,,,,,,,
Electro-Mechanical Authority (EASA) Conventions & Solutions Expo 2025,The Electro-Mechanical Authority (EASA) Conventions + Solutions Expo,2025-07-19,Nashville,TN,Wes.Uk.Com,wes.uk.com,,,,,,,,
Electro-Mechanical Authority (EASA) Conventions & Solutions Expo 2025,The Electro-Mechanical Authority (EASA) Conventions + Solutions Expo,2025-07-19,Nashville,TN,Aaki Corp,aaki.ca,,,,,,,,
Electro-Mechanical Authority (EASA) Conventions & Solutions Expo 2025,The Electro-Mechanical Authority (EASA) Conventions + Solutions Expo,2025-07-19,Nashville,TN,NESTECH srl,nestech.it,,,,,,,,
Electro-Mechanical Authority (EASA) Conventions & Solutions Expo 2025,The Electro-Mechanical Authority (EASA) Conventions + Solutions Expo,2025-07-19,Nashville,TN,Eis,eis.com.eg,,,,,,,,
Electro-Mechanical Authority (EASA) Conventions & Solutions Expo 2025,The Electro-Mechanical Authority (EASA) Conventions + Solutions Expo,2025-07-19,Nashville,TN,Fahrschulehelmke,fahrschulehelmke.de,,,,,,,,
Electro-Mechanical Authority (EASA) Conventions & Solutions Expo 2025,The Electro-Mechanical Authority (EASA) Conventions + Solutions Expo,2025-07-19,Nashville,TN,Carbon Brush Supply,carbonbrushsupply.com,,,,,,,,
Electro-Mechanical Authority (EASA) Conventions & Solutions Expo 2025,The Electro-Mechanical Authority (EASA) Conventions + Solutions Expo,2025-07-19,Nashville,TN,"EMZ Industries, Inc",emzmotor.com,,,,,,,,
Electro-Mechanical Authority (EASA) Conventions & Solutions Expo 2025,The Electro-Mechanical Authority (EASA) Conventions + Solutions Expo,2025-07-19,Nashville,TN,"Anhui Wannan Electric Machine Co., Ltd.",wannanmotor.net,,,,,,,,
Electro-Mechanical Authority (EASA) Conventions & Solutions Expo 2025,The Electro-Mechanical Authority (EASA) Conventions + Solutions Expo,2025-07-19,Nashville,TN,Keliang.Com,keliang.com,,,,,,,,
Electro-Mechanical Authority (EASA) Conventions & Solutions Expo 2025,The Electro-Mechanical Authority (EASA) Conventions + Solutions Expo,2025-07-19,Nashville,TN,Heat-Tek Ltd,heattek.co.uk,,,,,,,,
Electro-Mechanical Authority (EASA) Conventions & Solutions Expo 2025,The Electro-Mechanical Authority (EASA) Conventions + Solutions Expo,2025-07-19,Nashville,TN,Reuland Koeln,reuland-koeln.de,,,,,,,,
Electro-Mechanical Authority (EASA) Conventions & Solutions Expo 2025,The Electro-Mechanical Authority (EASA) Conventions + Solutions Expo,2025-07-19,Nashville,TN,Electrical & Mechanical Maintenance Inc,electrical-mechanical.com,,,,,,,,
Electro-Mechanical Authority (EASA) Conventions & Solutions Expo 2025,The Electro-Mechanical Authority (EASA) Conventions + Solutions Expo,2025-07-19,Nashville,TN,EarthringsUSA,earthringsusa.com,,,,,,,,
Electro-Mechanical Authority (EASA) Conventions & Solutions Expo 2025,The Electro-Mechanical Authority (EASA) Conventions + Solutions Expo,2025-07-19,Nashville,TN,Em Inca,eminca.com,,,,,,,,
Electro-Mechanical Authority (EASA) Conventions & Solutions Expo 2025,The Electro-Mechanical Authority (EASA) Conventions + Solutions Expo,2025-07-19,Nashville,TN,Motoresconcepcion,motoresconcepcion.cl,,,,,,,,
Electro-Mechanical Authority (EASA) Conventions & Solutions Expo 2025,The Electro-Mechanical Authority (EASA) Conventions + Solutions Expo,2025-07-19,Nashville,TN,Emrconsulting.No,emrconsulting.no,,,,,,,,
Electro-Mechanical Authority (EASA) Conventions & Solutions Expo 2025,The Electro-Mechanical Authority (EASA) Conventions + Solutions Expo,2025-07-19,Nashville,TN,Advanced-Energy.Ru,advanced-energy.ru,,,,,,,,
Electro-Mechanical Authority (EASA) Conventions & Solutions Expo 2025,The Electro-Mechanical Authority (EASA) Conventions + Solutions Expo,2025-07-19,Nashville,TN,"Glong Electric Co., Ltd.",glong-motor.com,,,,,,,,
Electro-Mechanical Authority (EASA) Conventions & Solutions Expo 2024,Electro-Mechanical Authority (EASA) Conventions & Solutions Expo,2024-06-23,Las Vegas,NV,ABB Asea Brown Boveri Ltd.,abb.com,"Zürich, Switzerland",439252,Public,1988,,,,
Electro-Mechanical Authority (EASA) Conventions & Solutions Expo 2024,Electro-Mechanical Authority (EASA) Conventions & Solutions Expo,2024-06-23,Las Vegas,NV,Sulzer,sulzer.com,"Winterthur, Switzerland",33945,Public,1919,,,,
Electro-Mechanical Authority (EASA) Conventions & Solutions Expo 2024,Electro-Mechanical Authority (EASA) Conventions & Solutions Expo,2024-06-23,Las Vegas,NV,Estes Express Lines,estes-express.com,"Richmond, VA",29644,Bootstrapped,1931,,,,
Electro-Mechanical Authority (EASA) Conventions & Solutions Expo 2024,Electro-Mechanical Authority (EASA) Conventions & Solutions Expo,2024-06-23,Las Vegas,NV,General Electric Company,ge.com,"Boston, MA",22570,Public Subsidiary,1892,,,,
Electro-Mechanical Authority (EASA) Conventions & Solutions Expo 2024,Electro-Mechanical Authority (EASA) Conventions & Solutions Expo,2024-06-23,Las Vegas,NV,Komatsu,komatsu.com,"Tokyo, Japan",16528,Public Subsidiary,1921,,,,
Electro-Mechanical Authority (EASA) Conventions & Solutions Expo 2024,Electro-Mechanical Authority (EASA) Conventions & Solutions Expo,2024-06-23,Las Vegas,NV,JTEKT North America Corporation,jtekt-na.com,,,,,,,,
Electro-Mechanical Authority (EASA) Conventions & Solutions Expo 2024,Electro-Mechanical Authority (EASA) Conventions & Solutions Expo,2024-06-23,Las Vegas,NV,NTN Bearing Corporation,ntnamericas.com,,,,,,,,
Electro-Mechanical Authority (EASA) Conventions & Solutions Expo 2024,Electro-Mechanical Authority (EASA) Conventions & Solutions Expo,2024-06-23,Las Vegas,NV,Innomotics,innomotics.com,,,,,,,,
Electro-Mechanical Authority (EASA) Conventions & Solutions Expo 2024,Electro-Mechanical Authority (EASA) Conventions & Solutions Expo,2024-06-23,Las Vegas,NV,Megger Group Limited,megger.com,,,,,,,,
Electro-Mechanical Authority (EASA) Conventions & Solutions Expo 2024,Electro-Mechanical Authority (EASA) Conventions & Solutions Expo,2024-06-23,Las Vegas,NV,"EIS Legacy, LLC",eis-inc.com,,,,,,,,
Electro-Mechanical Authority (EASA) Conventions & Solutions Expo 2024,Electro-Mechanical Authority (EASA) Conventions & Solutions Expo,2024-06-23,Las Vegas,NV,ISOVOLTA Group,isovolta.com,,,,,,,,
Electro-Mechanical Authority (EASA) Conventions & Solutions Expo 2024,Electro-Mechanical Authority (EASA) Conventions & Solutions Expo,2024-06-23,Las Vegas,NV,"RPM International, Inc.",rpminc.com,,,,,,,,
Electro-Mechanical Authority (EASA) Conventions & Solutions Expo 2024,Electro-Mechanical Authority (EASA) Conventions & Solutions Expo,2024-06-23,Las Vegas,NV,"Elantas Pdg, Inc.",elantas.com,,,,,,,,
Electro-Mechanical Authority (EASA) Conventions & Solutions Expo 2024,Electro-Mechanical Authority (EASA) Conventions & Solutions Expo,2024-06-23,Las Vegas,NV,New York Blower Company,nyb.com,,,,,,,,
Electro-Mechanical Authority (EASA) Conventions & Solutions Expo 2024,Electro-Mechanical Authority (EASA) Conventions & Solutions Expo,2024-06-23,Las Vegas,NV,"HD Hyundai Electric Co., Ltd.",hd-hyundaielectric.com,,,,,,,,
Electro-Mechanical Authority (EASA) Conventions & Solutions Expo 2024,Electro-Mechanical Authority (EASA) Conventions & Solutions Expo,2024-06-23,Las Vegas,NV,Toshiba Corporation.,toshiba.com,,,,,,,,
Electro-Mechanical Authority (EASA) Conventions & Solutions Expo 2024,Electro-Mechanical Authority (EASA) Conventions & Solutions Expo,2024-06-23,Las Vegas,NV,Wolong Electric America,wolongamerica.com,,,,,,,,
Electro-Mechanical Authority (EASA) Conventions & Solutions Expo 2024,Electro-Mechanical Authority (EASA) Conventions & Solutions Expo,2024-06-23,Las Vegas,NV,Doble Engineering Company,doble.com,,,,,,,,
Electro-Mechanical Authority (EASA) Conventions & Solutions Expo 2024,Electro-Mechanical Authority (EASA) Conventions & Solutions Expo,2024-06-23,Las Vegas,NV,Kübler Group,kuebler.com,,,,,,,,
Electro-Mechanical Authority (EASA) Conventions & Solutions Expo 2024,Electro-Mechanical Authority (EASA) Conventions & Solutions Expo,2024-06-23,Las Vegas,NV,Ue Systems,uesystems.com,,,,,,,,
Electro-Mechanical Authority (EASA) Conventions & Solutions Expo 2024,Electro-Mechanical Authority (EASA) Conventions & Solutions Expo,2024-06-23,Las Vegas,NV,National Electric Coil,national-electric-coil.com,,,,,,,,
Electro-Mechanical Authority (EASA) Conventions & Solutions Expo 2024,Electro-Mechanical Authority (EASA) Conventions & Solutions Expo,2024-06-23,Las Vegas,NV,"Benshaw, Inc.",benshaw.com,,,,,,,,
Electro-Mechanical Authority (EASA) Conventions & Solutions Expo 2024,Electro-Mechanical Authority (EASA) Conventions & Solutions Expo,2024-06-23,Las Vegas,NV,DiversiTech Corporation,diversitech.com,,,,,,,,
Electro-Mechanical Authority (EASA) Conventions & Solutions Expo 2024,Electro-Mechanical Authority (EASA) Conventions & Solutions Expo,2024-06-23,Las Vegas,NV,Helwig Carbon Products,helwigcarbon.com,,,,,,,,
Electro-Mechanical Authority (EASA) Conventions & Solutions Expo 2024,Electro-Mechanical Authority (EASA) Conventions & Solutions Expo,2024-06-23,Las Vegas,NV,The Gund Company,thegundcompany.com,,,,,,,,
Electro-Mechanical Authority (EASA) Conventions & Solutions Expo 2024,Electro-Mechanical Authority (EASA) Conventions & Solutions Expo,2024-06-23,Las Vegas,NV,Rea Magnet Wire,reawire.com,,,,,,,,
Electro-Mechanical Authority (EASA) Conventions & Solutions Expo 2024,Electro-Mechanical Authority (EASA) Conventions & Solutions Expo,2024-06-23,Las Vegas,NV,TECO-Westinghouse,tecowestinghouse.com,,,,,,,,
Electro-Mechanical Authority (EASA) Conventions & Solutions Expo 2024,Electro-Mechanical Authority (EASA) Conventions & Solutions Expo,2024-06-23,Las Vegas,NV,WorldWide Electric Corp.,worldwideelectric.com,,,,,,,,
Electro-Mechanical Authority (EASA) Conventions & Solutions Expo 2024,Electro-Mechanical Authority (EASA) Conventions & Solutions Expo,2024-06-23,Las Vegas,NV,MTE Corporation,mtecorp.com,,,,,,,,
Electro-Mechanical Authority (EASA) Conventions & Solutions Expo 2024,Electro-Mechanical Authority (EASA) Conventions & Solutions Expo,2024-06-23,Las Vegas,NV,Alabama Specialty Product,alspi.com,,,,,,,,
Electro-Mechanical Authority (EASA) Conventions & Solutions Expo 2024,Electro-Mechanical Authority (EASA) Conventions & Solutions Expo,2024-06-23,Las Vegas,NV,Preformed Windings Limited,preformedwindings.com,,,,,,,,
Electro-Mechanical Authority (EASA) Conventions & Solutions Expo 2024,Electro-Mechanical Authority (EASA) Conventions & Solutions Expo,2024-06-23,Las Vegas,NV,Nachi America Inc.,nachiamerica.com,,,,,,,,
Electro-Mechanical Authority (EASA) Conventions & Solutions Expo 2024,Electro-Mechanical Authority (EASA) Conventions & Solutions Expo,2024-06-23,Las Vegas,NV,Essex Brownell,essexbrownell.com,,,,,,,,
Electro-Mechanical Authority (EASA) Conventions & Solutions Expo 2024,Electro-Mechanical Authority (EASA) Conventions & Solutions Expo,2024-06-23,Las Vegas,NV,Godfrey & Wing Inc.,godfreywing.com,,,,,,,,
Electro-Mechanical Authority (EASA) Conventions & Solutions Expo 2024,Electro-Mechanical Authority (EASA) Conventions & Solutions Expo,2024-06-23,Las Vegas,NV,"Sun Capital Partners, Inc.",suncappart.com,,,,,,,,
Electro-Mechanical Authority (EASA) Conventions & Solutions Expo 2024,Electro-Mechanical Authority (EASA) Conventions & Solutions Expo,2024-06-23,Las Vegas,NV,HECO,hecoinc.com,,,,,YES,master-DQ,S7,
Electro-Mechanical Authority (EASA) Conventions & Solutions Expo 2024,Electro-Mechanical Authority (EASA) Conventions & Solutions Expo,2024-06-23,Las Vegas,NV,Electro Static Technology,est-aegis.com,,,,,,,,
Electro-Mechanical Authority (EASA) Conventions & Solutions Expo 2024,Electro-Mechanical Authority (EASA) Conventions & Solutions Expo,2024-06-23,Las Vegas,NV,"Bartlett Bearing Company, Inc.",bartlettbearing.com,,,,,,,,
Electro-Mechanical Authority (EASA) Conventions & Solutions Expo 2024,Electro-Mechanical Authority (EASA) Conventions & Solutions Expo,2024-06-23,Las Vegas,NV,The Electric Materials Company,elecmat.com,,,,,,,,
Electro-Mechanical Authority (EASA) Conventions & Solutions Expo 2024,Electro-Mechanical Authority (EASA) Conventions & Solutions Expo,2024-06-23,Las Vegas,NV,"Dykman Electrical, Inc.",dykman.com,,,,,,,,
Electro-Mechanical Authority (EASA) Conventions & Solutions Expo 2024,Electro-Mechanical Authority (EASA) Conventions & Solutions Expo,2024-06-23,Las Vegas,NV,"Flex-A-Seal, Inc.",flexaseal.com,,,,,,,,
Electro-Mechanical Authority (EASA) Conventions & Solutions Expo 2024,Electro-Mechanical Authority (EASA) Conventions & Solutions Expo,2024-06-23,Las Vegas,NV,Hansford Sensors Ltd,hansfordsensors.com,,,,,,,,
Electro-Mechanical Authority (EASA) Conventions & Solutions Expo 2024,Electro-Mechanical Authority (EASA) Conventions & Solutions Expo,2024-06-23,Las Vegas,NV,Precision Electric Motor Sales,pemsmotors.com,,,,,,,,
Electro-Mechanical Authority (EASA) Conventions & Solutions Expo 2024,Electro-Mechanical Authority (EASA) Conventions & Solutions Expo,2024-06-23,Las Vegas,NV,Acoem USA,acoem.us,,,,,,,,
Electro-Mechanical Authority (EASA) Conventions & Solutions Expo 2024,Electro-Mechanical Authority (EASA) Conventions & Solutions Expo,2024-06-23,Las Vegas,NV,Jenkins Electric Company,jenkinselectric.com,,,,,YES,campaign-P2,S7,YES
Electro-Mechanical Authority (EASA) Conventions & Solutions Expo 2024,Electro-Mechanical Authority (EASA) Conventions & Solutions Expo,2024-06-23,Las Vegas,NV,Parts Super Center,partssupercenter.com,,,,,,,,
Electro-Mechanical Authority (EASA) Conventions & Solutions Expo 2024,Electro-Mechanical Authority (EASA) Conventions & Solutions Expo,2024-06-23,Las Vegas,NV,Treon,treon.fi,,,,,,,,
Electro-Mechanical Authority (EASA) Conventions & Solutions Expo 2024,Electro-Mechanical Authority (EASA) Conventions & Solutions Expo,2024-06-23,Las Vegas,NV,Ideal Electric Company,theidealelectric.com,,,,,,,,
Electro-Mechanical Authority (EASA) Conventions & Solutions Expo 2024,Electro-Mechanical Authority (EASA) Conventions & Solutions Expo,2024-06-23,Las Vegas,NV,"Cutsforth, Inc.",cutsforth.com,,,,,,,,
Electro-Mechanical Authority (EASA) Conventions & Solutions Expo 2024,Electro-Mechanical Authority (EASA) Conventions & Solutions Expo,2024-06-23,Las Vegas,NV,"Benko Products, Inc.",benkoproducts.com,,,,,,,,
Electro-Mechanical Authority (EASA) Conventions & Solutions Expo 2024,Electro-Mechanical Authority (EASA) Conventions & Solutions Expo,2024-06-23,Las Vegas,NV,Precision Coil & Rotor,pecoil.com,,,,,,,,
Electro-Mechanical Authority (EASA) Conventions & Solutions Expo 2024,Electro-Mechanical Authority (EASA) Conventions & Solutions Expo,2024-06-23,Las Vegas,NV,Interact Analysis,interactanalysis.com,,,,,,,,
Electro-Mechanical Authority (EASA) Conventions & Solutions Expo 2024,Electro-Mechanical Authority (EASA) Conventions & Solutions Expo,2024-06-23,Las Vegas,NV,"Advanced Rotors, Inc.",advrotors.com,,,,,,,,
Electro-Mechanical Authority (EASA) Conventions & Solutions Expo 2024,Electro-Mechanical Authority (EASA) Conventions & Solutions Expo,2024-06-23,Las Vegas,NV,"Ludeca, Inc.",ludeca.com,,,,,YES,valDQ-review,?,
Electro-Mechanical Authority (EASA) Conventions & Solutions Expo 2024,Electro-Mechanical Authority (EASA) Conventions & Solutions Expo,2024-06-23,Las Vegas,NV,"Force Control Industries, Inc.",forcecontrol.com,,,,,,,,
Electro-Mechanical Authority (EASA) Conventions & Solutions Expo 2024,Electro-Mechanical Authority (EASA) Conventions & Solutions Expo,2024-06-23,Las Vegas,NV,AEMC Instruments,aemc.com,,,,,,,,
Electro-Mechanical Authority (EASA) Conventions & Solutions Expo 2024,Electro-Mechanical Authority (EASA) Conventions & Solutions Expo,2024-06-23,Las Vegas,NV,Coil Manufacturing Inc,cmicoil.com,,,,,,,,
Electro-Mechanical Authority (EASA) Conventions & Solutions Expo 2024,Electro-Mechanical Authority (EASA) Conventions & Solutions Expo,2024-06-23,Las Vegas,NV,Odyssey Investment Partners,odysseyinvestment.com,,,,,,,,
Electro-Mechanical Authority (EASA) Conventions & Solutions Expo 2024,Electro-Mechanical Authority (EASA) Conventions & Solutions Expo,2024-06-23,Las Vegas,NV,Techtop Industries,techtopind.com,,,,,,,,
Electro-Mechanical Authority (EASA) Conventions & Solutions Expo 2024,Electro-Mechanical Authority (EASA) Conventions & Solutions Expo,2024-06-23,Las Vegas,NV,Akard Commutator Of Tennessee (Act),act-inc.com,,,,,,,,
Electro-Mechanical Authority (EASA) Conventions & Solutions Expo 2024,Electro-Mechanical Authority (EASA) Conventions & Solutions Expo,2024-06-23,Las Vegas,NV,Sifco ASC,sifcoasc.com,,,,,,,,
Electro-Mechanical Authority (EASA) Conventions & Solutions Expo 2024,Electro-Mechanical Authority (EASA) Conventions & Solutions Expo,2024-06-23,Las Vegas,NV,RDI Technologies Inc.,rditechnologies.com,,,,,,,,
Electro-Mechanical Authority (EASA) Conventions & Solutions Expo 2024,Electro-Mechanical Authority (EASA) Conventions & Solutions Expo,2024-06-23,Las Vegas,NV,K&N Electric Motors Inc.,knelectric.com,,,,,,,,
Electro-Mechanical Authority (EASA) Conventions & Solutions Expo 2024,Electro-Mechanical Authority (EASA) Conventions & Solutions Expo,2024-06-23,Las Vegas,NV,Erbessd Instruments,erbessd-instruments.com,,,,,,,,
Electro-Mechanical Authority (EASA) Conventions & Solutions Expo 2024,Electro-Mechanical Authority (EASA) Conventions & Solutions Expo,2024-06-23,Las Vegas,NV,Service First Processing,sfprocessing.com,,,,,,,,
Electro-Mechanical Authority (EASA) Conventions & Solutions Expo 2024,Electro-Mechanical Authority (EASA) Conventions & Solutions Expo,2024-06-23,Las Vegas,NV,Nippon Rika,nipponrika.jp,,,,,,,,
Electro-Mechanical Authority (EASA) Conventions & Solutions Expo 2024,Electro-Mechanical Authority (EASA) Conventions & Solutions Expo,2024-06-23,Las Vegas,NV,B+M Industrial,bmindustrial.com,,,,,,,,
Electro-Mechanical Authority (EASA) Conventions & Solutions Expo 2024,Electro-Mechanical Authority (EASA) Conventions & Solutions Expo,2024-06-23,Las Vegas,NV,Advanced Energy,advancedenergy.org,,,,,,,,
Electro-Mechanical Authority (EASA) Conventions & Solutions Expo 2024,Electro-Mechanical Authority (EASA) Conventions & Solutions Expo,2024-06-23,Las Vegas,NV,Pollution Control Products Company,pcpconline.com,,,,,,,,
Electro-Mechanical Authority (EASA) Conventions & Solutions Expo 2024,Electro-Mechanical Authority (EASA) Conventions & Solutions Expo,2024-06-23,Las Vegas,NV,SmartD Technologies,smartd.tech,,,,,,,,
Electro-Mechanical Authority (EASA) Conventions & Solutions Expo 2024,Electro-Mechanical Authority (EASA) Conventions & Solutions Expo,2024-06-23,Las Vegas,NV,SDT International SA/NV,sdtultrasound.com,,,,,,,,
Electro-Mechanical Authority (EASA) Conventions & Solutions Expo 2024,Electro-Mechanical Authority (EASA) Conventions & Solutions Expo,2024-06-23,Las Vegas,NV,Midwest Promotional Group,midwestgrp.com,,,,,,,,
Electro-Mechanical Authority (EASA) Conventions & Solutions Expo 2024,Electro-Mechanical Authority (EASA) Conventions & Solutions Expo,2024-06-23,Las Vegas,NV,Pittsburgh Electrical Insulation (PEI),peipittsburgh.com,,,,,,,,
Electro-Mechanical Authority (EASA) Conventions & Solutions Expo 2024,Electro-Mechanical Authority (EASA) Conventions & Solutions Expo,2024-06-23,Las Vegas,NV,"Electrolock, Inc.",electrolock.com,,,,,,,,
Electro-Mechanical Authority (EASA) Conventions & Solutions Expo 2024,Electro-Mechanical Authority (EASA) Conventions & Solutions Expo,2024-06-23,Las Vegas,NV,Powertec,powertecmotors.com,,,,,,,,
Electro-Mechanical Authority (EASA) Conventions & Solutions Expo 2024,Electro-Mechanical Authority (EASA) Conventions & Solutions Expo,2024-06-23,Las Vegas,NV,PdMA Corporation,pdma.com,,,,,,,,
Electro-Mechanical Authority (EASA) Conventions & Solutions Expo 2024,Electro-Mechanical Authority (EASA) Conventions & Solutions Expo,2024-06-23,Las Vegas,NV,InterNational Electrical Testing Association (NETA),netaworld.org,,,,,,,,
Electro-Mechanical Authority (EASA) Conventions & Solutions Expo 2024,Electro-Mechanical Authority (EASA) Conventions & Solutions Expo,2024-06-23,Las Vegas,NV,ICC International,iccinternational.com,,,,,,,,
Electro-Mechanical Authority (EASA) Conventions & Solutions Expo 2024,Electro-Mechanical Authority (EASA) Conventions & Solutions Expo,2024-06-23,Las Vegas,NV,"High Voltage, Inc.",hvinc.com,,,,,,,,
Electro-Mechanical Authority (EASA) Conventions & Solutions Expo 2024,Electro-Mechanical Authority (EASA) Conventions & Solutions Expo,2024-06-23,Las Vegas,NV,"ESR Motor Systems, LLC",esrmotors.com,,,,,,,,
Electro-Mechanical Authority (EASA) Conventions & Solutions Expo 2024,Electro-Mechanical Authority (EASA) Conventions & Solutions Expo,2024-06-23,Las Vegas,NV,ABRO Balancing,abrobalancing.com,,,,,,,,
Electro-Mechanical Authority (EASA) Conventions & Solutions Expo 2024,Electro-Mechanical Authority (EASA) Conventions & Solutions Expo,2024-06-23,Las Vegas,NV,American MTS,americanmts.com,,,,,,,,
Electro-Mechanical Authority (EASA) Conventions & Solutions Expo 2024,Electro-Mechanical Authority (EASA) Conventions & Solutions Expo,2024-06-23,Las Vegas,NV,CAM Innovation,caminnovation.com,,,,,,,,
Electro-Mechanical Authority (EASA) Conventions & Solutions Expo 2024,Electro-Mechanical Authority (EASA) Conventions & Solutions Expo,2024-06-23,Las Vegas,NV,Cahaba Media Group,cahabamedia.com,,,,,,,,
Electro-Mechanical Authority (EASA) Conventions & Solutions Expo 2024,Electro-Mechanical Authority (EASA) Conventions & Solutions Expo,2024-06-23,Las Vegas,NV,IRD Balancing,irdproducts.com,,,,,,,,
Electro-Mechanical Authority (EASA) Conventions & Solutions Expo 2024,Electro-Mechanical Authority (EASA) Conventions & Solutions Expo,2024-06-23,Las Vegas,NV,Electrom Instruments,electrominst.com,,,,,,,,
Electro-Mechanical Authority (EASA) Conventions & Solutions Expo 2024,Electro-Mechanical Authority (EASA) Conventions & Solutions Expo,2024-06-23,Las Vegas,NV,M.G.M. Electric Motors,mgmelectricmotors.com,,,,,,,,
Electro-Mechanical Authority (EASA) Conventions & Solutions Expo 2024,Electro-Mechanical Authority (EASA) Conventions & Solutions Expo,2024-06-23,Las Vegas,NV,Steelman Industries Inc,steelman.com,,,,,,,,
Electro-Mechanical Authority (EASA) Conventions & Solutions Expo 2024,Electro-Mechanical Authority (EASA) Conventions & Solutions Expo,2024-06-23,Las Vegas,NV,Asheville Mica Company,ashevillemica.com,,,,,,,,
Electro-Mechanical Authority (EASA) Conventions & Solutions Expo 2024,Electro-Mechanical Authority (EASA) Conventions & Solutions Expo,2024-06-23,Las Vegas,NV,"Ohio Carbon Industries, Inc.",ohiocarbon.com,,,,,,,,
Electro-Mechanical Authority (EASA) Conventions & Solutions Expo 2024,Electro-Mechanical Authority (EASA) Conventions & Solutions Expo,2024-06-23,Las Vegas,NV,Mesco Corporation,mescocorp.com,,,,,,,,
Electro-Mechanical Authority (EASA) Conventions & Solutions Expo 2024,Electro-Mechanical Authority (EASA) Conventions & Solutions Expo,2024-06-23,Las Vegas,NV,"STAR Technology, Inc.",star-technology.com,,,,,,,,
Electro-Mechanical Authority (EASA) Conventions & Solutions Expo 2024,Electro-Mechanical Authority (EASA) Conventions & Solutions Expo,2024-06-23,Las Vegas,NV,Dings Co.,dingsbrakes.com,,,,,,,,
Electro-Mechanical Authority (EASA) Conventions & Solutions Expo 2024,Electro-Mechanical Authority (EASA) Conventions & Solutions Expo,2024-06-23,Las Vegas,NV,Spring Point,springpt.com,,,,,,,,
Electro-Mechanical Authority (EASA) Conventions & Solutions Expo 2024,Electro-Mechanical Authority (EASA) Conventions & Solutions Expo,2024-06-23,Las Vegas,NV,Tatung,tatung.com,,,,,,,,
Electro-Mechanical Authority (EASA) Conventions & Solutions Expo 2024,Electro-Mechanical Authority (EASA) Conventions & Solutions Expo,2024-06-23,Las Vegas,NV,Arlon Innovations,arloninnovations.com,,,,,,,,
Electro-Mechanical Authority (EASA) Conventions & Solutions Expo 2024,Electro-Mechanical Authority (EASA) Conventions & Solutions Expo,2024-06-23,Las Vegas,NV,"HCP Pumps America, Inc.",hcppumpsofamerica.com,,,,,,,,
Electro-Mechanical Authority (EASA) Conventions & Solutions Expo 2024,Electro-Mechanical Authority (EASA) Conventions & Solutions Expo,2024-06-23,Las Vegas,NV,Connex Industrial Corporation,connex-electric.com,,,,,,,,
Electro-Mechanical Authority (EASA) Conventions & Solutions Expo 2024,Electro-Mechanical Authority (EASA) Conventions & Solutions Expo,2024-06-23,Las Vegas,NV,Nidec,nidec.com,,,,,,,,
Electro-Mechanical Authority (EASA) Conventions & Solutions Expo 2024,Electro-Mechanical Authority (EASA) Conventions & Solutions Expo,2024-06-23,Las Vegas,NV,VFDs.com,vfds.com,,,,,,,,
Electro-Mechanical Authority (EASA) Conventions & Solutions Expo 2024,Electro-Mechanical Authority (EASA) Conventions & Solutions Expo,2024-06-23,Las Vegas,NV,"Test Products International, Inc",testproductsintl.com,"Beaverton, OR",21,Bootstrapped,1986,,,,
Electro-Mechanical Authority (EASA) Conventions & Solutions Expo 2024,Electro-Mechanical Authority (EASA) Conventions & Solutions Expo,2024-06-23,Las Vegas,NV,Superior Services LLC,superiorservicesllc.com,"Hanceville, AL",21,Bootstrapped,,,,,
Electro-Mechanical Authority (EASA) Conventions & Solutions Expo 2024,Electro-Mechanical Authority (EASA) Conventions & Solutions Expo,2024-06-23,Las Vegas,NV,Apex Sealing Inc.,apexsealing.com,"Fairfax, VT",21,Bootstrapped,2004,,,,
Electro-Mechanical Authority (EASA) Conventions & Solutions Expo 2024,Electro-Mechanical Authority (EASA) Conventions & Solutions Expo,2024-06-23,Las Vegas,NV,Rogers Equipment Sales Inc.,rogersequip.com,"Durango, CO",20,Bootstrapped,1995,,,,
Electro-Mechanical Authority (EASA) Conventions & Solutions Expo 2024,Electro-Mechanical Authority (EASA) Conventions & Solutions Expo,2024-06-23,Las Vegas,NV,Flopower,flopower.com,"Hialeah, FL",20,Bootstrapped,,,,,
Electro-Mechanical Authority (EASA) Conventions & Solutions Expo 2024,Electro-Mechanical Authority (EASA) Conventions & Solutions Expo,2024-06-23,Las Vegas,NV,"Simple Truths, LLC",simpletruths.com,,,,,,,,
Electro-Mechanical Authority (EASA) Conventions & Solutions Expo 2024,Electro-Mechanical Authority (EASA) Conventions & Solutions Expo,2024-06-23,Las Vegas,NV,Electric Coil Service Inc,electriccoil.com,,,,,,,,
Electro-Mechanical Authority (EASA) Conventions & Solutions Expo 2024,Electro-Mechanical Authority (EASA) Conventions & Solutions Expo,2024-06-23,Las Vegas,NV,Motor Diagnostic Systems Inc,motordiagnosticsystems.com,,,,,,,,
Electro-Mechanical Authority (EASA) Conventions & Solutions Expo 2024,Electro-Mechanical Authority (EASA) Conventions & Solutions Expo,2024-06-23,Las Vegas,NV,Universal Coil Mfr,universalcoil.com,,,,,,,,
Electro-Mechanical Authority (EASA) Conventions & Solutions Expo 2024,Electro-Mechanical Authority (EASA) Conventions & Solutions Expo,2024-06-23,Las Vegas,NV,German Machine Tools of America (GMTA),gmtamerica.com,,,,,,,,
Electro-Mechanical Authority (EASA) Conventions & Solutions Expo 2024,Electro-Mechanical Authority (EASA) Conventions & Solutions Expo,2024-06-23,Las Vegas,NV,Zhejiang Lisheng Spring,lispring.com,,,,,,,,
Electro-Mechanical Authority (EASA) Conventions & Solutions Expo 2024,Electro-Mechanical Authority (EASA) Conventions & Solutions Expo,2024-06-23,Las Vegas,NV,ECO Burn-Off Ovens,ecoburnoff.com,,,,,,,,
Electro-Mechanical Authority (EASA) Conventions & Solutions Expo 2024,Electro-Mechanical Authority (EASA) Conventions & Solutions Expo,2024-06-23,Las Vegas,NV,East Coast Electrical Equipment Company,eastcoastmotor.com,,,,,,,,
Electro-Mechanical Authority (EASA) Conventions & Solutions Expo 2024,Electro-Mechanical Authority (EASA) Conventions & Solutions Expo,2024-06-23,Las Vegas,NV,Designmotors,designmotors.net,,,,,,,,
Electro-Mechanical Authority (EASA) Conventions & Solutions Expo 2024,Electro-Mechanical Authority (EASA) Conventions & Solutions Expo,2024-06-23,Las Vegas,NV,Laser Technologies Inc.,lasertechnologiesinc.com,,,,,,,,
Electro-Mechanical Authority (EASA) Conventions & Solutions Expo 2024,Electro-Mechanical Authority (EASA) Conventions & Solutions Expo,2024-06-23,Las Vegas,NV,Octava Engineering,octavaengineering.com,,,,,,,,
Electro-Mechanical Authority (EASA) Conventions & Solutions Expo 2024,Electro-Mechanical Authority (EASA) Conventions & Solutions Expo,2024-06-23,Las Vegas,NV,Power Quality Components,pqcomponents.com,,,,,,,,
Electro-Mechanical Authority (EASA) Conventions & Solutions Expo 2024,Electro-Mechanical Authority (EASA) Conventions & Solutions Expo,2024-06-23,Las Vegas,NV,Green Motors Practices Group,greenmotors.org,,,,,,,,
Electro-Mechanical Authority (EASA) Conventions & Solutions Expo 2024,Electro-Mechanical Authority (EASA) Conventions & Solutions Expo,2024-06-23,Las Vegas,NV,Bmr Usa,bmr-usa.com,,,,,,,,
Electro-Mechanical Authority (EASA) Conventions & Solutions Expo 2024,Electro-Mechanical Authority (EASA) Conventions & Solutions Expo,2024-06-23,Las Vegas,NV,EMR Consultants LLC,emrconsultants.com,,,,,,,,
Electro-Mechanical Authority (EASA) Conventions & Solutions Expo 2024,Electro-Mechanical Authority (EASA) Conventions & Solutions Expo,2024-06-23,Las Vegas,NV,TT Electric,ttelectricusa.com,,,,,,,,
Electro-Mechanical Authority (EASA) Conventions & Solutions Expo 2024,Electro-Mechanical Authority (EASA) Conventions & Solutions Expo,2024-06-23,Las Vegas,NV,WEG S.A.,weg.net,,,,,,,,
Electro-Mechanical Authority (EASA) Conventions & Solutions Expo 2024,Electro-Mechanical Authority (EASA) Conventions & Solutions Expo,2024-06-23,Las Vegas,NV,Vaughen's Price Publishing CO,vaughens.com,,,,,,,,
Electro-Mechanical Authority (EASA) Conventions & Solutions Expo 2024,Electro-Mechanical Authority (EASA) Conventions & Solutions Expo,2024-06-23,Las Vegas,NV,"Barks Publications, Inc.",barks.com,,,,,,,,
Electro-Mechanical Authority (EASA) Conventions & Solutions Expo 2024,Electro-Mechanical Authority (EASA) Conventions & Solutions Expo,2024-06-23,Las Vegas,NV,Vibration Institute,vi-institute.org,,,,,,,,
Electro-Mechanical Authority (EASA) Conventions & Solutions Expo 2024,Electro-Mechanical Authority (EASA) Conventions & Solutions Expo,2024-06-23,Las Vegas,NV,Ganz Transformers and Electric Rotating Machines Ltd.,ganzelectric.com,,,,,,,,
Electro-Mechanical Authority (EASA) Conventions & Solutions Expo 2024,Electro-Mechanical Authority (EASA) Conventions & Solutions Expo,2024-06-23,Las Vegas,NV,Martindale Electric Company,martindaleco.com,,,,,,,,
Electro-Mechanical Authority (EASA) Conventions & Solutions Expo 2024,Electro-Mechanical Authority (EASA) Conventions & Solutions Expo,2024-06-23,Las Vegas,NV,US Seal Inc,ussealmfg.com,,,,,,,,
Electro-Mechanical Authority (EASA) Conventions & Solutions Expo 2024,Electro-Mechanical Authority (EASA) Conventions & Solutions Expo,2024-06-23,Las Vegas,NV,"SensOS, LLC",sens-os.com,,,,,,,,
Electro-Mechanical Authority (EASA) Conventions & Solutions Expo 2024,Electro-Mechanical Authority (EASA) Conventions & Solutions Expo,2024-06-23,Las Vegas,NV,Armada Inc,armadaintel.com,,,,,,,,
Electro-Mechanical Authority (EASA) Conventions & Solutions Expo 2024,Electro-Mechanical Authority (EASA) Conventions & Solutions Expo,2024-06-23,Las Vegas,NV,Coil Partners,coilpartners.com,,,,,,,,
Electro-Mechanical Authority (EASA) Conventions & Solutions Expo 2024,Electro-Mechanical Authority (EASA) Conventions & Solutions Expo,2024-06-23,Las Vegas,NV,BEM Testers,bemtesters.net,,,,,,,,
Electro-Mechanical Authority (EASA) Conventions & Solutions Expo 2024,Electro-Mechanical Authority (EASA) Conventions & Solutions Expo,2024-06-23,Las Vegas,NV,Cincinnati Babbitt Bearing,cinbab.com,,,,,,,,
Electro-Mechanical Authority (EASA) Conventions & Solutions Expo 2024,Electro-Mechanical Authority (EASA) Conventions & Solutions Expo,2024-06-23,Las Vegas,NV,Thermolex,thermolex.com,,,,,,,,
Electro-Mechanical Authority (EASA) Conventions & Solutions Expo 2024,Electro-Mechanical Authority (EASA) Conventions & Solutions Expo,2024-06-23,Las Vegas,NV,VibePro Powered by B&D Industrial,vibepro.com,,,,,,,,
Electro-Mechanical Authority (EASA) Conventions & Solutions Expo 2024,Electro-Mechanical Authority (EASA) Conventions & Solutions Expo,2024-06-23,Las Vegas,NV,100Things,sebterry.com,,,,,,,,
Electro-Mechanical Authority (EASA) Conventions & Solutions Expo 2024,Electro-Mechanical Authority (EASA) Conventions & Solutions Expo,2024-06-23,Las Vegas,NV,Heartland Motors Inc.,heartland-motors.com,,,,,,,,
Electro-Mechanical Authority (EASA) Conventions & Solutions Expo 2024,Electro-Mechanical Authority (EASA) Conventions & Solutions Expo,2024-06-23,Las Vegas,NV,Toledo Commutator Co,toledocommutator.com,,,,,,,,
Electro-Mechanical Authority (EASA) Conventions & Solutions Expo 2024,Electro-Mechanical Authority (EASA) Conventions & Solutions Expo,2024-06-23,Las Vegas,NV,Power-Flo Pumps & Systems,powerflopumps.com,,,,,,,,
Electro-Mechanical Authority (EASA) Conventions & Solutions Expo 2024,Electro-Mechanical Authority (EASA) Conventions & Solutions Expo,2024-06-23,Las Vegas,NV,Jasper Electric Motors,jasperelectricmotorsinc.com,,,,,,,,
Electro-Mechanical Authority (EASA) Conventions & Solutions Expo 2024,Electro-Mechanical Authority (EASA) Conventions & Solutions Expo,2024-06-23,Las Vegas,NV,Drekan-Group,drekan.com,,,,,,,,
Electro-Mechanical Authority (EASA) Conventions & Solutions Expo 2024,Electro-Mechanical Authority (EASA) Conventions & Solutions Expo,2024-06-23,Las Vegas,NV,Ome C Motors,omecmotors.com,,,,,,,,
Electro-Mechanical Authority (EASA) Conventions & Solutions Expo 2024,Electro-Mechanical Authority (EASA) Conventions & Solutions Expo,2024-06-23,Las Vegas,NV,"Tianjin Santroll Electric Technology Co., Ltd.",santroll.com,,,,,,,,
Electro-Mechanical Authority (EASA) Conventions & Solutions Expo 2024,Electro-Mechanical Authority (EASA) Conventions & Solutions Expo,2024-06-23,Las Vegas,NV,Guspro Inc.,guspro.com,,,,,,,,
Electro-Mechanical Authority (EASA) Conventions & Solutions Expo 2024,Electro-Mechanical Authority (EASA) Conventions & Solutions Expo,2024-06-23,Las Vegas,NV,Electrowind,electro-wind.com,,,,,,,,
Electro-Mechanical Authority (EASA) Conventions & Solutions Expo 2024,Electro-Mechanical Authority (EASA) Conventions & Solutions Expo,2024-06-23,Las Vegas,NV,Electric Motor Coil Co.,emccltd.ca,,,,,,,,
Electro-Mechanical Authority (EASA) Conventions & Solutions Expo 2024,Electro-Mechanical Authority (EASA) Conventions & Solutions Expo,2024-06-23,Las Vegas,NV,Lafert North America,lafertna.com,,,,,,,,
Electro-Mechanical Authority (EASA) Conventions & Solutions Expo 2024,Electro-Mechanical Authority (EASA) Conventions & Solutions Expo,2024-06-23,Las Vegas,NV,Saftty,saftty.com,,,,,,,,
Electro-Mechanical Authority (EASA) Conventions & Solutions Expo 2024,Electro-Mechanical Authority (EASA) Conventions & Solutions Expo,2024-06-23,Las Vegas,NV,Insolutions,insolutions.global,,,,,,,,
Electro-Mechanical Authority (EASA) Conventions & Solutions Expo 2024,Electro-Mechanical Authority (EASA) Conventions & Solutions Expo,2024-06-23,Las Vegas,NV,Hf Motor,hfmotor.com.cn,,,,,,,,
Electro-Mechanical Authority (EASA) Conventions & Solutions Expo 2024,Electro-Mechanical Authority (EASA) Conventions & Solutions Expo,2024-06-23,Las Vegas,NV,CPM Engineering,cpm-uk.com,,,,,,,,
Electro-Mechanical Authority (EASA) Conventions & Solutions Expo 2024,Electro-Mechanical Authority (EASA) Conventions & Solutions Expo,2024-06-23,Las Vegas,NV,Spartakus APM,apm.spartakustech.com,,,,,,,,
Electro-Mechanical Authority (EASA) Conventions & Solutions Expo 2024,Electro-Mechanical Authority (EASA) Conventions & Solutions Expo,2024-06-23,Las Vegas,NV,Eura Drives Flagship Products,euradrives.com,,,,,,,,
Electro-Mechanical Authority (EASA) Conventions & Solutions Expo 2024,Electro-Mechanical Authority (EASA) Conventions & Solutions Expo,2024-06-23,Las Vegas,NV,Willingwisdom.Com,willingwisdom.com,,,,,,,,
Electro-Mechanical Authority (EASA) Conventions & Solutions Expo 2024,Electro-Mechanical Authority (EASA) Conventions & Solutions Expo,2024-06-23,Las Vegas,NV,"Cixi Waylead Motor Manufacturing Co., Ltd.",waylead.com.cn,,,,,,,,
Electro-Mechanical Authority (EASA) Conventions & Solutions Expo 2024,Electro-Mechanical Authority (EASA) Conventions & Solutions Expo,2024-06-23,Las Vegas,NV,"EMZ Industries, Inc",emzmotor.com,,,,,,,,
Electro-Mechanical Authority (EASA) Conventions & Solutions Expo 2024,Electro-Mechanical Authority (EASA) Conventions & Solutions Expo,2024-06-23,Las Vegas,NV,"Anhui Wannan Electric Machine Co., Ltd.",wannanmotor.net,,,,,,,,
Electro-Mechanical Authority (EASA) Conventions & Solutions Expo 2024,Electro-Mechanical Authority (EASA) Conventions & Solutions Expo,2024-06-23,Las Vegas,NV,"Jinhua Dongda Pump Co., Ltd.",dongdapumps.com,,,,,,,,
Electro-Mechanical Authority (EASA) Conventions & Solutions Expo 2024,Electro-Mechanical Authority (EASA) Conventions & Solutions Expo,2024-06-23,Las Vegas,NV,Huanchi Bearing Group,hchbearing.com,,,,,,,,
Electro-Mechanical Authority (EASA) Conventions & Solutions Expo 2024,Electro-Mechanical Authority (EASA) Conventions & Solutions Expo,2024-06-23,Las Vegas,NV,Houghton International,houghton-international.com,,,,,,,,
Transmission & Substation Design & Operation Symposium (TSDOS) 2023,Transmission & Substation Design & Operation Symposium (TSDOS),2023-09-06,Frisco,TX,TE Connectivity plc,te.com,"Aghancon, Ireland",129804,Public,1941,,,,
Transmission & Substation Design & Operation Symposium (TSDOS) 2023,Transmission & Substation Design & Operation Symposium (TSDOS),2023-09-06,Frisco,TX,Kiewit Corp.,kiewit.com,"Omaha, NE",121330,Bootstrapped,1884,,,,
Transmission & Substation Design & Operation Symposium (TSDOS) 2023,Transmission & Substation Design & Operation Symposium (TSDOS),2023-09-06,Frisco,TX,"United Rentals, Inc.",unitedrentals.com,"Stamford, CT",45059,Public,1997,,,,
Transmission & Substation Design & Operation Symposium (TSDOS) 2023,Transmission & Substation Design & Operation Symposium (TSDOS),2023-09-06,Frisco,TX,"Leidos, Inc.",leidos.com,"Reston, VA",36531,Public,1969,,,,
Transmission & Substation Design & Operation Symposium (TSDOS) 2023,Transmission & Substation Design & Operation Symposium (TSDOS),2023-09-06,Frisco,TX,HDR Inc.,hdrinc.com,"Omaha, NE",28986,Investor Backed,1917,,,,
Transmission & Substation Design & Operation Symposium (TSDOS) 2023,Transmission & Substation Design & Operation Symposium (TSDOS),2023-09-06,Frisco,TX,"Wesco International, Inc.",wesco.com,,,,,,,,
Transmission & Substation Design & Operation Symposium (TSDOS) 2023,Transmission & Substation Design & Operation Symposium (TSDOS),2023-09-06,Frisco,TX,Primoris Services Corp.,prim.com,,,,,,,,
Transmission & Substation Design & Operation Symposium (TSDOS) 2023,Transmission & Substation Design & Operation Symposium (TSDOS),2023-09-06,Frisco,TX,Hubbell Incorporated,hubbell.com,,,,,,,,
Transmission & Substation Design & Operation Symposium (TSDOS) 2023,Transmission & Substation Design & Operation Symposium (TSDOS),2023-09-06,Frisco,TX,General Electric Company,ge.com,,,,,,,,
Transmission & Substation Design & Operation Symposium (TSDOS) 2023,Transmission & Substation Design & Operation Symposium (TSDOS),2023-09-06,Frisco,TX,Black & Veatch,bv.com,,,,,,,,
Transmission & Substation Design & Operation Symposium (TSDOS) 2023,Transmission & Substation Design & Operation Symposium (TSDOS),2023-09-06,Frisco,TX,TRC,trccompanies.com,,,,,,,,
Transmission & Substation Design & Operation Symposium (TSDOS) 2023,Transmission & Substation Design & Operation Symposium (TSDOS),2023-09-06,Frisco,TX,Pike Corp.,pike.com,,,,,,,,
Transmission & Substation Design & Operation Symposium (TSDOS) 2023,Transmission & Substation Design & Operation Symposium (TSDOS),2023-09-06,Frisco,TX,"Terracon Consultants, Inc. (Terracon)",terracon.com,,,,,,,,
Transmission & Substation Design & Operation Symposium (TSDOS) 2023,Transmission & Substation Design & Operation Symposium (TSDOS),2023-09-06,Frisco,TX,"Valmont Industries, Inc.",valmont.com,,,,,,,,
Transmission & Substation Design & Operation Symposium (TSDOS) 2023,Transmission & Substation Design & Operation Symposium (TSDOS),2023-09-06,Frisco,TX,"Electrical Consultants, Inc. (ECI)",eciusa.com,,,,,,,,
Transmission & Substation Design & Operation Symposium (TSDOS) 2023,Transmission & Substation Design & Operation Symposium (TSDOS),2023-09-06,Frisco,TX,"Sabre Industries, Inc.",sabreindustries.com,,,,,,,,
Transmission & Substation Design & Operation Symposium (TSDOS) 2023,Transmission & Substation Design & Operation Symposium (TSDOS),2023-09-06,Frisco,TX,Dashiell Corporation,dashiell.com,,,,,,,,
Transmission & Substation Design & Operation Symposium (TSDOS) 2023,Transmission & Substation Design & Operation Symposium (TSDOS),2023-09-06,Frisco,TX,Vaisala,vaisala.com,,,,,,,,
Transmission & Substation Design & Operation Symposium (TSDOS) 2023,Transmission & Substation Design & Operation Symposium (TSDOS),2023-09-06,Frisco,TX,"Custom Truck One Source, Inc.",customtruck.com,,,,,,,,
Transmission & Substation Design & Operation Symposium (TSDOS) 2023,Transmission & Substation Design & Operation Symposium (TSDOS),2023-09-06,Frisco,TX,"Surveying And Mapping, LLC (SAM)",sam.biz,,,,,,,,
Transmission & Substation Design & Operation Symposium (TSDOS) 2023,Transmission & Substation Design & Operation Symposium (TSDOS),2023-09-06,Frisco,TX,Oncor Electric Delivery,oncor.com,,,,,,,,
Transmission & Substation Design & Operation Symposium (TSDOS) 2023,Transmission & Substation Design & Operation Symposium (TSDOS),2023-09-06,Frisco,TX,Olsson,olsson.com,,,,,,,,
Transmission & Substation Design & Operation Symposium (TSDOS) 2023,Transmission & Substation Design & Operation Symposium (TSDOS),2023-09-06,Frisco,TX,Michels Corporation,michels.us,,,,,,,,
Transmission & Substation Design & Operation Symposium (TSDOS) 2023,Transmission & Substation Design & Operation Symposium (TSDOS),2023-09-06,Frisco,TX,"Bowman Consulting Group, Ltd",bowman.com,,,,,,,,
Transmission & Substation Design & Operation Symposium (TSDOS) 2023,Transmission & Substation Design & Operation Symposium (TSDOS),2023-09-06,Frisco,TX,Megger Group Limited,megger.com,,,,,,,,
Transmission & Substation Design & Operation Symposium (TSDOS) 2023,Transmission & Substation Design & Operation Symposium (TSDOS),2023-09-06,Frisco,TX,"Westwood Professional Services, Inc.",westwoodps.com,,,,,,,,
Transmission & Substation Design & Operation Symposium (TSDOS) 2023,Transmission & Substation Design & Operation Symposium (TSDOS),2023-09-06,Frisco,TX,"Ulteig Engineers, Inc.",ulteig.com,,,,,,,,
Transmission & Substation Design & Operation Symposium (TSDOS) 2023,Transmission & Substation Design & Operation Symposium (TSDOS),2023-09-06,Frisco,TX,"Saber Power, LLC",saberpower.com,,,,,,,,
Transmission & Substation Design & Operation Symposium (TSDOS) 2023,Transmission & Substation Design & Operation Symposium (TSDOS),2023-09-06,Frisco,TX,Kinectrics,kinectrics.com,,,,,,,,
Transmission & Substation Design & Operation Symposium (TSDOS) 2023,Transmission & Substation Design & Operation Symposium (TSDOS),2023-09-06,Frisco,TX,Preformed Line Products,preformed.com,,,,,,,,
Transmission & Substation Design & Operation Symposium (TSDOS) 2023,Transmission & Substation Design & Operation Symposium (TSDOS),2023-09-06,Frisco,TX,"Great Southwestern Construction, Inc.",gswc.us,,,,,,,,
Transmission & Substation Design & Operation Symposium (TSDOS) 2023,Transmission & Substation Design & Operation Symposium (TSDOS),2023-09-06,Frisco,TX,"Mesa Associates, Inc",mesainc.com,,,,,,,,
Transmission & Substation Design & Operation Symposium (TSDOS) 2023,Transmission & Substation Design & Operation Symposium (TSDOS),2023-09-06,Frisco,TX,Chain Electric Company,chainelectric.com,,,,,,,,
Transmission & Substation Design & Operation Symposium (TSDOS) 2023,Transmission & Substation Design & Operation Symposium (TSDOS),2023-09-06,Frisco,TX,"Electric Power Engineers, Inc",epeconsulting.com,,,,,,,,
Transmission & Substation Design & Operation Symposium (TSDOS) 2023,Transmission & Substation Design & Operation Symposium (TSDOS),2023-09-06,Frisco,TX,Stanley Consultants,stanleyconsultants.com,,,,,,,,
Transmission & Substation Design & Operation Symposium (TSDOS) 2023,Transmission & Substation Design & Operation Symposium (TSDOS),2023-09-06,Frisco,TX,"Bird Electric Enterprises, LLC",birdelectricinc.com,,,,,,,,
Transmission & Substation Design & Operation Symposium (TSDOS) 2023,Transmission & Substation Design & Operation Symposium (TSDOS),2023-09-06,Frisco,TX,Sediver,sediver.com,,,,,,,,
Transmission & Substation Design & Operation Symposium (TSDOS) 2023,Transmission & Substation Design & Operation Symposium (TSDOS),2023-09-06,Frisco,TX,NPK International Inc.,npki.com,,,,,,,,
Transmission & Substation Design & Operation Symposium (TSDOS) 2023,Transmission & Substation Design & Operation Symposium (TSDOS),2023-09-06,Frisco,TX,Crest Industries LLC,crestoperations.com,,,,,,,,
Transmission & Substation Design & Operation Symposium (TSDOS) 2023,Transmission & Substation Design & Operation Symposium (TSDOS),2023-09-06,Frisco,TX,Parkline Inc,parkline.com,,,,,,,,
Transmission & Substation Design & Operation Symposium (TSDOS) 2023,Transmission & Substation Design & Operation Symposium (TSDOS),2023-09-06,Frisco,TX,TechServ,techserv.com,,,,,,,,
Transmission & Substation Design & Operation Symposium (TSDOS) 2023,Transmission & Substation Design & Operation Symposium (TSDOS),2023-09-06,Frisco,TX,"Threaded Fasteners, Inc.",threadedfasteners.com,,,,,,,,
Transmission & Substation Design & Operation Symposium (TSDOS) 2023,Transmission & Substation Design & Operation Symposium (TSDOS),2023-09-06,Frisco,TX,kVP Energy Services,kvpenergy.com,,,,,,,,
Transmission & Substation Design & Operation Symposium (TSDOS) 2023,Transmission & Substation Design & Operation Symposium (TSDOS),2023-09-06,Frisco,TX,Bell Lumber and Pole Company,blpole.com,,,,,,,,
Transmission & Substation Design & Operation Symposium (TSDOS) 2023,Transmission & Substation Design & Operation Symposium (TSDOS),2023-09-06,Frisco,TX,Mustang Extreme Environmental Services,mustangextreme.com,,,,,,,,
Transmission & Substation Design & Operation Symposium (TSDOS) 2023,Transmission & Substation Design & Operation Symposium (TSDOS),2023-09-06,Frisco,TX,MICA Steelworks,micasteelworks.com,,,,,,,,
Transmission & Substation Design & Operation Symposium (TSDOS) 2023,Transmission & Substation Design & Operation Symposium (TSDOS),2023-09-06,Frisco,TX,"Teague Nall and Perkins, Inc.",tnpinc.com,,,,,,,,
Transmission & Substation Design & Operation Symposium (TSDOS) 2023,Transmission & Substation Design & Operation Symposium (TSDOS),2023-09-06,Frisco,TX,"Landpoint, LLC.",landpoint.net,,,,,,,,
Transmission & Substation Design & Operation Symposium (TSDOS) 2023,Transmission & Substation Design & Operation Symposium (TSDOS),2023-09-06,Frisco,TX,All-Pro Fasteners Inc.,apf.com,,,,,,,,
Transmission & Substation Design & Operation Symposium (TSDOS) 2023,Transmission & Substation Design & Operation Symposium (TSDOS),2023-09-06,Frisco,TX,CEC,connectcec.com,,,,,,,,
Transmission & Substation Design & Operation Symposium (TSDOS) 2023,Transmission & Substation Design & Operation Symposium (TSDOS),2023-09-06,Frisco,TX,Campos EPC,camposepc.com,,,,,,,,
Transmission & Substation Design & Operation Symposium (TSDOS) 2023,Transmission & Substation Design & Operation Symposium (TSDOS),2023-09-06,Frisco,TX,"Commonwealth Associates, Inc.",cai-engr.com,,,,,,,,
Transmission & Substation Design & Operation Symposium (TSDOS) 2023,Transmission & Substation Design & Operation Symposium (TSDOS),2023-09-06,Frisco,TX,Austin Engineering Company Limited,aec.com,,,,,,,,
Transmission & Substation Design & Operation Symposium (TSDOS) 2023,Transmission & Substation Design & Operation Symposium (TSDOS),2023-09-06,Frisco,TX,M&I Materials Limited,mimaterials.com,,,,,,,,
Transmission & Substation Design & Operation Symposium (TSDOS) 2023,Transmission & Substation Design & Operation Symposium (TSDOS),2023-09-06,Frisco,TX,Crown Technical Systems,crowntechnicalsystems.com,,,,,,,,
Transmission & Substation Design & Operation Symposium (TSDOS) 2023,Transmission & Substation Design & Operation Symposium (TSDOS),2023-09-06,Frisco,TX,"Force Electrical Services, LLC",forceelect.com,,,,,,,,
Transmission & Substation Design & Operation Symposium (TSDOS) 2023,Transmission & Substation Design & Operation Symposium (TSDOS),2023-09-06,Frisco,TX,ExecuPOWER LLC,execupower.com,,,,,,,,
Transmission & Substation Design & Operation Symposium (TSDOS) 2023,Transmission & Substation Design & Operation Symposium (TSDOS),2023-09-06,Frisco,TX,Sterling Solutions,sterlingsolutions.com,,,,,,,,
Transmission & Substation Design & Operation Symposium (TSDOS) 2023,Transmission & Substation Design & Operation Symposium (TSDOS),2023-09-06,Frisco,TX,Exo Grouop,exoinc.com,,,,,,,,
Transmission & Substation Design & Operation Symposium (TSDOS) 2023,Transmission & Substation Design & Operation Symposium (TSDOS),2023-09-06,Frisco,TX,"TAPP, inc.",tappinc.com,,,,,,,,
Transmission & Substation Design & Operation Symposium (TSDOS) 2023,Transmission & Substation Design & Operation Symposium (TSDOS),2023-09-06,Frisco,TX,SEnergy,poweredbysenergy.com,,,,,,,,
Transmission & Substation Design & Operation Symposium (TSDOS) 2023,Transmission & Substation Design & Operation Symposium (TSDOS),2023-09-06,Frisco,TX,CPP Wind Engineering Consultants,cppwind.com,,,,,,,,
Transmission & Substation Design & Operation Symposium (TSDOS) 2023,Transmission & Substation Design & Operation Symposium (TSDOS),2023-09-06,Frisco,TX,"Techline, Inc.",techline-inc.com,,,,,,,,
Transmission & Substation Design & Operation Symposium (TSDOS) 2023,Transmission & Substation Design & Operation Symposium (TSDOS),2023-09-06,Frisco,TX,Southeast Power Corporation,southeastpower.com,,,,,,,,
Transmission & Substation Design & Operation Symposium (TSDOS) 2023,Transmission & Substation Design & Operation Symposium (TSDOS),2023-09-06,Frisco,TX,Pickett USA,pickettusa.com,,,,,,,,
Transmission & Substation Design & Operation Symposium (TSDOS) 2023,Transmission & Substation Design & Operation Symposium (TSDOS),2023-09-06,Frisco,TX,A-Rent Test Equipment,a-rent.com,,,,,,,,
Transmission & Substation Design & Operation Symposium (TSDOS) 2023,Transmission & Substation Design & Operation Symposium (TSDOS),2023-09-06,Frisco,TX,Equagen Llc,equagen.com,,,,,,,,
Transmission & Substation Design & Operation Symposium (TSDOS) 2023,Transmission & Substation Design & Operation Symposium (TSDOS),2023-09-06,Frisco,TX,Incab America,incabamerica.com,,,,,,,,
Transmission & Substation Design & Operation Symposium (TSDOS) 2023,Transmission & Substation Design & Operation Symposium (TSDOS),2023-09-06,Frisco,TX,Principleservices.Com,principleservices.com,,,,,,,,
Transmission & Substation Design & Operation Symposium (TSDOS) 2023,Transmission & Substation Design & Operation Symposium (TSDOS),2023-09-06,Frisco,TX,ASEC Engineers,asec-engineers.com,,,,,,,,
Transmission & Substation Design & Operation Symposium (TSDOS) 2023,Transmission & Substation Design & Operation Symposium (TSDOS),2023-09-06,Frisco,TX,"Spartan Infrastructure, Inc.",spartaninfra.com,,,,,,,,
Transmission & Substation Design & Operation Symposium (TSDOS) 2023,Transmission & Substation Design & Operation Symposium (TSDOS),2023-09-06,Frisco,TX,"McCord Engineering, Inc.",mccordeng.com,,,,,YES,valDQ-review,?,
Transmission & Substation Design & Operation Symposium (TSDOS) 2023,Transmission & Substation Design & Operation Symposium (TSDOS),2023-09-06,Frisco,TX,Watson Drill Rigs,watsonusa.com,,,,,,,,
Transmission & Substation Design & Operation Symposium (TSDOS) 2023,Transmission & Substation Design & Operation Symposium (TSDOS),2023-09-06,Frisco,TX,"Normandy Machine Company, Inc.",normandymachine.com,,,,,,,,
Transmission & Substation Design & Operation Symposium (TSDOS) 2023,Transmission & Substation Design & Operation Symposium (TSDOS),2023-09-06,Frisco,TX,Knight Engineering & Construction,kecinc.net,,,,,,,,
Transmission & Substation Design & Operation Symposium (TSDOS) 2023,Transmission & Substation Design & Operation Symposium (TSDOS),2023-09-06,Frisco,TX,"Synchrogrid Limited, Llc",synchrogrid.com,,,,,,,,
Transmission & Substation Design & Operation Symposium (TSDOS) 2023,Transmission & Substation Design & Operation Symposium (TSDOS),2023-09-06,Frisco,TX,"CHM Industries, Inc.",chmindustries.com,,,,,,,,
Transmission & Substation Design & Operation Symposium (TSDOS) 2023,Transmission & Substation Design & Operation Symposium (TSDOS),2023-09-06,Frisco,TX,Power Consulting Associates,powerconsultingassociates.com,,,,,YES,master-P3,E12,
Transmission & Substation Design & Operation Symposium (TSDOS) 2023,Transmission & Substation Design & Operation Symposium (TSDOS),2023-09-06,Frisco,TX,Energy Reps,energyreps.com,,,,,,,,
Transmission & Substation Design & Operation Symposium (TSDOS) 2023,Transmission & Substation Design & Operation Symposium (TSDOS),2023-09-06,Frisco,TX,Butler & Land Inc,butlerandland.com,,,,,,,,
Transmission & Substation Design & Operation Symposium (TSDOS) 2023,Transmission & Substation Design & Operation Symposium (TSDOS),2023-09-06,Frisco,TX,Ampjack Industries Ltd.,ampjack.ca,,,,,,,,
Transmission & Substation Design & Operation Symposium (TSDOS) 2023,Transmission & Substation Design & Operation Symposium (TSDOS),2023-09-06,Frisco,TX,K D Johnson Inc,kdjinc.com,,,,,,,,
Transmission & Substation Design & Operation Symposium (TSDOS) 2023,Transmission & Substation Design & Operation Symposium (TSDOS),2023-09-06,Frisco,TX,"J.H. Davidson & Associates, LLC",jhdavidson.com,,,,,,,,
Transmission & Substation Design & Operation Symposium (TSDOS) 2023,Transmission & Substation Design & Operation Symposium (TSDOS),2023-09-06,Frisco,TX,"Sempco Surveying, Inc.",sempcosurveying.com,,,,,,,,
Transmission & Substation Design & Operation Symposium (TSDOS) 2023,Transmission & Substation Design & Operation Symposium (TSDOS),2023-09-06,Frisco,TX,"3 Phase Technologies, LLC.",3phasetech.com,,,,,,,,
Transmission & Substation Design & Operation Symposium (TSDOS) 2023,Transmission & Substation Design & Operation Symposium (TSDOS),2023-09-06,Frisco,TX,"EHV Solutions, LLC.",ehvsolutions.com,,,,,,,,
Transmission & Substation Design & Operation Symposium (TSDOS) 2023,Transmission & Substation Design & Operation Symposium (TSDOS),2023-09-06,Frisco,TX,Center Phase Energy,centerphaseenergy.com,,,,,,,,
Transmission & Substation Design & Operation Symposium (TSDOS) 2023,Transmission & Substation Design & Operation Symposium (TSDOS),2023-09-06,Frisco,TX,Burns & McDonnell,burnsmcd.com,,,,,,,,
Transmission & Substation Design & Operation Symposium (TSDOS) 2023,Transmission & Substation Design & Operation Symposium (TSDOS),2023-09-06,Frisco,TX,O'Brien Realty Advisors LLC,obrien-row.com,,,,,,,,
Transmission & Substation Design & Operation Symposium (TSDOS) 2023,Transmission & Substation Design & Operation Symposium (TSDOS),2023-09-06,Frisco,TX,"Laminated Wood Systems, Inc.",lwsinc.com,,,,,,,,
Transmission & Substation Design & Operation Symposium (TSDOS) 2023,Transmission & Substation Design & Operation Symposium (TSDOS),2023-09-06,Frisco,TX,"POWER Engineers, Incorporated",powereng.com,,,,,,,,
Transmission & Substation Design & Operation Symposium (TSDOS) 2023,Transmission & Substation Design & Operation Symposium (TSDOS),2023-09-06,Frisco,TX,Keasler Associates,keasler.com,,,,,,,,
Transmission & Substation Design & Operation Symposium (TSDOS) 2023,Transmission & Substation Design & Operation Symposium (TSDOS),2023-09-06,Frisco,TX,Utility Sales Agents of North Texas,usantx.com,,,,,,,,
Transmission & Substation Design & Operation Symposium (TSDOS) 2023,Transmission & Substation Design & Operation Symposium (TSDOS),2023-09-06,Frisco,TX,Oberlender & Associates,oberlender.com,,,,,,,,
Transmission & Substation Design & Operation Symposium (TSDOS) 2023,Transmission & Substation Design & Operation Symposium (TSDOS),2023-09-06,Frisco,TX,Deloney Company,deloney.com,,,,,,,,
Transmission & Substation Design & Operation Symposium (TSDOS) 2021,Transmission & Substation Design & Operation Symposium (TSDOS),2021-09-08,Frisco,TX,Kiewit Corp.,kiewit.com,"Omaha, NE",121330,Bootstrapped,1884,,,,
Transmission & Substation Design & Operation Symposium (TSDOS) 2021,Transmission & Substation Design & Operation Symposium (TSDOS),2021-09-08,Frisco,TX,3M Company,3m.com,"Saint Paul, MN",94469,Public,1902,,,,
Transmission & Substation Design & Operation Symposium (TSDOS) 2021,Transmission & Substation Design & Operation Symposium (TSDOS),2021-09-08,Frisco,TX,"United Rentals, Inc.",unitedrentals.com,"Stamford, CT",45059,Public,1997,,,,
Transmission & Substation Design & Operation Symposium (TSDOS) 2021,Transmission & Substation Design & Operation Symposium (TSDOS),2021-09-08,Frisco,TX,"Leidos, Inc.",leidos.com,"Reston, VA",36531,Public,1969,,,,
Transmission & Substation Design & Operation Symposium (TSDOS) 2021,Transmission & Substation Design & Operation Symposium (TSDOS),2021-09-08,Frisco,TX,Southern California Edison,sce.com,"Rosemead, CA",34823,Public Subsidiary,1886,,,,
Transmission & Substation Design & Operation Symposium (TSDOS) 2021,Transmission & Substation Design & Operation Symposium (TSDOS),2021-09-08,Frisco,TX,HDR Inc.,hdrinc.com,,,,,,,,
Transmission & Substation Design & Operation Symposium (TSDOS) 2021,Transmission & Substation Design & Operation Symposium (TSDOS),2021-09-08,Frisco,TX,"Wesco International, Inc.",wesco.com,,,,,,,,
Transmission & Substation Design & Operation Symposium (TSDOS) 2021,Transmission & Substation Design & Operation Symposium (TSDOS),2021-09-08,Frisco,TX,Hubbell Incorporated,hubbell.com,,,,,,,,
Transmission & Substation Design & Operation Symposium (TSDOS) 2021,Transmission & Substation Design & Operation Symposium (TSDOS),2021-09-08,Frisco,TX,General Electric Company,ge.com,,,,,,,,
Transmission & Substation Design & Operation Symposium (TSDOS) 2021,Transmission & Substation Design & Operation Symposium (TSDOS),2021-09-08,Frisco,TX,Mitsubishi Electric Corp.,mitsubishielectric.com,,,,,,,,
Transmission & Substation Design & Operation Symposium (TSDOS) 2021,Transmission & Substation Design & Operation Symposium (TSDOS),2021-09-08,Frisco,TX,Black & Veatch,bv.com,,,,,,,,
Transmission & Substation Design & Operation Symposium (TSDOS) 2021,Transmission & Substation Design & Operation Symposium (TSDOS),2021-09-08,Frisco,TX,ICF International Inc.,icf.com,,,,,,,,
Transmission & Substation Design & Operation Symposium (TSDOS) 2021,Transmission & Substation Design & Operation Symposium (TSDOS),2021-09-08,Frisco,TX,"Osmose Pty., Ltd.",osmose.com,,,,,,,,
Transmission & Substation Design & Operation Symposium (TSDOS) 2021,Transmission & Substation Design & Operation Symposium (TSDOS),2021-09-08,Frisco,TX,TRC,trccompanies.com,,,,,,,,
Transmission & Substation Design & Operation Symposium (TSDOS) 2021,Transmission & Substation Design & Operation Symposium (TSDOS),2021-09-08,Frisco,TX,Pike Corp.,pike.com,,,,,,,,
Transmission & Substation Design & Operation Symposium (TSDOS) 2021,Transmission & Substation Design & Operation Symposium (TSDOS),2021-09-08,Frisco,TX,"Terracon Consultants, Inc. (Terracon)",terracon.com,,,,,,,,
Transmission & Substation Design & Operation Symposium (TSDOS) 2021,Transmission & Substation Design & Operation Symposium (TSDOS),2021-09-08,Frisco,TX,Prolec Energy,prolec.energy,,,,,,,,
Transmission & Substation Design & Operation Symposium (TSDOS) 2021,Transmission & Substation Design & Operation Symposium (TSDOS),2021-09-08,Frisco,TX,Alabama Power Company,alabamapower.com,,,,,,,,
Transmission & Substation Design & Operation Symposium (TSDOS) 2021,Transmission & Substation Design & Operation Symposium (TSDOS),2021-09-08,Frisco,TX,LCRA,lcra.org,,,,,,,,
Transmission & Substation Design & Operation Symposium (TSDOS) 2021,Transmission & Substation Design & Operation Symposium (TSDOS),2021-09-08,Frisco,TX,"Electrical Consultants, Inc. (ECI)",eciusa.com,,,,,,,,
Transmission & Substation Design & Operation Symposium (TSDOS) 2021,Transmission & Substation Design & Operation Symposium (TSDOS),2021-09-08,Frisco,TX,"Sabre Industries, Inc.",sabreindustries.com,,,,,,,,
Transmission & Substation Design & Operation Symposium (TSDOS) 2021,Transmission & Substation Design & Operation Symposium (TSDOS),2021-09-08,Frisco,TX,Dashiell Corporation,dashiell.com,,,,,,,,
Transmission & Substation Design & Operation Symposium (TSDOS) 2021,Transmission & Substation Design & Operation Symposium (TSDOS),2021-09-08,Frisco,TX,Vaisala,vaisala.com,,,,,,,,
Transmission & Substation Design & Operation Symposium (TSDOS) 2021,Transmission & Substation Design & Operation Symposium (TSDOS),2021-09-08,Frisco,TX,Renewable Energy Systems (RES),res-group.com,,,,,,,,
Transmission & Substation Design & Operation Symposium (TSDOS) 2021,Transmission & Substation Design & Operation Symposium (TSDOS),2021-09-08,Frisco,TX,"Surveying And Mapping, LLC (SAM)",sam.biz,,,,,,,,
Transmission & Substation Design & Operation Symposium (TSDOS) 2021,Transmission & Substation Design & Operation Symposium (TSDOS),2021-09-08,Frisco,TX,Michels Corporation,michels.us,,,,,,,,
Transmission & Substation Design & Operation Symposium (TSDOS) 2021,Transmission & Substation Design & Operation Symposium (TSDOS),2021-09-08,Frisco,TX,AFL Telecommunications,aflglobal.com,,,,,,,,
Transmission & Substation Design & Operation Symposium (TSDOS) 2021,Transmission & Substation Design & Operation Symposium (TSDOS),2021-09-08,Frisco,TX,Megger Group Limited,megger.com,,,,,,,,
Transmission & Substation Design & Operation Symposium (TSDOS) 2021,Transmission & Substation Design & Operation Symposium (TSDOS),2021-09-08,Frisco,TX,"Ulteig Engineers, Inc.",ulteig.com,,,,,,,,
Transmission & Substation Design & Operation Symposium (TSDOS) 2021,Transmission & Substation Design & Operation Symposium (TSDOS),2021-09-08,Frisco,TX,"Saber Power, LLC",saberpower.com,,,,,,,,
Transmission & Substation Design & Operation Symposium (TSDOS) 2021,Transmission & Substation Design & Operation Symposium (TSDOS),2021-09-08,Frisco,TX,Genetec Inc.,genetec.com,,,,,,,,
Transmission & Substation Design & Operation Symposium (TSDOS) 2021,Transmission & Substation Design & Operation Symposium (TSDOS),2021-09-08,Frisco,TX,Kinectrics,kinectrics.com,,,,,,,,
Transmission & Substation Design & Operation Symposium (TSDOS) 2021,Transmission & Substation Design & Operation Symposium (TSDOS),2021-09-08,Frisco,TX,Qualus Corp.,qualuscorp.com,,,,,,,,
Transmission & Substation Design & Operation Symposium (TSDOS) 2021,Transmission & Substation Design & Operation Symposium (TSDOS),2021-09-08,Frisco,TX,"Great Southwestern Construction, Inc.",gswc.us,,,,,,,,
Transmission & Substation Design & Operation Symposium (TSDOS) 2021,Transmission & Substation Design & Operation Symposium (TSDOS),2021-09-08,Frisco,TX,"Mesa Associates, Inc",mesainc.com,,,,,,,,
Transmission & Substation Design & Operation Symposium (TSDOS) 2021,Transmission & Substation Design & Operation Symposium (TSDOS),2021-09-08,Frisco,TX,Chain Electric Company,chainelectric.com,,,,,,,,
Transmission & Substation Design & Operation Symposium (TSDOS) 2021,Transmission & Substation Design & Operation Symposium (TSDOS),2021-09-08,Frisco,TX,"Electric Power Engineers, Inc",epeconsulting.com,,,,,,,,
Transmission & Substation Design & Operation Symposium (TSDOS) 2021,Transmission & Substation Design & Operation Symposium (TSDOS),2021-09-08,Frisco,TX,Stanley Consultants,stanleyconsultants.com,,,,,,,,
Transmission & Substation Design & Operation Symposium (TSDOS) 2021,Transmission & Substation Design & Operation Symposium (TSDOS),2021-09-08,Frisco,TX,Qualitrol,qualitrolcorp.com,,,,,,,,
Transmission & Substation Design & Operation Symposium (TSDOS) 2021,Transmission & Substation Design & Operation Symposium (TSDOS),2021-09-08,Frisco,TX,"Bird Electric Enterprises, LLC",birdelectricinc.com,,,,,,,,
Transmission & Substation Design & Operation Symposium (TSDOS) 2021,Transmission & Substation Design & Operation Symposium (TSDOS),2021-09-08,Frisco,TX,Sediver,sediver.com,,,,,,,,
Transmission & Substation Design & Operation Symposium (TSDOS) 2021,Transmission & Substation Design & Operation Symposium (TSDOS),2021-09-08,Frisco,TX,Expanse Electrical Co.,expanseelectrical.com,,,,,,,,
Transmission & Substation Design & Operation Symposium (TSDOS) 2021,Transmission & Substation Design & Operation Symposium (TSDOS),2021-09-08,Frisco,TX,NPK International Inc.,npki.com,,,,,,,,
Transmission & Substation Design & Operation Symposium (TSDOS) 2021,Transmission & Substation Design & Operation Symposium (TSDOS),2021-09-08,Frisco,TX,Doble Engineering Company,doble.com,,,,,,,,
Transmission & Substation Design & Operation Symposium (TSDOS) 2021,Transmission & Substation Design & Operation Symposium (TSDOS),2021-09-08,Frisco,TX,"DIS-TRAN Steel, LLC",distransteel.com,,,,,,,,
Transmission & Substation Design & Operation Symposium (TSDOS) 2021,Transmission & Substation Design & Operation Symposium (TSDOS),2021-09-08,Frisco,TX,"DynaGrid Construction Group, LLC",dynagrid.com,,,,,,,,
Transmission & Substation Design & Operation Symposium (TSDOS) 2021,Transmission & Substation Design & Operation Symposium (TSDOS),2021-09-08,Frisco,TX,Irby Construction Company,irbyconstruction.com,,,,,,,,
Transmission & Substation Design & Operation Symposium (TSDOS) 2021,Transmission & Substation Design & Operation Symposium (TSDOS),2021-09-08,Frisco,TX,"NEI Electric Power Engineering, Inc.",neiengineering.com,,,,,,,,
Transmission & Substation Design & Operation Symposium (TSDOS) 2021,Transmission & Substation Design & Operation Symposium (TSDOS),2021-09-08,Frisco,TX,Parkline Inc,parkline.com,,,,,,,,
Transmission & Substation Design & Operation Symposium (TSDOS) 2021,Transmission & Substation Design & Operation Symposium (TSDOS),2021-09-08,Frisco,TX,kVP Energy Services,kvpenergy.com,,,,,,,,
Transmission & Substation Design & Operation Symposium (TSDOS) 2021,Transmission & Substation Design & Operation Symposium (TSDOS),2021-09-08,Frisco,TX,Bell Lumber and Pole Company,blpole.com,,,,,,,,
Transmission & Substation Design & Operation Symposium (TSDOS) 2021,Transmission & Substation Design & Operation Symposium (TSDOS),2021-09-08,Frisco,TX,"Preferred Technologies, LLC",pref-tech.com,,,,,,,,
Transmission & Substation Design & Operation Symposium (TSDOS) 2021,Transmission & Substation Design & Operation Symposium (TSDOS),2021-09-08,Frisco,TX,LW Survey Company,lwsurvey.com,,,,,,,,
Transmission & Substation Design & Operation Symposium (TSDOS) 2021,Transmission & Substation Design & Operation Symposium (TSDOS),2021-09-08,Frisco,TX,"Teague Nall and Perkins, Inc.",tnpinc.com,,,,,,,,
Transmission & Substation Design & Operation Symposium (TSDOS) 2021,Transmission & Substation Design & Operation Symposium (TSDOS),2021-09-08,Frisco,TX,"Landpoint, LLC.",landpoint.net,,,,,,,,
Transmission & Substation Design & Operation Symposium (TSDOS) 2021,Transmission & Substation Design & Operation Symposium (TSDOS),2021-09-08,Frisco,TX,Lubbock Power and Light,lpandl.com,,,,,,,,
Transmission & Substation Design & Operation Symposium (TSDOS) 2021,Transmission & Substation Design & Operation Symposium (TSDOS),2021-09-08,Frisco,TX,All-Pro Fasteners Inc.,apf.com,,,,,,,,
Transmission & Substation Design & Operation Symposium (TSDOS) 2021,Transmission & Substation Design & Operation Symposium (TSDOS),2021-09-08,Frisco,TX,CEC,connectcec.com,,,,,,,,
Transmission & Substation Design & Operation Symposium (TSDOS) 2021,Transmission & Substation Design & Operation Symposium (TSDOS),2021-09-08,Frisco,TX,"Commonwealth Associates, Inc.",cai-engr.com,,,,,,,,
Transmission & Substation Design & Operation Symposium (TSDOS) 2021,Transmission & Substation Design & Operation Symposium (TSDOS),2021-09-08,Frisco,TX,NorthStar Energy Services,nses.com,,,,,,,,
Transmission & Substation Design & Operation Symposium (TSDOS) 2021,Transmission & Substation Design & Operation Symposium (TSDOS),2021-09-08,Frisco,TX,Lindapter International,lindapter.com,,,,,,,,
Transmission & Substation Design & Operation Symposium (TSDOS) 2021,Transmission & Substation Design & Operation Symposium (TSDOS),2021-09-08,Frisco,TX,Crown Technical Systems,crowntechnicalsystems.com,,,,,,,,
Transmission & Substation Design & Operation Symposium (TSDOS) 2021,Transmission & Substation Design & Operation Symposium (TSDOS),2021-09-08,Frisco,TX,Sterling Solutions,sterlingsolutions.com,,,,,,,,
Transmission & Substation Design & Operation Symposium (TSDOS) 2021,Transmission & Substation Design & Operation Symposium (TSDOS),2021-09-08,Frisco,TX,Exo Grouop,exoinc.com,,,,,,,,
Transmission & Substation Design & Operation Symposium (TSDOS) 2021,Transmission & Substation Design & Operation Symposium (TSDOS),2021-09-08,Frisco,TX,"Patterson & Dewar Engineers, Inc.",pd-engineers.com,,,,,,,,
Transmission & Substation Design & Operation Symposium (TSDOS) 2021,Transmission & Substation Design & Operation Symposium (TSDOS),2021-09-08,Frisco,TX,"TAPP, inc.",tappinc.com,,,,,,,,
Transmission & Substation Design & Operation Symposium (TSDOS) 2021,Transmission & Substation Design & Operation Symposium (TSDOS),2021-09-08,Frisco,TX,SEnergy,poweredbysenergy.com,,,,,,,,
Transmission & Substation Design & Operation Symposium (TSDOS) 2021,Transmission & Substation Design & Operation Symposium (TSDOS),2021-09-08,Frisco,TX,"Exo Imaging, Inc.",exo.inc,,,,,,,,
Transmission & Substation Design & Operation Symposium (TSDOS) 2021,Transmission & Substation Design & Operation Symposium (TSDOS),2021-09-08,Frisco,TX,"Techline, Inc.",techline-inc.com,,,,,,,,
Transmission & Substation Design & Operation Symposium (TSDOS) 2021,Transmission & Substation Design & Operation Symposium (TSDOS),2021-09-08,Frisco,TX,Southeast Power Corporation,southeastpower.com,,,,,,,,
Transmission & Substation Design & Operation Symposium (TSDOS) 2021,Transmission & Substation Design & Operation Symposium (TSDOS),2021-09-08,Frisco,TX,"EBR Systems, Inc.",ebrsystemsinc.com,,,,,,,,
Transmission & Substation Design & Operation Symposium (TSDOS) 2021,Transmission & Substation Design & Operation Symposium (TSDOS),2021-09-08,Frisco,TX,Pickett USA,pickettusa.com,,,,,,,,
Transmission & Substation Design & Operation Symposium (TSDOS) 2021,Transmission & Substation Design & Operation Symposium (TSDOS),2021-09-08,Frisco,TX,Incab America,incabamerica.com,,,,,,,,
Transmission & Substation Design & Operation Symposium (TSDOS) 2021,Transmission & Substation Design & Operation Symposium (TSDOS),2021-09-08,Frisco,TX,"Crux Subsurface, Inc.",cruxsub.com,,,,,,,,
Transmission & Substation Design & Operation Symposium (TSDOS) 2021,Transmission & Substation Design & Operation Symposium (TSDOS),2021-09-08,Frisco,TX,DIS-TRAN Packaged Substations,distransubstations.com,,,,,,,,
Transmission & Substation Design & Operation Symposium (TSDOS) 2021,Transmission & Substation Design & Operation Symposium (TSDOS),2021-09-08,Frisco,TX,FB Timberline,fbtimberline.com,,,,,YES,campaign-P2,T3,YES
Transmission & Substation Design & Operation Symposium (TSDOS) 2021,Transmission & Substation Design & Operation Symposium (TSDOS),2021-09-08,Frisco,TX,ASEC Engineers,asec-engineers.com,,,,,,,,
Transmission & Substation Design & Operation Symposium (TSDOS) 2021,Transmission & Substation Design & Operation Symposium (TSDOS),2021-09-08,Frisco,TX,"Spartan Infrastructure, Inc.",spartaninfra.com,,,,,,,,
Transmission & Substation Design & Operation Symposium (TSDOS) 2021,Transmission & Substation Design & Operation Symposium (TSDOS),2021-09-08,Frisco,TX,"McCord Engineering, Inc.",mccordeng.com,,,,,YES,valDQ-review,?,
Transmission & Substation Design & Operation Symposium (TSDOS) 2021,Transmission & Substation Design & Operation Symposium (TSDOS),2021-09-08,Frisco,TX,"Normandy Machine Company, Inc.",normandymachine.com,,,,,,,,
Transmission & Substation Design & Operation Symposium (TSDOS) 2021,Transmission & Substation Design & Operation Symposium (TSDOS),2021-09-08,Frisco,TX,Knight Engineering & Construction,kecinc.net,,,,,,,,
Transmission & Substation Design & Operation Symposium (TSDOS) 2021,Transmission & Substation Design & Operation Symposium (TSDOS),2021-09-08,Frisco,TX,"Synchrogrid Limited, Llc",synchrogrid.com,,,,,,,,
Transmission & Substation Design & Operation Symposium (TSDOS) 2021,Transmission & Substation Design & Operation Symposium (TSDOS),2021-09-08,Frisco,TX,Meyer Utility Structures,trinitymeyer.com,,,,,,,,
Transmission & Substation Design & Operation Symposium (TSDOS) 2021,Transmission & Substation Design & Operation Symposium (TSDOS),2021-09-08,Frisco,TX,Power Consulting Associates,powerconsultingassociates.com,,,,,YES,master-P3,E12,
Transmission & Substation Design & Operation Symposium (TSDOS) 2021,Transmission & Substation Design & Operation Symposium (TSDOS),2021-09-08,Frisco,TX,MICA Corporation-Highway Construction,micacorporation.com,,,,,,,,
Transmission & Substation Design & Operation Symposium (TSDOS) 2021,Transmission & Substation Design & Operation Symposium (TSDOS),2021-09-08,Frisco,TX,Woolpert,woolpert.com,,,,,,,,
Transmission & Substation Design & Operation Symposium (TSDOS) 2021,Transmission & Substation Design & Operation Symposium (TSDOS),2021-09-08,Frisco,TX,Butler & Land Inc,butlerandland.com,,,,,,,,
Transmission & Substation Design & Operation Symposium (TSDOS) 2021,Transmission & Substation Design & Operation Symposium (TSDOS),2021-09-08,Frisco,TX,K D Johnson Inc,kdjinc.com,,,,,,,,
Transmission & Substation Design & Operation Symposium (TSDOS) 2021,Transmission & Substation Design & Operation Symposium (TSDOS),2021-09-08,Frisco,TX,"J.H. Davidson & Associates, LLC",jhdavidson.com,,,,,,,,
Transmission & Substation Design & Operation Symposium (TSDOS) 2021,Transmission & Substation Design & Operation Symposium (TSDOS),2021-09-08,Frisco,TX,FDH Infrastructure Services,fdh-is.com,,,,,,,,
Transmission & Substation Design & Operation Symposium (TSDOS) 2021,Transmission & Substation Design & Operation Symposium (TSDOS),2021-09-08,Frisco,TX,"Sempco Surveying, Inc.",sempcosurveying.com,,,,,,,,
Transmission & Substation Design & Operation Symposium (TSDOS) 2021,Transmission & Substation Design & Operation Symposium (TSDOS),2021-09-08,Frisco,TX,"EHV Solutions, LLC.",ehvsolutions.com,,,,,,,,
Transmission & Substation Design & Operation Symposium (TSDOS) 2021,Transmission & Substation Design & Operation Symposium (TSDOS),2021-09-08,Frisco,TX,Burns & McDonnell,burnsmcd.com,,,,,,,,
Transmission & Substation Design & Operation Symposium (TSDOS) 2021,Transmission & Substation Design & Operation Symposium (TSDOS),2021-09-08,Frisco,TX,Lifescale Analytics,lifescaleanalytics.com,,,,,,,,
Transmission & Substation Design & Operation Symposium (TSDOS) 2021,Transmission & Substation Design & Operation Symposium (TSDOS),2021-09-08,Frisco,TX,"Laminated Wood Systems, Inc.",lwsinc.com,,,,,,,,
Transmission & Substation Design & Operation Symposium (TSDOS) 2021,Transmission & Substation Design & Operation Symposium (TSDOS),2021-09-08,Frisco,TX,"POWER Engineers, Incorporated",powereng.com,,,,,,,,
Transmission & Substation Design & Operation Symposium (TSDOS) 2021,Transmission & Substation Design & Operation Symposium (TSDOS),2021-09-08,Frisco,TX,Keasler Associates,keasler.com,,,,,,,,
Transmission & Substation Design & Operation Symposium (TSDOS) 2021,Transmission & Substation Design & Operation Symposium (TSDOS),2021-09-08,Frisco,TX,Utility Sales Agents of North Texas,usantx.com,,,,,,,,
Transmission & Substation Design & Operation Symposium (TSDOS) 2021,Transmission & Substation Design & Operation Symposium (TSDOS),2021-09-08,Frisco,TX,Oberlender & Associates,oberlender.com,,,,,,,,
Transmission & Substation Design & Operation Symposium (TSDOS) 2021,Transmission & Substation Design & Operation Symposium (TSDOS),2021-09-08,Frisco,TX,Deloney Company,deloney.com,,,,,,,,
Transmission & Substation Design & Operation Symposium (TSDOS) 2021,Transmission & Substation Design & Operation Symposium (TSDOS),2021-09-08,Frisco,TX,"Hawrylak & Associates, LLC",hawkandassociates.com,"New Mexico, USA",10,Bootstrapped,,,,,
Transmission & Substation Design & Operation Symposium (TSDOS) 2021,Transmission & Substation Design & Operation Symposium (TSDOS),2021-09-08,Frisco,TX,Utility Sales Agents Of Oklahoma Inc.,utilitysalesok.com,"Oklahoma City, OK",4,Bootstrapped,1974,,,,
Transmission & Substation Design & Operation Symposium (TSDOS) 2021,Transmission & Substation Design & Operation Symposium (TSDOS),2021-09-08,Frisco,TX,"Utility Power Solutions, LLC",utilitypowers.com,"Houston, TX",,Bootstrapped,,,,,
Transmission & Substation Design & Operation Symposium (TSDOS) 2021,Transmission & Substation Design & Operation Symposium (TSDOS),2021-09-08,Frisco,TX,Lapp Insulator Company LLC,lappinsulators.com,"Wunsiedel, Germany",,Private Subsidiary,1917,,,,
Transmission & Substation Design & Operation Symposium (TSDOS) 2021,Transmission & Substation Design & Operation Symposium (TSDOS),2021-09-08,Frisco,TX,Irby Utilities,irbyutilities.com,"Fargo, USA",,Private Subsidiary,1926,,,,
Transmission & Substation Design & Operation Symposium (TSDOS) 2021,Transmission & Substation Design & Operation Symposium (TSDOS),2021-09-08,Frisco,TX,Evergy Co.,evergy.com,,,,,,,,
Transmission & Substation Design & Operation Symposium (TSDOS) 2021,Transmission & Substation Design & Operation Symposium (TSDOS),2021-09-08,Frisco,TX,T-CORR,tcorr.com,,,,,,,,
Transmission & Substation Design & Operation Symposium (TSDOS) 2021,Transmission & Substation Design & Operation Symposium (TSDOS),2021-09-08,Frisco,TX,Sanpec Excellence,sanpec-excellence.com,,,,,,,,
Electrical Apparatus Service Association (EASA) Convention & Solutions Expo 2023,Electrical Apparatus Service Association (EASA) Convention & Solutions Expo,2023-06-24,Oxon Hill,MD,ABB Asea Brown Boveri Ltd.,abb.com,"Zürich, Switzerland",439252,Public,1988,,,,
Electrical Apparatus Service Association (EASA) Convention & Solutions Expo 2023,Electrical Apparatus Service Association (EASA) Convention & Solutions Expo,2023-06-24,Oxon Hill,MD,Schaeffler AG,schaeffler.com,"Herzogenaurach, Germany",183044,Private Subsidiary,2011,,,,
Electrical Apparatus Service Association (EASA) Convention & Solutions Expo 2023,Electrical Apparatus Service Association (EASA) Convention & Solutions Expo,2023-06-24,Oxon Hill,MD,Siemens AG,siemens.com,"München, Germany",611022,Private Subsidiary,1847,,,,
Electrical Apparatus Service Association (EASA) Convention & Solutions Expo 2023,Electrical Apparatus Service Association (EASA) Convention & Solutions Expo,2023-06-24,Oxon Hill,MD,Sulzer,sulzer.com,"Winterthur, Switzerland",33945,Public,1919,,,,
Electrical Apparatus Service Association (EASA) Convention & Solutions Expo 2023,Electrical Apparatus Service Association (EASA) Convention & Solutions Expo,2023-06-24,Oxon Hill,MD,Texas A&M University,tamu.edu,"College Station, TX",31014,,1876,,,,
Electrical Apparatus Service Association (EASA) Convention & Solutions Expo 2023,Electrical Apparatus Service Association (EASA) Convention & Solutions Expo,2023-06-24,Oxon Hill,MD,Morgan Advanced Materials,morganadvancedmaterials.com,,,,,,,,
Electrical Apparatus Service Association (EASA) Convention & Solutions Expo 2023,Electrical Apparatus Service Association (EASA) Convention & Solutions Expo,2023-06-24,Oxon Hill,MD,Miba AG,miba.com,,,,,,,,
Electrical Apparatus Service Association (EASA) Convention & Solutions Expo 2023,Electrical Apparatus Service Association (EASA) Convention & Solutions Expo,2023-06-24,Oxon Hill,MD,NTN Bearing Corporation,ntnamericas.com,,,,,,,,
Electrical Apparatus Service Association (EASA) Convention & Solutions Expo 2023,Electrical Apparatus Service Association (EASA) Convention & Solutions Expo,2023-06-24,Oxon Hill,MD,Rexnord,rexnord.com,,,,,,,,
Electrical Apparatus Service Association (EASA) Convention & Solutions Expo 2023,Electrical Apparatus Service Association (EASA) Convention & Solutions Expo,2023-06-24,Oxon Hill,MD,Megger Group Limited,megger.com,,,,,,,,
Electrical Apparatus Service Association (EASA) Convention & Solutions Expo 2023,Electrical Apparatus Service Association (EASA) Convention & Solutions Expo,2023-06-24,Oxon Hill,MD,"EIS Legacy, LLC",eis-inc.com,,,,,,,,
Electrical Apparatus Service Association (EASA) Convention & Solutions Expo 2023,Electrical Apparatus Service Association (EASA) Convention & Solutions Expo,2023-06-24,Oxon Hill,MD,ISOVOLTA Group,isovolta.com,,,,,,,,
Electrical Apparatus Service Association (EASA) Convention & Solutions Expo 2023,Electrical Apparatus Service Association (EASA) Convention & Solutions Expo,2023-06-24,Oxon Hill,MD,"RPM International, Inc.",rpminc.com,,,,,,,,
Electrical Apparatus Service Association (EASA) Convention & Solutions Expo 2023,Electrical Apparatus Service Association (EASA) Convention & Solutions Expo,2023-06-24,Oxon Hill,MD,"Marmon Holdings, Inc.",marmon.com,,,,,,,,
Electrical Apparatus Service Association (EASA) Convention & Solutions Expo 2023,Electrical Apparatus Service Association (EASA) Convention & Solutions Expo,2023-06-24,Oxon Hill,MD,"Elantas Pdg, Inc.",elantas.com,,,,,,,,
Electrical Apparatus Service Association (EASA) Convention & Solutions Expo 2023,Electrical Apparatus Service Association (EASA) Convention & Solutions Expo,2023-06-24,Oxon Hill,MD,University of Arkansas - Fort Smith,uafs.edu,,,,,,,,
Electrical Apparatus Service Association (EASA) Convention & Solutions Expo 2023,Electrical Apparatus Service Association (EASA) Convention & Solutions Expo,2023-06-24,Oxon Hill,MD,Toshiba Corporation.,toshiba.com,,,,,,,,
Electrical Apparatus Service Association (EASA) Convention & Solutions Expo 2023,Electrical Apparatus Service Association (EASA) Convention & Solutions Expo,2023-06-24,Oxon Hill,MD,National Electric Coil,national-electric-coil.com,,,,,,,,
Electrical Apparatus Service Association (EASA) Convention & Solutions Expo 2023,Electrical Apparatus Service Association (EASA) Convention & Solutions Expo,2023-06-24,Oxon Hill,MD,"Benshaw, Inc.",benshaw.com,,,,,,,,
Electrical Apparatus Service Association (EASA) Convention & Solutions Expo 2023,Electrical Apparatus Service Association (EASA) Convention & Solutions Expo,2023-06-24,Oxon Hill,MD,Acoem,acoem.com,,,,,,,,
Electrical Apparatus Service Association (EASA) Convention & Solutions Expo 2023,Electrical Apparatus Service Association (EASA) Convention & Solutions Expo,2023-06-24,Oxon Hill,MD,Helwig Carbon Products,helwigcarbon.com,,,,,,,,
Electrical Apparatus Service Association (EASA) Convention & Solutions Expo 2023,Electrical Apparatus Service Association (EASA) Convention & Solutions Expo,2023-06-24,Oxon Hill,MD,The Gund Company,thegundcompany.com,,,,,,,,
Electrical Apparatus Service Association (EASA) Convention & Solutions Expo 2023,Electrical Apparatus Service Association (EASA) Convention & Solutions Expo,2023-06-24,Oxon Hill,MD,Rea Magnet Wire,reawire.com,,,,,,,,
Electrical Apparatus Service Association (EASA) Convention & Solutions Expo 2023,Electrical Apparatus Service Association (EASA) Convention & Solutions Expo,2023-06-24,Oxon Hill,MD,Endeavor Business Media,endeavorb2b.com,,,,,,,,
Electrical Apparatus Service Association (EASA) Convention & Solutions Expo 2023,Electrical Apparatus Service Association (EASA) Convention & Solutions Expo,2023-06-24,Oxon Hill,MD,TECO-Westinghouse,tecowestinghouse.com,,,,,,,,
Electrical Apparatus Service Association (EASA) Convention & Solutions Expo 2023,Electrical Apparatus Service Association (EASA) Convention & Solutions Expo,2023-06-24,Oxon Hill,MD,B & D Industrial,bdindustrial.com,,,,,,,,
Electrical Apparatus Service Association (EASA) Convention & Solutions Expo 2023,Electrical Apparatus Service Association (EASA) Convention & Solutions Expo,2023-06-24,Oxon Hill,MD,WorldWide Electric Corp.,worldwideelectric.com,,,,,,,,
Electrical Apparatus Service Association (EASA) Convention & Solutions Expo 2023,Electrical Apparatus Service Association (EASA) Convention & Solutions Expo,2023-06-24,Oxon Hill,MD,MTE Corporation,mtecorp.com,,,,,,,,
Electrical Apparatus Service Association (EASA) Convention & Solutions Expo 2023,Electrical Apparatus Service Association (EASA) Convention & Solutions Expo,2023-06-24,Oxon Hill,MD,Alabama Specialty Product,alspi.com,,,,,,,,
Electrical Apparatus Service Association (EASA) Convention & Solutions Expo 2023,Electrical Apparatus Service Association (EASA) Convention & Solutions Expo,2023-06-24,Oxon Hill,MD,Bmr Spa,bmr.it,,,,,,,,
Electrical Apparatus Service Association (EASA) Convention & Solutions Expo 2023,Electrical Apparatus Service Association (EASA) Convention & Solutions Expo,2023-06-24,Oxon Hill,MD,Preformed Windings Limited,preformedwindings.com,,,,,,,,
Electrical Apparatus Service Association (EASA) Convention & Solutions Expo 2023,Electrical Apparatus Service Association (EASA) Convention & Solutions Expo,2023-06-24,Oxon Hill,MD,"KCF Technologies, Inc.",kcftech.com,,,,,,,,
Electrical Apparatus Service Association (EASA) Convention & Solutions Expo 2023,Electrical Apparatus Service Association (EASA) Convention & Solutions Expo,2023-06-24,Oxon Hill,MD,Nachi America Inc.,nachiamerica.com,,,,,,,,
Electrical Apparatus Service Association (EASA) Convention & Solutions Expo 2023,Electrical Apparatus Service Association (EASA) Convention & Solutions Expo,2023-06-24,Oxon Hill,MD,Essex Brownell,essexbrownell.com,,,,,,,,
Electrical Apparatus Service Association (EASA) Convention & Solutions Expo 2023,Electrical Apparatus Service Association (EASA) Convention & Solutions Expo,2023-06-24,Oxon Hill,MD,Godfrey & Wing Inc.,godfreywing.com,,,,,,,,
Electrical Apparatus Service Association (EASA) Convention & Solutions Expo 2023,Electrical Apparatus Service Association (EASA) Convention & Solutions Expo,2023-06-24,Oxon Hill,MD,Brehob Corporation,brehob.com,,,,,,,,
Electrical Apparatus Service Association (EASA) Convention & Solutions Expo 2023,Electrical Apparatus Service Association (EASA) Convention & Solutions Expo,2023-06-24,Oxon Hill,MD,Von Roll,vonroll.com,,,,,,,,
Electrical Apparatus Service Association (EASA) Convention & Solutions Expo 2023,Electrical Apparatus Service Association (EASA) Convention & Solutions Expo,2023-06-24,Oxon Hill,MD,HECO,hecoinc.com,,,,,YES,master-DQ,S7,
Electrical Apparatus Service Association (EASA) Convention & Solutions Expo 2023,Electrical Apparatus Service Association (EASA) Convention & Solutions Expo,2023-06-24,Oxon Hill,MD,Electro Static Technology,est-aegis.com,,,,,,,,
Electrical Apparatus Service Association (EASA) Convention & Solutions Expo 2023,Electrical Apparatus Service Association (EASA) Convention & Solutions Expo,2023-06-24,Oxon Hill,MD,"Bartlett Bearing Company, Inc.",bartlettbearing.com,,,,,,,,
Electrical Apparatus Service Association (EASA) Convention & Solutions Expo 2023,Electrical Apparatus Service Association (EASA) Convention & Solutions Expo,2023-06-24,Oxon Hill,MD,The Electric Materials Company,elecmat.com,,,,,,,,
Electrical Apparatus Service Association (EASA) Convention & Solutions Expo 2023,Electrical Apparatus Service Association (EASA) Convention & Solutions Expo,2023-06-24,Oxon Hill,MD,"Dykman Electrical, Inc.",dykman.com,,,,,,,,
Electrical Apparatus Service Association (EASA) Convention & Solutions Expo 2023,Electrical Apparatus Service Association (EASA) Convention & Solutions Expo,2023-06-24,Oxon Hill,MD,Etheredge Industrial Services,eecmotor.com,,,,,YES,campaign-P2,S7,YES
Electrical Apparatus Service Association (EASA) Convention & Solutions Expo 2023,Electrical Apparatus Service Association (EASA) Convention & Solutions Expo,2023-06-24,Oxon Hill,MD,Illinois Electric Works Inc.,illinoiselectric.com,,,,,,,,
Electrical Apparatus Service Association (EASA) Convention & Solutions Expo 2023,Electrical Apparatus Service Association (EASA) Convention & Solutions Expo,2023-06-24,Oxon Hill,MD,"Flex-A-Seal, Inc.",flexaseal.com,,,,,,,,
Electrical Apparatus Service Association (EASA) Convention & Solutions Expo 2023,Electrical Apparatus Service Association (EASA) Convention & Solutions Expo,2023-06-24,Oxon Hill,MD,Hansford Sensors Ltd,hansfordsensors.com,,,,,,,,
Electrical Apparatus Service Association (EASA) Convention & Solutions Expo 2023,Electrical Apparatus Service Association (EASA) Convention & Solutions Expo,2023-06-24,Oxon Hill,MD,Relayr,relayr.io,,,,,,,,
Electrical Apparatus Service Association (EASA) Convention & Solutions Expo 2023,Electrical Apparatus Service Association (EASA) Convention & Solutions Expo,2023-06-24,Oxon Hill,MD,Precision Electric Motor Sales,pemsmotors.com,,,,,,,,
Electrical Apparatus Service Association (EASA) Convention & Solutions Expo 2023,Electrical Apparatus Service Association (EASA) Convention & Solutions Expo,2023-06-24,Oxon Hill,MD,Hibbs ElectroMechanical Inc.,hibbsinc.com,,,,,YES,campaign-P2,S7,YES
Electrical Apparatus Service Association (EASA) Convention & Solutions Expo 2023,Electrical Apparatus Service Association (EASA) Convention & Solutions Expo,2023-06-24,Oxon Hill,MD,Jenkins Electric Company,jenkinselectric.com,,,,,YES,campaign-P2,S7,YES
Electrical Apparatus Service Association (EASA) Convention & Solutions Expo 2023,Electrical Apparatus Service Association (EASA) Convention & Solutions Expo,2023-06-24,Oxon Hill,MD,Packard Inc.,packardonline.com,,,,,,,,
Electrical Apparatus Service Association (EASA) Convention & Solutions Expo 2023,Electrical Apparatus Service Association (EASA) Convention & Solutions Expo,2023-06-24,Oxon Hill,MD,Parts Super Center,partssupercenter.com,,,,,,,,
Electrical Apparatus Service Association (EASA) Convention & Solutions Expo 2023,Electrical Apparatus Service Association (EASA) Convention & Solutions Expo,2023-06-24,Oxon Hill,MD,Ideal Electric Company,theidealelectric.com,,,,,,,,
Electrical Apparatus Service Association (EASA) Convention & Solutions Expo 2023,Electrical Apparatus Service Association (EASA) Convention & Solutions Expo,2023-06-24,Oxon Hill,MD,"Cutsforth, Inc.",cutsforth.com,,,,,,,,
Electrical Apparatus Service Association (EASA) Convention & Solutions Expo 2023,Electrical Apparatus Service Association (EASA) Convention & Solutions Expo,2023-06-24,Oxon Hill,MD,York Repair Inc.,yorkrepair.com,,,,,YES,campaign-P2,S7,YES
Electrical Apparatus Service Association (EASA) Convention & Solutions Expo 2023,Electrical Apparatus Service Association (EASA) Convention & Solutions Expo,2023-06-24,Oxon Hill,MD,Precision Coil & Rotor,pecoil.com,,,,,,,,
Electrical Apparatus Service Association (EASA) Convention & Solutions Expo 2023,Electrical Apparatus Service Association (EASA) Convention & Solutions Expo,2023-06-24,Oxon Hill,MD,"North American Electric, Inc.",naemotors.com,,,,,,,,
Electrical Apparatus Service Association (EASA) Convention & Solutions Expo 2023,Electrical Apparatus Service Association (EASA) Convention & Solutions Expo,2023-06-24,Oxon Hill,MD,"Advanced Rotors, Inc.",advrotors.com,,,,,,,,
Electrical Apparatus Service Association (EASA) Convention & Solutions Expo 2023,Electrical Apparatus Service Association (EASA) Convention & Solutions Expo,2023-06-24,Oxon Hill,MD,"Ludeca, Inc.",ludeca.com,,,,,YES,valDQ-review,?,
Electrical Apparatus Service Association (EASA) Convention & Solutions Expo 2023,Electrical Apparatus Service Association (EASA) Convention & Solutions Expo,2023-06-24,Oxon Hill,MD,"Force Control Industries, Inc.",forcecontrol.com,,,,,,,,
Electrical Apparatus Service Association (EASA) Convention & Solutions Expo 2023,Electrical Apparatus Service Association (EASA) Convention & Solutions Expo,2023-06-24,Oxon Hill,MD,AEMC Instruments,aemc.com,,,,,,,,
Electrical Apparatus Service Association (EASA) Convention & Solutions Expo 2023,Electrical Apparatus Service Association (EASA) Convention & Solutions Expo,2023-06-24,Oxon Hill,MD,Odyssey Investment Partners,odysseyinvestment.com,,,,,,,,
Electrical Apparatus Service Association (EASA) Convention & Solutions Expo 2023,Electrical Apparatus Service Association (EASA) Convention & Solutions Expo,2023-06-24,Oxon Hill,MD,Techtop Industries,techtopind.com,,,,,,,,
Electrical Apparatus Service Association (EASA) Convention & Solutions Expo 2023,Electrical Apparatus Service Association (EASA) Convention & Solutions Expo,2023-06-24,Oxon Hill,MD,Akard Commutator Of Tennessee (Act),act-inc.com,,,,,,,,
Electrical Apparatus Service Association (EASA) Convention & Solutions Expo 2023,Electrical Apparatus Service Association (EASA) Convention & Solutions Expo,2023-06-24,Oxon Hill,MD,Sifco ASC,sifcoasc.com,,,,,,,,
Electrical Apparatus Service Association (EASA) Convention & Solutions Expo 2023,Electrical Apparatus Service Association (EASA) Convention & Solutions Expo,2023-06-24,Oxon Hill,MD,RDI Technologies Inc.,rditechnologies.com,,,,,,,,
Electrical Apparatus Service Association (EASA) Convention & Solutions Expo 2023,Electrical Apparatus Service Association (EASA) Convention & Solutions Expo,2023-06-24,Oxon Hill,MD,K&N Electric Motors Inc.,knelectric.com,,,,,,,,
Electrical Apparatus Service Association (EASA) Convention & Solutions Expo 2023,Electrical Apparatus Service Association (EASA) Convention & Solutions Expo,2023-06-24,Oxon Hill,MD,England & Company,englandco.com,,,,,,,,
Electrical Apparatus Service Association (EASA) Convention & Solutions Expo 2023,Electrical Apparatus Service Association (EASA) Convention & Solutions Expo,2023-06-24,Oxon Hill,MD,Erbessd Instruments,erbessd-instruments.com,,,,,,,,
Electrical Apparatus Service Association (EASA) Convention & Solutions Expo 2023,Electrical Apparatus Service Association (EASA) Convention & Solutions Expo,2023-06-24,Oxon Hill,MD,"Lubbock Electric Company, LLC",lubbockelectric.com,,,,,,,,
Electrical Apparatus Service Association (EASA) Convention & Solutions Expo 2023,Electrical Apparatus Service Association (EASA) Convention & Solutions Expo,2023-06-24,Oxon Hill,MD,Service First Processing,sfprocessing.com,,,,,,,,
Electrical Apparatus Service Association (EASA) Convention & Solutions Expo 2023,Electrical Apparatus Service Association (EASA) Convention & Solutions Expo,2023-06-24,Oxon Hill,MD,Nippon Rika,nipponrika.jp,,,,,,,,
Electrical Apparatus Service Association (EASA) Convention & Solutions Expo 2023,Electrical Apparatus Service Association (EASA) Convention & Solutions Expo,2023-06-24,Oxon Hill,MD,Advanced Energy,advancedenergy.org,,,,,,,,
Electrical Apparatus Service Association (EASA) Convention & Solutions Expo 2023,Electrical Apparatus Service Association (EASA) Convention & Solutions Expo,2023-06-24,Oxon Hill,MD,Pollution Control Products Company,pcpconline.com,,,,,,,,
Electrical Apparatus Service Association (EASA) Convention & Solutions Expo 2023,Electrical Apparatus Service Association (EASA) Convention & Solutions Expo,2023-06-24,Oxon Hill,MD,SDT International SA/NV,sdtultrasound.com,,,,,,,,
Electrical Apparatus Service Association (EASA) Convention & Solutions Expo 2023,Electrical Apparatus Service Association (EASA) Convention & Solutions Expo,2023-06-24,Oxon Hill,MD,Midwest Promotional Group,midwestgrp.com,,,,,,,,
Electrical Apparatus Service Association (EASA) Convention & Solutions Expo 2023,Electrical Apparatus Service Association (EASA) Convention & Solutions Expo,2023-06-24,Oxon Hill,MD,Pittsburgh Electrical Insulation (PEI),peipittsburgh.com,,,,,,,,
Electrical Apparatus Service Association (EASA) Convention & Solutions Expo 2023,Electrical Apparatus Service Association (EASA) Convention & Solutions Expo,2023-06-24,Oxon Hill,MD,Powertec,powertecmotors.com,,,,,,,,
Electrical Apparatus Service Association (EASA) Convention & Solutions Expo 2023,Electrical Apparatus Service Association (EASA) Convention & Solutions Expo,2023-06-24,Oxon Hill,MD,PdMA Corporation,pdma.com,,,,,,,,
Electrical Apparatus Service Association (EASA) Convention & Solutions Expo 2023,Electrical Apparatus Service Association (EASA) Convention & Solutions Expo,2023-06-24,Oxon Hill,MD,InterNational Electrical Testing Association (NETA),netaworld.org,,,,,,,,
Electrical Apparatus Service Association (EASA) Convention & Solutions Expo 2023,Electrical Apparatus Service Association (EASA) Convention & Solutions Expo,2023-06-24,Oxon Hill,MD,ICC International,iccinternational.com,,,,,,,,
Electrical Apparatus Service Association (EASA) Convention & Solutions Expo 2023,Electrical Apparatus Service Association (EASA) Convention & Solutions Expo,2023-06-24,Oxon Hill,MD,"High Voltage, Inc.",hvinc.com,,,,,,,,
Electrical Apparatus Service Association (EASA) Convention & Solutions Expo 2023,Electrical Apparatus Service Association (EASA) Convention & Solutions Expo,2023-06-24,Oxon Hill,MD,"ESR Motor Systems, LLC",esrmotors.com,,,,,,,,
Electrical Apparatus Service Association (EASA) Convention & Solutions Expo 2023,Electrical Apparatus Service Association (EASA) Convention & Solutions Expo,2023-06-24,Oxon Hill,MD,"A&W Electric, Inc.",aandwelectric.com,,,,,YES,campaign-P2,T4,YES
Electrical Apparatus Service Association (EASA) Convention & Solutions Expo 2023,Electrical Apparatus Service Association (EASA) Convention & Solutions Expo,2023-06-24,Oxon Hill,MD,ABRO Balancing,abrobalancing.com,,,,,,,,
Electrical Apparatus Service Association (EASA) Convention & Solutions Expo 2023,Electrical Apparatus Service Association (EASA) Convention & Solutions Expo,2023-06-24,Oxon Hill,MD,"Burford Electric Service, Inc.",burfordinc.com,,,,,YES,campaign-P2,S7,YES
Electrical Apparatus Service Association (EASA) Convention & Solutions Expo 2023,Electrical Apparatus Service Association (EASA) Convention & Solutions Expo,2023-06-24,Oxon Hill,MD,"Fusion Babbitting Co., Inc.",fusionbabbitting.com,,,,,,,,
Electrical Apparatus Service Association (EASA) Convention & Solutions Expo 2023,Electrical Apparatus Service Association (EASA) Convention & Solutions Expo,2023-06-24,Oxon Hill,MD,Noren Thermal Solutions,norenthermal.com,,,,,,,,
Electrical Apparatus Service Association (EASA) Convention & Solutions Expo 2023,Electrical Apparatus Service Association (EASA) Convention & Solutions Expo,2023-06-24,Oxon Hill,MD,Northwest Electric,nwelectric.com,,,,,,,,
Electrical Apparatus Service Association (EASA) Convention & Solutions Expo 2023,Electrical Apparatus Service Association (EASA) Convention & Solutions Expo,2023-06-24,Oxon Hill,MD,CAM Innovation,caminnovation.com,,,,,,,,
Electrical Apparatus Service Association (EASA) Convention & Solutions Expo 2023,Electrical Apparatus Service Association (EASA) Convention & Solutions Expo,2023-06-24,Oxon Hill,MD,Industrial Electro Mechanics,iemsavannah.com,,,,,YES,campaign-Nurture,S7,YES
Electrical Apparatus Service Association (EASA) Convention & Solutions Expo 2023,Electrical Apparatus Service Association (EASA) Convention & Solutions Expo,2023-06-24,Oxon Hill,MD,Cahaba Media Group,cahabamedia.com,,,,,,,,
Electrical Apparatus Service Association (EASA) Convention & Solutions Expo 2023,Electrical Apparatus Service Association (EASA) Convention & Solutions Expo,2023-06-24,Oxon Hill,MD,IRD Balancing,irdproducts.com,,,,,,,,
Electrical Apparatus Service Association (EASA) Convention & Solutions Expo 2023,Electrical Apparatus Service Association (EASA) Convention & Solutions Expo,2023-06-24,Oxon Hill,MD,Electrom Instruments,electrominst.com,,,,,,,,
Electrical Apparatus Service Association (EASA) Convention & Solutions Expo 2023,Electrical Apparatus Service Association (EASA) Convention & Solutions Expo,2023-06-24,Oxon Hill,MD,Matlock Electric Company,matlock-electric.com,,,,,,,,
Electrical Apparatus Service Association (EASA) Convention & Solutions Expo 2023,Electrical Apparatus Service Association (EASA) Convention & Solutions Expo,2023-06-24,Oxon Hill,MD,M.G.M. Electric Motors,mgmelectricmotors.com,,,,,,,,
Electrical Apparatus Service Association (EASA) Convention & Solutions Expo 2023,Electrical Apparatus Service Association (EASA) Convention & Solutions Expo,2023-06-24,Oxon Hill,MD,Steelman Industries Inc,steelman.com,,,,,,,,
Electrical Apparatus Service Association (EASA) Convention & Solutions Expo 2023,Electrical Apparatus Service Association (EASA) Convention & Solutions Expo,2023-06-24,Oxon Hill,MD,Asheville Mica Company,ashevillemica.com,,,,,,,,
Electrical Apparatus Service Association (EASA) Convention & Solutions Expo 2023,Electrical Apparatus Service Association (EASA) Convention & Solutions Expo,2023-06-24,Oxon Hill,MD,"Ohio Carbon Industries, Inc.",ohiocarbon.com,,,,,,,,
Electrical Apparatus Service Association (EASA) Convention & Solutions Expo 2023,Electrical Apparatus Service Association (EASA) Convention & Solutions Expo,2023-06-24,Oxon Hill,MD,"Stewart's Electric Motor Works, Inc.",semw.net,,,,,YES,campaign-P2,S7,YES
Electrical Apparatus Service Association (EASA) Convention & Solutions Expo 2023,Electrical Apparatus Service Association (EASA) Convention & Solutions Expo,2023-06-24,Oxon Hill,MD,"STAR Technology, Inc.",star-technology.com,"Waterloo, IN",26,Bootstrapped,1989,,,,
Electrical Apparatus Service Association (EASA) Convention & Solutions Expo 2023,Electrical Apparatus Service Association (EASA) Convention & Solutions Expo,2023-06-24,Oxon Hill,MD,Dings Co.,dingsbrakes.com,"Milwaukee, WI",25,Bootstrapped,1953,,,,
Electrical Apparatus Service Association (EASA) Convention & Solutions Expo 2023,Electrical Apparatus Service Association (EASA) Convention & Solutions Expo,2023-06-24,Oxon Hill,MD,Spring Point,springpt.com,"Portland, ME",25,Public Subsidiary,2015,,,,
Electrical Apparatus Service Association (EASA) Convention & Solutions Expo 2023,Electrical Apparatus Service Association (EASA) Convention & Solutions Expo,2023-06-24,Oxon Hill,MD,"Energy Management, Inc.",emienergy.com,"Boston, MA",24,Bootstrapped,,,,,
Electrical Apparatus Service Association (EASA) Convention & Solutions Expo 2023,Electrical Apparatus Service Association (EASA) Convention & Solutions Expo,2023-06-24,Oxon Hill,MD,Tatung,tatung.com,"Taipei, Taiwan",3500,Public,1918,,,,
Electrical Apparatus Service Association (EASA) Convention & Solutions Expo 2023,Electrical Apparatus Service Association (EASA) Convention & Solutions Expo,2023-06-24,Oxon Hill,MD,Nidec,nidec.com,,,,,,,,
Electrical Apparatus Service Association (EASA) Convention & Solutions Expo 2023,Electrical Apparatus Service Association (EASA) Convention & Solutions Expo,2023-06-24,Oxon Hill,MD,VFDs.com,vfds.com,,,,,,,,
Electrical Apparatus Service Association (EASA) Convention & Solutions Expo 2023,Electrical Apparatus Service Association (EASA) Convention & Solutions Expo,2023-06-24,Oxon Hill,MD,"Test Products International, Inc",testproductsintl.com,,,,,,,,
Electrical Apparatus Service Association (EASA) Convention & Solutions Expo 2023,Electrical Apparatus Service Association (EASA) Convention & Solutions Expo,2023-06-24,Oxon Hill,MD,Apex Sealing Inc.,apexsealing.com,,,,,,,,
Electrical Apparatus Service Association (EASA) Convention & Solutions Expo 2023,Electrical Apparatus Service Association (EASA) Convention & Solutions Expo,2023-06-24,Oxon Hill,MD,Rogers Equipment Sales Inc.,rogersequip.com,,,,,,,,
Electrical Apparatus Service Association (EASA) Convention & Solutions Expo 2023,Electrical Apparatus Service Association (EASA) Convention & Solutions Expo,2023-06-24,Oxon Hill,MD,Berliss Companies,berliss.com,,,,,,,,
Electrical Apparatus Service Association (EASA) Convention & Solutions Expo 2023,Electrical Apparatus Service Association (EASA) Convention & Solutions Expo,2023-06-24,Oxon Hill,MD,Electric Coil Service Inc,electriccoil.com,,,,,,,,
Electrical Apparatus Service Association (EASA) Convention & Solutions Expo 2023,Electrical Apparatus Service Association (EASA) Convention & Solutions Expo,2023-06-24,Oxon Hill,MD,Samatic,samatic.com,,,,,,,,
Electrical Apparatus Service Association (EASA) Convention & Solutions Expo 2023,Electrical Apparatus Service Association (EASA) Convention & Solutions Expo,2023-06-24,Oxon Hill,MD,Motor Diagnostic Systems Inc,motordiagnosticsystems.com,,,,,,,,
Electrical Apparatus Service Association (EASA) Convention & Solutions Expo 2023,Electrical Apparatus Service Association (EASA) Convention & Solutions Expo,2023-06-24,Oxon Hill,MD,Universal Coil Mfr,universalcoil.com,,,,,,,,
Electrical Apparatus Service Association (EASA) Convention & Solutions Expo 2023,Electrical Apparatus Service Association (EASA) Convention & Solutions Expo,2023-06-24,Oxon Hill,MD,ECO Burn-Off Ovens,ecoburnoff.com,,,,,,,,
Electrical Apparatus Service Association (EASA) Convention & Solutions Expo 2023,Electrical Apparatus Service Association (EASA) Convention & Solutions Expo,2023-06-24,Oxon Hill,MD,East Coast Electrical Equipment Company,eastcoastmotor.com,,,,,,,,
Electrical Apparatus Service Association (EASA) Convention & Solutions Expo 2023,Electrical Apparatus Service Association (EASA) Convention & Solutions Expo,2023-06-24,Oxon Hill,MD,Priest Electric Svc,priestelectric.com,,,,,,,,
Electrical Apparatus Service Association (EASA) Convention & Solutions Expo 2023,Electrical Apparatus Service Association (EASA) Convention & Solutions Expo,2023-06-24,Oxon Hill,MD,S & W Wire Company,swwireco.com,,,,,,,,
Electrical Apparatus Service Association (EASA) Convention & Solutions Expo 2023,Electrical Apparatus Service Association (EASA) Convention & Solutions Expo,2023-06-24,Oxon Hill,MD,Laser Technologies Inc.,lasertechnologiesinc.com,,,,,,,,
Electrical Apparatus Service Association (EASA) Convention & Solutions Expo 2023,Electrical Apparatus Service Association (EASA) Convention & Solutions Expo,2023-06-24,Oxon Hill,MD,Octava Engineering,octavaengineering.com,,,,,,,,
Electrical Apparatus Service Association (EASA) Convention & Solutions Expo 2023,Electrical Apparatus Service Association (EASA) Convention & Solutions Expo,2023-06-24,Oxon Hill,MD,Power Quality Components,pqcomponents.com,,,,,,,,
Electrical Apparatus Service Association (EASA) Convention & Solutions Expo 2023,Electrical Apparatus Service Association (EASA) Convention & Solutions Expo,2023-06-24,Oxon Hill,MD,Windsor Stevens,windsorstevens.com,,,,,,,,
Electrical Apparatus Service Association (EASA) Convention & Solutions Expo 2023,Electrical Apparatus Service Association (EASA) Convention & Solutions Expo,2023-06-24,Oxon Hill,MD,Green Motors Practices Group,greenmotors.org,,,,,,,,
Electrical Apparatus Service Association (EASA) Convention & Solutions Expo 2023,Electrical Apparatus Service Association (EASA) Convention & Solutions Expo,2023-06-24,Oxon Hill,MD,Connex Industrial Corp,go-connex.com,,,,,,,,
Electrical Apparatus Service Association (EASA) Convention & Solutions Expo 2023,Electrical Apparatus Service Association (EASA) Convention & Solutions Expo,2023-06-24,Oxon Hill,MD,TT Electric,ttelectricusa.com,,,,,,,,
Electrical Apparatus Service Association (EASA) Convention & Solutions Expo 2023,Electrical Apparatus Service Association (EASA) Convention & Solutions Expo,2023-06-24,Oxon Hill,MD,WEG S.A.,weg.net,,,,,,,,
Electrical Apparatus Service Association (EASA) Convention & Solutions Expo 2023,Electrical Apparatus Service Association (EASA) Convention & Solutions Expo,2023-06-24,Oxon Hill,MD,Vaughen's Price Publishing CO,vaughens.com,,,,,,,,
Electrical Apparatus Service Association (EASA) Convention & Solutions Expo 2023,Electrical Apparatus Service Association (EASA) Convention & Solutions Expo,2023-06-24,Oxon Hill,MD,"Barks Publications, Inc.",barks.com,,,,,,,,
Electrical Apparatus Service Association (EASA) Convention & Solutions Expo 2023,Electrical Apparatus Service Association (EASA) Convention & Solutions Expo,2023-06-24,Oxon Hill,MD,Vibration Institute,vi-institute.org,,,,,,,,
Electrical Apparatus Service Association (EASA) Convention & Solutions Expo 2023,Electrical Apparatus Service Association (EASA) Convention & Solutions Expo,2023-06-24,Oxon Hill,MD,Dynamics Research Corp,dynamicsresearch.net,,,,,YES,P3-candidate,S7,
Electrical Apparatus Service Association (EASA) Convention & Solutions Expo 2023,Electrical Apparatus Service Association (EASA) Convention & Solutions Expo,2023-06-24,Oxon Hill,MD,JTEKT Corporation,jtekt.co.jp,,,,,,,,
Electrical Apparatus Service Association (EASA) Convention & Solutions Expo 2023,Electrical Apparatus Service Association (EASA) Convention & Solutions Expo,2023-06-24,Oxon Hill,MD,US Seal Inc,ussealmfg.com,,,,,,,,
Electrical Apparatus Service Association (EASA) Convention & Solutions Expo 2023,Electrical Apparatus Service Association (EASA) Convention & Solutions Expo,2023-06-24,Oxon Hill,MD,"Jolles Associates, Inc.",jolles.com,,,,,,,,
Electrical Apparatus Service Association (EASA) Convention & Solutions Expo 2023,Electrical Apparatus Service Association (EASA) Convention & Solutions Expo,2023-06-24,Oxon Hill,MD,"SensOS, LLC",sens-os.com,,,,,,,,
Electrical Apparatus Service Association (EASA) Convention & Solutions Expo 2023,Electrical Apparatus Service Association (EASA) Convention & Solutions Expo,2023-06-24,Oxon Hill,MD,"The Machine Instrumentation Group, LLC",machineinstrumentation.com,,,,,,,,
Electrical Apparatus Service Association (EASA) Convention & Solutions Expo 2023,Electrical Apparatus Service Association (EASA) Convention & Solutions Expo,2023-06-24,Oxon Hill,MD,Armada Inc,armadaintel.com,,,,,,,,
Electrical Apparatus Service Association (EASA) Convention & Solutions Expo 2023,Electrical Apparatus Service Association (EASA) Convention & Solutions Expo,2023-06-24,Oxon Hill,MD,Bakker Repair+Services,bakker-repair.nl,,,,,,,,
Electrical Apparatus Service Association (EASA) Convention & Solutions Expo 2023,Electrical Apparatus Service Association (EASA) Convention & Solutions Expo,2023-06-24,Oxon Hill,MD,Avonmore Electrical Co. Ltd,avonmore-electrical.com,,,,,,,,
Electrical Apparatus Service Association (EASA) Convention & Solutions Expo 2023,Electrical Apparatus Service Association (EASA) Convention & Solutions Expo,2023-06-24,Oxon Hill,MD,Coil Partners,coilpartners.com,,,,,,,,
Electrical Apparatus Service Association (EASA) Convention & Solutions Expo 2023,Electrical Apparatus Service Association (EASA) Convention & Solutions Expo,2023-06-24,Oxon Hill,MD,BEM Testers,bemtesters.net,,,,,,,,
Electrical Apparatus Service Association (EASA) Convention & Solutions Expo 2023,Electrical Apparatus Service Association (EASA) Convention & Solutions Expo,2023-06-24,Oxon Hill,MD,Cincinnati Babbitt Bearing,cinbab.com,,,,,,,,
Electrical Apparatus Service Association (EASA) Convention & Solutions Expo 2023,Electrical Apparatus Service Association (EASA) Convention & Solutions Expo,2023-06-24,Oxon Hill,MD,EMTorq,emtorq.com,,,,,,,,
Electrical Apparatus Service Association (EASA) Convention & Solutions Expo 2023,Electrical Apparatus Service Association (EASA) Convention & Solutions Expo,2023-06-24,Oxon Hill,MD,Thermolex,thermolex.com,,,,,,,,
Electrical Apparatus Service Association (EASA) Convention & Solutions Expo 2023,Electrical Apparatus Service Association (EASA) Convention & Solutions Expo,2023-06-24,Oxon Hill,MD,Toledo Commutator Co,toledocommutator.com,,,,,,,,
Electrical Apparatus Service Association (EASA) Convention & Solutions Expo 2023,Electrical Apparatus Service Association (EASA) Convention & Solutions Expo,2023-06-24,Oxon Hill,MD,Connie Podesta Presents,conniepodesta.com,,,,,,,,
Electrical Apparatus Service Association (EASA) Convention & Solutions Expo 2023,Electrical Apparatus Service Association (EASA) Convention & Solutions Expo,2023-06-24,Oxon Hill,MD,eldec Induction,eldec.net,,,,,,,,
Electrical Apparatus Service Association (EASA) Convention & Solutions Expo 2023,Electrical Apparatus Service Association (EASA) Convention & Solutions Expo,2023-06-24,Oxon Hill,MD,Sertek Global,sertekglobal.com,,,,,,,,
Electrical Apparatus Service Association (EASA) Convention & Solutions Expo 2023,Electrical Apparatus Service Association (EASA) Convention & Solutions Expo,2023-06-24,Oxon Hill,MD,Guspro Inc.,guspro.com,,,,,,,,
Electrical Apparatus Service Association (EASA) Convention & Solutions Expo 2023,Electrical Apparatus Service Association (EASA) Convention & Solutions Expo,2023-06-24,Oxon Hill,MD,INVT China,invt-power.com.cn,,,,,,,,
Electrical Apparatus Service Association (EASA) Convention & Solutions Expo 2023,Electrical Apparatus Service Association (EASA) Convention & Solutions Expo,2023-06-24,Oxon Hill,MD,Electrowind,electro-wind.com,,,,,,,,
Electrical Apparatus Service Association (EASA) Convention & Solutions Expo 2023,Electrical Apparatus Service Association (EASA) Convention & Solutions Expo,2023-06-24,Oxon Hill,MD,Electric Motor Coil Co.,emccltd.ca,,,,,,,,
Electrical Apparatus Service Association (EASA) Convention & Solutions Expo 2023,Electrical Apparatus Service Association (EASA) Convention & Solutions Expo,2023-06-24,Oxon Hill,MD,Lafert North America,lafertna.com,,,,,,,,
Electrical Apparatus Service Association (EASA) Convention & Solutions Expo 2023,Electrical Apparatus Service Association (EASA) Convention & Solutions Expo,2023-06-24,Oxon Hill,MD,Saftty,saftty.com,,,,,,,,
Electrical Apparatus Service Association (EASA) Convention & Solutions Expo 2023,Electrical Apparatus Service Association (EASA) Convention & Solutions Expo,2023-06-24,Oxon Hill,MD,Insolutions,insolutions.global,,,,,,,,
Electrical Apparatus Service Association (EASA) Convention & Solutions Expo 2023,Electrical Apparatus Service Association (EASA) Convention & Solutions Expo,2023-06-24,Oxon Hill,MD,"Greensky Power Co., Ltd.",greensky-power.com,,,,,,,,
Electrical Apparatus Service Association (EASA) Convention & Solutions Expo 2023,Electrical Apparatus Service Association (EASA) Convention & Solutions Expo,2023-06-24,Oxon Hill,MD,Martindale Electric Co. Ltd,martindale-electric.co.uk,,,,,,,,
Electrical Apparatus Service Association (EASA) Convention & Solutions Expo 2023,Electrical Apparatus Service Association (EASA) Convention & Solutions Expo,2023-06-24,Oxon Hill,MD,Oxyweld snc,oweld.com,,,,,,,,
Electrical Apparatus Service Association (EASA) Convention & Solutions Expo 2023,Electrical Apparatus Service Association (EASA) Convention & Solutions Expo,2023-06-24,Oxon Hill,MD,Eura Drives Flagship Products,euradrives.com,,,,,,,,
Electrical Apparatus Service Association (EASA) Convention & Solutions Expo 2023,Electrical Apparatus Service Association (EASA) Convention & Solutions Expo,2023-06-24,Oxon Hill,MD,SeymourSmith Electric,seymoursmith.com,,,,,,,,
Electrical Apparatus Service Association (EASA) Convention & Solutions Expo 2023,Electrical Apparatus Service Association (EASA) Convention & Solutions Expo,2023-06-24,Oxon Hill,MD,Willingwisdom.Com,willingwisdom.com,,,,,,,,
Electrical Apparatus Service Association (EASA) Convention & Solutions Expo 2023,Electrical Apparatus Service Association (EASA) Convention & Solutions Expo,2023-06-24,Oxon Hill,MD,Ning Fan Bearing,ningfan.com,,,,,,,,
Electrical Apparatus Service Association (EASA) Convention & Solutions Expo 2023,Electrical Apparatus Service Association (EASA) Convention & Solutions Expo,2023-06-24,Oxon Hill,MD,Coil Tec,coiltec.de,,,,,,,,
Electrical Apparatus Service Association (EASA) Convention & Solutions Expo 2023,Electrical Apparatus Service Association (EASA) Convention & Solutions Expo,2023-06-24,Oxon Hill,MD,"EMZ Industries, Inc",emzmotor.com,,,,,,,,
Electrical Apparatus Service Association (EASA) Convention & Solutions Expo 2023,Electrical Apparatus Service Association (EASA) Convention & Solutions Expo,2023-06-24,Oxon Hill,MD,"Anhui Wannan Electric Machine Co., Ltd.",wannanmotor.net,,,,,,,,
Electrical Apparatus Service Association (EASA) Convention & Solutions Expo 2023,Electrical Apparatus Service Association (EASA) Convention & Solutions Expo,2023-06-24,Oxon Hill,MD,"Ningbo Mairui Machinery Co., Ltd.",nbmairui.com,,,,,,,,
Electrical Apparatus Service Association (EASA) Convention & Solutions Expo 2023,Electrical Apparatus Service Association (EASA) Convention & Solutions Expo,2023-06-24,Oxon Hill,MD,"Shenyang Daming Motor Co., Ltd.",brimoch.com,,,,,,,,
Electrical Apparatus Service Association (EASA) Convention & Solutions Expo 2023,Electrical Apparatus Service Association (EASA) Convention & Solutions Expo,2023-06-24,Oxon Hill,MD,Keliang.Com,keliang.com,,,,,,,,
Electrical Apparatus Service Association (EASA) Convention & Solutions Expo 2023,Electrical Apparatus Service Association (EASA) Convention & Solutions Expo,2023-06-24,Oxon Hill,MD,D tente Financial Press,everyfamiliesbusiness.com,,,,,,,,
Electrical Apparatus Service Association (EASA) Convention & Solutions Expo 2023,Electrical Apparatus Service Association (EASA) Convention & Solutions Expo,2023-06-24,Oxon Hill,MD,Emrconsulting.No,emrconsulting.no,,,,,,,,
Electrical Apparatus Service Association (EASA) Convention & Solutions Expo 2023,Electrical Apparatus Service Association (EASA) Convention & Solutions Expo,2023-06-24,Oxon Hill,MD,Huanchi Bearing Group,hchbearing.com,,,,,,,,
Electrical Apparatus Service Association (EASA) Convention & Solutions Expo 2023,Electrical Apparatus Service Association (EASA) Convention & Solutions Expo,2023-06-24,Oxon Hill,MD,Houghton International,houghton-international.com,,,,,,,,
National Electrical Contractors Association (NECA) Chicago 2025,National Electrical Contractors Association (NECA),2025-09-12,Chicago,IL,Emerson Electric Co.,emerson.com,"Missouri, USA",166151,Public Subsidiary,1890,,,,
National Electrical Contractors Association (NECA) Chicago 2025,National Electrical Contractors Association (NECA),2025-09-12,Chicago,IL,"Honeywell International, Inc.",honeywell.com,"Oak Creek, WI",435180,Private Subsidiary,1906,,,,
National Electrical Contractors Association (NECA) Chicago 2025,National Electrical Contractors Association (NECA),2025-09-12,Chicago,IL,ABB Asea Brown Boveri Ltd.,abb.com,"Zürich, Switzerland",439252,Public,1988,,,,
National Electrical Contractors Association (NECA) Chicago 2025,National Electrical Contractors Association (NECA),2025-09-12,Chicago,IL,Continental AG,continental.com,"Hannover, Germany",237645,Public,1871,,,,
National Electrical Contractors Association (NECA) Chicago 2025,National Electrical Contractors Association (NECA),2025-09-12,Chicago,IL,Siemens AG,siemens.com,"München, Germany",611022,Private Subsidiary,1847,,,,
National Electrical Contractors Association (NECA) Chicago 2025,National Electrical Contractors Association (NECA),2025-09-12,Chicago,IL,SGS Société Générale de Surveillance SA,sgs.com,,,,,,,,
National Electrical Contractors Association (NECA) Chicago 2025,National Electrical Contractors Association (NECA),2025-09-12,Chicago,IL,Schneider Electric,se.com,,,,,,,,
National Electrical Contractors Association (NECA) Chicago 2025,National Electrical Contractors Association (NECA),2025-09-12,Chicago,IL,Norsk Hydro ASA,hydro.com,,,,,,,,
National Electrical Contractors Association (NECA) Chicago 2025,National Electrical Contractors Association (NECA),2025-09-12,Chicago,IL,"W. L. Gore & Associates, Inc.",gore.com,,,,,,,,
National Electrical Contractors Association (NECA) Chicago 2025,National Electrical Contractors Association (NECA),2025-09-12,Chicago,IL,"Leidos, Inc.",leidos.com,,,,,,,,
National Electrical Contractors Association (NECA) Chicago 2025,National Electrical Contractors Association (NECA),2025-09-12,Chicago,IL,TÜV Rheinland AG,tuv.com,,,,,,,,
National Electrical Contractors Association (NECA) Chicago 2025,National Electrical Contractors Association (NECA),2025-09-12,Chicago,IL,"Wesco International, Inc.",wesco.com,,,,,,,,
National Electrical Contractors Association (NECA) Chicago 2025,National Electrical Contractors Association (NECA),2025-09-12,Chicago,IL,"Rosendin Electric, Inc.",rosendin.com,,,,,,,,
National Electrical Contractors Association (NECA) Chicago 2025,National Electrical Contractors Association (NECA),2025-09-12,Chicago,IL,Hubbell Incorporated,hubbell.com,,,,,,,,
National Electrical Contractors Association (NECA) Chicago 2025,National Electrical Contractors Association (NECA),2025-09-12,Chicago,IL,Colorado State University,colostate.edu,,,,,,,,
National Electrical Contractors Association (NECA) Chicago 2025,National Electrical Contractors Association (NECA),2025-09-12,Chicago,IL,Autodesk Inc.,autodesk.com,,,,,,,,
National Electrical Contractors Association (NECA) Chicago 2025,National Electrical Contractors Association (NECA),2025-09-12,Chicago,IL,"Belden, Inc.",belden.com,,,,,,,,
National Electrical Contractors Association (NECA) Chicago 2025,National Electrical Contractors Association (NECA),2025-09-12,Chicago,IL,"Trimble, Inc.",trimble.com,,,,,,,,
National Electrical Contractors Association (NECA) Chicago 2025,National Electrical Contractors Association (NECA),2025-09-12,Chicago,IL,Leviton,leviton.com,,,,,,,,
National Electrical Contractors Association (NECA) Chicago 2025,National Electrical Contractors Association (NECA),2025-09-12,Chicago,IL,nVent Management Company,nvent.com,,,,,,,,
National Electrical Contractors Association (NECA) Chicago 2025,National Electrical Contractors Association (NECA),2025-09-12,Chicago,IL,"Graybar Electric Company, Inc.",graybar.com,,,,,,,,
National Electrical Contractors Association (NECA) Chicago 2025,National Electrical Contractors Association (NECA),2025-09-12,Chicago,IL,Rexel USA,rexelusa.com,,,,,,,,
National Electrical Contractors Association (NECA) Chicago 2025,National Electrical Contractors Association (NECA),2025-09-12,Chicago,IL,Fluke Corp.,fluke.com,,,,,,,,
National Electrical Contractors Association (NECA) Chicago 2025,National Electrical Contractors Association (NECA),2025-09-12,Chicago,IL,Pinnacle Infotech,pinnacleinfotech.com,,,,,,,,
National Electrical Contractors Association (NECA) Chicago 2025,National Electrical Contractors Association (NECA),2025-09-12,Chicago,IL,Boise State University,boisestate.edu,,,,,,,,
National Electrical Contractors Association (NECA) Chicago 2025,National Electrical Contractors Association (NECA),2025-09-12,Chicago,IL,The Access Group,theaccessgroup.com,,,,,,,,
National Electrical Contractors Association (NECA) Chicago 2025,National Electrical Contractors Association (NECA),2025-09-12,Chicago,IL,Miller Electric Company,mecojax.com,,,,,,,,
National Electrical Contractors Association (NECA) Chicago 2025,National Electrical Contractors Association (NECA),2025-09-12,Chicago,IL,"Motive Technologies, Inc.",gomotive.com,,,,,,,,
National Electrical Contractors Association (NECA) Chicago 2025,National Electrical Contractors Association (NECA),2025-09-12,Chicago,IL,Federated Insurance,federatedinsurance.com,,,,,,,,
National Electrical Contractors Association (NECA) Chicago 2025,National Electrical Contractors Association (NECA),2025-09-12,Chicago,IL,"Procore Technologies, Inc.",procore.com,,,,,,,,
National Electrical Contractors Association (NECA) Chicago 2025,National Electrical Contractors Association (NECA),2025-09-12,Chicago,IL,Panduit,panduit.com,,,,,,,,
National Electrical Contractors Association (NECA) Chicago 2025,National Electrical Contractors Association (NECA),2025-09-12,Chicago,IL,Zekelman Industries,zekelman.com,,,,,,,,
National Electrical Contractors Association (NECA) Chicago 2025,National Electrical Contractors Association (NECA),2025-09-12,Chicago,IL,Industrial Electric Mfg. (IEM),iemfg.com,,,,,,,,
National Electrical Contractors Association (NECA) Chicago 2025,National Electrical Contractors Association (NECA),2025-09-12,Chicago,IL,Klein Tools,kleintools.com,,,,,,,,
National Electrical Contractors Association (NECA) Chicago 2025,National Electrical Contractors Association (NECA),2025-09-12,Chicago,IL,"Consolidated Electrical Distributors, Inc.",cedcareers.com,,,,,,,,
National Electrical Contractors Association (NECA) Chicago 2025,National Electrical Contractors Association (NECA),2025-09-12,Chicago,IL,Gonvarri Industries,gonvarri.com,,,,,,,,
National Electrical Contractors Association (NECA) Chicago 2025,National Electrical Contractors Association (NECA),2025-09-12,Chicago,IL,"ServiceTitan, Inc.",servicetitan.com,,,,,,,,
National Electrical Contractors Association (NECA) Chicago 2025,National Electrical Contractors Association (NECA),2025-09-12,Chicago,IL,ArchKey Solutions LLC,archkey.com,,,,,,,,
National Electrical Contractors Association (NECA) Chicago 2025,National Electrical Contractors Association (NECA),2025-09-12,Chicago,IL,Lutron Electronics,lutron.com,,,,,,,,
National Electrical Contractors Association (NECA) Chicago 2025,National Electrical Contractors Association (NECA),2025-09-12,Chicago,IL,"BILL Holdings, Inc.",bill.com,,,,,,,,
National Electrical Contractors Association (NECA) Chicago 2025,National Electrical Contractors Association (NECA),2025-09-12,Chicago,IL,Socomec Group,socomec.com,,,,,,,,
National Electrical Contractors Association (NECA) Chicago 2025,National Electrical Contractors Association (NECA),2025-09-12,Chicago,IL,Crescent Electric Supply Company,crescentelectric.com,,,,,,,,
National Electrical Contractors Association (NECA) Chicago 2025,National Electrical Contractors Association (NECA),2025-09-12,Chicago,IL,Virginia Transformer Corp,vatransformer.com,,,,,,,,
National Electrical Contractors Association (NECA) Chicago 2025,National Electrical Contractors Association (NECA),2025-09-12,Chicago,IL,Ferris State University,ferris.edu,,,,,,,,
National Electrical Contractors Association (NECA) Chicago 2025,National Electrical Contractors Association (NECA),2025-09-12,Chicago,IL,Kid De Global Solutions,kiddeglobalsolutions.com,,,,,,,,
National Electrical Contractors Association (NECA) Chicago 2025,National Electrical Contractors Association (NECA),2025-09-12,Chicago,IL,Encore Wire Corp,encorewire.com,,,,,,,,
National Electrical Contractors Association (NECA) Chicago 2025,National Electrical Contractors Association (NECA),2025-09-12,Chicago,IL,Preformed Line Products,preformed.com,,,,,,,,
National Electrical Contractors Association (NECA) Chicago 2025,National Electrical Contractors Association (NECA),2025-09-12,Chicago,IL,"RESA Power, LLC",resapower.com,,,,,,,,
National Electrical Contractors Association (NECA) Chicago 2025,National Electrical Contractors Association (NECA),2025-09-12,Chicago,IL,Cambria County Association For The Blind And Handicapped,cabproducts.com,,,,,,,,
National Electrical Contractors Association (NECA) Chicago 2025,National Electrical Contractors Association (NECA),2025-09-12,Chicago,IL,Big State Electric Ltd,bigstateelectric.com,,,,,,,,
National Electrical Contractors Association (NECA) Chicago 2025,National Electrical Contractors Association (NECA),2025-09-12,Chicago,IL,Housecall Pro,housecallpro.com,,,,,,,,
National Electrical Contractors Association (NECA) Chicago 2025,National Electrical Contractors Association (NECA),2025-09-12,Chicago,IL,Polymershapes,polymershapes.com,,,,,,,,
National Electrical Contractors Association (NECA) Chicago 2025,National Electrical Contractors Association (NECA),2025-09-12,Chicago,IL,Lighthouse Electric,lighthouseelectric.com,,,,,,,,
National Electrical Contractors Association (NECA) Chicago 2025,National Electrical Contractors Association (NECA),2025-09-12,Chicago,IL,Leatherman,leatherman.com,,,,,,,,
National Electrical Contractors Association (NECA) Chicago 2025,National Electrical Contractors Association (NECA),2025-09-12,Chicago,IL,ENGworks,engbim.com,,,,,,,,
National Electrical Contractors Association (NECA) Chicago 2025,National Electrical Contractors Association (NECA),2025-09-12,Chicago,IL,"Egnyte, Inc.",egnyte.com,,,,,,,,
National Electrical Contractors Association (NECA) Chicago 2025,National Electrical Contractors Association (NECA),2025-09-12,Chicago,IL,Cerrowire,cerrowire.com,,,,,,,,
National Electrical Contractors Association (NECA) Chicago 2025,National Electrical Contractors Association (NECA),2025-09-12,Chicago,IL,Piedmont Plastics,piedmontplastics.com,,,,,,,,
National Electrical Contractors Association (NECA) Chicago 2025,National Electrical Contractors Association (NECA),2025-09-12,Chicago,IL,Milbank | Energy at Work,milbankworks.com,,,,,,,,
National Electrical Contractors Association (NECA) Chicago 2025,National Electrical Contractors Association (NECA),2025-09-12,Chicago,IL,"Collins Electrical Company, Inc.",collinselectric.com,,,,,,,,
National Electrical Contractors Association (NECA) Chicago 2025,National Electrical Contractors Association (NECA),2025-09-12,Chicago,IL,Dynalectric Oregon,dyna-oregon.com,,,,,,,,
National Electrical Contractors Association (NECA) Chicago 2025,National Electrical Contractors Association (NECA),2025-09-12,Chicago,IL,CHANNELL COMMERCIAL CORPORATION,channell.com,,,,,,,,
National Electrical Contractors Association (NECA) Chicago 2025,National Electrical Contractors Association (NECA),2025-09-12,Chicago,IL,Newkirk Electric Associates,newkirk-electric.com,,,,,,,,
National Electrical Contractors Association (NECA) Chicago 2025,National Electrical Contractors Association (NECA),2025-09-12,Chicago,IL,Blåkläder North America,blaklader.com,,,,,,,,
National Electrical Contractors Association (NECA) Chicago 2025,National Electrical Contractors Association (NECA),2025-09-12,Chicago,IL,"National Safety Apparel, LLC",thinknsa.com,,,,,,,,
National Electrical Contractors Association (NECA) Chicago 2025,National Electrical Contractors Association (NECA),2025-09-12,Chicago,IL,NFPA,nfpa.org,,,,,,,,
National Electrical Contractors Association (NECA) Chicago 2025,National Electrical Contractors Association (NECA),2025-09-12,Chicago,IL,Quickbase,quickbase.com,,,,,,,,
National Electrical Contractors Association (NECA) Chicago 2025,National Electrical Contractors Association (NECA),2025-09-12,Chicago,IL,"NSI Industries, LLC",nsiindustries.com,,,,,,,,
National Electrical Contractors Association (NECA) Chicago 2025,National Electrical Contractors Association (NECA),2025-09-12,Chicago,IL,"Westphal & Company, Inc.",westphalec.com,,,,,,,,
National Electrical Contractors Association (NECA) Chicago 2025,National Electrical Contractors Association (NECA),2025-09-12,Chicago,IL,"Acumatica, Inc",acumatica.com,,,,,,,,
National Electrical Contractors Association (NECA) Chicago 2025,National Electrical Contractors Association (NECA),2025-09-12,Chicago,IL,RAB Lighting Inc.,rablighting.com,,,,,,,,
National Electrical Contractors Association (NECA) Chicago 2025,National Electrical Contractors Association (NECA),2025-09-12,Chicago,IL,"Alterman, Inc.",goalterman.com,,,,,,,,
National Electrical Contractors Association (NECA) Chicago 2025,National Electrical Contractors Association (NECA),2025-09-12,Chicago,IL,Bluebeam,bluebeam.com,,,,,,,,
National Electrical Contractors Association (NECA) Chicago 2025,National Electrical Contractors Association (NECA),2025-09-12,Chicago,IL,Net at Work Inc.,netatwork.com,,,,,,,,
National Electrical Contractors Association (NECA) Chicago 2025,National Electrical Contractors Association (NECA),2025-09-12,Chicago,IL,Simpro,simprogroup.com,,,,,,,,
National Electrical Contractors Association (NECA) Chicago 2025,National Electrical Contractors Association (NECA),2025-09-12,Chicago,IL,STI Firestop,stifirestop.com,,,,,,,,
National Electrical Contractors Association (NECA) Chicago 2025,National Electrical Contractors Association (NECA),2025-09-12,Chicago,IL,Electronic Power Design,electronicpowerdesign.com,,,,,,,,
National Electrical Contractors Association (NECA) Chicago 2025,National Electrical Contractors Association (NECA),2025-09-12,Chicago,IL,"SDMyers, Inc.",sdmyers.com,,,,,,,,
National Electrical Contractors Association (NECA) Chicago 2025,National Electrical Contractors Association (NECA),2025-09-12,Chicago,IL,"BuildOps, Inc.",buildops.com,,,,,,,,
National Electrical Contractors Association (NECA) Chicago 2025,National Electrical Contractors Association (NECA),2025-09-12,Chicago,IL,Allplan,allplan.com,,,,,,,,
National Electrical Contractors Association (NECA) Chicago 2025,National Electrical Contractors Association (NECA),2025-09-12,Chicago,IL,Allison Smith Company LLC,allisonsmith.com,,,,,,,,
National Electrical Contractors Association (NECA) Chicago 2025,National Electrical Contractors Association (NECA),2025-09-12,Chicago,IL,Professional Plastics,professionalplastics.com,,,,,,,,
National Electrical Contractors Association (NECA) Chicago 2025,National Electrical Contractors Association (NECA),2025-09-12,Chicago,IL,Sheakley,sheakley.com,,,,,,,,
National Electrical Contractors Association (NECA) Chicago 2025,National Electrical Contractors Association (NECA),2025-09-12,Chicago,IL,BES,b-eng-s.com,,,,,,,,
National Electrical Contractors Association (NECA) Chicago 2025,National Electrical Contractors Association (NECA),2025-09-12,Chicago,IL,Heim Company,edwinlheim.com,,,,,,,,
National Electrical Contractors Association (NECA) Chicago 2025,National Electrical Contractors Association (NECA),2025-09-12,Chicago,IL,Guarantee Electrical Company,geco.com,,,,,,,,
National Electrical Contractors Association (NECA) Chicago 2025,National Electrical Contractors Association (NECA),2025-09-12,Chicago,IL,"KPA Services, LLC",kpa.io,,,,,,,,
National Electrical Contractors Association (NECA) Chicago 2025,National Electrical Contractors Association (NECA),2025-09-12,Chicago,IL,High Voltage Maintenance,hvmcorp.com,,,,,,,,
National Electrical Contractors Association (NECA) Chicago 2025,National Electrical Contractors Association (NECA),2025-09-12,Chicago,IL,Endeavor Business Media,endeavorb2b.com,,,,,,,,
National Electrical Contractors Association (NECA) Chicago 2025,National Electrical Contractors Association (NECA),2025-09-12,Chicago,IL,JM Test Systems,jmtest.com,,,,,,,,
National Electrical Contractors Association (NECA) Chicago 2025,National Electrical Contractors Association (NECA),2025-09-12,Chicago,IL,OpenSpace,openspace.ai,,,,,,,,
National Electrical Contractors Association (NECA) Chicago 2025,National Electrical Contractors Association (NECA),2025-09-12,Chicago,IL,Kahua,kahua.com,,,,,,,,
National Electrical Contractors Association (NECA) Chicago 2025,National Electrical Contractors Association (NECA),2025-09-12,Chicago,IL,VFC Group,vfclp.com,,,,,,,,
National Electrical Contractors Association (NECA) Chicago 2025,National Electrical Contractors Association (NECA),2025-09-12,Chicago,IL,Keystone Technologies,keystonetech.com,,,,,,,,
National Electrical Contractors Association (NECA) Chicago 2025,National Electrical Contractors Association (NECA),2025-09-12,Chicago,IL,Gripple,gripple.com,,,,,,,,
National Electrical Contractors Association (NECA) Chicago 2025,National Electrical Contractors Association (NECA),2025-09-12,Chicago,IL,"Topcon Solutions, Inc.",topconsolutions.com,,,,,,,,
National Electrical Contractors Association (NECA) Chicago 2025,National Electrical Contractors Association (NECA),2025-09-12,Chicago,IL,"ERMCO, Inc.",ermco.com,,,,,,,,
National Electrical Contractors Association (NECA) Chicago 2025,National Electrical Contractors Association (NECA),2025-09-12,Chicago,IL,Foundation Software,foundationsoft.com,,,,,,,,
National Electrical Contractors Association (NECA) Chicago 2025,National Electrical Contractors Association (NECA),2025-09-12,Chicago,IL,Techture,techture.global,,,,,,,,
National Electrical Contractors Association (NECA) Chicago 2025,National Electrical Contractors Association (NECA),2025-09-12,Chicago,IL,Service Wire Company,servicewire.com,,,,,,,,
National Electrical Contractors Association (NECA) Chicago 2025,National Electrical Contractors Association (NECA),2025-09-12,Chicago,IL,CMP Products,cmp-products.com,"Cramlington, UK",305,Private Subsidiary,2010,,,,
National Electrical Contractors Association (NECA) Chicago 2025,National Electrical Contractors Association (NECA),2025-09-12,Chicago,IL,Maverick Power,maverickpwr.com,"Mckinney, TX",299,Bootstrapped,2020,,,,
National Electrical Contractors Association (NECA) Chicago 2025,National Electrical Contractors Association (NECA),2025-09-12,Chicago,IL,Harger Lightning & Grounding,harger.com,"Grayslake, IL",285,Public Subsidiary,1960,,,,
National Electrical Contractors Association (NECA) Chicago 2025,National Electrical Contractors Association (NECA),2025-09-12,Chicago,IL,Eaton,cooperindustries.com,"Dublin, Ireland",269,Public,1995,,,,
National Electrical Contractors Association (NECA) Chicago 2025,National Electrical Contractors Association (NECA),2025-09-12,Chicago,IL,Motor City Electric Technologies Inc.,mce-tech.com,"Detroit, MI",257,Bootstrapped,1952,,,,
National Electrical Contractors Association (NECA) Chicago 2025,National Electrical Contractors Association (NECA),2025-09-12,Chicago,IL,"Fulham Co., Inc.",fulham.com,,,,,,,,
National Electrical Contractors Association (NECA) Chicago 2025,National Electrical Contractors Association (NECA),2025-09-12,Chicago,IL,"T&R Electric Supply Company, Inc.",t-r.com,,,,,,,,
National Electrical Contractors Association (NECA) Chicago 2025,National Electrical Contractors Association (NECA),2025-09-12,Chicago,IL,MELTRIC Corporation,meltric.com,,,,,,,,
National Electrical Contractors Association (NECA) Chicago 2025,National Electrical Contractors Association (NECA),2025-09-12,Chicago,IL,Halco Lighting Technologies,halcolighting.com,,,,,,,,
National Electrical Contractors Association (NECA) Chicago 2025,National Electrical Contractors Association (NECA),2025-09-12,Chicago,IL,"Maddox Industrial Transformer, LLC",maddoxtransformer.com,,,,,,,,
National Electrical Contractors Association (NECA) Chicago 2025,National Electrical Contractors Association (NECA),2025-09-12,Chicago,IL,Radix Wire & Cable,radix-wire.com,,,,,,,,
National Electrical Contractors Association (NECA) Chicago 2025,National Electrical Contractors Association (NECA),2025-09-12,Chicago,IL,MAX USA Corp,maxusacorp.com,,,,,,,,
National Electrical Contractors Association (NECA) Chicago 2025,National Electrical Contractors Association (NECA),2025-09-12,Chicago,IL,Windy City Wire,windycitywire.com,,,,,,,,
National Electrical Contractors Association (NECA) Chicago 2025,National Electrical Contractors Association (NECA),2025-09-12,Chicago,IL,JCL Energy,jcl.energy,,,,,,,,
National Electrical Contractors Association (NECA) Chicago 2025,National Electrical Contractors Association (NECA),2025-09-12,Chicago,IL,Quality Electric Inc.,qeidaho.com,,,,,,,,
National Electrical Contractors Association (NECA) Chicago 2025,National Electrical Contractors Association (NECA),2025-09-12,Chicago,IL,Skyline Electric Company,skyline.us,,,,,,,,
National Electrical Contractors Association (NECA) Chicago 2025,National Electrical Contractors Association (NECA),2025-09-12,Chicago,IL,Sidney Electric,sidneyelectric.com,,,,,,,,
National Electrical Contractors Association (NECA) Chicago 2025,National Electrical Contractors Association (NECA),2025-09-12,Chicago,IL,"Panel Built, Inc.",panelbuilt.com,,,,,,,,
National Electrical Contractors Association (NECA) Chicago 2025,National Electrical Contractors Association (NECA),2025-09-12,Chicago,IL,Alltrade Tools LLC,alltradetools.com,,,,,,,,
National Electrical Contractors Association (NECA) Chicago 2025,National Electrical Contractors Association (NECA),2025-09-12,Chicago,IL,bott UK,bottltd.co.uk,,,,,,,,
National Electrical Contractors Association (NECA) Chicago 2025,National Electrical Contractors Association (NECA),2025-09-12,Chicago,IL,"MIRO Industries, Inc.",miroind.com,,,,,,,,
National Electrical Contractors Association (NECA) Chicago 2025,National Electrical Contractors Association (NECA),2025-09-12,Chicago,IL,FieldPulse,fieldpulse.com,,,,,,,,
National Electrical Contractors Association (NECA) Chicago 2025,National Electrical Contractors Association (NECA),2025-09-12,Chicago,IL,"Copperweld Bimetallics, LLC",copperweld.com,,,,,,,,
National Electrical Contractors Association (NECA) Chicago 2025,National Electrical Contractors Association (NECA),2025-09-12,Chicago,IL,Great Lakes Data Racks & Cabinets,greatcabinets.com,,,,,,,,
National Electrical Contractors Association (NECA) Chicago 2025,National Electrical Contractors Association (NECA),2025-09-12,Chicago,IL,Elegrp,elegrp.com,,,,,,,,
National Electrical Contractors Association (NECA) Chicago 2025,National Electrical Contractors Association (NECA),2025-09-12,Chicago,IL,"Group CBS, Inc.",groupcbs.com,,,,,,,,
National Electrical Contractors Association (NECA) Chicago 2025,National Electrical Contractors Association (NECA),2025-09-12,Chicago,IL,"Lord & Sons, Inc.",lordandsons.com,,,,,,,,
National Electrical Contractors Association (NECA) Chicago 2025,National Electrical Contractors Association (NECA),2025-09-12,Chicago,IL,U.S. CAD,uscad.com,,,,,,,,
National Electrical Contractors Association (NECA) Chicago 2025,National Electrical Contractors Association (NECA),2025-09-12,Chicago,IL,Chalfant Manufacturing Company,chalfant-obo.com,,,,,,,,
National Electrical Contractors Association (NECA) Chicago 2025,National Electrical Contractors Association (NECA),2025-09-12,Chicago,IL,LumberFi Inc.,lumberfi.com,,,,,,,,
National Electrical Contractors Association (NECA) Chicago 2025,National Electrical Contractors Association (NECA),2025-09-12,Chicago,IL,Silver Fox,silverfox.co.uk,,,,,,,,
National Electrical Contractors Association (NECA) Chicago 2025,National Electrical Contractors Association (NECA),2025-09-12,Chicago,IL,Tellabs,tellabs.com,,,,,,,,
National Electrical Contractors Association (NECA) Chicago 2025,National Electrical Contractors Association (NECA),2025-09-12,Chicago,IL,Jones & Bartlett Learning,jblearning.com,,,,,,,,
National Electrical Contractors Association (NECA) Chicago 2025,National Electrical Contractors Association (NECA),2025-09-12,Chicago,IL,Lindsay Precast,lindsayprecast.com,,,,,,,,
National Electrical Contractors Association (NECA) Chicago 2025,National Electrical Contractors Association (NECA),2025-09-12,Chicago,IL,"MOCA Systems, Inc.",mocasystems.com,,,,,,,,
National Electrical Contractors Association (NECA) Chicago 2025,National Electrical Contractors Association (NECA),2025-09-12,Chicago,IL,Coast,coastpay.com,,,,,,,,
National Electrical Contractors Association (NECA) Chicago 2025,National Electrical Contractors Association (NECA),2025-09-12,Chicago,IL,Western Products,westernproducts.com,,,,,,,,
National Electrical Contractors Association (NECA) Chicago 2025,National Electrical Contractors Association (NECA),2025-09-12,Chicago,IL,Miter,miter.com,,,,,,,,
National Electrical Contractors Association (NECA) Chicago 2025,National Electrical Contractors Association (NECA),2025-09-12,Chicago,IL,"JS Products, Inc.",jsproducts.com,,,,,,,,
National Electrical Contractors Association (NECA) Chicago 2025,National Electrical Contractors Association (NECA),2025-09-12,Chicago,IL,Ramtech Electronics Limited,ramtechglobal.com,,,,,,,,
National Electrical Contractors Association (NECA) Chicago 2025,National Electrical Contractors Association (NECA),2025-09-12,Chicago,IL,L H Dottie Co,lhdottie.com,,,,,,,,
National Electrical Contractors Association (NECA) Chicago 2025,National Electrical Contractors Association (NECA),2025-09-12,Chicago,IL,"Kojo Technologies, Inc.",usekojo.com,,,,,,,,
National Electrical Contractors Association (NECA) Chicago 2025,National Electrical Contractors Association (NECA),2025-09-12,Chicago,IL,Topline Pro,toplinepro.com,,,,,,,,
National Electrical Contractors Association (NECA) Chicago 2025,National Electrical Contractors Association (NECA),2025-09-12,Chicago,IL,"Accordant Company, LLC",accordantco.com,,,,,,,,
National Electrical Contractors Association (NECA) Chicago 2025,National Electrical Contractors Association (NECA),2025-09-12,Chicago,IL,Giga Energy,gigaenergy.com,,,,,,,,
National Electrical Contractors Association (NECA) Chicago 2025,National Electrical Contractors Association (NECA),2025-09-12,Chicago,IL,Knipex Tools,knipex-tools.com,,,,,,,,
National Electrical Contractors Association (NECA) Chicago 2025,National Electrical Contractors Association (NECA),2025-09-12,Chicago,IL,VoltServer Inc.,voltserver.com,,,,,,,,
National Electrical Contractors Association (NECA) Chicago 2025,National Electrical Contractors Association (NECA),2025-09-12,Chicago,IL,Engineered Products Company,engproducts.com,,,,,,,,
National Electrical Contractors Association (NECA) Chicago 2025,National Electrical Contractors Association (NECA),2025-09-12,Chicago,IL,Raken,rakenapp.com,,,,,,,,
National Electrical Contractors Association (NECA) Chicago 2025,National Electrical Contractors Association (NECA),2025-09-12,Chicago,IL,Plymouth Rubber Group,plymouthrubber.com,,,,,,,,
National Electrical Contractors Association (NECA) Chicago 2025,National Electrical Contractors Association (NECA),2025-09-12,Chicago,IL,Orbit Industries,orbitelectric.com,,,,,,,,
National Electrical Contractors Association (NECA) Chicago 2025,National Electrical Contractors Association (NECA),2025-09-12,Chicago,IL,Fingercheck,fingercheck.com,,,,,,,,
National Electrical Contractors Association (NECA) Chicago 2025,National Electrical Contractors Association (NECA),2025-09-12,Chicago,IL,AlignOps,alignops.com,,,,,,,,
National Electrical Contractors Association (NECA) Chicago 2025,National Electrical Contractors Association (NECA),2025-09-12,Chicago,IL,Empire Level,empirelevel.com,,,,,,,,
National Electrical Contractors Association (NECA) Chicago 2025,National Electrical Contractors Association (NECA),2025-09-12,Chicago,IL,"T&R Communications, Inc.",trcomm.com,,,,,,,,
National Electrical Contractors Association (NECA) Chicago 2025,National Electrical Contractors Association (NECA),2025-09-12,Chicago,IL,G&S Technologies,gstechnologies.com,,,,,YES,campaign-P2,T2,YES
National Electrical Contractors Association (NECA) Chicago 2025,National Electrical Contractors Association (NECA),2025-09-12,Chicago,IL,"Champion Fiberglass, Inc.",championfiberglass.com,,,,,,,,
National Electrical Contractors Association (NECA) Chicago 2025,National Electrical Contractors Association (NECA),2025-09-12,Chicago,IL,"International Development Services, Inc.",intl-dev.com,,,,,,,,
National Electrical Contractors Association (NECA) Chicago 2025,National Electrical Contractors Association (NECA),2025-09-12,Chicago,IL,"American Innotek, Inc.",americaninnotek.com,,,,,,,,
National Electrical Contractors Association (NECA) Chicago 2025,National Electrical Contractors Association (NECA),2025-09-12,Chicago,IL,LS Cable & System USA,lscsusa.com,,,,,,,,
National Electrical Contractors Association (NECA) Chicago 2025,National Electrical Contractors Association (NECA),2025-09-12,Chicago,IL,Jonard Tools,jonard.com,,,,,,,,
National Electrical Contractors Association (NECA) Chicago 2025,National Electrical Contractors Association (NECA),2025-09-12,Chicago,IL,"Worldwide Power Products, LLC",wpowerproducts.com,,,,,,,,
National Electrical Contractors Association (NECA) Chicago 2025,National Electrical Contractors Association (NECA),2025-09-12,Chicago,IL,Paulson Manufacturing Corp.,paulsonmfg.com,,,,,,,,
National Electrical Contractors Association (NECA) Chicago 2025,National Electrical Contractors Association (NECA),2025-09-12,Chicago,IL,"Pro Electric, L.C.",proelectriclc.com,,,,,,,,
National Electrical Contractors Association (NECA) Chicago 2025,National Electrical Contractors Association (NECA),2025-09-12,Chicago,IL,Johnson Kendall Johnson,jkj.com,,,,,,,,
National Electrical Contractors Association (NECA) Chicago 2025,National Electrical Contractors Association (NECA),2025-09-12,Chicago,IL,Klasko Careers in Immigration,klaskolaw.com,,,,,,,,
National Electrical Contractors Association (NECA) Chicago 2025,National Electrical Contractors Association (NECA),2025-09-12,Chicago,IL,Kolbi Pipe Marker,kolbipipemarkers.com,,,,,,,,
National Electrical Contractors Association (NECA) Chicago 2025,National Electrical Contractors Association (NECA),2025-09-12,Chicago,IL,"Sanveo, Inc.",sanveo.com,,,,,,,,
National Electrical Contractors Association (NECA) Chicago 2025,National Electrical Contractors Association (NECA),2025-09-12,Chicago,IL,Olsun Electrics Corporation,olsun.com,,,,,,,,
National Electrical Contractors Association (NECA) Chicago 2025,National Electrical Contractors Association (NECA),2025-09-12,Chicago,IL,Document Crunch,documentcrunch.com,,,,,,,,
National Electrical Contractors Association (NECA) Chicago 2025,National Electrical Contractors Association (NECA),2025-09-12,Chicago,IL,Phase Technologies,phasetechnologies.com,,,,,,,,
National Electrical Contractors Association (NECA) Chicago 2025,National Electrical Contractors Association (NECA),2025-09-12,Chicago,IL,Wiha Tools USA,wihatools.com,,,,,,,,
National Electrical Contractors Association (NECA) Chicago 2025,National Electrical Contractors Association (NECA),2025-09-12,Chicago,IL,"Functional Devices, Inc.",functionaldevices.com,,,,,,,,
National Electrical Contractors Association (NECA) Chicago 2025,National Electrical Contractors Association (NECA),2025-09-12,Chicago,IL,Janitza,janitza.com,,,,,,,,
National Electrical Contractors Association (NECA) Chicago 2025,National Electrical Contractors Association (NECA),2025-09-12,Chicago,IL,Parspec,parspec.io,,,,,,,,
National Electrical Contractors Association (NECA) Chicago 2025,National Electrical Contractors Association (NECA),2025-09-12,Chicago,IL,Stratus,stratus.build,,,,,,,,
National Electrical Contractors Association (NECA) Chicago 2025,National Electrical Contractors Association (NECA),2025-09-12,Chicago,IL,"EiKO Global, LLC",eiko.com,,,,,,,,
National Electrical Contractors Association (NECA) Chicago 2025,National Electrical Contractors Association (NECA),2025-09-12,Chicago,IL,Classic Wire and Cable,classicwire.com,,,,,,,,
National Electrical Contractors Association (NECA) Chicago 2025,National Electrical Contractors Association (NECA),2025-09-12,Chicago,IL,Busybusy,busybusy.com,,,,,,,,
National Electrical Contractors Association (NECA) Chicago 2025,National Electrical Contractors Association (NECA),2025-09-12,Chicago,IL,"DITEK, Inc.",diteksurgeprotection.com,,,,,,,,
National Electrical Contractors Association (NECA) Chicago 2025,National Electrical Contractors Association (NECA),2025-09-12,Chicago,IL,Success Group International,yoursgi.com,,,,,,,,
National Electrical Contractors Association (NECA) Chicago 2025,National Electrical Contractors Association (NECA),2025-09-12,Chicago,IL,"Dagostino Electronic Services, Inc.",descomm.com,,,,,,,,
National Electrical Contractors Association (NECA) Chicago 2025,National Electrical Contractors Association (NECA),2025-09-12,Chicago,IL,Robroy Industries,robroy.com,,,,,,,,
National Electrical Contractors Association (NECA) Chicago 2025,National Electrical Contractors Association (NECA),2025-09-12,Chicago,IL,Commusoft,commusoft.co.uk,,,,,,,,
National Electrical Contractors Association (NECA) Chicago 2025,National Electrical Contractors Association (NECA),2025-09-12,Chicago,IL,Lind Equipment,lindequipment.net,,,,,,,,
National Electrical Contractors Association (NECA) Chicago 2025,National Electrical Contractors Association (NECA),2025-09-12,Chicago,IL,Sortly,sortly.com,,,,,,,,
National Electrical Contractors Association (NECA) Chicago 2025,National Electrical Contractors Association (NECA),2025-09-12,Chicago,IL,iTOOLco,itoolco.com,,,,,,,,
National Electrical Contractors Association (NECA) Chicago 2025,National Electrical Contractors Association (NECA),2025-09-12,Chicago,IL,Ericson Manufacturing,ericson.com,,,,,,,,
National Electrical Contractors Association (NECA) Chicago 2025,National Electrical Contractors Association (NECA),2025-09-12,Chicago,IL,Levelset,levelset.com,,,,,,,,
National Electrical Contractors Association (NECA) Chicago 2025,National Electrical Contractors Association (NECA),2025-09-12,Chicago,IL,CDI Technology Services,cdi-tech.net,,,,,,,,
National Electrical Contractors Association (NECA) Chicago 2025,National Electrical Contractors Association (NECA),2025-09-12,Chicago,IL,MGL International Group,mgl-intl.com,,,,,,,,
National Electrical Contractors Association (NECA) Chicago 2025,National Electrical Contractors Association (NECA),2025-09-12,Chicago,IL,Remarcable Inc.,remarcable.com,,,,,,,,
National Electrical Contractors Association (NECA) Chicago 2025,National Electrical Contractors Association (NECA),2025-09-12,Chicago,IL,F.D. Hayes Electric,fdhayes.com,,,,,,,,
National Electrical Contractors Association (NECA) Chicago 2025,National Electrical Contractors Association (NECA),2025-09-12,Chicago,IL,"Shawver & Son, Inc.",shawver.net,,,,,,,,
National Electrical Contractors Association (NECA) Chicago 2025,National Electrical Contractors Association (NECA),2025-09-12,Chicago,IL,"Wheeler Electric, Inc.",wheelerelectric.com,,,,,YES,master-P2,T4,
National Electrical Contractors Association (NECA) Chicago 2025,National Electrical Contractors Association (NECA),2025-09-12,Chicago,IL,"Automation Displays, Inc.",adipanel.com,,,,,,,,
National Electrical Contractors Association (NECA) Chicago 2025,National Electrical Contractors Association (NECA),2025-09-12,Chicago,IL,Cal Am Manufacturing,calam.net,,,,,,,,
National Electrical Contractors Association (NECA) Chicago 2025,National Electrical Contractors Association (NECA),2025-09-12,Chicago,IL,Fairchild Communication Systems,fairchildcommunications.com,,,,,,,,
National Electrical Contractors Association (NECA) Chicago 2025,National Electrical Contractors Association (NECA),2025-09-12,Chicago,IL,ECSI System Integrators,ecsillc.com,,,,,,,,
National Electrical Contractors Association (NECA) Chicago 2025,National Electrical Contractors Association (NECA),2025-09-12,Chicago,IL,Current Tools Inc,currenttools.com,,,,,,,,
National Electrical Contractors Association (NECA) Chicago 2025,National Electrical Contractors Association (NECA),2025-09-12,Chicago,IL,Patriot Industries,patriotsas.com,"Louisa, VA",75,Bootstrapped,2010,,,,
National Electrical Contractors Association (NECA) Chicago 2025,National Electrical Contractors Association (NECA),2025-09-12,Chicago,IL,Modular Power & Data,modular-power.com,"Madison, WI",73,Private Subsidiary,2020,,,,
National Electrical Contractors Association (NECA) Chicago 2025,National Electrical Contractors Association (NECA),2025-09-12,Chicago,IL,eVolve MEP,evolvemep.com,"Atlanta, GA",73,Investor Backed,2014,,,,
National Electrical Contractors Association (NECA) Chicago 2025,National Electrical Contractors Association (NECA),2025-09-12,Chicago,IL,Wesanco Zsi,wesanco-zsi.com,"Auburn Hills, MI",71,Bootstrapped,,,,,
National Electrical Contractors Association (NECA) Chicago 2025,National Electrical Contractors Association (NECA),2025-09-12,Chicago,IL,Wera Tools North America,www-de.wera.de,"Burlington, Canada",71,Private Subsidiary,1936,,,,
National Electrical Contractors Association (NECA) Chicago 2025,National Electrical Contractors Association (NECA),2025-09-12,Chicago,IL,High To Low Voltage,hightolowvoltage.com,,,,,,,,
National Electrical Contractors Association (NECA) Chicago 2025,National Electrical Contractors Association (NECA),2025-09-12,Chicago,IL,"J.H. Botts, LLC",jhbotts.com,,,,,,,,
National Electrical Contractors Association (NECA) Chicago 2025,National Electrical Contractors Association (NECA),2025-09-12,Chicago,IL,"JHB Group, Inc.",jhbgroup.org,,,,,,,,
National Electrical Contractors Association (NECA) Chicago 2025,National Electrical Contractors Association (NECA),2025-09-12,Chicago,IL,Electrical Training ALLIANCE,electricaltrainingalliance.org,,,,,,,,
National Electrical Contractors Association (NECA) Chicago 2025,National Electrical Contractors Association (NECA),2025-09-12,Chicago,IL,Ez-Crete Llc,ez-crete.com,,,,,,,,
National Electrical Contractors Association (NECA) Chicago 2025,National Electrical Contractors Association (NECA),2025-09-12,Chicago,IL,Certified Safety Manufacturing,certifiedsafetymfg.com,,,,,,,,
National Electrical Contractors Association (NECA) Chicago 2025,National Electrical Contractors Association (NECA),2025-09-12,Chicago,IL,TESTCo Inc.,testco.com,,,,,,,,
National Electrical Contractors Association (NECA) Chicago 2025,National Electrical Contractors Association (NECA),2025-09-12,Chicago,IL,"Centre Law & Consulting, LLC.",centrelawgroup.com,,,,,,,,
National Electrical Contractors Association (NECA) Chicago 2025,National Electrical Contractors Association (NECA),2025-09-12,Chicago,IL,PSP Products,pspproducts.com,,,,,,,,
National Electrical Contractors Association (NECA) Chicago 2025,National Electrical Contractors Association (NECA),2025-09-12,Chicago,IL,Powerline Hardware,powerlinehardware.com,,,,,,,,
National Electrical Contractors Association (NECA) Chicago 2025,National Electrical Contractors Association (NECA),2025-09-12,Chicago,IL,Tax Hive,taxhive.com,,,,,,,,
National Electrical Contractors Association (NECA) Chicago 2025,National Electrical Contractors Association (NECA),2025-09-12,Chicago,IL,Phoenix Contact USA,phoenixcontact.com,,,,,,,,
National Electrical Contractors Association (NECA) Chicago 2025,National Electrical Contractors Association (NECA),2025-09-12,Chicago,IL,"Field Materials, Inc.",fieldmaterials.com,,,,,,,,
National Electrical Contractors Association (NECA) Chicago 2025,National Electrical Contractors Association (NECA),2025-09-12,Chicago,IL,Signal Fluid Solutions,signalfluidsolutions.com,,,,,,,,
National Electrical Contractors Association (NECA) Chicago 2025,National Electrical Contractors Association (NECA),2025-09-12,Chicago,IL,Electrical.com,electrical.com,,,,,,,,
National Electrical Contractors Association (NECA) Chicago 2025,National Electrical Contractors Association (NECA),2025-09-12,Chicago,IL,Day & Night Solar,dayandnightsolar.com,,,,,,,,
National Electrical Contractors Association (NECA) Chicago 2025,National Electrical Contractors Association (NECA),2025-09-12,Chicago,IL,"Intrepid Electronic Systems, Inc.",intrepidelectronics.com,,,,,,,,
National Electrical Contractors Association (NECA) Chicago 2025,National Electrical Contractors Association (NECA),2025-09-12,Chicago,IL,Voltec Industries,voltecindustries.com,,,,,,,,
National Electrical Contractors Association (NECA) Chicago 2025,National Electrical Contractors Association (NECA),2025-09-12,Chicago,IL,Knowify,knowify.com,,,,,,,,
National Electrical Contractors Association (NECA) Chicago 2025,National Electrical Contractors Association (NECA),2025-09-12,Chicago,IL,Drawer AI,drawer.ai,,,,,,,,
National Electrical Contractors Association (NECA) Chicago 2025,National Electrical Contractors Association (NECA),2025-09-12,Chicago,IL,Southeast Lineman Training Center (SLTC),lineworker.com,,,,,,,,
National Electrical Contractors Association (NECA) Chicago 2025,National Electrical Contractors Association (NECA),2025-09-12,Chicago,IL,"Lynkwell, LLC",lynkwell.com,,,,,,,,
National Electrical Contractors Association (NECA) Chicago 2025,National Electrical Contractors Association (NECA),2025-09-12,Chicago,IL,Grace Technologies,graceport.com,,,,,YES,master-P3,M13,
National Electrical Contractors Association (NECA) Chicago 2025,National Electrical Contractors Association (NECA),2025-09-12,Chicago,IL,"Delta Construction Partners, Inc.",deltaconstructionpartners.com,,,,,,,,
National Electrical Contractors Association (NECA) Chicago 2025,National Electrical Contractors Association (NECA),2025-09-12,Chicago,IL,Shinetoo Lighting USA LLC,shine2sportslighting.com,,,,,,,,
National Electrical Contractors Association (NECA) Chicago 2025,National Electrical Contractors Association (NECA),2025-09-12,Chicago,IL,Zuma Payroll and HR,zumapay.com,,,,,,,,
National Electrical Contractors Association (NECA) Chicago 2025,National Electrical Contractors Association (NECA),2025-09-12,Chicago,IL,Smartengine Wtec,wtec.io,,,,,,,,
National Electrical Contractors Association (NECA) Chicago 2025,National Electrical Contractors Association (NECA),2025-09-12,Chicago,IL,"EPEC Solutions, Inc.",epecsolutionsinc.com,,,,,,,,
National Electrical Contractors Association (NECA) Chicago 2025,National Electrical Contractors Association (NECA),2025-09-12,Chicago,IL,Clinton Electronics,clintonelectronics.com,,,,,,,,
National Electrical Contractors Association (NECA) Chicago 2025,National Electrical Contractors Association (NECA),2025-09-12,Chicago,IL,"LS Electric America, Inc.",lselectricamerica.com,,,,,,,,
National Electrical Contractors Association (NECA) Chicago 2025,National Electrical Contractors Association (NECA),2025-09-12,Chicago,IL,"Sportsbeams Lighting, Inc.",sportsbeams.com,,,,,,,,
National Electrical Contractors Association (NECA) Chicago 2025,National Electrical Contractors Association (NECA),2025-09-12,Chicago,IL,Farotech,farotech.com,,,,,,,,
National Electrical Contractors Association (NECA) Chicago 2025,National Electrical Contractors Association (NECA),2025-09-12,Chicago,IL,SmartBarrel,smartbarrel.io,,,,,,,,
National Electrical Contractors Association (NECA) Chicago 2025,National Electrical Contractors Association (NECA),2025-09-12,Chicago,IL,UCL Swift Americas,uclswiftamericas.com,,,,,,,,
National Electrical Contractors Association (NECA) Chicago 2025,National Electrical Contractors Association (NECA),2025-09-12,Chicago,IL,Rymco Usa,rymcousa.com,,,,,,,,
National Electrical Contractors Association (NECA) Chicago 2025,National Electrical Contractors Association (NECA),2025-09-12,Chicago,IL,InterNational Electrical Testing Association (NETA),netaworld.org,,,,,,,,
National Electrical Contractors Association (NECA) Chicago 2025,National Electrical Contractors Association (NECA),2025-09-12,Chicago,IL,"Rivet Work, Inc.",rivet.work,,,,,,,,
National Electrical Contractors Association (NECA) Chicago 2025,National Electrical Contractors Association (NECA),2025-09-12,Chicago,IL,"High Voltage, Inc.",hvinc.com,,,,,,,,
National Electrical Contractors Association (NECA) Chicago 2025,National Electrical Contractors Association (NECA),2025-09-12,Chicago,IL,Siteline,siteline.com,,,,,,,,
National Electrical Contractors Association (NECA) Chicago 2025,National Electrical Contractors Association (NECA),2025-09-12,Chicago,IL,Erin Rope,erinrope.com,,,,,,,,
National Electrical Contractors Association (NECA) Chicago 2025,National Electrical Contractors Association (NECA),2025-09-12,Chicago,IL,Rack-A-Tiers Mfg. Inc,rack-a-tiers.com,,,,,,,,
National Electrical Contractors Association (NECA) Chicago 2025,National Electrical Contractors Association (NECA),2025-09-12,Chicago,IL,North Shore Safety,nssltd.com,,,,,,,,
National Electrical Contractors Association (NECA) Chicago 2025,National Electrical Contractors Association (NECA),2025-09-12,Chicago,IL,Linear Solutions Inc.,linearsolutionsinc.com,,,,,,,,
National Electrical Contractors Association (NECA) Chicago 2025,National Electrical Contractors Association (NECA),2025-09-12,Chicago,IL,Missouri Valley Line Constructors,movalleyjatc.org,,,,,,,,
National Electrical Contractors Association (NECA) Chicago 2025,National Electrical Contractors Association (NECA),2025-09-12,Chicago,IL,Advanced Electrical & Motor Controls,aeamc.com,,,,,,,,
National Electrical Contractors Association (NECA) Chicago 2025,National Electrical Contractors Association (NECA),2025-09-12,Chicago,IL,"MVA Services, Inc.",mvasvcs.com,,,,,,,,
National Electrical Contractors Association (NECA) Chicago 2025,National Electrical Contractors Association (NECA),2025-09-12,Chicago,IL,Blu-Mol,disstontools.com,,,,,,,,
National Electrical Contractors Association (NECA) Chicago 2025,National Electrical Contractors Association (NECA),2025-09-12,Chicago,IL,SmartBuild Construction Solutions,smrtbld.com,,,,,,,,
National Electrical Contractors Association (NECA) Chicago 2025,National Electrical Contractors Association (NECA),2025-09-12,Chicago,IL,Visionary Es,visionary-es.com,,,,,,,,
National Electrical Contractors Association (NECA) Chicago 2025,National Electrical Contractors Association (NECA),2025-09-12,Chicago,IL,"Enerlites, Inc.",enerlites.com,,,,,,,,
National Electrical Contractors Association (NECA) Chicago 2025,National Electrical Contractors Association (NECA),2025-09-12,Chicago,IL,Halex,halexco.com,,,,,,,,
National Electrical Contractors Association (NECA) Chicago 2025,National Electrical Contractors Association (NECA),2025-09-12,Chicago,IL,Nichifu,nichifu.com,,,,,,,,
National Electrical Contractors Association (NECA) Chicago 2025,National Electrical Contractors Association (NECA),2025-09-12,Chicago,IL,Innerduct.com,innerduct.com,,,,,,,,
National Electrical Contractors Association (NECA) Chicago 2025,National Electrical Contractors Association (NECA),2025-09-12,Chicago,IL,ConEst Software Systems,conest.com,,,,,,,,
National Electrical Contractors Association (NECA) Chicago 2025,National Electrical Contractors Association (NECA),2025-09-12,Chicago,IL,Long Electric Co.,longelectric.com,,,,,YES,master-P2,T5,
National Electrical Contractors Association (NECA) Chicago 2025,National Electrical Contractors Association (NECA),2025-09-12,Chicago,IL,eSUB Construction Software,esub.com,,,,,,,,
National Electrical Contractors Association (NECA) Chicago 2025,National Electrical Contractors Association (NECA),2025-09-12,Chicago,IL,Nuvo Solutions,nuvo.solutions,,,,,,,,
National Electrical Contractors Association (NECA) Chicago 2025,National Electrical Contractors Association (NECA),2025-09-12,Chicago,IL,"Shenzhen Dimi Lighting Co., Ltd",dimilight.com,,,,,,,,
National Electrical Contractors Association (NECA) Chicago 2025,National Electrical Contractors Association (NECA),2025-09-12,Chicago,IL,Shea Electric & Communications LLC,sheaelectricllc.com,,,,,,,,
National Electrical Contractors Association (NECA) Chicago 2025,National Electrical Contractors Association (NECA),2025-09-12,Chicago,IL,Safeguard Equipment,safeguardequipment.com,,,,,,,,
National Electrical Contractors Association (NECA) Chicago 2025,National Electrical Contractors Association (NECA),2025-09-12,Chicago,IL,Mike Holt Enterprises,mikeholt.com,,,,,,,,
National Electrical Contractors Association (NECA) Chicago 2025,National Electrical Contractors Association (NECA),2025-09-12,Chicago,IL,impac Fleet Management,impacfleet.com,,,,,,,,
National Electrical Contractors Association (NECA) Chicago 2025,National Electrical Contractors Association (NECA),2025-09-12,Chicago,IL,Contractors Choice Incorporated,cctoolsequipment.com,,,,,,,,
National Electrical Contractors Association (NECA) Chicago 2025,National Electrical Contractors Association (NECA),2025-09-12,Chicago,IL,Litetronics International,litetronics.com,,,,,,,,
National Electrical Contractors Association (NECA) Chicago 2025,National Electrical Contractors Association (NECA),2025-09-12,Chicago,IL,Hollobus Technologies Inc,hollobus.com,,,,,,,,
National Electrical Contractors Association (NECA) Chicago 2025,National Electrical Contractors Association (NECA),2025-09-12,Chicago,IL,Pole Base,polebase.com,,,,,,,,
National Electrical Contractors Association (NECA) Chicago 2025,National Electrical Contractors Association (NECA),2025-09-12,Chicago,IL,"McCormick Systems, Inc.",mccormicksys.com,,,,,,,,
National Electrical Contractors Association (NECA) Chicago 2025,National Electrical Contractors Association (NECA),2025-09-12,Chicago,IL,Insulated Tools Ltd,insulatedtools.co.uk,,,,,,,,
National Electrical Contractors Association (NECA) Chicago 2025,National Electrical Contractors Association (NECA),2025-09-12,Chicago,IL,"NetConnex, LLC",netconnexllc.com,,,,,,,,
National Electrical Contractors Association (NECA) Chicago 2025,National Electrical Contractors Association (NECA),2025-09-12,Chicago,IL,"Cementex Products, Inc.",cementexusa.com,,,,,,,,
National Electrical Contractors Association (NECA) Chicago 2025,National Electrical Contractors Association (NECA),2025-09-12,Chicago,IL,Electric Service & Supply Co,esscoelectric.com,,,,,,,,
National Electrical Contractors Association (NECA) Chicago 2025,National Electrical Contractors Association (NECA),2025-09-12,Chicago,IL,Brief Relief,briefrelief.com,,,,,,,,
National Electrical Contractors Association (NECA) Chicago 2025,National Electrical Contractors Association (NECA),2025-09-12,Chicago,IL,MiniTrencher,minitrencher.com,,,,,,,,
National Electrical Contractors Association (NECA) Chicago 2025,National Electrical Contractors Association (NECA),2025-09-12,Chicago,IL,"Rhumbix, Inc.",rhumbix.com,,,,,,,,
National Electrical Contractors Association (NECA) Chicago 2025,National Electrical Contractors Association (NECA),2025-09-12,Chicago,IL,"Hendrick Phillips Salzman & Siegel, PC",hpsslaw.com,,,,,,,,
National Electrical Contractors Association (NECA) Chicago 2025,National Electrical Contractors Association (NECA),2025-09-12,Chicago,IL,Hard Hat VR,hardhatvr.com,,,,,,,,
National Electrical Contractors Association (NECA) Chicago 2025,National Electrical Contractors Association (NECA),2025-09-12,Chicago,IL,Triplett Test Equipment & Tools,triplett.com,,,,,,,,
National Electrical Contractors Association (NECA) Chicago 2025,National Electrical Contractors Association (NECA),2025-09-12,Chicago,IL,Mag Daddy,magdaddyusa.com,,,,,,,,
National Electrical Contractors Association (NECA) Chicago 2025,National Electrical Contractors Association (NECA),2025-09-12,Chicago,IL,Ssi Ep,ssiep.com,,,,,,,,
National Electrical Contractors Association (NECA) Chicago 2025,National Electrical Contractors Association (NECA),2025-09-12,Chicago,IL,Uniclamp International,uniclampinternational.com,,,,,,,,
National Electrical Contractors Association (NECA) Chicago 2025,National Electrical Contractors Association (NECA),2025-09-12,Chicago,IL,Evolved Strategic Marketing,evolved.marketing,,,,,,,,
National Electrical Contractors Association (NECA) Chicago 2025,National Electrical Contractors Association (NECA),2025-09-12,Chicago,IL,"MCA, Inc.",mca.net,,,,,,,,
National Electrical Contractors Association (NECA) Chicago 2025,National Electrical Contractors Association (NECA),2025-09-12,Chicago,IL,"Jokari/US, Inc.",jokari.com,,,,,,,,
National Electrical Contractors Association (NECA) Chicago 2025,National Electrical Contractors Association (NECA),2025-09-12,Chicago,IL,ESA Fabrication,esafab.com,,,,,,,,
National Electrical Contractors Association (NECA) Chicago 2025,National Electrical Contractors Association (NECA),2025-09-12,Chicago,IL,Production Products,productionproducts.net,,,,,,,,
National Electrical Contractors Association (NECA) Chicago 2025,National Electrical Contractors Association (NECA),2025-09-12,Chicago,IL,Duralec,duralec.com,,,,,,,,
National Electrical Contractors Association (NECA) Chicago 2025,National Electrical Contractors Association (NECA),2025-09-12,Chicago,IL,Portor Industry,portorlighting.com,,,,,,,,
National Electrical Contractors Association (NECA) Chicago 2025,National Electrical Contractors Association (NECA),2025-09-12,Chicago,IL,Sinclair Digital,sinclair-digital.com,,,,,,,,
National Electrical Contractors Association (NECA) Chicago 2025,National Electrical Contractors Association (NECA),2025-09-12,Chicago,IL,TrenchSafe,trenchsafe.com,,,,,,,,
National Electrical Contractors Association (NECA) Chicago 2025,National Electrical Contractors Association (NECA),2025-09-12,Chicago,IL,Maxim Consulting Group,maximconsulting.com,,,,,,,,
National Electrical Contractors Association (NECA) Chicago 2025,National Electrical Contractors Association (NECA),2025-09-12,Chicago,IL,Leica Geosystems AG,leica-geosystems.com,,,,,,,,
National Electrical Contractors Association (NECA) Chicago 2025,National Electrical Contractors Association (NECA),2025-09-12,Chicago,IL,Pelles.ai,pelles.ai,,,,,,,,
National Electrical Contractors Association (NECA) Chicago 2025,National Electrical Contractors Association (NECA),2025-09-12,Chicago,IL,Riskcast Solutions,riskcast.com,,,,,,,,
National Electrical Contractors Association (NECA) Chicago 2025,National Electrical Contractors Association (NECA),2025-09-12,Chicago,IL,Build Time,buildtime.us,,,,,,,,
National Electrical Contractors Association (NECA) Chicago 2025,National Electrical Contractors Association (NECA),2025-09-12,Chicago,IL,The Rosendin Foundation,therosendinfoundation.org,,,,,,,,
National Electrical Contractors Association (NECA) Chicago 2025,National Electrical Contractors Association (NECA),2025-09-12,Chicago,IL,ELECTRI International,electri.org,"Washington, Washington, DC",14,,1989,,,,
National Electrical Contractors Association (NECA) Chicago 2025,National Electrical Contractors Association (NECA),2025-09-12,Chicago,IL,Kace Communications,kacecommunications.com,"Libertyville, IL",14,Bootstrapped,2014,,,,
National Electrical Contractors Association (NECA) Chicago 2025,National Electrical Contractors Association (NECA),2025-09-12,Chicago,IL,Monterra,monterra.ai,"San Francisco, CA",13,Investor Backed,2022,,,,
National Electrical Contractors Association (NECA) Chicago 2025,National Electrical Contractors Association (NECA),2025-09-12,Chicago,IL,Mechanical Ingenuity Corporation,1mic1.com,"Eatontown, NJ",13,Bootstrapped,1987,,,,
National Electrical Contractors Association (NECA) Chicago 2025,National Electrical Contractors Association (NECA),2025-09-12,Chicago,IL,Electrical Safety Foundation International,esfi.org,"Arlington, VA",13,,1994,,,,
National Electrical Contractors Association (NECA) Chicago 2025,National Electrical Contractors Association (NECA),2025-09-12,Chicago,IL,Condoit,condoit.io,,,,,,,,
National Electrical Contractors Association (NECA) Chicago 2025,National Electrical Contractors Association (NECA),2025-09-12,Chicago,IL,MB Cable Company,markedandbundled.com,,,,,,,,
National Electrical Contractors Association (NECA) Chicago 2025,National Electrical Contractors Association (NECA),2025-09-12,Chicago,IL,Oswego Creative,oswegocreative.com,,,,,,,,
National Electrical Contractors Association (NECA) Chicago 2025,National Electrical Contractors Association (NECA),2025-09-12,Chicago,IL,Egalvanic,egalvanic.com,,,,,,,,
National Electrical Contractors Association (NECA) Chicago 2025,National Electrical Contractors Association (NECA),2025-09-12,Chicago,IL,HD Fleet GPS Tracking Cameras,hdfleet.com,,,,,,,,
National Electrical Contractors Association (NECA) Chicago 2025,National Electrical Contractors Association (NECA),2025-09-12,Chicago,IL,ECA of Chicago,ecachicago.com,,,,,,,,
National Electrical Contractors Association (NECA) Chicago 2025,National Electrical Contractors Association (NECA),2025-09-12,Chicago,IL,Seraphina Safety Apparel,seraphinasafety.com,,,,,,,,
National Electrical Contractors Association (NECA) Chicago 2025,National Electrical Contractors Association (NECA),2025-09-12,Chicago,IL,Fudakin,fudakinlighting.com,,,,,,,,
National Electrical Contractors Association (NECA) Chicago 2025,National Electrical Contractors Association (NECA),2025-09-12,Chicago,IL,mbue,mbue.ai,,,,,,,,
National Electrical Contractors Association (NECA) Chicago 2025,National Electrical Contractors Association (NECA),2025-09-12,Chicago,IL,Allied BIM,alliedbim.com,,,,,,,,
National Electrical Contractors Association (NECA) Chicago 2025,National Electrical Contractors Association (NECA),2025-09-12,Chicago,IL,SteelToe Consulting LLC,steeltoeconsulting.com,,,,,,,,
National Electrical Contractors Association (NECA) Chicago 2025,National Electrical Contractors Association (NECA),2025-09-12,Chicago,IL,PoE Texas,poetexas.com,,,,,,,,
National Electrical Contractors Association (NECA) Chicago 2025,National Electrical Contractors Association (NECA),2025-09-12,Chicago,IL,Penn Aluminum International LLC,pennaluminum.com,,,,,,,,
National Electrical Contractors Association (NECA) Chicago 2025,National Electrical Contractors Association (NECA),2025-09-12,Chicago,IL,"Summit Technology, Inc.",powersight.com,,,,,,,,
National Electrical Contractors Association (NECA) Chicago 2025,National Electrical Contractors Association (NECA),2025-09-12,Chicago,IL,Heather Technologies Corporation,heathertechnologies.com,,,,,,,,
National Electrical Contractors Association (NECA) Chicago 2025,National Electrical Contractors Association (NECA),2025-09-12,Chicago,IL,PataBid,patabid.com,,,,,,,,
National Electrical Contractors Association (NECA) Chicago 2025,National Electrical Contractors Association (NECA),2025-09-12,Chicago,IL,The Marketing Clerics,themarketingclerics.com,,,,,,,,
National Electrical Contractors Association (NECA) Chicago 2025,National Electrical Contractors Association (NECA),2025-09-12,Chicago,IL,ESP Electrical Contractors,espelectrical.net,,,,,,,,
National Electrical Contractors Association (NECA) Chicago 2025,National Electrical Contractors Association (NECA),2025-09-12,Chicago,IL,SimpleTech Resources,simpletechresources.com,,,,,,,,
National Electrical Contractors Association (NECA) Chicago 2025,National Electrical Contractors Association (NECA),2025-09-12,Chicago,IL,Clyr,clyr.io,,,,,,,,
National Electrical Contractors Association (NECA) Chicago 2025,National Electrical Contractors Association (NECA),2025-09-12,Chicago,IL,Enliven,enlivenhq.com,,,,,,,,
National Electrical Contractors Association (NECA) Chicago 2025,National Electrical Contractors Association (NECA),2025-09-12,Chicago,IL,Pabytech,pabytech.com,,,,,,,,
National Electrical Contractors Association (NECA) Chicago 2025,National Electrical Contractors Association (NECA),2025-09-12,Chicago,IL,Liteband,liteband.com,,,,,,,,
National Electrical Contractors Association (NECA) Chicago 2025,National Electrical Contractors Association (NECA),2025-09-12,Chicago,IL,Daaxit,daaxit.com,,,,,,,,
National Electrical Contractors Association (NECA) Chicago 2025,National Electrical Contractors Association (NECA),2025-09-12,Chicago,IL,Sy Tis,sytis.com,,,,,,,,
National Electrical Contractors Association (NECA) Chicago 2025,National Electrical Contractors Association (NECA),2025-09-12,Chicago,IL,Minnesota Statewide Limited Energy JATC,statewidelea.org,,,,,,,,
National Electrical Contractors Association (NECA) Chicago 2025,National Electrical Contractors Association (NECA),2025-09-12,Chicago,IL,GAN Human Resources,ganhumanresources.com,,,,,,,,
National Electrical Contractors Association (NECA) Chicago 2025,National Electrical Contractors Association (NECA),2025-09-12,Chicago,IL,Stepwise,getstepwise.com,,,,,,,,
National Electrical Contractors Association (NECA) Chicago 2025,National Electrical Contractors Association (NECA),2025-09-12,Chicago,IL,Albat Program,albat.org,,,,,,,,
National Electrical Contractors Association (NECA) Chicago 2025,National Electrical Contractors Association (NECA),2025-09-12,Chicago,IL,GoFroe,gofroe.com,,,,,,,,
National Electrical Contractors Association (NECA) Chicago 2025,National Electrical Contractors Association (NECA),2025-09-12,Chicago,IL,Emergeinnovationhub.Org,emergeinnovationhub.org,,,,,,,,
National Electrical Contractors Association (NECA) Chicago 2025,National Electrical Contractors Association (NECA),2025-09-12,Chicago,IL,FireXNull Inc.,firexnull.com,,,,,,,,
National Electrical Contractors Association (NECA) Chicago 2025,National Electrical Contractors Association (NECA),2025-09-12,Chicago,IL,Low-Level Access LLC,low-levelaccess.com,,,,,,,,
National Electrical Contractors Association (NECA) Chicago 2025,National Electrical Contractors Association (NECA),2025-09-12,Chicago,IL,"Siltec USA, Inc.",siltec.us,,,,,,,,
National Electrical Contractors Association (NECA) Chicago 2025,National Electrical Contractors Association (NECA),2025-09-12,Chicago,IL,Ab World,abworldgroup.com,,,,,,,,
National Electrical Contractors Association (NECA) Chicago 2025,National Electrical Contractors Association (NECA),2025-09-12,Chicago,IL,Tremar Corp Inc,tremarcorpinc.com,,,,,,,,
National Electrical Contractors Association (NECA) Chicago 2025,National Electrical Contractors Association (NECA),2025-09-12,Chicago,IL,Get F User,getfuser.com,,,,,,,,
National Electrical Contractors Association (NECA) Chicago 2025,National Electrical Contractors Association (NECA),2025-09-12,Chicago,IL,Dynamic Power,dynamic-power.com,,,,,,,,
National Electrical Contractors Association (NECA) Chicago 2025,National Electrical Contractors Association (NECA),2025-09-12,Chicago,IL,Rainwater Industrial,rainwaterindustrial.com,,,,,,,,
National Electrical Contractors Association (NECA) Chicago 2025,National Electrical Contractors Association (NECA),2025-09-12,Chicago,IL,Leadership Surge,leadershipsurge.com,,,,,,,,
National Electrical Contractors Association (NECA) Chicago 2025,National Electrical Contractors Association (NECA),2025-09-12,Chicago,IL,Symetri Europe,symetrigroup.com,,,,,,,,
National Electrical Contractors Association (NECA) Chicago 2025,National Electrical Contractors Association (NECA),2025-09-12,Chicago,IL,"Be Kind Lyfe, LLC",bekindlyfe.com,,,,,,,,
National Electrical Contractors Association (NECA) Chicago 2025,National Electrical Contractors Association (NECA),2025-09-12,Chicago,IL,"Sally Spencer-Thomas, Llc",sallyspencerthomas.com,,,,,,,,
National Electrical Contractors Association (NECA) Chicago 2025,National Electrical Contractors Association (NECA),2025-09-12,Chicago,IL,Inn Is Free Tools,innisfreetools.com,,,,,,,,
National Electrical Contractors Association (NECA) Chicago 2025,National Electrical Contractors Association (NECA),2025-09-12,Chicago,IL,"Atalanta Enterprises, Inc.",atalantaenterprises.com,,,,,,,,
National Electrical Contractors Association (NECA) Chicago 2025,National Electrical Contractors Association (NECA),2025-09-12,Chicago,IL,PlanRadar,planradar.com,,,,,,,,
National Electrical Contractors Association (NECA) Chicago 2025,National Electrical Contractors Association (NECA),2025-09-12,Chicago,IL,GRAITEC Group,graitec-group.com,,,,,,,,
National Electrical Contractors Association (NECA) Chicago 2025,National Electrical Contractors Association (NECA),2025-09-12,Chicago,IL,Communications Cable & Connectivity Association,cccassoc.org,,,,,,,,
National Electrical Contractors Association (NECA) Chicago 2025,National Electrical Contractors Association (NECA),2025-09-12,Chicago,IL,BALL Foundation,theballfoundation.com,,,,,,,,
National Electrical Contractors Association (NECA) Chicago 2025,National Electrical Contractors Association (NECA),2025-09-12,Chicago,IL,Cert In Software Systems Inc,certin.com,,,,,,,,
National Electrical Contractors Association (NECA) Chicago 2025,National Electrical Contractors Association (NECA),2025-09-12,Chicago,IL,Armada Inc,armadaintel.com,,,,,,,,
National Electrical Contractors Association (NECA) Chicago 2025,National Electrical Contractors Association (NECA),2025-09-12,Chicago,IL,Great Service Forums,greatserviceforums.com,,,,,,,,
National Electrical Contractors Association (NECA) Chicago 2025,National Electrical Contractors Association (NECA),2025-09-12,Chicago,IL,"Shanghai Euchips Industrial Co.,Ltd.",euchips.com,,,,,,,,
National Electrical Contractors Association (NECA) Chicago 2025,National Electrical Contractors Association (NECA),2025-09-12,Chicago,IL,Custom Electric Ltd.,customelectric.com,,,,,,,,
National Electrical Contractors Association (NECA) Chicago 2025,National Electrical Contractors Association (NECA),2025-09-12,Chicago,IL,"Shenzhen Guanke Technologies Co., Ltd",szguanke.com,,,,,,,,
National Electrical Contractors Association (NECA) Chicago 2025,National Electrical Contractors Association (NECA),2025-09-12,Chicago,IL,I-Gard Corporation,i-gard.com,,,,,,,,
National Electrical Contractors Association (NECA) Chicago 2025,National Electrical Contractors Association (NECA),2025-09-12,Chicago,IL,Max Electric,maxelectric-kc.com,,,,,,,,
National Electrical Contractors Association (NECA) Chicago 2025,National Electrical Contractors Association (NECA),2025-09-12,Chicago,IL,National Cable Splicing Certification Board,ncscbinc.com,,,,,,,,
National Electrical Contractors Association (NECA) Chicago 2025,National Electrical Contractors Association (NECA),2025-09-12,Chicago,IL,"NW Signal Maintenance, LLC",nwsignal.org,,,,,,,,
National Electrical Contractors Association (NECA) Chicago 2025,National Electrical Contractors Association (NECA),2025-09-12,Chicago,IL,The Electrical Advertiser,electricaladvertiser.com,,,,,,,,
National Electrical Contractors Association (NECA) Chicago 2025,National Electrical Contractors Association (NECA),2025-09-12,Chicago,IL,Kuik Box,kuikbox.com,,,,,,,,
National Electrical Contractors Association (NECA) Chicago 2025,National Electrical Contractors Association (NECA),2025-09-12,Chicago,IL,"Magnum Tool Corp., Inc.",magnum-tool.com,,,,,,,,
National Electrical Contractors Association (NECA) Chicago 2025,National Electrical Contractors Association (NECA),2025-09-12,Chicago,IL,Mechanical Ingenuity Corp. (MIC),micwavecrest.com,,,,,,,,
National Electrical Contractors Association (NECA) Chicago 2025,National Electrical Contractors Association (NECA),2025-09-12,Chicago,IL,San Marino Industries,sanmarinoindustries.com,,,,,,,,
National Electrical Contractors Association (NECA) Chicago 2025,National Electrical Contractors Association (NECA),2025-09-12,Chicago,IL,Toodlebox,toodlebox.com,,,,,,,,
National Electrical Contractors Association (NECA) Chicago 2025,National Electrical Contractors Association (NECA),2025-09-12,Chicago,IL,Euchips Electronics Inc.,euchips.us,,,,,,,,
National Electrical Contractors Association (NECA) Chicago 2025,National Electrical Contractors Association (NECA),2025-09-12,Chicago,IL,Legrand,legrand.com,,,,,,,,
National Electrical Contractors Association (NECA) Chicago 2025,National Electrical Contractors Association (NECA),2025-09-12,Chicago,IL,GenuSys AI,genusys.ai,,,,,,,,
National Electrical Contractors Association (NECA) Chicago 2025,National Electrical Contractors Association (NECA),2025-09-12,Chicago,IL,"Lauri Rollings and Associates, LLC",laurirollings.com,,,,,,,,
National Electrical Contractors Association (NECA) Chicago 2025,National Electrical Contractors Association (NECA),2025-09-12,Chicago,IL,"Pinnacle Safety Products, LLC",pinnaclesafetyproducts.com,,,,,,,,
National Electrical Contractors Association (NECA) Chicago 2025,National Electrical Contractors Association (NECA),2025-09-12,Chicago,IL,Atz Manufacturing,atzmanufacturing.com,,,,,,,,
National Electrical Contractors Association (NECA) Chicago 2025,National Electrical Contractors Association (NECA),2025-09-12,Chicago,IL,"3Grace Electrical USA, Inc",3graceele.com,,,,,,,,
National Electrical Contractors Association (NECA) Chicago 2025,National Electrical Contractors Association (NECA),2025-09-12,Chicago,IL,Red Wire Electric,callredwire.com,,,,,,,,
National Electrical Contractors Association (NECA) Chicago 2025,National Electrical Contractors Association (NECA),2025-09-12,Chicago,IL,Abfworldgroup,abfworldgroup.com,,,,,,,,
National Electrical Contractors Association (NECA) Chicago 2025,National Electrical Contractors Association (NECA),2025-09-12,Chicago,IL,Blitz Nxt,blitznxt.com,,,,,,,,
National Electrical Contractors Association (NECA) Chicago 2025,National Electrical Contractors Association (NECA),2025-09-12,Chicago,IL,Windsor Wire,windsorwireco.com,,,,,,,,
National Electrical Contractors Association (NECA) Chicago 2025,National Electrical Contractors Association (NECA),2025-09-12,Chicago,IL,Enespro PPE,enesproppe.com,,,,,,,,
National Electrical Contractors Association (NECA) Chicago 2025,National Electrical Contractors Association (NECA),2025-09-12,Chicago,IL,Chase Corp.,chasecorp.com,,,,,,,,
National Electrical Contractors Association (NECA) Chicago 2025,National Electrical Contractors Association (NECA),2025-09-12,Chicago,IL,B & B Technologies Inc,b-btech.com,,,,,,,,
National Electrical Contractors Association (NECA) Chicago 2025,National Electrical Contractors Association (NECA),2025-09-12,Chicago,IL,Pause 4 Paws,pause4pawsmn.org,,,,,,,,
National Electrical Contractors Association (NECA) Chicago 2025,National Electrical Contractors Association (NECA),2025-09-12,Chicago,IL,Molecular Devices,moleculardevices.com,,,,,,,,
National Electrical Contractors Association (NECA) Chicago 2025,National Electrical Contractors Association (NECA),2025-09-12,Chicago,IL,Prysmian,prysmian.com,,,,,,,,
National Electrical Contractors Association (NECA) Chicago 2025,National Electrical Contractors Association (NECA),2025-09-12,Chicago,IL,Qube Corporation,qubeinc.com,,,,,,,,
National Electrical Contractors Association (NECA) Chicago 2025,National Electrical Contractors Association (NECA),2025-09-12,Chicago,IL,Ibew Canada,ibew.com,,,,,,,,
National Electrical Contractors Association (NECA) Chicago 2025,National Electrical Contractors Association (NECA),2025-09-12,Chicago,IL,Net Electric Limited,net-electric.com,,,,,,,,
National Electrical Contractors Association (NECA) Chicago 2025,National Electrical Contractors Association (NECA),2025-09-12,Chicago,IL,Jonas Construction Software,jonasconstruction.com,,,,,,,,
National Electrical Contractors Association (NECA) Chicago 2025,National Electrical Contractors Association (NECA),2025-09-12,Chicago,IL,Jokari Staple,jokari.de,,,,,,,,
National Electrical Contractors Association (NECA) Chicago 2025,National Electrical Contractors Association (NECA),2025-09-12,Chicago,IL,OSENSA Innovations Corp.,osensa.com,,,,,,,,
National Electrical Contractors Association (NECA) Chicago 2025,National Electrical Contractors Association (NECA),2025-09-12,Chicago,IL,RS Breakers & Controls,rsbreakers.com,,,,,,,,
National Electrical Contractors Association (NECA) Chicago 2025,National Electrical Contractors Association (NECA),2025-09-12,Chicago,IL,Recharge Vehicule Electrique,rve.ca,,,,,,,,
National Electrical Contractors Association (NECA) Chicago 2025,National Electrical Contractors Association (NECA),2025-09-12,Chicago,IL,Lampa.lv,bankoflamps.com,,,,,,,,
National Electrical Contractors Association (NECA) Chicago 2025,National Electrical Contractors Association (NECA),2025-09-12,Chicago,IL,EMERGE Group,emerge-group.co,,,,,,,,
National Electrical Contractors Association (NECA) Chicago 2025,National Electrical Contractors Association (NECA),2025-09-12,Chicago,IL,JDRF Electromag Engineering Inc.,jdrfelectromag.com,,,,,,,,
National Electrical Contractors Association (NECA) Chicago 2025,National Electrical Contractors Association (NECA),2025-09-12,Chicago,IL,Kobrex,kobrex.com,,,,,,,,
National Electrical Contractors Association (NECA) Chicago 2025,National Electrical Contractors Association (NECA),2025-09-12,Chicago,IL,bott FR,bott.fr,,,,,,,,
National Electrical Contractors Association (NECA) Chicago 2025,National Electrical Contractors Association (NECA),2025-09-12,Chicago,IL,Nikkon Ferro,nikkonferro.com,"Kolkata, India",17,Bootstrapped,,,,,
National Electrical Contractors Association (NECA) Chicago 2025,National Electrical Contractors Association (NECA),2025-09-12,Chicago,IL,OCTA Group,octagroup.com,"Milano, Italy",,Private Subsidiary,1948,,,,
National Electrical Contractors Association (NECA) Chicago 2025,National Electrical Contractors Association (NECA),2025-09-12,Chicago,IL,Celec Enterprises,celec.com,"Ludhiana, India",,Bootstrapped,1999,,,,
National Electrical Contractors Association (NECA) Chicago 2025,National Electrical Contractors Association (NECA),2025-09-12,Chicago,IL,Shenfang Industrial,shenfang.com.tw,"Kaohsiung, Taiwan",,Bootstrapped,,,,,
National Electrical Contractors Association (NECA) Chicago 2025,National Electrical Contractors Association (NECA),2025-09-12,Chicago,IL,simpleSwitch,simple-switch.ca,"Edmonton, Canada",,Bootstrapped,,,,,
National Electrical Contractors Association (NECA) Chicago 2025,National Electrical Contractors Association (NECA),2025-09-12,Chicago,IL,E Ner Tel Corp,enertelcorp.com,,,,,,,,
National Electrical Contractors Association (NECA) Chicago 2025,National Electrical Contractors Association (NECA),2025-09-12,Chicago,IL,Electrical Starting Point,electricalstartingpoint.com,,,,,,,,
National Electrical Contractors Association (NECA) Chicago 2025,National Electrical Contractors Association (NECA),2025-09-12,Chicago,IL,Wired Leadership,wiredleadership.net,,,,,,,,
National Electrical Contractors Association (NECA) Chicago 2025,National Electrical Contractors Association (NECA),2025-09-12,Chicago,IL,"Beijing Daelim Green EP Tech CO.,LTD",daelim-electric.com,,,,,,,,
iP Utility Safety Conference & Expo 2026,iP Utility Safety Conference & Expo,2026-11-03,Glendale,AZ,Cintas,cintas.com,"Cincinnati, OH",176402,Public,1968,,,,
iP Utility Safety Conference & Expo 2026,iP Utility Safety Conference & Expo,2026-11-03,Glendale,AZ,National Grid,nationalgrid.com,"London, UK",48190,Public Subsidiary,1990,,,,
iP Utility Safety Conference & Expo 2026,iP Utility Safety Conference & Expo,2026-11-03,Glendale,AZ,"Custom Truck One Source, Inc.",customtruck.com,"Kansas City, MO",4426,Private Equity Add-On,1996,,,,
iP Utility Safety Conference & Expo 2026,iP Utility Safety Conference & Expo,2026-11-03,Glendale,AZ,Klein Tools,kleintools.com,"Lincolnshire, IL",4149,Bootstrapped,1857,,,,
iP Utility Safety Conference & Expo 2026,iP Utility Safety Conference & Expo,2026-11-03,Glendale,AZ,Carhartt,carhartt.com,"Dearborn, MI",3201,Investor Backed,1889,,,,
iP Utility Safety Conference & Expo 2026,iP Utility Safety Conference & Expo,2026-11-03,Glendale,AZ,Geotab Inc.,geotab.com,,,,,,,,
iP Utility Safety Conference & Expo 2026,iP Utility Safety Conference & Expo,2026-11-03,Glendale,AZ,Whelen Engineering,whelen.com,,,,,,,,
iP Utility Safety Conference & Expo 2026,iP Utility Safety Conference & Expo,2026-11-03,Glendale,AZ,Federal Signal Corporation,federalsignal.com,,,,,,,,
iP Utility Safety Conference & Expo 2026,iP Utility Safety Conference & Expo,2026-11-03,Glendale,AZ,"PowerGrid Services, LLC",powergridservices.com,,,,,,,,
iP Utility Safety Conference & Expo 2026,iP Utility Safety Conference & Expo,2026-11-03,Glendale,AZ,Columbia Southern University,columbiasouthern.edu,,,,,,,,
iP Utility Safety Conference & Expo 2026,iP Utility Safety Conference & Expo,2026-11-03,Glendale,AZ,"National Safety Apparel, LLC",thinknsa.com,,,,,,,,
iP Utility Safety Conference & Expo 2026,iP Utility Safety Conference & Expo,2026-11-03,Glendale,AZ,Duvaltex,duvaltex.com,,,,,,,,
iP Utility Safety Conference & Expo 2026,iP Utility Safety Conference & Expo,2026-11-03,Glendale,AZ,Veriforce,veriforce.com,,,,,,,,
iP Utility Safety Conference & Expo 2026,iP Utility Safety Conference & Expo,2026-11-03,Glendale,AZ,Brigade Electronics Group Plc,brigade-electronics.com,,,,,,,,
iP Utility Safety Conference & Expo 2026,iP Utility Safety Conference & Expo,2026-11-03,Glendale,AZ,Northwest Lineman College,lineman.edu,,,,,,,,
iP Utility Safety Conference & Expo 2026,iP Utility Safety Conference & Expo,2026-11-03,Glendale,AZ,Sheakley,sheakley.com,,,,,,,,
iP Utility Safety Conference & Expo 2026,iP Utility Safety Conference & Expo,2026-11-03,Glendale,AZ,"DiVal Safety Equipment, Inc.",divalsafety.com,,,,,,,,
iP Utility Safety Conference & Expo 2026,iP Utility Safety Conference & Expo,2026-11-03,Glendale,AZ,FallTech,falltech.com,,,,,,,,
iP Utility Safety Conference & Expo 2026,iP Utility Safety Conference & Expo,2026-11-03,Glendale,AZ,RKI Instruments,rkiinstruments.com,,,,,,,,
iP Utility Safety Conference & Expo 2026,iP Utility Safety Conference & Expo,2026-11-03,Glendale,AZ,Milwaukee Tool,milwaukeetool.com,,,,,,,,
iP Utility Safety Conference & Expo 2026,iP Utility Safety Conference & Expo,2026-11-03,Glendale,AZ,Cardio Partners,cardiopartners.com,,,,,,,,
iP Utility Safety Conference & Expo 2026,iP Utility Safety Conference & Expo,2026-11-03,Glendale,AZ,Upper Peninsula Power Company,uppco.com,,,,,,,,
iP Utility Safety Conference & Expo 2026,iP Utility Safety Conference & Expo,2026-11-03,Glendale,AZ,Reed Manufacturing,reedmfgco.com,,,,,,,,
iP Utility Safety Conference & Expo 2026,iP Utility Safety Conference & Expo,2026-11-03,Glendale,AZ,"Blackwood Solutions, Inc",bwoodsolutions.com,,,,,,,,
iP Utility Safety Conference & Expo 2026,iP Utility Safety Conference & Expo,2026-11-03,Glendale,AZ,Davey Textile Solutions Inc.,daveytextiles.com,,,,,,,,
iP Utility Safety Conference & Expo 2026,iP Utility Safety Conference & Expo,2026-11-03,Glendale,AZ,Estex Manufacturing Company,estexmfg.com,,,,,,,,
iP Utility Safety Conference & Expo 2026,iP Utility Safety Conference & Expo,2026-11-03,Glendale,AZ,Buckingham Manufacturing Co Inc.,buckinghammfg.com,,,,,,,,
iP Utility Safety Conference & Expo 2026,iP Utility Safety Conference & Expo,2026-11-03,Glendale,AZ,Alliance Safety Council,alliancesafetycouncil.org,,,,,,,,
iP Utility Safety Conference & Expo 2026,iP Utility Safety Conference & Expo,2026-11-03,Glendale,AZ,Tallman Equipment Company,tallmanequipment.com,,,,,,,,
iP Utility Safety Conference & Expo 2026,iP Utility Safety Conference & Expo,2026-11-03,Glendale,AZ,"Saf-T-Gard International, Inc.",saftgard.com,,,,,,,,
iP Utility Safety Conference & Expo 2026,iP Utility Safety Conference & Expo,2026-11-03,Glendale,AZ,Safety Test,safetytest.net,,,,,,,,
iP Utility Safety Conference & Expo 2026,iP Utility Safety Conference & Expo,2026-11-03,Glendale,AZ,Andax Industries LLC,andax.com,,,,,,,,
iP Utility Safety Conference & Expo 2026,iP Utility Safety Conference & Expo,2026-11-03,Glendale,AZ,"MCG Energy Solutions, LLC",mcgenergy.com,,,,,,,,
iP Utility Safety Conference & Expo 2026,iP Utility Safety Conference & Expo,2026-11-03,Glendale,AZ,Certified Safety Manufacturing,certifiedsafetymfg.com,,,,,,,,
iP Utility Safety Conference & Expo 2026,iP Utility Safety Conference & Expo,2026-11-03,Glendale,AZ,Bashlin,bashlin.com,,,,,,,,
iP Utility Safety Conference & Expo 2026,iP Utility Safety Conference & Expo,2026-11-03,Glendale,AZ,SafetyMed,safetymed.com,,,,,,,,
iP Utility Safety Conference & Expo 2026,iP Utility Safety Conference & Expo,2026-11-03,Glendale,AZ,e-Hazard,e-hazard.com,,,,,YES,P3-candidate,T1,YES
iP Utility Safety Conference & Expo 2026,iP Utility Safety Conference & Expo,2026-11-03,Glendale,AZ,"Youngstown Glove Co., LLC",ytgloves.com,,,,,,,,
iP Utility Safety Conference & Expo 2026,iP Utility Safety Conference & Expo,2026-11-03,Glendale,AZ,"J.L. Matthews Co., Inc.",jlmatthews.com,,,,,,,,
iP Utility Safety Conference & Expo 2026,iP Utility Safety Conference & Expo,2026-11-03,Glendale,AZ,FirstPower Group LLC,firstpowergroupllc.com,,,,,YES,campaign-Nurture,T2,YES
iP Utility Safety Conference & Expo 2026,iP Utility Safety Conference & Expo,2026-11-03,Glendale,AZ,Glove Guard Lp,gloveguard.com,,,,,,,,
iP Utility Safety Conference & Expo 2026,iP Utility Safety Conference & Expo,2026-11-03,Glendale,AZ,Pelsue,pelsue.com,,,,,,,,
iP Utility Safety Conference & Expo 2026,iP Utility Safety Conference & Expo,2026-11-03,Glendale,AZ,Bullard Company,bullardeng.com,,,,,,,,
iP Utility Safety Conference & Expo 2026,iP Utility Safety Conference & Expo,2026-11-03,Glendale,AZ,"U. S. Saws, Inc.",ussaws.com,,,,,,,,
iP Utility Safety Conference & Expo 2026,iP Utility Safety Conference & Expo,2026-11-03,Glendale,AZ,American FR & Safety,americanfrsafety.com,,,,,,,,
iP Utility Safety Conference & Expo 2026,iP Utility Safety Conference & Expo,2026-11-03,Glendale,AZ,R&R Lotion,rrlotion.com,,,,,,,,
iP Utility Safety Conference & Expo 2026,iP Utility Safety Conference & Expo,2026-11-03,Glendale,AZ,"Rescue One Training for Life, Inc.",rescue-one.com,,,,,,,,
iP Utility Safety Conference & Expo 2026,iP Utility Safety Conference & Expo,2026-11-03,Glendale,AZ,CBS ArcSafe,cbsarcsafe.com,,,,,,,,
iP Utility Safety Conference & Expo 2026,iP Utility Safety Conference & Expo,2026-11-03,Glendale,AZ,Studson,studson.com,,,,,,,,
iP Utility Safety Conference & Expo 2026,iP Utility Safety Conference & Expo,2026-11-03,Glendale,AZ,Slingco Limited,slingco.com,,,,,,,,
iP Utility Safety Conference & Expo 2026,iP Utility Safety Conference & Expo,2026-11-03,Glendale,AZ,Benchmark FR,benchmarkfr.com,,,,,,,,
iP Utility Safety Conference & Expo 2026,iP Utility Safety Conference & Expo,2026-11-03,Glendale,AZ,Stryker,strykertough.com,,,,,,,,
iP Utility Safety Conference & Expo 2026,iP Utility Safety Conference & Expo,2026-11-03,Glendale,AZ,South Coast Fire and Safety,scfire.com,,,,,,,,
iP Utility Safety Conference & Expo 2026,iP Utility Safety Conference & Expo,2026-11-03,Glendale,AZ,Victory Powerline Services,victorypowerlineservices.com,,,,,YES,master-DQ,T3,
iP Utility Safety Conference & Expo 2026,iP Utility Safety Conference & Expo,2026-11-03,Glendale,AZ,Safety One Training International Inc.,safetyoneinc.com,,,,,,,,
iP Utility Safety Conference & Expo 2026,iP Utility Safety Conference & Expo,2026-11-03,Glendale,AZ,Esci Inc,esci.net,,,,,,,,
iP Utility Safety Conference & Expo 2026,iP Utility Safety Conference & Expo,2026-11-03,Glendale,AZ,"Lapco, LLC",lapcollc.com,,,,,,,,
iP Utility Safety Conference & Expo 2026,iP Utility Safety Conference & Expo,2026-11-03,Glendale,AZ,T&D PowerSkills,tdpowerskills.com,,,,,,,,
iP Utility Safety Conference & Expo 2026,iP Utility Safety Conference & Expo,2026-11-03,Glendale,AZ,Bierer & Associates Inc,bierermeters.com,,,,,,,,
iP Utility Safety Conference & Expo 2026,iP Utility Safety Conference & Expo,2026-11-03,Glendale,AZ,GlowGuard,glowguard.com,,,,,,,,
iP Utility Safety Conference & Expo 2026,iP Utility Safety Conference & Expo,2026-11-03,Glendale,AZ,Vertical Supply Co.,verticalsupplyco.com,,,,,,,,
iP Utility Safety Conference & Expo 2026,iP Utility Safety Conference & Expo,2026-11-03,Glendale,AZ,Land Helmets,landhelmets.com,,,,,,,,
iP Utility Safety Conference & Expo 2026,iP Utility Safety Conference & Expo,2026-11-03,Glendale,AZ,"SET Solutions, LLC",setsolutionsllc.com,,,,,,,,
iP Utility Safety Conference & Expo 2026,iP Utility Safety Conference & Expo,2026-11-03,Glendale,AZ,Timpson Training,timpsontraining.com,,,,,,,,
iP Utility Safety Conference & Expo 2026,iP Utility Safety Conference & Expo,2026-11-03,Glendale,AZ,Force Fitters,forcefitters.com,,,,,,,,
iP Utility Safety Conference & Expo 2026,iP Utility Safety Conference & Expo,2026-11-03,Glendale,AZ,MADI Innoviate Lineman Tools,madilinemantools.com,,,,,,,,
iP Utility Safety Conference & Expo 2026,iP Utility Safety Conference & Expo,2026-11-03,Glendale,AZ,"Accredited Safety Solutions, Inc",accredited-safety.com,,,,,,,,
iP Utility Safety Conference & Expo 2026,iP Utility Safety Conference & Expo,2026-11-03,Glendale,AZ,Institute for Safety in Powerline Construction,ispconline.com,,,,,,,,
iP Utility Safety Conference & Expo 2026,iP Utility Safety Conference & Expo,2026-11-03,Glendale,AZ,NECA Northern Indiana,necani.org,,,,,,,,
iP Utility Safety Conference & Expo 2026,iP Utility Safety Conference & Expo,2026-11-03,Glendale,AZ,Sligro-ISPC,sligro.be,,,,,,,,
iP Utility Safety Conference & Expo 2026,iP Utility Safety Conference & Expo,2026-11-03,Glendale,AZ,Remote Solutions,remote-solutions.io,,,,,,,,
iP Utility Safety Conference & Expo 2026,iP Utility Safety Conference & Expo,2026-11-03,Glendale,AZ,CM Labs,cm-labs.com,,,,,,,,
iP Utility Safety Conference & Expo 2026,iP Utility Safety Conference & Expo,2026-11-03,Glendale,AZ,Wrights Tree Service,wrightstree-ohio.com,,,,,,,,
iP Utility Safety Conference & Expo 2026,iP Utility Safety Conference & Expo,2026-11-03,Glendale,AZ,Utility Solutions,utility-solutions.com,,,,,,,,
iP Utility Safety Conference & Expo 2026,iP Utility Safety Conference & Expo,2026-11-03,Glendale,AZ,"Line Work Bucket Products, LLC",lineworkbucketproducts.com,,,,,,,,
iP Utility Safety Conference & Expo 2026,iP Utility Safety Conference & Expo,2026-11-03,Glendale,AZ,Townsend Tree Service,townsendtree.com,,,,,,,,
iP Utility Safety Conference & Expo 2026,iP Utility Safety Conference & Expo,2026-11-03,Glendale,AZ,Mastec,mastecsa.com,,,,,,,,
iP Utility Safety Conference & Expo 2026,iP Utility Safety Conference & Expo,2026-11-03,Glendale,AZ,Samsara Aesthetics and Wellness,samsaraky.com,,,,,,,,
iP Utility Safety Conference & Expo 2026,iP Utility Safety Conference & Expo,2026-11-03,Glendale,AZ,Lymeez,lymeez.com,,,,,,,,
iP Utility Safety Conference & Expo 2026,iP Utility Safety Conference & Expo,2026-11-03,Glendale,AZ,"Mount Vernon Mills, Inc",mvmfr.com,,,,,,,,
iP Utility Safety Conference & Expo 2026,iP Utility Safety Conference & Expo,2026-11-03,Glendale,AZ,Think Tank Project Llc,thinkprojectllc.com,,,,,,,,
iP Utility Safety Conference & Expo 2026,iP Utility Safety Conference & Expo,2026-11-03,Glendale,AZ,SafetyGloves,safetygloves.com,,,,,,,,
iP Utility Safety Conference & Expo 2026,iP Utility Safety Conference & Expo,2026-11-03,Glendale,AZ,Neilsen Clothing,neilsenclothing.com,,,,,,,,
iP Utility Safety Conference & Expo 2026,iP Utility Safety Conference & Expo,2026-11-03,Glendale,AZ,Movex Innovation Inc.,movexinnovation.com,,,,,,,,
iP Utility Safety Conference & Expo 2026,iP Utility Safety Conference & Expo,2026-11-03,Glendale,AZ,Penta Uki,pbwel.com,,,,,,,,
iP Utility Safety Conference & Expo 2026,iP Utility Safety Conference & Expo,2026-11-03,Glendale,AZ,Jmtest,jmtest.ca,,,,,,,,
iP Utility Safety Conference & Expo 2026,iP Utility Safety Conference & Expo,2026-11-03,Glendale,AZ,Ok Alone,okaloneworker.com,,,,,,,,
iP Utility Safety Conference & Expo 2026,iP Utility Safety Conference & Expo,2026-11-03,Glendale,AZ,The Guttman Group LLC,guttmangroup.com,,,,,,,,
iP Utility Safety Conference & Expo 2026,iP Utility Safety Conference & Expo,2026-11-03,Glendale,AZ,Steel Blue,steel-blue.ch,,,,,,,,
iP Utility Safety Conference & Expo 2026,iP Utility Safety Conference & Expo,2026-11-03,Glendale,AZ,Wye Delta Glasses,wye-delta.com,,,,,,,,
iP Utility Safety Conference & Expo 2026,iP Utility Safety Conference & Expo,2026-11-03,Glendale,AZ,Hsi Reichenbach,hsi-reichenbach.de,,,,,,,,
iP Utility Safety Conference & Expo 2026,iP Utility Safety Conference & Expo,2026-11-03,Glendale,AZ,Blak La Der,blaklader.fr,,,,,,,,
iP Utility Safety Conference & Expo 2026,iP Utility Safety Conference & Expo,2026-11-03,Glendale,AZ,Jelco.Com.Sg,jelco.com.sg,,,,,,,,
iP Utility Safety Conference & Expo 2026,iP Utility Safety Conference & Expo,2026-11-03,Glendale,AZ,Novarafertility.Com,novarafertility.com,,,,,,,,
iP Utility Safety Conference & Expo 2026,iP Utility Safety Conference & Expo,2026-11-03,Glendale,AZ,Ariat,ariat.fr,,,,,,,,
Utility Supply Management Alliance (USMA) Conference 2023,Utility Supply Management Alliance (USMA) Conference,2023-05-21,Miami,FL,ABB Asea Brown Boveri Ltd.,abb.com,"Zürich, Switzerland",439252,Public,1988,,,,
Utility Supply Management Alliance (USMA) Conference 2023,Utility Supply Management Alliance (USMA) Conference,2023-05-21,Miami,FL,Kiewit Corp.,kiewit.com,"Omaha, NE",121330,Bootstrapped,1884,,,,
Utility Supply Management Alliance (USMA) Conference 2023,Utility Supply Management Alliance (USMA) Conference,2023-05-21,Miami,FL,Hitachi Energy Ltd.,hitachienergy.com,"Zürich, Switzerland",109669,Public Subsidiary,2020,,,,
Utility Supply Management Alliance (USMA) Conference 2023,Utility Supply Management Alliance (USMA) Conference,2023-05-21,Miami,FL,"American Electric Power Company, Inc.",aep.com,"Columbus, OH",35962,Public,1906,,,,
Utility Supply Management Alliance (USMA) Conference 2023,Utility Supply Management Alliance (USMA) Conference,2023-05-21,Miami,FL,Southern Company,southerncompany.com,"Atlanta, GA",33585,Public,1912,,,,
Utility Supply Management Alliance (USMA) Conference 2023,Utility Supply Management Alliance (USMA) Conference,2023-05-21,Miami,FL,"Xcel Energy, Inc.",my.xcelenergy.com,,,,,,,,
Utility Supply Management Alliance (USMA) Conference 2023,Utility Supply Management Alliance (USMA) Conference,2023-05-21,Miami,FL,"Wesco International, Inc.",wesco.com,,,,,,,,
Utility Supply Management Alliance (USMA) Conference 2023,Utility Supply Management Alliance (USMA) Conference,2023-05-21,Miami,FL,Hubbell Incorporated,hubbell.com,,,,,,,,
Utility Supply Management Alliance (USMA) Conference 2023,Utility Supply Management Alliance (USMA) Conference,2023-05-21,Miami,FL,General Electric Company,ge.com,,,,,,,,
Utility Supply Management Alliance (USMA) Conference 2023,Utility Supply Management Alliance (USMA) Conference,2023-05-21,Miami,FL,"Southwire Company, LLC.",southwire.com,,,,,,,,
Utility Supply Management Alliance (USMA) Conference 2023,Utility Supply Management Alliance (USMA) Conference,2023-05-21,Miami,FL,Los Angeles Department of Water and Power,ladwp.com,,,,,,,,
Utility Supply Management Alliance (USMA) Conference 2023,Utility Supply Management Alliance (USMA) Conference,2023-05-21,Miami,FL,Ruan Transportation Management Systems,ruan.com,,,,,,,,
Utility Supply Management Alliance (USMA) Conference 2023,Utility Supply Management Alliance (USMA) Conference,2023-05-21,Miami,FL,Georgetown University,georgetown.edu,,,,,,,,
Utility Supply Management Alliance (USMA) Conference 2023,Utility Supply Management Alliance (USMA) Conference,2023-05-21,Miami,FL,Arizona Public Service (APS),aps.com,,,,,,,,
Utility Supply Management Alliance (USMA) Conference 2023,Utility Supply Management Alliance (USMA) Conference,2023-05-21,Miami,FL,San Diego Gas & Electric,sdge.com,,,,,,,,
Utility Supply Management Alliance (USMA) Conference 2023,Utility Supply Management Alliance (USMA) Conference,2023-05-21,Miami,FL,Sargent & Lundy,sargentlundy.com,,,,,,,,
Utility Supply Management Alliance (USMA) Conference 2023,Utility Supply Management Alliance (USMA) Conference,2023-05-21,Miami,FL,Alliant Energy Corporation,alliantenergy.com,,,,,,,,
Utility Supply Management Alliance (USMA) Conference 2023,Utility Supply Management Alliance (USMA) Conference,2023-05-21,Miami,FL,GEP,gep.com,,,,,,,,
Utility Supply Management Alliance (USMA) Conference 2023,Utility Supply Management Alliance (USMA) Conference,2023-05-21,Miami,FL,Oncor Electric Delivery,oncor.com,,,,,,,,
Utility Supply Management Alliance (USMA) Conference 2023,Utility Supply Management Alliance (USMA) Conference,2023-05-21,Miami,FL,Howard Industries,howard.com,,,,,,,,
Utility Supply Management Alliance (USMA) Conference 2023,Utility Supply Management Alliance (USMA) Conference,2023-05-21,Miami,FL,"MacLean Power, LLC",macleanpower.com,,,,,,,,
Utility Supply Management Alliance (USMA) Conference 2023,Utility Supply Management Alliance (USMA) Conference,2023-05-21,Miami,FL,G&W Electric Co.,gwelectric.com,,,,,,,,
Utility Supply Management Alliance (USMA) Conference 2023,Utility Supply Management Alliance (USMA) Conference,2023-05-21,Miami,FL,S&C Electric Company,sandc.com,,,,,,,,
Utility Supply Management Alliance (USMA) Conference 2023,Utility Supply Management Alliance (USMA) Conference,2023-05-21,Miami,FL,Central Moloney,webuildpower.com,,,,,,,,
Utility Supply Management Alliance (USMA) Conference 2023,Utility Supply Management Alliance (USMA) Conference,2023-05-21,Miami,FL,Marmon Utility,marmonutility.com,,,,,,,,
Utility Supply Management Alliance (USMA) Conference 2023,Utility Supply Management Alliance (USMA) Conference,2023-05-21,Miami,FL,Edison Electric Institute,eei.org,,,,,,,,
Utility Supply Management Alliance (USMA) Conference 2023,Utility Supply Management Alliance (USMA) Conference,2023-05-21,Miami,FL,ProcureAbility,procureability.com,,,,,,,,
Utility Supply Management Alliance (USMA) Conference 2023,Utility Supply Management Alliance (USMA) Conference,2023-05-21,Miami,FL,Eaton,cooperindustries.com,,,,,,,,
Utility Supply Management Alliance (USMA) Conference 2023,Utility Supply Management Alliance (USMA) Conference,2023-05-21,Miami,FL,"TAPP, inc.",tappinc.com,,,,,,,,
Utility Supply Management Alliance (USMA) Conference 2023,Utility Supply Management Alliance (USMA) Conference,2023-05-21,Miami,FL,"Techline, Inc.",techline-inc.com,,,,,,,,
Utility Supply Management Alliance (USMA) Conference 2023,Utility Supply Management Alliance (USMA) Conference,2023-05-21,Miami,FL,"CME Wire and Cable, Inc.",cmewire.com,,,,,,,,
Utility Supply Management Alliance (USMA) Conference 2023,Utility Supply Management Alliance (USMA) Conference,2023-05-21,Miami,FL,"Spartan Infrastructure, Inc.",spartaninfra.com,,,,,,,,
Utility Supply Management Alliance (USMA) Conference 2023,Utility Supply Management Alliance (USMA) Conference,2023-05-21,Miami,FL,National Basketball Association (NBA),nba.com,,,,,,,,
Utility Supply Management Alliance (USMA) Conference 2023,Utility Supply Management Alliance (USMA) Conference,2023-05-21,Miami,FL,Smart Software Inc,smartcorp.com,,,,,,,,
Utility Supply Management Alliance (USMA) Conference 2023,Utility Supply Management Alliance (USMA) Conference,2023-05-21,Miami,FL,Grid Assurance,gridassurance.com,,,,,,,,
Utility Supply Management Alliance (USMA) Conference 2023,Utility Supply Management Alliance (USMA) Conference,2023-05-21,Miami,FL,Utility Agency & Import,uaireps.com,,,,,,,,
Utility Supply Management Alliance (USMA) Conference 2023,Utility Supply Management Alliance (USMA) Conference,2023-05-21,Miami,FL,Precision Reality,precisionreality.com,,,,,,,,
Utility Supply Management Alliance (USMA) Conference 2023,Utility Supply Management Alliance (USMA) Conference,2023-05-21,Miami,FL,Consolidated Edison Inc.,conedison.com,,,,,,,,
Utility Supply Management Alliance (USMA) Conference 2023,Utility Supply Management Alliance (USMA) Conference,2023-05-21,Miami,FL,My Oss,my-oss.com,,,,,,,,
Utility Supply Management Alliance (USMA) Conference 2023,Utility Supply Management Alliance (USMA) Conference,2023-05-21,Miami,FL,F P & L,fpl.com,,,,,,,,
Utility Supply Management Alliance (USMA) Conference 2023,Utility Supply Management Alliance (USMA) Conference,2023-05-21,Miami,FL,Irby Utilities,irbyutilities.com,,,,,,,,
Utility Supply Management Alliance (USMA) Conference 2023,Utility Supply Management Alliance (USMA) Conference,2023-05-21,Miami,FL,Prysmian,prysmian.com,,,,,,,,
Utility Supply Management Alliance (USMA) Conference 2023,Utility Supply Management Alliance (USMA) Conference,2023-05-21,Miami,FL,The HR Edge,thehredge.net,,,,,,,,
Professional Electrical Apparatus Reconditioning League (PEARL) Conference & Exhibition 2026,Professional Electrical Apparatus Reconditioning League (PEARL) Conference and Exhibition,2026-04-23,Cleveland,OH,ABB Asea Brown Boveri Ltd.,abb.com,"Zürich, Switzerland",439252,Public,1988,,,,
Professional Electrical Apparatus Reconditioning League (PEARL) Conference & Exhibition 2026,Professional Electrical Apparatus Reconditioning League (PEARL) Conference and Exhibition,2026-04-23,Cleveland,OH,"Shermco Industries, Inc.",shermco.com,"Irving, TX",5459,Public Subsidiary,1974,,,,
Professional Electrical Apparatus Reconditioning League (PEARL) Conference & Exhibition 2026,Professional Electrical Apparatus Reconditioning League (PEARL) Conference and Exhibition,2026-04-23,Cleveland,OH,Megger Group Limited,megger.com,"Dover, DE",3414,Public Subsidiary,1889,,,,
Professional Electrical Apparatus Reconditioning League (PEARL) Conference & Exhibition 2026,Professional Electrical Apparatus Reconditioning League (PEARL) Conference and Exhibition,2026-04-23,Cleveland,OH,"RESA Power, LLC",resapower.com,"Houston, TX",1669,Private Equity Platform,1928,,,,
Professional Electrical Apparatus Reconditioning League (PEARL) Conference & Exhibition 2026,Professional Electrical Apparatus Reconditioning League (PEARL) Conference and Exhibition,2026-04-23,Cleveland,OH,"Maddox Industrial Transformer, LLC",maddoxtransformer.com,"Greer, SC",245,Bootstrapped,2015,,,,
Professional Electrical Apparatus Reconditioning League (PEARL) Conference & Exhibition 2026,Professional Electrical Apparatus Reconditioning League (PEARL) Conference and Exhibition,2026-04-23,Cleveland,OH,"Group CBS, Inc.",groupcbs.com,,,,,,,,
Professional Electrical Apparatus Reconditioning League (PEARL) Conference & Exhibition 2026,Professional Electrical Apparatus Reconditioning League (PEARL) Conference and Exhibition,2026-04-23,Cleveland,OH,Premier Power Maintenance,premierpower.us,,,,,,,,
Professional Electrical Apparatus Reconditioning League (PEARL) Conference & Exhibition 2026,Professional Electrical Apparatus Reconditioning League (PEARL) Conference and Exhibition,2026-04-23,Cleveland,OH,"Intellirent Co., Ltd.",intellirentco.com,,,,,,,,
Professional Electrical Apparatus Reconditioning League (PEARL) Conference & Exhibition 2026,Professional Electrical Apparatus Reconditioning League (PEARL) Conference and Exhibition,2026-04-23,Cleveland,OH,A-Rent Test Equipment,a-rent.com,,,,,,,,
Professional Electrical Apparatus Reconditioning League (PEARL) Conference & Exhibition 2026,Professional Electrical Apparatus Reconditioning League (PEARL) Conference and Exhibition,2026-04-23,Cleveland,OH,Utility Relay Company,utilityrelay.com,,,,,YES,master-P2,M13,
Professional Electrical Apparatus Reconditioning League (PEARL) Conference & Exhibition 2026,Professional Electrical Apparatus Reconditioning League (PEARL) Conference and Exhibition,2026-04-23,Cleveland,OH,Signal Fluid Solutions,signalfluidsolutions.com,,,,,,,,
Professional Electrical Apparatus Reconditioning League (PEARL) Conference & Exhibition 2026,Professional Electrical Apparatus Reconditioning League (PEARL) Conference and Exhibition,2026-04-23,Cleveland,OH,Electrical.com,electrical.com,,,,,,,,
Professional Electrical Apparatus Reconditioning League (PEARL) Conference & Exhibition 2026,Professional Electrical Apparatus Reconditioning League (PEARL) Conference and Exhibition,2026-04-23,Cleveland,OH,"Bay Power, Inc.",baypower.com,,,,,,,,
Professional Electrical Apparatus Reconditioning League (PEARL) Conference & Exhibition 2026,Professional Electrical Apparatus Reconditioning League (PEARL) Conference and Exhibition,2026-04-23,Cleveland,OH,InterNational Electrical Testing Association (NETA),netaworld.org,,,,,,,,
Professional Electrical Apparatus Reconditioning League (PEARL) Conference & Exhibition 2026,Professional Electrical Apparatus Reconditioning League (PEARL) Conference and Exhibition,2026-04-23,Cleveland,OH,North American Switchgear,naswgr.com,,,,,YES,campaign-P3,T2,YES
Professional Electrical Apparatus Reconditioning League (PEARL) Conference & Exhibition 2026,Professional Electrical Apparatus Reconditioning League (PEARL) Conference and Exhibition,2026-04-23,Cleveland,OH,Instel Inc,instelpower.com,,,,,YES,campaign-P2,T2,YES
Professional Electrical Apparatus Reconditioning League (PEARL) Conference & Exhibition 2026,Professional Electrical Apparatus Reconditioning League (PEARL) Conference and Exhibition,2026-04-23,Cleveland,OH,CORE Transformers,coretransformers.com,,,,,,,,
Professional Electrical Apparatus Reconditioning League (PEARL) Conference & Exhibition 2026,Professional Electrical Apparatus Reconditioning League (PEARL) Conference and Exhibition,2026-04-23,Cleveland,OH,"Piedmont Bushings & Insulators, LLC",pb-i.com,,,,,,,,
Professional Electrical Apparatus Reconditioning League (PEARL) Conference & Exhibition 2026,Professional Electrical Apparatus Reconditioning League (PEARL) Conference and Exhibition,2026-04-23,Cleveland,OH,Quality Switchgear Inc,qualityswitchgear.com,,,,,YES,master-DQ,T2,
Professional Electrical Apparatus Reconditioning League (PEARL) Conference & Exhibition 2026,Professional Electrical Apparatus Reconditioning League (PEARL) Conference and Exhibition,2026-04-23,Cleveland,OH,Cbione,cbione.com,,,,,,,,
Professional Electrical Apparatus Reconditioning League (PEARL) Conference & Exhibition 2026,Professional Electrical Apparatus Reconditioning League (PEARL) Conference and Exhibition,2026-04-23,Cleveland,OH,Intellirent,myintellirent.com,,,,,,,,
Professional Electrical Apparatus Reconditioning League (PEARL) Conference & Exhibition 2026,Professional Electrical Apparatus Reconditioning League (PEARL) Conference and Exhibition,2026-04-23,Cleveland,OH,Yellow Tag Auctions,yellowtagauctions.com,,,,,,,,
Professional Electrical Apparatus Reconditioning League (PEARL) Conference & Exhibition 2026,Professional Electrical Apparatus Reconditioning League (PEARL) Conference and Exhibition,2026-04-23,Cleveland,OH,"National Power Equipment, Inc",npeinc.com,,,,,,,,
Professional Electrical Apparatus Reconditioning League (PEARL) Conference & Exhibition 2026,Professional Electrical Apparatus Reconditioning League (PEARL) Conference and Exhibition,2026-04-23,Cleveland,OH,Productive Leaders,productiveleaders.com,,,,,,,,
Professional Electrical Apparatus Reconditioning League (PEARL) Conference & Exhibition 2026,Professional Electrical Apparatus Reconditioning League (PEARL) Conference and Exhibition,2026-04-23,Cleveland,OH,"ABB, Inc.",abbinc-usa.com,,,,,,,,
Professional Electrical Apparatus Reconditioning League (PEARL) Conference & Exhibition 2026,Professional Electrical Apparatus Reconditioning League (PEARL) Conference and Exhibition,2026-04-23,Cleveland,OH,RS Breakers & Controls,rsbreakers.com,,,,,,,,
Professional Electrical Apparatus Reconditioning League (PEARL) Conference & Exhibition 2026,Professional Electrical Apparatus Reconditioning League (PEARL) Conference and Exhibition,2026-04-23,Cleveland,OH,Neta Sas,neta-tech.com,,,,,,,,
Professional Electrical Apparatus Reconditioning League (PEARL) Conference & Exhibition 2026,Professional Electrical Apparatus Reconditioning League (PEARL) Conference and Exhibition,2026-04-23,Cleveland,OH,Maddox Properties,madxprop.com,,,,,,,,
Transmission & Substation Design & Operation Symposium (TSDOS) 2025,Transmission & Substation Design & Operation Symposium (TSDOS),2025-09-03,Frisco,TX,Jacobs Solutions Inc.,jacobs.com,"Dallas, TX",114300,Public,1947,,,,
Transmission & Substation Design & Operation Symposium (TSDOS) 2025,Transmission & Substation Design & Operation Symposium (TSDOS),2025-09-03,Frisco,TX,Stantec Inc.,stantec.com,"Edmonton, Canada",52766,Public,1954,,,,
Transmission & Substation Design & Operation Symposium (TSDOS) 2025,Transmission & Substation Design & Operation Symposium (TSDOS),2025-09-03,Frisco,TX,"American Electric Power Company, Inc.",aep.com,"Columbus, OH",35962,Public,1906,,,,
Transmission & Substation Design & Operation Symposium (TSDOS) 2025,Transmission & Substation Design & Operation Symposium (TSDOS),2025-09-03,Frisco,TX,"Quanta Services, Inc.",quantaservices.com,"Houston, TX",30004,Public,1997,,,,
Transmission & Substation Design & Operation Symposium (TSDOS) 2025,Transmission & Substation Design & Operation Symposium (TSDOS),2025-09-03,Frisco,TX,Eversource Energy,eversource.com,"Hartford, CT",22964,Public,1966,,,,
Transmission & Substation Design & Operation Symposium (TSDOS) 2025,Transmission & Substation Design & Operation Symposium (TSDOS),2025-09-03,Frisco,TX,Texas Health and Human Services,texas.gov,,,,,,,,
Transmission & Substation Design & Operation Symposium (TSDOS) 2025,Transmission & Substation Design & Operation Symposium (TSDOS),2025-09-03,Frisco,TX,KEC International Ltd.,kecrpg.com,,,,,,,,
Transmission & Substation Design & Operation Symposium (TSDOS) 2025,Transmission & Substation Design & Operation Symposium (TSDOS),2025-09-03,Frisco,TX,"Kimley-Horn and Associates, Inc.",kimley-horn.com,,,,,,,,
Transmission & Substation Design & Operation Symposium (TSDOS) 2025,Transmission & Substation Design & Operation Symposium (TSDOS),2025-09-03,Frisco,TX,The Guardian Life Insurance Company of America,guardianlife.com,,,,,,,,
Transmission & Substation Design & Operation Symposium (TSDOS) 2025,Transmission & Substation Design & Operation Symposium (TSDOS),2025-09-03,Frisco,TX,nVent Management Company,nvent.com,,,,,,,,
Transmission & Substation Design & Operation Symposium (TSDOS) 2025,Transmission & Substation Design & Operation Symposium (TSDOS),2025-09-03,Frisco,TX,"Arcosa, Inc.",arcosa.com,,,,,,,,
Transmission & Substation Design & Operation Symposium (TSDOS) 2025,Transmission & Substation Design & Operation Symposium (TSDOS),2025-09-03,Frisco,TX,Sargent & Lundy,sargentlundy.com,,,,,,,,
Transmission & Substation Design & Operation Symposium (TSDOS) 2025,Transmission & Substation Design & Operation Symposium (TSDOS),2025-09-03,Frisco,TX,CPS Energy,cpsenergy.com,,,,,,,,
Transmission & Substation Design & Operation Symposium (TSDOS) 2025,Transmission & Substation Design & Operation Symposium (TSDOS),2025-09-03,Frisco,TX,"Schweitzer Engineering Laboratories, Inc. (SEL)",selinc.com,,,,,,,,
Transmission & Substation Design & Operation Symposium (TSDOS) 2025,Transmission & Substation Design & Operation Symposium (TSDOS),2025-09-03,Frisco,TX,Dashiell Corporation,dashiell.com,,,,,,,,
Transmission & Substation Design & Operation Symposium (TSDOS) 2025,Transmission & Substation Design & Operation Symposium (TSDOS),2025-09-03,Frisco,TX,OGE Energy Corp.,oge.com,,,,,,,,
Transmission & Substation Design & Operation Symposium (TSDOS) 2025,Transmission & Substation Design & Operation Symposium (TSDOS),2025-09-03,Frisco,TX,MYR Group Inc.,myrgroup.com,,,,,,,,
Transmission & Substation Design & Operation Symposium (TSDOS) 2025,Transmission & Substation Design & Operation Symposium (TSDOS),2025-09-03,Frisco,TX,Megger Group Limited,megger.com,,,,,,,,
Transmission & Substation Design & Operation Symposium (TSDOS) 2025,Transmission & Substation Design & Operation Symposium (TSDOS),2025-09-03,Frisco,TX,El Paso Electric Company,epelectric.com,,,,,,,,
Transmission & Substation Design & Operation Symposium (TSDOS) 2025,Transmission & Substation Design & Operation Symposium (TSDOS),2025-09-03,Frisco,TX,"Ulteig Engineers, Inc.",ulteig.com,,,,,,,,
Transmission & Substation Design & Operation Symposium (TSDOS) 2025,Transmission & Substation Design & Operation Symposium (TSDOS),2025-09-03,Frisco,TX,Sacramento Municipal Utility District,smud.org,,,,,,,,
Transmission & Substation Design & Operation Symposium (TSDOS) 2025,Transmission & Substation Design & Operation Symposium (TSDOS),2025-09-03,Frisco,TX,Halff,halff.com,,,,,,,,
Transmission & Substation Design & Operation Symposium (TSDOS) 2025,Transmission & Substation Design & Operation Symposium (TSDOS),2025-09-03,Frisco,TX,OWL Services,owlservices.com,,,,,,,,
Transmission & Substation Design & Operation Symposium (TSDOS) 2025,Transmission & Substation Design & Operation Symposium (TSDOS),2025-09-03,Frisco,TX,EPLAN,eplan.com,,,,,,,,
Transmission & Substation Design & Operation Symposium (TSDOS) 2025,Transmission & Substation Design & Operation Symposium (TSDOS),2025-09-03,Frisco,TX,"PowerGrid Services, LLC",powergridservices.com,,,,,,,,
Transmission & Substation Design & Operation Symposium (TSDOS) 2025,Transmission & Substation Design & Operation Symposium (TSDOS),2025-09-03,Frisco,TX,ERCOT,ercot.com,,,,,,,,
Transmission & Substation Design & Operation Symposium (TSDOS) 2025,Transmission & Substation Design & Operation Symposium (TSDOS),2025-09-03,Frisco,TX,Southeastern Oklahoma State University,se.edu,,,,,,,,
Transmission & Substation Design & Operation Symposium (TSDOS) 2025,Transmission & Substation Design & Operation Symposium (TSDOS),2025-09-03,Frisco,TX,MCW Group,mcw.com,,,,,,,,
Transmission & Substation Design & Operation Symposium (TSDOS) 2025,Transmission & Substation Design & Operation Symposium (TSDOS),2025-09-03,Frisco,TX,Crest Industries LLC,crestoperations.com,,,,,,,,
Transmission & Substation Design & Operation Symposium (TSDOS) 2025,Transmission & Substation Design & Operation Symposium (TSDOS),2025-09-03,Frisco,TX,Brazos Electric Power Cooperative,brazoselectric.com,,,,,,,,
Transmission & Substation Design & Operation Symposium (TSDOS) 2025,Transmission & Substation Design & Operation Symposium (TSDOS),2025-09-03,Frisco,TX,Signature Systems,signature-systems.com,,,,,,,,
Transmission & Substation Design & Operation Symposium (TSDOS) 2025,Transmission & Substation Design & Operation Symposium (TSDOS),2025-09-03,Frisco,TX,Epsilon Composite,epsilon-composite.com,,,,,,,,
Transmission & Substation Design & Operation Symposium (TSDOS) 2025,Transmission & Substation Design & Operation Symposium (TSDOS),2025-09-03,Frisco,TX,"Tolunay-Wong Engineers, Inc.",tweinc.com,,,,,,,,
Transmission & Substation Design & Operation Symposium (TSDOS) 2025,Transmission & Substation Design & Operation Symposium (TSDOS),2025-09-03,Frisco,TX,kVP Energy Services,kvpenergy.com,,,,,,,,
Transmission & Substation Design & Operation Symposium (TSDOS) 2025,Transmission & Substation Design & Operation Symposium (TSDOS),2025-09-03,Frisco,TX,Electro Rent,electrorent.com,,,,,,,,
Transmission & Substation Design & Operation Symposium (TSDOS) 2025,Transmission & Substation Design & Operation Symposium (TSDOS),2025-09-03,Frisco,TX,MICA Steelworks,micasteelworks.com,,,,,,,,
Transmission & Substation Design & Operation Symposium (TSDOS) 2025,Transmission & Substation Design & Operation Symposium (TSDOS),2025-09-03,Frisco,TX,"Commonwealth Associates, Inc.",cai-engr.com,,,,,,,,
Transmission & Substation Design & Operation Symposium (TSDOS) 2025,Transmission & Substation Design & Operation Symposium (TSDOS),2025-09-03,Frisco,TX,"Smith Industries, Inc.",smithindustriestx.com,,,,,,,,
Transmission & Substation Design & Operation Symposium (TSDOS) 2025,Transmission & Substation Design & Operation Symposium (TSDOS),2025-09-03,Frisco,TX,QuickStart Inc.,quickstart.com,,,,,,,,
Transmission & Substation Design & Operation Symposium (TSDOS) 2025,Transmission & Substation Design & Operation Symposium (TSDOS),2025-09-03,Frisco,TX,Roland DGA,rolanddg.com,,,,,,,,
Transmission & Substation Design & Operation Symposium (TSDOS) 2025,Transmission & Substation Design & Operation Symposium (TSDOS),2025-09-03,Frisco,TX,"Revamp Engineering, Inc.",revamp-eng.com,,,,,,,,
Transmission & Substation Design & Operation Symposium (TSDOS) 2025,Transmission & Substation Design & Operation Symposium (TSDOS),2025-09-03,Frisco,TX,Pickett USA,pickettusa.com,,,,,,,,
Transmission & Substation Design & Operation Symposium (TSDOS) 2025,Transmission & Substation Design & Operation Symposium (TSDOS),2025-09-03,Frisco,TX,"Intellirent Co., Ltd.",intellirentco.com,,,,,,,,
Transmission & Substation Design & Operation Symposium (TSDOS) 2025,Transmission & Substation Design & Operation Symposium (TSDOS),2025-09-03,Frisco,TX,"5 Star Electric, LLC",5-starelectric.com,,,,,,,,
Transmission & Substation Design & Operation Symposium (TSDOS) 2025,Transmission & Substation Design & Operation Symposium (TSDOS),2025-09-03,Frisco,TX,Principleservices.Com,principleservices.com,,,,,,,,
Transmission & Substation Design & Operation Symposium (TSDOS) 2025,Transmission & Substation Design & Operation Symposium (TSDOS),2025-09-03,Frisco,TX,"RDQ, Inc.",r-dq.com,,,,,,,,
Transmission & Substation Design & Operation Symposium (TSDOS) 2025,Transmission & Substation Design & Operation Symposium (TSDOS),2025-09-03,Frisco,TX,Kaddas Enterprises Inc,kaddas.com,,,,,,,,
Transmission & Substation Design & Operation Symposium (TSDOS) 2025,Transmission & Substation Design & Operation Symposium (TSDOS),2025-09-03,Frisco,TX,Electrical Technologies and Supply Inc,electrical-technologies.com,,,,,,,,
Transmission & Substation Design & Operation Symposium (TSDOS) 2025,Transmission & Substation Design & Operation Symposium (TSDOS),2025-09-03,Frisco,TX,Fort Hays State University,fhsu.edu,,,,,,,,
Transmission & Substation Design & Operation Symposium (TSDOS) 2025,Transmission & Substation Design & Operation Symposium (TSDOS),2025-09-03,Frisco,TX,Drillers' Choice Inc,drillerschoice.com,,,,,,,,
Transmission & Substation Design & Operation Symposium (TSDOS) 2025,Transmission & Substation Design & Operation Symposium (TSDOS),2025-09-03,Frisco,TX,Utility Sales Agents of South Texas,usasouthtexas.com,,,,,,,,
Transmission & Substation Design & Operation Symposium (TSDOS) 2025,Transmission & Substation Design & Operation Symposium (TSDOS),2025-09-03,Frisco,TX,Mavrik Sales LLC,mavrik-solutions.com,,,,,,,,
Transmission & Substation Design & Operation Symposium (TSDOS) 2025,Transmission & Substation Design & Operation Symposium (TSDOS),2025-09-03,Frisco,TX,National Field Services,ipspowerserve.com,,,,,,,,
Transmission & Substation Design & Operation Symposium (TSDOS) 2025,Transmission & Substation Design & Operation Symposium (TSDOS),2025-09-03,Frisco,TX,Pepco,pepco.com,,,,,,,,
Transmission & Substation Design & Operation Symposium (TSDOS) 2025,Transmission & Substation Design & Operation Symposium (TSDOS),2025-09-03,Frisco,TX,Ferreira Company,ferreiracompany.com,,,,,,,,
Transmission & Substation Design & Operation Symposium (TSDOS) 2025,Transmission & Substation Design & Operation Symposium (TSDOS),2025-09-03,Frisco,TX,Delta-X Research,deltaxresearch.com,,,,,,,,
Transmission & Substation Design & Operation Symposium (TSDOS) 2025,Transmission & Substation Design & Operation Symposium (TSDOS),2025-09-03,Frisco,TX,Cecil Energy Structures,cecilenergystructures.com,,,,,,,,
Transmission & Substation Design & Operation Symposium (TSDOS) 2025,Transmission & Substation Design & Operation Symposium (TSDOS),2025-09-03,Frisco,TX,Alubar Group,alubar.com,,,,,,,,
PowerTest InterNational Electrical Testing Association (NETA) 2024,PowerTest InterNational Electrical Testing Association NETA,2024-02-25,Dallas,TX,ABB Asea Brown Boveri Ltd.,abb.com,"Zürich, Switzerland",439252,Public,1988,,,,
PowerTest InterNational Electrical Testing Association (NETA) 2024,PowerTest InterNational Electrical Testing Association NETA,2024-02-25,Dallas,TX,"W. L. Gore & Associates, Inc.",gore.com,"Newark, DE",43283,Investor Backed,1958,,,,
PowerTest InterNational Electrical Testing Association (NETA) 2024,PowerTest InterNational Electrical Testing Association NETA,2024-02-25,Dallas,TX,"Vertiv Holdings, Co. (Vertiv)",vertiv.com,"Westerville, OH",13213,Private Subsidiary,2016,,,,
PowerTest InterNational Electrical Testing Association (NETA) 2024,PowerTest InterNational Electrical Testing Association NETA,2024-02-25,Dallas,TX,TRC,trccompanies.com,"Connecticut, USA",12444,Public Subsidiary,1969,,,,
PowerTest InterNational Electrical Testing Association (NETA) 2024,PowerTest InterNational Electrical Testing Association NETA,2024-02-25,Dallas,TX,"Schweitzer Engineering Laboratories, Inc. (SEL)",selinc.com,"Stafford, UK",7119,Private Subsidiary,1982,,,,
PowerTest InterNational Electrical Testing Association (NETA) 2024,PowerTest InterNational Electrical Testing Association NETA,2024-02-25,Dallas,TX,Ameren,ameren.com,,,,,,,,
PowerTest InterNational Electrical Testing Association (NETA) 2024,PowerTest InterNational Electrical Testing Association NETA,2024-02-25,Dallas,TX,Integrated Power Services,tawinc.com,,,,,,,,
PowerTest InterNational Electrical Testing Association (NETA) 2024,PowerTest InterNational Electrical Testing Association NETA,2024-02-25,Dallas,TX,"Shermco Industries, Inc.",shermco.com,,,,,,,,
PowerTest InterNational Electrical Testing Association (NETA) 2024,PowerTest InterNational Electrical Testing Association NETA,2024-02-25,Dallas,TX,Megger Group Limited,megger.com,,,,,,,,
PowerTest InterNational Electrical Testing Association (NETA) 2024,PowerTest InterNational Electrical Testing Association NETA,2024-02-25,Dallas,TX,"Saber Power, LLC",saberpower.com,,,,,,,,
PowerTest InterNational Electrical Testing Association (NETA) 2024,PowerTest InterNational Electrical Testing Association NETA,2024-02-25,Dallas,TX,Kinectrics,kinectrics.com,,,,,,,,
PowerTest InterNational Electrical Testing Association (NETA) 2024,PowerTest InterNational Electrical Testing Association NETA,2024-02-25,Dallas,TX,Qualus Corp.,qualuscorp.com,,,,,,,,
PowerTest InterNational Electrical Testing Association (NETA) 2024,PowerTest InterNational Electrical Testing Association NETA,2024-02-25,Dallas,TX,"RESA Power, LLC",resapower.com,,,,,,,,
PowerTest InterNational Electrical Testing Association (NETA) 2024,PowerTest InterNational Electrical Testing Association NETA,2024-02-25,Dallas,TX,OMICRON electronics,omicronenergy.com,,,,,,,,
PowerTest InterNational Electrical Testing Association (NETA) 2024,PowerTest InterNational Electrical Testing Association NETA,2024-02-25,Dallas,TX,"Harris Williams, LLC",harriswilliams.com,,,,,,,,
PowerTest InterNational Electrical Testing Association (NETA) 2024,PowerTest InterNational Electrical Testing Association NETA,2024-02-25,Dallas,TX,"National Safety Apparel, LLC",thinknsa.com,,,,,,,,
PowerTest InterNational Electrical Testing Association (NETA) 2024,PowerTest InterNational Electrical Testing Association NETA,2024-02-25,Dallas,TX,Doble Engineering Company,doble.com,,,,,,,,
PowerTest InterNational Electrical Testing Association (NETA) 2024,PowerTest InterNational Electrical Testing Association NETA,2024-02-25,Dallas,TX,"SDMyers, Inc.",sdmyers.com,,,,,,,,
PowerTest InterNational Electrical Testing Association (NETA) 2024,PowerTest InterNational Electrical Testing Association NETA,2024-02-25,Dallas,TX,Magna IV Engineering,magnaiv.com,,,,,,,,
PowerTest InterNational Electrical Testing Association (NETA) 2024,PowerTest InterNational Electrical Testing Association NETA,2024-02-25,Dallas,TX,JM Test Systems,jmtest.com,,,,,,,,
PowerTest InterNational Electrical Testing Association (NETA) 2024,PowerTest InterNational Electrical Testing Association NETA,2024-02-25,Dallas,TX,SATEC,satec-global.com,,,,,,,,
PowerTest InterNational Electrical Testing Association (NETA) 2024,PowerTest InterNational Electrical Testing Association NETA,2024-02-25,Dallas,TX,EA Technology,eatechnology.com,,,,,,,,
PowerTest InterNational Electrical Testing Association (NETA) 2024,PowerTest InterNational Electrical Testing Association NETA,2024-02-25,Dallas,TX,North American Electric Reliability Corporation (NERC),nerc.com,,,,,,,,
PowerTest InterNational Electrical Testing Association (NETA) 2024,PowerTest InterNational Electrical Testing Association NETA,2024-02-25,Dallas,TX,"Asplundh Electrical Testing, LLC",asplundhtesting.com,,,,,,,,
PowerTest InterNational Electrical Testing Association (NETA) 2024,PowerTest InterNational Electrical Testing Association NETA,2024-02-25,Dallas,TX,"Maddox Industrial Transformer, LLC",maddoxtransformer.com,,,,,,,,
PowerTest InterNational Electrical Testing Association (NETA) 2024,PowerTest InterNational Electrical Testing Association NETA,2024-02-25,Dallas,TX,Hood Patterson & Dewar,hoodpd.com,,,,,,,,
PowerTest InterNational Electrical Testing Association (NETA) 2024,PowerTest InterNational Electrical Testing Association NETA,2024-02-25,Dallas,TX,JCL Energy,jcl.energy,,,,,,,,
PowerTest InterNational Electrical Testing Association (NETA) 2024,PowerTest InterNational Electrical Testing Association NETA,2024-02-25,Dallas,TX,"Group CBS, Inc.",groupcbs.com,,,,,,,,
PowerTest InterNational Electrical Testing Association (NETA) 2024,PowerTest InterNational Electrical Testing Association NETA,2024-02-25,Dallas,TX,Electroswitch Corp,electroswitch.com,,,,,,,,
PowerTest InterNational Electrical Testing Association (NETA) 2024,PowerTest InterNational Electrical Testing Association NETA,2024-02-25,Dallas,TX,"MVA Diagnostics, Inc.",mvadiagnostics.com,,,,,,,,
PowerTest InterNational Electrical Testing Association (NETA) 2024,PowerTest InterNational Electrical Testing Association NETA,2024-02-25,Dallas,TX,Advanced Test Equipment Corp.,atecorp.com,,,,,,,,
PowerTest InterNational Electrical Testing Association (NETA) 2024,PowerTest InterNational Electrical Testing Association NETA,2024-02-25,Dallas,TX,"Intellirent Co., Ltd.",intellirentco.com,,,,,,,,
PowerTest InterNational Electrical Testing Association (NETA) 2024,PowerTest InterNational Electrical Testing Association NETA,2024-02-25,Dallas,TX,A-Rent Test Equipment,a-rent.com,,,,,,,,
PowerTest InterNational Electrical Testing Association (NETA) 2024,PowerTest InterNational Electrical Testing Association NETA,2024-02-25,Dallas,TX,Constellation PowerLabs,constellationpowerlabs.com,,,,,,,,
PowerTest InterNational Electrical Testing Association (NETA) 2024,PowerTest InterNational Electrical Testing Association NETA,2024-02-25,Dallas,TX,Parts Super Center,partssupercenter.com,,,,,,,,
PowerTest InterNational Electrical Testing Association (NETA) 2024,PowerTest InterNational Electrical Testing Association NETA,2024-02-25,Dallas,TX,Potomac Testing,potomactesting.com,,,,,,,,
PowerTest InterNational Electrical Testing Association (NETA) 2024,PowerTest InterNational Electrical Testing Association NETA,2024-02-25,Dallas,TX,MGL International Group,mgl-intl.com,,,,,,,,
PowerTest InterNational Electrical Testing Association (NETA) 2024,PowerTest InterNational Electrical Testing Association NETA,2024-02-25,Dallas,TX,"Tj-H2B Analytical Services, Inc.",tjh2b.com,,,,,YES,master-DQ,T1,
PowerTest InterNational Electrical Testing Association (NETA) 2024,PowerTest InterNational Electrical Testing Association NETA,2024-02-25,Dallas,TX,Dranetz,dranetz.com,,,,,,,,
PowerTest InterNational Electrical Testing Association (NETA) 2024,PowerTest InterNational Electrical Testing Association NETA,2024-02-25,Dallas,TX,"Protec Equipment Resources, Inc.",protecequip.com,,,,,,,,
PowerTest InterNational Electrical Testing Association (NETA) 2024,PowerTest InterNational Electrical Testing Association NETA,2024-02-25,Dallas,TX,AEMC Instruments,aemc.com,,,,,,,,
PowerTest InterNational Electrical Testing Association (NETA) 2024,PowerTest InterNational Electrical Testing Association NETA,2024-02-25,Dallas,TX,"Iriss, Inc.",iriss.com,,,,,YES,master-P3,M13,
PowerTest InterNational Electrical Testing Association (NETA) 2024,PowerTest InterNational Electrical Testing Association NETA,2024-02-25,Dallas,TX,CBS Field Services,cbsfieldservices.com,,,,,,,,
PowerTest InterNational Electrical Testing Association (NETA) 2024,PowerTest InterNational Electrical Testing Association NETA,2024-02-25,Dallas,TX,The University of Alabama,ua.edu,,,,,,,,
PowerTest InterNational Electrical Testing Association (NETA) 2024,PowerTest InterNational Electrical Testing Association NETA,2024-02-25,Dallas,TX,Fotric,fotric.com,,,,,,,,
PowerTest InterNational Electrical Testing Association (NETA) 2024,PowerTest InterNational Electrical Testing Association NETA,2024-02-25,Dallas,TX,Utility Relay Company,utilityrelay.com,,,,,YES,master-P2,M13,
PowerTest InterNational Electrical Testing Association (NETA) 2024,PowerTest InterNational Electrical Testing Association NETA,2024-02-25,Dallas,TX,EuroSMC,smcint.com,,,,,,,,
PowerTest InterNational Electrical Testing Association (NETA) 2024,PowerTest InterNational Electrical Testing Association NETA,2024-02-25,Dallas,TX,ndb Technologies,ndbtech.com,,,,,,,,
PowerTest InterNational Electrical Testing Association (NETA) 2024,PowerTest InterNational Electrical Testing Association NETA,2024-02-25,Dallas,TX,ETI Precision,etiprecision.com,,,,,,,,
PowerTest InterNational Electrical Testing Association (NETA) 2024,PowerTest InterNational Electrical Testing Association NETA,2024-02-25,Dallas,TX,Signal Fluid Solutions,signalfluidsolutions.com,,,,,,,,
PowerTest InterNational Electrical Testing Association (NETA) 2024,PowerTest InterNational Electrical Testing Association NETA,2024-02-25,Dallas,TX,Electrical.com,electrical.com,,,,,,,,
PowerTest InterNational Electrical Testing Association (NETA) 2024,PowerTest InterNational Electrical Testing Association NETA,2024-02-25,Dallas,TX,Sig-C.Com,sig-c.com,,,,,,,,
PowerTest InterNational Electrical Testing Association (NETA) 2024,PowerTest InterNational Electrical Testing Association NETA,2024-02-25,Dallas,TX,"Hv Technologies, Inc.",hvtechnologies.com,,,,,,,,
PowerTest InterNational Electrical Testing Association (NETA) 2024,PowerTest InterNational Electrical Testing Association NETA,2024-02-25,Dallas,TX,SDT International SA/NV,sdtultrasound.com,,,,,,,,
PowerTest InterNational Electrical Testing Association (NETA) 2024,PowerTest InterNational Electrical Testing Association NETA,2024-02-25,Dallas,TX,Voyten Electric & Electronics Inc.,voyten.com,,,,,,,,
PowerTest InterNational Electrical Testing Association (NETA) 2024,PowerTest InterNational Electrical Testing Association NETA,2024-02-25,Dallas,TX,"Tony Demaria Electric, Inc.",tdeinc.com,,,,,,,,
PowerTest InterNational Electrical Testing Association (NETA) 2024,PowerTest InterNational Electrical Testing Association NETA,2024-02-25,Dallas,TX,Pro-Tec,protecbrand.com,,,,,,,,
PowerTest InterNational Electrical Testing Association (NETA) 2024,PowerTest InterNational Electrical Testing Association NETA,2024-02-25,Dallas,TX,DILO,dilo.com,,,,,,,,
PowerTest InterNational Electrical Testing Association (NETA) 2024,PowerTest InterNational Electrical Testing Association NETA,2024-02-25,Dallas,TX,KPS Europe,kps-intl.com,,,,,,,,
PowerTest InterNational Electrical Testing Association (NETA) 2024,PowerTest InterNational Electrical Testing Association NETA,2024-02-25,Dallas,TX,InterNational Electrical Testing Association (NETA),netaworld.org,,,,,,,,
PowerTest InterNational Electrical Testing Association (NETA) 2024,PowerTest InterNational Electrical Testing Association NETA,2024-02-25,Dallas,TX,"High Voltage, Inc.",hvinc.com,,,,,,,,
PowerTest InterNational Electrical Testing Association (NETA) 2024,PowerTest InterNational Electrical Testing Association NETA,2024-02-25,Dallas,TX,BCS Switchgear Services,bcsswitchgear.com,,,,,,,,
PowerTest InterNational Electrical Testing Association (NETA) 2024,PowerTest InterNational Electrical Testing Association NETA,2024-02-25,Dallas,TX,AMP Quality Energy Services,ampqes.com,,,,,,,,
PowerTest InterNational Electrical Testing Association (NETA) 2024,PowerTest InterNational Electrical Testing Association NETA,2024-02-25,Dallas,TX,LUMA Energy,lumapr.com,,,,,,,,
PowerTest InterNational Electrical Testing Association (NETA) 2024,PowerTest InterNational Electrical Testing Association NETA,2024-02-25,Dallas,TX,Hampton Tedder Technical Services,httstesting.com,,,,,,,,
PowerTest InterNational Electrical Testing Association (NETA) 2024,PowerTest InterNational Electrical Testing Association NETA,2024-02-25,Dallas,TX,Monster Fuses,monsterelectrical.com,,,,,,,,
PowerTest InterNational Electrical Testing Association (NETA) 2024,PowerTest InterNational Electrical Testing Association NETA,2024-02-25,Dallas,TX,ECP Solutions,ecpsolutions.com,,,,,,,,
PowerTest InterNational Electrical Testing Association (NETA) 2024,PowerTest InterNational Electrical Testing Association NETA,2024-02-25,Dallas,TX,Exiscan Infrared Windows,exiscan.com,,,,,,,,
PowerTest InterNational Electrical Testing Association (NETA) 2024,PowerTest InterNational Electrical Testing Association NETA,2024-02-25,Dallas,TX,"Remote Solutions, LLC",safe-t-rack.com,,,,,,,,
PowerTest InterNational Electrical Testing Association (NETA) 2024,PowerTest InterNational Electrical Testing Association NETA,2024-02-25,Dallas,TX,Power Systems Testing Co,powersystemstesting.com,,,,,,,,
PowerTest InterNational Electrical Testing Association (NETA) 2024,PowerTest InterNational Electrical Testing Association NETA,2024-02-25,Dallas,TX,Cbione,cbione.com,,,,,,,,
PowerTest InterNational Electrical Testing Association (NETA) 2024,PowerTest InterNational Electrical Testing Association NETA,2024-02-25,Dallas,TX,Infraspection Institute,infraspection.com,,,,,,,,
PowerTest InterNational Electrical Testing Association (NETA) 2024,PowerTest InterNational Electrical Testing Association NETA,2024-02-25,Dallas,TX,Intellirent,myintellirent.com,,,,,,,,
PowerTest InterNational Electrical Testing Association (NETA) 2024,PowerTest InterNational Electrical Testing Association NETA,2024-02-25,Dallas,TX,EasyPower LLC,easypower.com,,,,,,,,
PowerTest InterNational Electrical Testing Association (NETA) 2024,PowerTest InterNational Electrical Testing Association NETA,2024-02-25,Dallas,TX,ProgUSA LLC,progusa.net,,,,,,,,
PowerTest InterNational Electrical Testing Association (NETA) 2024,PowerTest InterNational Electrical Testing Association NETA,2024-02-25,Dallas,TX,National Medal of Honor Museum,mohmuseum.org,,,,,,,,
PowerTest InterNational Electrical Testing Association (NETA) 2024,PowerTest InterNational Electrical Testing Association NETA,2024-02-25,Dallas,TX,KoCoS,kocos.com,,,,,,,,
PowerTest InterNational Electrical Testing Association (NETA) 2024,PowerTest InterNational Electrical Testing Association NETA,2024-02-25,Dallas,TX,Power Substation Services,powersubservices.com,,,,,YES,campaign-P2,T2,
PowerTest InterNational Electrical Testing Association (NETA) 2024,PowerTest InterNational Electrical Testing Association NETA,2024-02-25,Dallas,TX,Tin Star Fencing,tsfencing.com,,,,,,,,
PowerTest InterNational Electrical Testing Association (NETA) 2024,PowerTest InterNational Electrical Testing Association NETA,2024-02-25,Dallas,TX,"HV Diagnostics, Inc",hvdiagnostics.com,,,,,,,,
PowerTest InterNational Electrical Testing Association (NETA) 2024,PowerTest InterNational Electrical Testing Association NETA,2024-02-25,Dallas,TX,Raytech USA,raytechusa.com,,,,,,,,
PowerTest InterNational Electrical Testing Association (NETA) 2024,PowerTest InterNational Electrical Testing Association NETA,2024-02-25,Dallas,TX,Risk Management Solutions (RMS),rms.com,,,,,,,,
PowerTest InterNational Electrical Testing Association (NETA) 2024,PowerTest InterNational Electrical Testing Association NETA,2024-02-25,Dallas,TX,Maryland,maryland.gov,,,,,,,,
PowerTest InterNational Electrical Testing Association (NETA) 2024,PowerTest InterNational Electrical Testing Association NETA,2024-02-25,Dallas,TX,Switchgear Safety LLC,switchgearsafety.com,,,,,,,,
PowerTest InterNational Electrical Testing Association (NETA) 2024,PowerTest InterNational Electrical Testing Association NETA,2024-02-25,Dallas,TX,"SPF Electric, LLC",spf-us.com,,,,,,,,
PowerTest InterNational Electrical Testing Association (NETA) 2024,PowerTest InterNational Electrical Testing Association NETA,2024-02-25,Dallas,TX,"Power Diagnostic instrument company, LLC",pdicus.com,,,,,,,,
PowerTest InterNational Electrical Testing Association (NETA) 2024,PowerTest InterNational Electrical Testing Association NETA,2024-02-25,Dallas,TX,National Field Services,ipspowerserve.com,,,,,,,,
PowerTest InterNational Electrical Testing Association (NETA) 2024,PowerTest InterNational Electrical Testing Association NETA,2024-02-25,Dallas,TX,Brosz & Assoc,brosz.net,,,,,,,,
PowerTest InterNational Electrical Testing Association (NETA) 2024,PowerTest InterNational Electrical Testing Association NETA,2024-02-25,Dallas,TX,GORE-TEX Professional,goretexprofessional.com,,,,,,,,
PowerTest InterNational Electrical Testing Association (NETA) 2024,PowerTest InterNational Electrical Testing Association NETA,2024-02-25,Dallas,TX,TDS Equipment,tds-equipment.com,,,,,,,,
PowerTest InterNational Electrical Testing Association (NETA) 2024,PowerTest InterNational Electrical Testing Association NETA,2024-02-25,Dallas,TX,PowerTest,registration.powertest.org,,,,,,,,
PowerTest InterNational Electrical Testing Association (NETA) 2024,PowerTest InterNational Electrical Testing Association NETA,2024-02-25,Dallas,TX,CHK Power Quality Pty Ltd,chkpowerquality.com.au,,,,,,,,
PowerTest InterNational Electrical Testing Association (NETA) 2024,PowerTest InterNational Electrical Testing Association NETA,2024-02-25,Dallas,TX,EXSERO Software,exserosoft.com,,,,,,,,
PowerTest InterNational Electrical Testing Association (NETA) 2024,PowerTest InterNational Electrical Testing Association NETA,2024-02-25,Dallas,TX,T W Bes C,twbesc.ca,,,,,,,,
Florida Municipal Electric Association (FMEA) Conference 2026,Florida Municipal Electric Association (FMEA) Conference,2026-07-14,Palm Beach,FL,Bank of America Corporation,bankofamerica.com,"Charlotte, NC",307721,Public,1998,,,,
Florida Municipal Electric Association (FMEA) Conference 2026,Florida Municipal Electric Association (FMEA) Conference,2026-07-14,Palm Beach,FL,JPMorgan Chase & Co.,jpmorganchase.com,"New York, NY",311054,Public,2000,,,,
Florida Municipal Electric Association (FMEA) Conference 2026,Florida Municipal Electric Association (FMEA) Conference,2026-07-14,Palm Beach,FL,"WSP Global, Inc.",wsp.com,"Montreal, Canada",69579,Public,1959,,,,
Florida Municipal Electric Association (FMEA) Conference 2026,Florida Municipal Electric Association (FMEA) Conference,2026-07-14,Palm Beach,FL,Southern Company,southerncompany.com,"Atlanta, GA",33585,Public,1912,,,,
Florida Municipal Electric Association (FMEA) Conference 2026,Florida Municipal Electric Association (FMEA) Conference,2026-07-14,Palm Beach,FL,"Quanta Services, Inc.",quantaservices.com,"Houston, TX",30004,Public,1997,,,,
Florida Municipal Electric Association (FMEA) Conference 2026,Florida Municipal Electric Association (FMEA) Conference,2026-07-14,Palm Beach,FL,"MasTec, Inc.",mastec.com,,,,,,,,
Florida Municipal Electric Association (FMEA) Conference 2026,Florida Municipal Electric Association (FMEA) Conference,2026-07-14,Palm Beach,FL,TRC,trccompanies.com,,,,,,,,
Florida Municipal Electric Association (FMEA) Conference 2026,Florida Municipal Electric Association (FMEA) Conference,2026-07-14,Palm Beach,FL,Pike Corp.,pike.com,,,,,,,,
Florida Municipal Electric Association (FMEA) Conference 2026,Florida Municipal Electric Association (FMEA) Conference,2026-07-14,Palm Beach,FL,Landis+Gyr,landisgyr.eu,,,,,,,,
Florida Municipal Electric Association (FMEA) Conference 2026,Florida Municipal Electric Association (FMEA) Conference,2026-07-14,Palm Beach,FL,Forvis Mazars US,forvismazars.us,,,,,,,,
Florida Municipal Electric Association (FMEA) Conference 2026,Florida Municipal Electric Association (FMEA) Conference,2026-07-14,Palm Beach,FL,Jacksonville Energy Authority (JEA),jea.com,,,,,,,,
Florida Municipal Electric Association (FMEA) Conference 2026,Florida Municipal Electric Association (FMEA) Conference,2026-07-14,Palm Beach,FL,Altec Industries,altec.com,,,,,,,,
Florida Municipal Electric Association (FMEA) Conference 2026,Florida Municipal Electric Association (FMEA) Conference,2026-07-14,Palm Beach,FL,"KCI Technologies, Inc.",kci.com,,,,,,,,
Florida Municipal Electric Association (FMEA) Conference 2026,Florida Municipal Electric Association (FMEA) Conference,2026-07-14,Palm Beach,FL,Hilaman Golf Course,talgov.com,,,,,,,,
Florida Municipal Electric Association (FMEA) Conference 2026,Florida Municipal Electric Association (FMEA) Conference,2026-07-14,Palm Beach,FL,"Enercon Services, Inc.",enercon.com,,,,,,,,
Florida Municipal Electric Association (FMEA) Conference 2026,Florida Municipal Electric Association (FMEA) Conference,2026-07-14,Palm Beach,FL,Orlando Utilities Commission,ouc.com,,,,,,,,
Florida Municipal Electric Association (FMEA) Conference 2026,Florida Municipal Electric Association (FMEA) Conference,2026-07-14,Palm Beach,FL,Utility Lines Construction Services,ulcs-llc.com,,,,,,,,
Florida Municipal Electric Association (FMEA) Conference 2026,Florida Municipal Electric Association (FMEA) Conference,2026-07-14,Palm Beach,FL,Ring Power Cat,ringpower.com,,,,,,,,
Florida Municipal Electric Association (FMEA) Conference 2026,Florida Municipal Electric Association (FMEA) Conference,2026-07-14,Palm Beach,FL,Nixon Peabody LLP,nixonpeabody.com,,,,,,,,
Florida Municipal Electric Association (FMEA) Conference 2026,Florida Municipal Electric Association (FMEA) Conference,2026-07-14,Palm Beach,FL,Haugland Group LLC,hauglandgroup.us,,,,,,,,
Florida Municipal Electric Association (FMEA) Conference 2026,Florida Municipal Electric Association (FMEA) Conference,2026-07-14,Palm Beach,FL,"Bird Electric Enterprises, LLC",birdelectricinc.com,,,,,,,,
Florida Municipal Electric Association (FMEA) Conference 2026,Florida Municipal Electric Association (FMEA) Conference,2026-07-14,Palm Beach,FL,"GrayRobinson, P.A.",gray-robinson.com,,,,,,,,
Florida Municipal Electric Association (FMEA) Conference 2026,Florida Municipal Electric Association (FMEA) Conference,2026-07-14,Palm Beach,FL,"GAI Consultants, Inc.",gaiconsultants.com,,,,,,,,
Florida Municipal Electric Association (FMEA) Conference 2026,Florida Municipal Electric Association (FMEA) Conference,2026-07-14,Palm Beach,FL,Lakeland Electric,lakelandelectric.com,,,,,,,,
Florida Municipal Electric Association (FMEA) Conference 2026,Florida Municipal Electric Association (FMEA) Conference,2026-07-14,Palm Beach,FL,The Energy Authority,teainc.org,,,,,,,,
Florida Municipal Electric Association (FMEA) Conference 2026,Florida Municipal Electric Association (FMEA) Conference,2026-07-14,Palm Beach,FL,Fort Pierce Utilities Authority,fpua.com,,,,,,,,
Florida Municipal Electric Association (FMEA) Conference 2026,Florida Municipal Electric Association (FMEA) Conference,2026-07-14,Palm Beach,FL,F&H Electrical Contractors Inc.,fandhcontractors.com,,,,,,,,
Florida Municipal Electric Association (FMEA) Conference 2026,Florida Municipal Electric Association (FMEA) Conference,2026-07-14,Palm Beach,FL,Stearns Weaver Miller,stearnsweaver.com,,,,,,,,
Florida Municipal Electric Association (FMEA) Conference 2026,Florida Municipal Electric Association (FMEA) Conference,2026-07-14,Palm Beach,FL,"Commonwealth Associates, Inc.",cai-engr.com,,,,,,,,
Florida Municipal Electric Association (FMEA) Conference 2026,Florida Municipal Electric Association (FMEA) Conference,2026-07-14,Palm Beach,FL,PraXel Line Services,praxel.energy,,,,,,,,
Florida Municipal Electric Association (FMEA) Conference 2026,Florida Municipal Electric Association (FMEA) Conference,2026-07-14,Palm Beach,FL,Milwaukee Tool,milwaukeetool.com,,,,,,,,
Florida Municipal Electric Association (FMEA) Conference 2026,Florida Municipal Electric Association (FMEA) Conference,2026-07-14,Palm Beach,FL,"GDS Associates, Inc Engineers & Consultants",gdsassociates.com,,,,,,,,
Florida Municipal Electric Association (FMEA) Conference 2026,Florida Municipal Electric Association (FMEA) Conference,2026-07-14,Palm Beach,FL,Florida Municipal Power Agency,fmpa.com,,,,,,,,
Florida Municipal Electric Association (FMEA) Conference 2026,Florida Municipal Electric Association (FMEA) Conference,2026-07-14,Palm Beach,FL,GMB,gmbpowerline.com,,,,,,,,
Florida Municipal Electric Association (FMEA) Conference 2026,Florida Municipal Electric Association (FMEA) Conference,2026-07-14,Palm Beach,FL,Powerserve Technologies,powerservetech.com,,,,,YES,campaign-P2,T3,YES
Florida Municipal Electric Association (FMEA) Conference 2026,Florida Municipal Electric Association (FMEA) Conference,2026-07-14,Palm Beach,FL,"Group CBS, Inc.",groupcbs.com,,,,,,,,
Florida Municipal Electric Association (FMEA) Conference 2026,Florida Municipal Electric Association (FMEA) Conference,2026-07-14,Palm Beach,FL,"Utilities Commission, City of New Smyrna Beach",nsbufl.com,,,,,,,,
Florida Municipal Electric Association (FMEA) Conference 2026,Florida Municipal Electric Association (FMEA) Conference,2026-07-14,Palm Beach,FL,Brazilian Court Hotel,thebraziliancourt.com,,,,,,,,
Florida Municipal Electric Association (FMEA) Conference 2026,Florida Municipal Electric Association (FMEA) Conference,2026-07-14,Palm Beach,FL,"Samuel A. Ramirez & Co., Inc.",ramirezco.com,,,,,,,,
Florida Municipal Electric Association (FMEA) Conference 2026,Florida Municipal Electric Association (FMEA) Conference,2026-07-14,Palm Beach,FL,SERC Reliability Corporation,serc.org,,,,,,,,
Florida Municipal Electric Association (FMEA) Conference 2026,Florida Municipal Electric Association (FMEA) Conference,2026-07-14,Palm Beach,FL,"Purvis, Gray & Company, LLP ~ Certified Public Accountants",purvisgray.com,,,,,,,,
Florida Municipal Electric Association (FMEA) Conference 2026,Florida Municipal Electric Association (FMEA) Conference,2026-07-14,Palm Beach,FL,nFront Consulting LLC,nfrontconsulting.com,,,,,,,,
Florida Municipal Electric Association (FMEA) Conference 2026,Florida Municipal Electric Association (FMEA) Conference,2026-07-14,Palm Beach,FL,Power Pros Powerline Solutions LLC,powerprospowerlines.com,,,,,,,,
Florida Municipal Electric Association (FMEA) Conference 2026,Florida Municipal Electric Association (FMEA) Conference,2026-07-14,Palm Beach,FL,Streetleaf,streetleaf.com,,,,,,,,
Florida Municipal Electric Association (FMEA) Conference 2026,Florida Municipal Electric Association (FMEA) Conference,2026-07-14,Palm Beach,FL,Spiegel & McDiarmid LLP,spiegelmcd.com,,,,,,,,
Florida Municipal Electric Association (FMEA) Conference 2026,Florida Municipal Electric Association (FMEA) Conference,2026-07-14,Palm Beach,FL,DILO,dilo.com,,,,,,,,
Florida Municipal Electric Association (FMEA) Conference 2026,Florida Municipal Electric Association (FMEA) Conference,2026-07-14,Palm Beach,FL,Cloverleaf Infrastructure,cloverleafinfra.com,,,,,,,,
Florida Municipal Electric Association (FMEA) Conference 2026,Florida Municipal Electric Association (FMEA) Conference,2026-07-14,Palm Beach,FL,Center Phase Energy,centerphaseenergy.com,,,,,,,,
Florida Municipal Electric Association (FMEA) Conference 2026,Florida Municipal Electric Association (FMEA) Conference,2026-07-14,Palm Beach,FL,Burns & McDonnell,burnsmcd.com,,,,,,,,
Florida Municipal Electric Association (FMEA) Conference 2026,Florida Municipal Electric Association (FMEA) Conference,2026-07-14,Palm Beach,FL,Vision Utilities Inc,vision-utilities.com,,,,,,,,
Florida Municipal Electric Association (FMEA) Conference 2026,Florida Municipal Electric Association (FMEA) Conference,2026-07-14,Palm Beach,FL,Disaster Program & Operations,exactrecovery.com,,,,,,,,
Florida Municipal Electric Association (FMEA) Conference 2026,Florida Municipal Electric Association (FMEA) Conference,2026-07-14,Palm Beach,FL,University of Maryland,umd.edu,,,,,,,,
Florida Municipal Electric Association (FMEA) Conference 2026,Florida Municipal Electric Association (FMEA) Conference,2026-07-14,Palm Beach,FL,VancoreJones Communications,vancorejones.com,,,,,,,,
Florida Municipal Electric Association (FMEA) Conference 2026,Florida Municipal Electric Association (FMEA) Conference,2026-07-14,Palm Beach,FL,Florida Renewable Partners,floridarenewablepartners.com,,,,,,,,
Florida Municipal Electric Association (FMEA) Conference 2026,Florida Municipal Electric Association (FMEA) Conference,2026-07-14,Palm Beach,FL,Mjnconsulting-Llc.Com,mjnconsulting-llc.com,,,,,,,,
Florida Municipal Electric Association (FMEA) Conference 2026,Florida Municipal Electric Association (FMEA) Conference,2026-07-14,Palm Beach,FL,AGVP Advisory,agvpadvisory.com,,,,,,,,
Florida Municipal Electric Association (FMEA) Conference 2026,Florida Municipal Electric Association (FMEA) Conference,2026-07-14,Palm Beach,FL,Bailey & Bailey Power Distribution LLC,baileybaileypower.com,,,,,,,,
Florida Municipal Electric Association (FMEA) Conference 2026,Florida Municipal Electric Association (FMEA) Conference,2026-07-14,Palm Beach,FL,Global Energy Group,globalenergygroup.org,,,,,,,,
Florida Municipal Electric Association (FMEA) Conference 2026,Florida Municipal Electric Association (FMEA) Conference,2026-07-14,Palm Beach,FL,University of Central Florida,ucf.edu,,,,,,,,
Florida Municipal Electric Association (FMEA) Conference 2026,Florida Municipal Electric Association (FMEA) Conference,2026-07-14,Palm Beach,FL,Premium Utility Contractor,premiumutilitycontractor.com,,,,,,,,
Utility Supply Management Alliance (USMA) Conference 2025,Utility Supply Management Alliance (USMA) Conference,2025-05-18,Nashville,TN,"Wesco International, Inc.",wesco.com,"Pittsburgh, PA",26465,Public,1922,,,,
Utility Supply Management Alliance (USMA) Conference 2025,Utility Supply Management Alliance (USMA) Conference,2025-05-18,Nashville,TN,OGE Energy Corp.,oge.com,"Oklahoma City, OK",5221,Public,1902,,,,
Utility Supply Management Alliance (USMA) Conference 2025,Utility Supply Management Alliance (USMA) Conference,2025-05-18,Nashville,TN,"Aubrey Silvey Enterprises, Inc.",silvey.com,"Carrollton, GA",420,Bootstrapped,1971,YES,master-DQ,T3,
Utility Supply Management Alliance (USMA) Conference 2025,Utility Supply Management Alliance (USMA) Conference,2025-05-18,Nashville,TN,Beacon Global Strategies,bgsdc.com,"Washington, Washington, DC",131,Investor Backed,2013,,,,
Utility Supply Management Alliance (USMA) Conference 2025,Utility Supply Management Alliance (USMA) Conference,2025-05-18,Nashville,TN,Vested,vestedway.com,"Bellevue, WA",1,Bootstrapped,2009,,,,
Utility Supply Management Alliance (USMA) Conference 2025,Utility Supply Management Alliance (USMA) Conference,2025-05-18,Nashville,TN,"Jennifer Moss, Inc.",jennifer-moss.com,,,,,,,,
Southeastern Electric Exchange (S.E.E.) Annual Conference & Trade Show 2026,Southeastern Electric Exchange (S.E.E.) Annual Conference & Trade Show,2026-06-23,Grapevine,TX,ABB Asea Brown Boveri Ltd.,abb.com,"Zürich, Switzerland",439252,Public,1988,,,,
Southeastern Electric Exchange (S.E.E.) Annual Conference & Trade Show 2026,Southeastern Electric Exchange (S.E.E.) Annual Conference & Trade Show,2026-06-23,Grapevine,TX,TE Connectivity plc,te.com,"Aghancon, Ireland",129804,Public,1941,,,,
Southeastern Electric Exchange (S.E.E.) Annual Conference & Trade Show 2026,Southeastern Electric Exchange (S.E.E.) Annual Conference & Trade Show,2026-06-23,Grapevine,TX,Kiewit Corp.,kiewit.com,"Omaha, NE",121330,Bootstrapped,1884,,,,
Southeastern Electric Exchange (S.E.E.) Annual Conference & Trade Show 2026,Southeastern Electric Exchange (S.E.E.) Annual Conference & Trade Show,2026-06-23,Grapevine,TX,Hitachi Energy Ltd.,hitachienergy.com,"Zürich, Switzerland",109669,Public Subsidiary,2020,,,,
Southeastern Electric Exchange (S.E.E.) Annual Conference & Trade Show 2026,Southeastern Electric Exchange (S.E.E.) Annual Conference & Trade Show,2026-06-23,Grapevine,TX,3M Company,3m.com,"Saint Paul, MN",94469,Public,1902,,,,
Southeastern Electric Exchange (S.E.E.) Annual Conference & Trade Show 2026,Southeastern Electric Exchange (S.E.E.) Annual Conference & Trade Show,2026-06-23,Grapevine,TX,"Dominion Energy, Inc",dominionenergy.com,,,,,,,,
Southeastern Electric Exchange (S.E.E.) Annual Conference & Trade Show 2026,Southeastern Electric Exchange (S.E.E.) Annual Conference & Trade Show,2026-06-23,Grapevine,TX,Duke Energy Corporation,duke-energy.com,,,,,,,,
Southeastern Electric Exchange (S.E.E.) Annual Conference & Trade Show 2026,Southeastern Electric Exchange (S.E.E.) Annual Conference & Trade Show,2026-06-23,Grapevine,TX,"WSP Global, Inc.",wsp.com,,,,,,,,
Southeastern Electric Exchange (S.E.E.) Annual Conference & Trade Show 2026,Southeastern Electric Exchange (S.E.E.) Annual Conference & Trade Show,2026-06-23,Grapevine,TX,Stantec Inc.,stantec.com,,,,,,,,
Southeastern Electric Exchange (S.E.E.) Annual Conference & Trade Show 2026,Southeastern Electric Exchange (S.E.E.) Annual Conference & Trade Show,2026-06-23,Grapevine,TX,"United Rentals, Inc.",unitedrentals.com,,,,,,,,
Southeastern Electric Exchange (S.E.E.) Annual Conference & Trade Show 2026,Southeastern Electric Exchange (S.E.E.) Annual Conference & Trade Show,2026-06-23,Grapevine,TX,"Leidos, Inc.",leidos.com,,,,,,,,
Southeastern Electric Exchange (S.E.E.) Annual Conference & Trade Show 2026,Southeastern Electric Exchange (S.E.E.) Annual Conference & Trade Show,2026-06-23,Grapevine,TX,"American Electric Power Company, Inc.",aep.com,,,,,,,,
Southeastern Electric Exchange (S.E.E.) Annual Conference & Trade Show 2026,Southeastern Electric Exchange (S.E.E.) Annual Conference & Trade Show,2026-06-23,Grapevine,TX,Entergy Corporation,entergy.com,,,,,,,,
Southeastern Electric Exchange (S.E.E.) Annual Conference & Trade Show 2026,Southeastern Electric Exchange (S.E.E.) Annual Conference & Trade Show,2026-06-23,Grapevine,TX,Southern Company,southerncompany.com,,,,,,,,
Southeastern Electric Exchange (S.E.E.) Annual Conference & Trade Show 2026,Southeastern Electric Exchange (S.E.E.) Annual Conference & Trade Show,2026-06-23,Grapevine,TX,Nucor Corporation,nucor.com,,,,,,,,
Southeastern Electric Exchange (S.E.E.) Annual Conference & Trade Show 2026,Southeastern Electric Exchange (S.E.E.) Annual Conference & Trade Show,2026-06-23,Grapevine,TX,"Quanta Services, Inc.",quantaservices.com,,,,,,,,
Southeastern Electric Exchange (S.E.E.) Annual Conference & Trade Show 2026,Southeastern Electric Exchange (S.E.E.) Annual Conference & Trade Show,2026-06-23,Grapevine,TX,HDR Inc.,hdrinc.com,,,,,,,,
Southeastern Electric Exchange (S.E.E.) Annual Conference & Trade Show 2026,Southeastern Electric Exchange (S.E.E.) Annual Conference & Trade Show,2026-06-23,Grapevine,TX,"Asplundh Tree Expert, LLC",asplundh.com,,,,,,,,
Southeastern Electric Exchange (S.E.E.) Annual Conference & Trade Show 2026,Southeastern Electric Exchange (S.E.E.) Annual Conference & Trade Show,2026-06-23,Grapevine,TX,Primoris Services Corp.,prim.com,,,,,,,,
Southeastern Electric Exchange (S.E.E.) Annual Conference & Trade Show 2026,Southeastern Electric Exchange (S.E.E.) Annual Conference & Trade Show,2026-06-23,Grapevine,TX,Hubbell Incorporated,hubbell.com,,,,,,,,
Southeastern Electric Exchange (S.E.E.) Annual Conference & Trade Show 2026,Southeastern Electric Exchange (S.E.E.) Annual Conference & Trade Show,2026-06-23,Grapevine,TX,"MasTec, Inc.",mastec.com,,,,,,,,
Southeastern Electric Exchange (S.E.E.) Annual Conference & Trade Show 2026,Southeastern Electric Exchange (S.E.E.) Annual Conference & Trade Show,2026-06-23,Grapevine,TX,WAYNE-SANDERSON FARMS,waynesandersonfarms.com,,,,,,,,
Southeastern Electric Exchange (S.E.E.) Annual Conference & Trade Show 2026,Southeastern Electric Exchange (S.E.E.) Annual Conference & Trade Show,2026-06-23,Grapevine,TX,Black & Veatch,bv.com,,,,,,,,
Southeastern Electric Exchange (S.E.E.) Annual Conference & Trade Show 2026,Southeastern Electric Exchange (S.E.E.) Annual Conference & Trade Show,2026-06-23,Grapevine,TX,Georgia Power Company,georgiapower.com,,,,,,,,
Southeastern Electric Exchange (S.E.E.) Annual Conference & Trade Show 2026,Southeastern Electric Exchange (S.E.E.) Annual Conference & Trade Show,2026-06-23,Grapevine,TX,"Southwire Company, LLC.",southwire.com,,,,,,,,
Southeastern Electric Exchange (S.E.E.) Annual Conference & Trade Show 2026,Southeastern Electric Exchange (S.E.E.) Annual Conference & Trade Show,2026-06-23,Grapevine,TX,Commonwealth Edison Company (ComEd),comed.com,,,,,,,,
Southeastern Electric Exchange (S.E.E.) Annual Conference & Trade Show 2026,Southeastern Electric Exchange (S.E.E.) Annual Conference & Trade Show,2026-06-23,Grapevine,TX,"Osmose Pty., Ltd.",osmose.com,,,,,,,,
Southeastern Electric Exchange (S.E.E.) Annual Conference & Trade Show 2026,Southeastern Electric Exchange (S.E.E.) Annual Conference & Trade Show,2026-06-23,Grapevine,TX,TRC,trccompanies.com,,,,,,,,
Southeastern Electric Exchange (S.E.E.) Annual Conference & Trade Show 2026,Southeastern Electric Exchange (S.E.E.) Annual Conference & Trade Show,2026-06-23,Grapevine,TX,Pike Corp.,pike.com,,,,,,,,
Southeastern Electric Exchange (S.E.E.) Annual Conference & Trade Show 2026,Southeastern Electric Exchange (S.E.E.) Annual Conference & Trade Show,2026-06-23,Grapevine,TX,"Valmont Industries, Inc.",valmont.com,,,,,,,,
Southeastern Electric Exchange (S.E.E.) Annual Conference & Trade Show 2026,Southeastern Electric Exchange (S.E.E.) Annual Conference & Trade Show,2026-06-23,Grapevine,TX,AWP Safety,awpsafety.com,,,,,,,,
Southeastern Electric Exchange (S.E.E.) Annual Conference & Trade Show 2026,Southeastern Electric Exchange (S.E.E.) Annual Conference & Trade Show,2026-06-23,Grapevine,TX,nVent Management Company,nvent.com,,,,,,,,
Southeastern Electric Exchange (S.E.E.) Annual Conference & Trade Show 2026,Southeastern Electric Exchange (S.E.E.) Annual Conference & Trade Show,2026-06-23,Grapevine,TX,Terex Corporation,terex.com,,,,,,,,
Southeastern Electric Exchange (S.E.E.) Annual Conference & Trade Show 2026,Southeastern Electric Exchange (S.E.E.) Annual Conference & Trade Show,2026-06-23,Grapevine,TX,Sargent & Lundy,sargentlundy.com,,,,,,,,
Southeastern Electric Exchange (S.E.E.) Annual Conference & Trade Show 2026,Southeastern Electric Exchange (S.E.E.) Annual Conference & Trade Show,2026-06-23,Grapevine,TX,Alabama Power Company,alabamapower.com,,,,,,,,
Southeastern Electric Exchange (S.E.E.) Annual Conference & Trade Show 2026,Southeastern Electric Exchange (S.E.E.) Annual Conference & Trade Show,2026-06-23,Grapevine,TX,Team Fishel,teamfishel.com,,,,,,,,
Southeastern Electric Exchange (S.E.E.) Annual Conference & Trade Show 2026,Southeastern Electric Exchange (S.E.E.) Annual Conference & Trade Show,2026-06-23,Grapevine,TX,"Wright Tree Service, Inc.",wrighttree.com,,,,,,,,
Southeastern Electric Exchange (S.E.E.) Annual Conference & Trade Show 2026,Southeastern Electric Exchange (S.E.E.) Annual Conference & Trade Show,2026-06-23,Grapevine,TX,Flagger Force,flaggerforce.com,,,,,,,,
Southeastern Electric Exchange (S.E.E.) Annual Conference & Trade Show 2026,Southeastern Electric Exchange (S.E.E.) Annual Conference & Trade Show,2026-06-23,Grapevine,TX,"Electrical Consultants, Inc. (ECI)",eciusa.com,,,,,,,,
Southeastern Electric Exchange (S.E.E.) Annual Conference & Trade Show 2026,Southeastern Electric Exchange (S.E.E.) Annual Conference & Trade Show,2026-06-23,Grapevine,TX,"Sabre Industries, Inc.",sabreindustries.com,,,,,,,,
Southeastern Electric Exchange (S.E.E.) Annual Conference & Trade Show 2026,Southeastern Electric Exchange (S.E.E.) Annual Conference & Trade Show,2026-06-23,Grapevine,TX,Altec Industries,altec.com,,,,,,,,
Southeastern Electric Exchange (S.E.E.) Annual Conference & Trade Show 2026,Southeastern Electric Exchange (S.E.E.) Annual Conference & Trade Show,2026-06-23,Grapevine,TX,"GFT Infrastructure, Inc.",gftinc.com,,,,,,,,
Southeastern Electric Exchange (S.E.E.) Annual Conference & Trade Show 2026,Southeastern Electric Exchange (S.E.E.) Annual Conference & Trade Show,2026-06-23,Grapevine,TX,Entrust Solutions Group,entrustsol.com,,,,,,,,
Southeastern Electric Exchange (S.E.E.) Annual Conference & Trade Show 2026,Southeastern Electric Exchange (S.E.E.) Annual Conference & Trade Show,2026-06-23,Grapevine,TX,"KCI Technologies, Inc.",kci.com,,,,,,,,
Southeastern Electric Exchange (S.E.E.) Annual Conference & Trade Show 2026,Southeastern Electric Exchange (S.E.E.) Annual Conference & Trade Show,2026-06-23,Grapevine,TX,LG&E and KU Energy LLC,lge-ku.com,,,,,,,,
Southeastern Electric Exchange (S.E.E.) Annual Conference & Trade Show 2026,Southeastern Electric Exchange (S.E.E.) Annual Conference & Trade Show,2026-06-23,Grapevine,TX,"Surveying And Mapping, LLC (SAM)",sam.biz,,,,,,,,
Southeastern Electric Exchange (S.E.E.) Annual Conference & Trade Show 2026,Southeastern Electric Exchange (S.E.E.) Annual Conference & Trade Show,2026-06-23,Grapevine,TX,Lewis Tree Service,lewisservices.com,,,,,,,,
Southeastern Electric Exchange (S.E.E.) Annual Conference & Trade Show 2026,Southeastern Electric Exchange (S.E.E.) Annual Conference & Trade Show,2026-06-23,Grapevine,TX,Oncor Electric Delivery,oncor.com,,,,,,,,
Southeastern Electric Exchange (S.E.E.) Annual Conference & Trade Show 2026,Southeastern Electric Exchange (S.E.E.) Annual Conference & Trade Show,2026-06-23,Grapevine,TX,Stella-Jones,stella-jones.com,,,,,,,,
Southeastern Electric Exchange (S.E.E.) Annual Conference & Trade Show 2026,Southeastern Electric Exchange (S.E.E.) Annual Conference & Trade Show,2026-06-23,Grapevine,TX,Michels Corporation,michels.us,,,,,,,,
Southeastern Electric Exchange (S.E.E.) Annual Conference & Trade Show 2026,Southeastern Electric Exchange (S.E.E.) Annual Conference & Trade Show,2026-06-23,Grapevine,TX,"Civil & Environmental Consultants, Inc.",cecinc.com,,,,,,,,
Southeastern Electric Exchange (S.E.E.) Annual Conference & Trade Show 2026,Southeastern Electric Exchange (S.E.E.) Annual Conference & Trade Show,2026-06-23,Grapevine,TX,Howard Industries,howard.com,,,,,,,,
Southeastern Electric Exchange (S.E.E.) Annual Conference & Trade Show 2026,Southeastern Electric Exchange (S.E.E.) Annual Conference & Trade Show,2026-06-23,Grapevine,TX,"CHA Consulting, Inc.",chasolutions.com,,,,,,,,
Southeastern Electric Exchange (S.E.E.) Annual Conference & Trade Show 2026,Southeastern Electric Exchange (S.E.E.) Annual Conference & Trade Show,2026-06-23,Grapevine,TX,Tampa Electric,tampaelectric.com,,,,,,,,
Southeastern Electric Exchange (S.E.E.) Annual Conference & Trade Show 2026,Southeastern Electric Exchange (S.E.E.) Annual Conference & Trade Show,2026-06-23,Grapevine,TX,The Davey Tree Expert Company,davey.com,,,,,,,,
Southeastern Electric Exchange (S.E.E.) Annual Conference & Trade Show 2026,Southeastern Electric Exchange (S.E.E.) Annual Conference & Trade Show,2026-06-23,Grapevine,TX,"Enercon Services, Inc.",enercon.com,,,,,,,,
Southeastern Electric Exchange (S.E.E.) Annual Conference & Trade Show 2026,Southeastern Electric Exchange (S.E.E.) Annual Conference & Trade Show,2026-06-23,Grapevine,TX,"MacLean Power, LLC",macleanpower.com,,,,,,,,
Southeastern Electric Exchange (S.E.E.) Annual Conference & Trade Show 2026,Southeastern Electric Exchange (S.E.E.) Annual Conference & Trade Show,2026-06-23,Grapevine,TX,G&W Electric Co.,gwelectric.com,,,,,,,,
Southeastern Electric Exchange (S.E.E.) Annual Conference & Trade Show 2026,Southeastern Electric Exchange (S.E.E.) Annual Conference & Trade Show,2026-06-23,Grapevine,TX,S&C Electric Company,sandc.com,,,,,,,,
Southeastern Electric Exchange (S.E.E.) Annual Conference & Trade Show 2026,Southeastern Electric Exchange (S.E.E.) Annual Conference & Trade Show,2026-06-23,Grapevine,TX,"Westwood Professional Services, Inc.",westwoodps.com,,,,,,,,
Southeastern Electric Exchange (S.E.E.) Annual Conference & Trade Show 2026,Southeastern Electric Exchange (S.E.E.) Annual Conference & Trade Show,2026-06-23,Grapevine,TX,"Ulteig Engineers, Inc.",ulteig.com,,,,,,,,
Southeastern Electric Exchange (S.E.E.) Annual Conference & Trade Show 2026,Southeastern Electric Exchange (S.E.E.) Annual Conference & Trade Show,2026-06-23,Grapevine,TX,Kinectrics,kinectrics.com,,,,,,,,
Southeastern Electric Exchange (S.E.E.) Annual Conference & Trade Show 2026,Southeastern Electric Exchange (S.E.E.) Annual Conference & Trade Show,2026-06-23,Grapevine,TX,Qualus Corp.,qualuscorp.com,,,,,,,,
Southeastern Electric Exchange (S.E.E.) Annual Conference & Trade Show 2026,Southeastern Electric Exchange (S.E.E.) Annual Conference & Trade Show,2026-06-23,Grapevine,TX,"Delta Star, Inc.",deltastar.com,,,,,,,,
Southeastern Electric Exchange (S.E.E.) Annual Conference & Trade Show 2026,Southeastern Electric Exchange (S.E.E.) Annual Conference & Trade Show,2026-06-23,Grapevine,TX,Preformed Line Products,preformed.com,,,,,,,,
Southeastern Electric Exchange (S.E.E.) Annual Conference & Trade Show 2026,Southeastern Electric Exchange (S.E.E.) Annual Conference & Trade Show,2026-06-23,Grapevine,TX,PPL Electric Utilities,pplelectric.com,,,,,,,,
Southeastern Electric Exchange (S.E.E.) Annual Conference & Trade Show 2026,Southeastern Electric Exchange (S.E.E.) Annual Conference & Trade Show,2026-06-23,Grapevine,TX,"Great Southwestern Construction, Inc.",gswc.us,,,,,,,,
Southeastern Electric Exchange (S.E.E.) Annual Conference & Trade Show 2026,Southeastern Electric Exchange (S.E.E.) Annual Conference & Trade Show,2026-06-23,Grapevine,TX,"Nelson Tree Service, LLC",nelsontree.com,,,,,,,,
Southeastern Electric Exchange (S.E.E.) Annual Conference & Trade Show 2026,Southeastern Electric Exchange (S.E.E.) Annual Conference & Trade Show,2026-06-23,Grapevine,TX,Mississippi Power,mississippipower.com,,,,,,,,
Southeastern Electric Exchange (S.E.E.) Annual Conference & Trade Show 2026,Southeastern Electric Exchange (S.E.E.) Annual Conference & Trade Show,2026-06-23,Grapevine,TX,Aldridge Group,aldridgegroup.com,,,,,,,,
Southeastern Electric Exchange (S.E.E.) Annual Conference & Trade Show 2026,Southeastern Electric Exchange (S.E.E.) Annual Conference & Trade Show,2026-06-23,Grapevine,TX,"Mesa Associates, Inc",mesainc.com,,,,,,,,
Southeastern Electric Exchange (S.E.E.) Annual Conference & Trade Show 2026,Southeastern Electric Exchange (S.E.E.) Annual Conference & Trade Show,2026-06-23,Grapevine,TX,Chain Electric Company,chainelectric.com,,,,,,,,
Southeastern Electric Exchange (S.E.E.) Annual Conference & Trade Show 2026,Southeastern Electric Exchange (S.E.E.) Annual Conference & Trade Show,2026-06-23,Grapevine,TX,"McKim & Creed, Inc.",mckimcreed.com,,,,,,,,
Southeastern Electric Exchange (S.E.E.) Annual Conference & Trade Show 2026,Southeastern Electric Exchange (S.E.E.) Annual Conference & Trade Show,2026-06-23,Grapevine,TX,United Utility Services LLC,unitedutility.com,,,,,,,,
Southeastern Electric Exchange (S.E.E.) Annual Conference & Trade Show 2026,Southeastern Electric Exchange (S.E.E.) Annual Conference & Trade Show,2026-06-23,Grapevine,TX,"Ferreira Construction Co., Inc.",ferreiraconstruction.com,,,,,,,,
Southeastern Electric Exchange (S.E.E.) Annual Conference & Trade Show 2026,Southeastern Electric Exchange (S.E.E.) Annual Conference & Trade Show,2026-06-23,Grapevine,TX,Phillips,phillipsinc.com,,,,,,,,
Southeastern Electric Exchange (S.E.E.) Annual Conference & Trade Show 2026,Southeastern Electric Exchange (S.E.E.) Annual Conference & Trade Show,2026-06-23,Grapevine,TX,"McWane, Inc.",mcwane.com,,,,,,,,
Southeastern Electric Exchange (S.E.E.) Annual Conference & Trade Show 2026,Southeastern Electric Exchange (S.E.E.) Annual Conference & Trade Show,2026-06-23,Grapevine,TX,"PowerGrid Services, LLC",powergridservices.com,,,,,,,,
Southeastern Electric Exchange (S.E.E.) Annual Conference & Trade Show 2026,Southeastern Electric Exchange (S.E.E.) Annual Conference & Trade Show,2026-06-23,Grapevine,TX,"Davis H. Elliot Company, Inc.",dhec.com,,,,,,,,
Southeastern Electric Exchange (S.E.E.) Annual Conference & Trade Show 2026,Southeastern Electric Exchange (S.E.E.) Annual Conference & Trade Show,2026-06-23,Grapevine,TX,"Tyndale Company, Inc.",tyndaleusa.com,,,,,,,,
Southeastern Electric Exchange (S.E.E.) Annual Conference & Trade Show 2026,Southeastern Electric Exchange (S.E.E.) Annual Conference & Trade Show,2026-06-23,Grapevine,TX,Schnabel Engineering,schnabel-eng.com,,,,,,,,
Southeastern Electric Exchange (S.E.E.) Annual Conference & Trade Show 2026,Southeastern Electric Exchange (S.E.E.) Annual Conference & Trade Show,2026-06-23,Grapevine,TX,Contract Land Staff,contractlandstaff.com,,,,,,,,
Southeastern Electric Exchange (S.E.E.) Annual Conference & Trade Show 2026,Southeastern Electric Exchange (S.E.E.) Annual Conference & Trade Show,2026-06-23,Grapevine,TX,"Trees, LLC",trees-llc.com,,,,,,,,
Southeastern Electric Exchange (S.E.E.) Annual Conference & Trade Show 2026,Southeastern Electric Exchange (S.E.E.) Annual Conference & Trade Show,2026-06-23,Grapevine,TX,"Bird Electric Enterprises, LLC",birdelectricinc.com,,,,,,,,
Southeastern Electric Exchange (S.E.E.) Annual Conference & Trade Show 2026,Southeastern Electric Exchange (S.E.E.) Annual Conference & Trade Show,2026-06-23,Grapevine,TX,Sediver,sediver.com,,,,,,,,
Southeastern Electric Exchange (S.E.E.) Annual Conference & Trade Show 2026,Southeastern Electric Exchange (S.E.E.) Annual Conference & Trade Show,2026-06-23,Grapevine,TX,Electro-Mechanical,electro-mechanical.com,,,,,,,,
Southeastern Electric Exchange (S.E.E.) Annual Conference & Trade Show 2026,Southeastern Electric Exchange (S.E.E.) Annual Conference & Trade Show,2026-06-23,Grapevine,TX,"Edg, Inc.",edg.net,,,,,,,,
Southeastern Electric Exchange (S.E.E.) Annual Conference & Trade Show 2026,Southeastern Electric Exchange (S.E.E.) Annual Conference & Trade Show,2026-06-23,Grapevine,TX,"GAI Consultants, Inc.",gaiconsultants.com,,,,,,,,
Southeastern Electric Exchange (S.E.E.) Annual Conference & Trade Show 2026,Southeastern Electric Exchange (S.E.E.) Annual Conference & Trade Show,2026-06-23,Grapevine,TX,"Ampirical Solutions, LLC",ampirical.com,,,,,,,,
Southeastern Electric Exchange (S.E.E.) Annual Conference & Trade Show 2026,Southeastern Electric Exchange (S.E.E.) Annual Conference & Trade Show,2026-06-23,Grapevine,TX,Geotek Llc,geotek.com,,,,,,,,
Southeastern Electric Exchange (S.E.E.) Annual Conference & Trade Show 2026,Southeastern Electric Exchange (S.E.E.) Annual Conference & Trade Show,2026-06-23,Grapevine,TX,"The Townsend Company, LLC",townsendcompanyllc.com,,,,,,,,
Southeastern Electric Exchange (S.E.E.) Annual Conference & Trade Show 2026,Southeastern Electric Exchange (S.E.E.) Annual Conference & Trade Show,2026-06-23,Grapevine,TX,"Sigma Technologies, Ltd.",teamsigma.com,,,,,,,,
Southeastern Electric Exchange (S.E.E.) Annual Conference & Trade Show 2026,Southeastern Electric Exchange (S.E.E.) Annual Conference & Trade Show,2026-06-23,Grapevine,TX,"DIS-TRAN Steel, LLC",distransteel.com,,,,,,,,
Southeastern Electric Exchange (S.E.E.) Annual Conference & Trade Show 2026,Southeastern Electric Exchange (S.E.E.) Annual Conference & Trade Show,2026-06-23,Grapevine,TX,Resilient Structures,resilient-structures.com,,,,,,,,
Southeastern Electric Exchange (S.E.E.) Annual Conference & Trade Show 2026,Southeastern Electric Exchange (S.E.E.) Annual Conference & Trade Show,2026-06-23,Grapevine,TX,"DynaGrid Construction Group, LLC",dynagrid.com,,,,,,,,
Southeastern Electric Exchange (S.E.E.) Annual Conference & Trade Show 2026,Southeastern Electric Exchange (S.E.E.) Annual Conference & Trade Show,2026-06-23,Grapevine,TX,"ArborMetrics Solutions, LLC",arbormetrics.com,,,,,,,,
Southeastern Electric Exchange (S.E.E.) Annual Conference & Trade Show 2026,Southeastern Electric Exchange (S.E.E.) Annual Conference & Trade Show,2026-06-23,Grapevine,TX,"NEI Electric Power Engineering, Inc.",neiengineering.com,,,,,,,,
Southeastern Electric Exchange (S.E.E.) Annual Conference & Trade Show 2026,Southeastern Electric Exchange (S.E.E.) Annual Conference & Trade Show,2026-06-23,Grapevine,TX,Signature Systems,signature-systems.com,,,,,,,,
Southeastern Electric Exchange (S.E.E.) Annual Conference & Trade Show 2026,Southeastern Electric Exchange (S.E.E.) Annual Conference & Trade Show,2026-06-23,Grapevine,TX,"Threaded Fasteners, Inc.",threadedfasteners.com,,,,,,,,
Southeastern Electric Exchange (S.E.E.) Annual Conference & Trade Show 2026,Southeastern Electric Exchange (S.E.E.) Annual Conference & Trade Show,2026-06-23,Grapevine,TX,Gridco Inc.,gridcompany.com,,,,,,,,
Southeastern Electric Exchange (S.E.E.) Annual Conference & Trade Show 2026,Southeastern Electric Exchange (S.E.E.) Annual Conference & Trade Show,2026-06-23,Grapevine,TX,Hughes Brothers,hughesbros.com,"Seward, NE",426,Bootstrapped,1921,,,,
Southeastern Electric Exchange (S.E.E.) Annual Conference & Trade Show 2026,Southeastern Electric Exchange (S.E.E.) Annual Conference & Trade Show,2026-06-23,Grapevine,TX,Xkig,xkig.com,"Virginia, USA",423,Bootstrapped,1974,,,,
Southeastern Electric Exchange (S.E.E.) Annual Conference & Trade Show 2026,Southeastern Electric Exchange (S.E.E.) Annual Conference & Trade Show,2026-06-23,Grapevine,TX,"Aubrey Silvey Enterprises, Inc.",silvey.com,"Carrollton, GA",420,Bootstrapped,1971,YES,master-DQ,T3,
Southeastern Electric Exchange (S.E.E.) Annual Conference & Trade Show 2026,Southeastern Electric Exchange (S.E.E.) Annual Conference & Trade Show,2026-06-23,Grapevine,TX,Groves Electrical Services,wegroves.com,"Madisonville, KY",406,Public Subsidiary,1972,,,,
Southeastern Electric Exchange (S.E.E.) Annual Conference & Trade Show 2026,Southeastern Electric Exchange (S.E.E.) Annual Conference & Trade Show,2026-06-23,Grapevine,TX,Southern States LLC,southernstatesllc.com,"Hampton, GA",390,Public Subsidiary,1916,,,,
Southeastern Electric Exchange (S.E.E.) Annual Conference & Trade Show 2026,Southeastern Electric Exchange (S.E.E.) Annual Conference & Trade Show,2026-06-23,Grapevine,TX,"Utili-Serve, LLC",utili-serve.com,,,,,,,,
Southeastern Electric Exchange (S.E.E.) Annual Conference & Trade Show 2026,Southeastern Electric Exchange (S.E.E.) Annual Conference & Trade Show,2026-06-23,Grapevine,TX,O'Connell Electric Company,oconnellelectric.com,,,,,,,,
Southeastern Electric Exchange (S.E.E.) Annual Conference & Trade Show 2026,Southeastern Electric Exchange (S.E.E.) Annual Conference & Trade Show,2026-06-23,Grapevine,TX,"AssetWorks, Inc.",assetworks.com,,,,,,,,
Southeastern Electric Exchange (S.E.E.) Annual Conference & Trade Show 2026,Southeastern Electric Exchange (S.E.E.) Annual Conference & Trade Show,2026-06-23,Grapevine,TX,Elliott Equipment Company,elliottequip.com,,,,,,,,
Southeastern Electric Exchange (S.E.E.) Annual Conference & Trade Show 2026,Southeastern Electric Exchange (S.E.E.) Annual Conference & Trade Show,2026-06-23,Grapevine,TX,T. Baker Smith,tbsmith.com,,,,,,,,
Southeastern Electric Exchange (S.E.E.) Annual Conference & Trade Show 2026,Southeastern Electric Exchange (S.E.E.) Annual Conference & Trade Show,2026-06-23,Grapevine,TX,O.R. Colan (ORC),orcolan.com,,,,,,,,
Southeastern Electric Exchange (S.E.E.) Annual Conference & Trade Show 2026,Southeastern Electric Exchange (S.E.E.) Annual Conference & Trade Show,2026-06-23,Grapevine,TX,"Gresco Utility Supply, Inc.",gresco.com,,,,,,,,
Southeastern Electric Exchange (S.E.E.) Annual Conference & Trade Show 2026,Southeastern Electric Exchange (S.E.E.) Annual Conference & Trade Show,2026-06-23,Grapevine,TX,"Commonwealth Associates, Inc.",cai-engr.com,,,,,,,,
Southeastern Electric Exchange (S.E.E.) Annual Conference & Trade Show 2026,Southeastern Electric Exchange (S.E.E.) Annual Conference & Trade Show,2026-06-23,Grapevine,TX,Texas-New Mexico Power (TNMP),tnmp.com,,,,,,,,
Southeastern Electric Exchange (S.E.E.) Annual Conference & Trade Show 2026,Southeastern Electric Exchange (S.E.E.) Annual Conference & Trade Show,2026-06-23,Grapevine,TX,"Coates Field Service, Inc.",coatesfs.com,,,,,,,,
Southeastern Electric Exchange (S.E.E.) Annual Conference & Trade Show 2026,Southeastern Electric Exchange (S.E.E.) Annual Conference & Trade Show,2026-06-23,Grapevine,TX,Fairway Electric Inc.,fairwayelectricinc.com,,,,,,,,
Southeastern Electric Exchange (S.E.E.) Annual Conference & Trade Show 2026,Southeastern Electric Exchange (S.E.E.) Annual Conference & Trade Show,2026-06-23,Grapevine,TX,Beta Engineering,betaengineering.com,,,,,,,,
Southeastern Electric Exchange (S.E.E.) Annual Conference & Trade Show 2026,Southeastern Electric Exchange (S.E.E.) Annual Conference & Trade Show,2026-06-23,Grapevine,TX,"Sefcor, Inc.",sefcor.com,,,,,,,,
Southeastern Electric Exchange (S.E.E.) Annual Conference & Trade Show 2026,Southeastern Electric Exchange (S.E.E.) Annual Conference & Trade Show,2026-06-23,Grapevine,TX,ExecuPOWER LLC,execupower.com,,,,,,,,
Southeastern Electric Exchange (S.E.E.) Annual Conference & Trade Show 2026,Southeastern Electric Exchange (S.E.E.) Annual Conference & Trade Show,2026-06-23,Grapevine,TX,Sterling Solutions,sterlingsolutions.com,,,,,,,,
Southeastern Electric Exchange (S.E.E.) Annual Conference & Trade Show 2026,Southeastern Electric Exchange (S.E.E.) Annual Conference & Trade Show,2026-06-23,Grapevine,TX,Kwest Group,kwestgroup.com,,,,,,,,
Southeastern Electric Exchange (S.E.E.) Annual Conference & Trade Show 2026,Southeastern Electric Exchange (S.E.E.) Annual Conference & Trade Show,2026-06-23,Grapevine,TX,"TAPP, inc.",tappinc.com,,,,,,,,
Southeastern Electric Exchange (S.E.E.) Annual Conference & Trade Show 2026,Southeastern Electric Exchange (S.E.E.) Annual Conference & Trade Show,2026-06-23,Grapevine,TX,Infratech Corporation,infratechcorp.com,,,,,,,,
Southeastern Electric Exchange (S.E.E.) Annual Conference & Trade Show 2026,Southeastern Electric Exchange (S.E.E.) Annual Conference & Trade Show,2026-06-23,Grapevine,TX,"Modular Connections, LLC",modularconnections.com,,,,,,,,
Southeastern Electric Exchange (S.E.E.) Annual Conference & Trade Show 2026,Southeastern Electric Exchange (S.E.E.) Annual Conference & Trade Show,2026-06-23,Grapevine,TX,LodgeLink,lodgelink.com,,,,,,,,
Southeastern Electric Exchange (S.E.E.) Annual Conference & Trade Show 2026,Southeastern Electric Exchange (S.E.E.) Annual Conference & Trade Show,2026-06-23,Grapevine,TX,Pickett USA,pickettusa.com,,,,,,,,
Southeastern Electric Exchange (S.E.E.) Annual Conference & Trade Show 2026,Southeastern Electric Exchange (S.E.E.) Annual Conference & Trade Show,2026-06-23,Grapevine,TX,Substation Engineering Company,subengco.com,,,,,,,,
Southeastern Electric Exchange (S.E.E.) Annual Conference & Trade Show 2026,Southeastern Electric Exchange (S.E.E.) Annual Conference & Trade Show,2026-06-23,Grapevine,TX,Univerus,univerus.com,,,,,,,,
Southeastern Electric Exchange (S.E.E.) Annual Conference & Trade Show 2026,Southeastern Electric Exchange (S.E.E.) Annual Conference & Trade Show,2026-06-23,Grapevine,TX,Power Corporation of America,pcapower.com,,,,,,,,
Southeastern Electric Exchange (S.E.E.) Annual Conference & Trade Show 2026,Southeastern Electric Exchange (S.E.E.) Annual Conference & Trade Show,2026-06-23,Grapevine,TX,Chen Moore and Associates,chenmoore.com,,,,,,,,
Southeastern Electric Exchange (S.E.E.) Annual Conference & Trade Show 2026,Southeastern Electric Exchange (S.E.E.) Annual Conference & Trade Show,2026-06-23,Grapevine,TX,Welty Building Construction,thinkwelty.com,,,,,,,,
Southeastern Electric Exchange (S.E.E.) Annual Conference & Trade Show 2026,Southeastern Electric Exchange (S.E.E.) Annual Conference & Trade Show,2026-06-23,Grapevine,TX,"5 Star Electric, LLC",5-starelectric.com,,,,,,,,
Southeastern Electric Exchange (S.E.E.) Annual Conference & Trade Show 2026,Southeastern Electric Exchange (S.E.E.) Annual Conference & Trade Show,2026-06-23,Grapevine,TX,Principleservices.Com,principleservices.com,,,,,,,,
Southeastern Electric Exchange (S.E.E.) Annual Conference & Trade Show 2026,Southeastern Electric Exchange (S.E.E.) Annual Conference & Trade Show,2026-06-23,Grapevine,TX,DIS-TRAN Packaged Substations,distransubstations.com,,,,,,,,
Southeastern Electric Exchange (S.E.E.) Annual Conference & Trade Show 2026,Southeastern Electric Exchange (S.E.E.) Annual Conference & Trade Show,2026-06-23,Grapevine,TX,FB Timberline,fbtimberline.com,,,,,YES,campaign-P2,T3,YES
Southeastern Electric Exchange (S.E.E.) Annual Conference & Trade Show 2026,Southeastern Electric Exchange (S.E.E.) Annual Conference & Trade Show,2026-06-23,Grapevine,TX,ECF Engineering Consultants,ecfconsultants.com,,,,,,,,
Southeastern Electric Exchange (S.E.E.) Annual Conference & Trade Show 2026,Southeastern Electric Exchange (S.E.E.) Annual Conference & Trade Show,2026-06-23,Grapevine,TX,Thayer Infrastructure Services,thetisgroup.com,,,,,,,,
Southeastern Electric Exchange (S.E.E.) Annual Conference & Trade Show 2026,Southeastern Electric Exchange (S.E.E.) Annual Conference & Trade Show,2026-06-23,Grapevine,TX,Alden Systems,aldensys.com,,,,,,,,
Southeastern Electric Exchange (S.E.E.) Annual Conference & Trade Show 2026,Southeastern Electric Exchange (S.E.E.) Annual Conference & Trade Show,2026-06-23,Grapevine,TX,"Tier 1 Utility Design, Inc.",t1utilitydesign.com,,,,,,,,
Southeastern Electric Exchange (S.E.E.) Annual Conference & Trade Show 2026,Southeastern Electric Exchange (S.E.E.) Annual Conference & Trade Show,2026-06-23,Grapevine,TX,"ROHN Products, LLC",rohnnet.com,,,,,,,,
Southeastern Electric Exchange (S.E.E.) Annual Conference & Trade Show 2026,Southeastern Electric Exchange (S.E.E.) Annual Conference & Trade Show,2026-06-23,Grapevine,TX,"McCall-Thomas Engineering Company, Inc.",mccallthomas.com,,,,,,,,
Southeastern Electric Exchange (S.E.E.) Annual Conference & Trade Show 2026,Southeastern Electric Exchange (S.E.E.) Annual Conference & Trade Show,2026-06-23,Grapevine,TX,Tymetal,tymetal.com,,,,,,,,
Southeastern Electric Exchange (S.E.E.) Annual Conference & Trade Show 2026,Southeastern Electric Exchange (S.E.E.) Annual Conference & Trade Show,2026-06-23,Grapevine,TX,"Katapult Engineering, Inc.",katapultengineering.com,,,,,,,,
Southeastern Electric Exchange (S.E.E.) Annual Conference & Trade Show 2026,Southeastern Electric Exchange (S.E.E.) Annual Conference & Trade Show,2026-06-23,Grapevine,TX,OneSource Restoration LLC,onesourcerestorationllc.com,,,,,YES,campaign-P2,T3,YES
Southeastern Electric Exchange (S.E.E.) Annual Conference & Trade Show 2026,Southeastern Electric Exchange (S.E.E.) Annual Conference & Trade Show,2026-06-23,Grapevine,TX,"M. D. Henry Company, Inc.",mdhenryco.com,,,,,,,,
Southeastern Electric Exchange (S.E.E.) Annual Conference & Trade Show 2026,Southeastern Electric Exchange (S.E.E.) Annual Conference & Trade Show,2026-06-23,Grapevine,TX,NLS Group,thenlsgroup.com,,,,,,,,
Southeastern Electric Exchange (S.E.E.) Annual Conference & Trade Show 2026,Southeastern Electric Exchange (S.E.E.) Annual Conference & Trade Show,2026-06-23,Grapevine,TX,Emergency Disaster Services,emergencydisasterservices.com,,,,,,,,
Southeastern Electric Exchange (S.E.E.) Annual Conference & Trade Show 2026,Southeastern Electric Exchange (S.E.E.) Annual Conference & Trade Show,2026-06-23,Grapevine,TX,Maschinenfabrik Reinhausen,reinhausen.com,,,,,,,,
Southeastern Electric Exchange (S.E.E.) Annual Conference & Trade Show 2026,Southeastern Electric Exchange (S.E.E.) Annual Conference & Trade Show,2026-06-23,Grapevine,TX,MC Storm,midcon.energy,,,,,,,,
Southeastern Electric Exchange (S.E.E.) Annual Conference & Trade Show 2026,Southeastern Electric Exchange (S.E.E.) Annual Conference & Trade Show,2026-06-23,Grapevine,TX,Collective Strategic Resources,thecsrteam.com,,,,,,,,
Southeastern Electric Exchange (S.E.E.) Annual Conference & Trade Show 2026,Southeastern Electric Exchange (S.E.E.) Annual Conference & Trade Show,2026-06-23,Grapevine,TX,Beachview Energy,beachviewenergy.com,,,,,,,,
Southeastern Electric Exchange (S.E.E.) Annual Conference & Trade Show 2026,Southeastern Electric Exchange (S.E.E.) Annual Conference & Trade Show,2026-06-23,Grapevine,TX,CivilGrid,civilgrid.com,,,,,,,,
Southeastern Electric Exchange (S.E.E.) Annual Conference & Trade Show 2026,Southeastern Electric Exchange (S.E.E.) Annual Conference & Trade Show,2026-06-23,Grapevine,TX,K3,getk3.com,,,,,,,,
Southeastern Electric Exchange (S.E.E.) Annual Conference & Trade Show 2026,Southeastern Electric Exchange (S.E.E.) Annual Conference & Trade Show,2026-06-23,Grapevine,TX,"Tempest Energy, LLC",tempestenergy.com,,,,,,,,
Southeastern Electric Exchange (S.E.E.) Annual Conference & Trade Show 2026,Southeastern Electric Exchange (S.E.E.) Annual Conference & Trade Show,2026-06-23,Grapevine,TX,Sunbelt Rentals,sunbeltrentals.com,,,,,,,,
Southeastern Electric Exchange (S.E.E.) Annual Conference & Trade Show 2026,Southeastern Electric Exchange (S.E.E.) Annual Conference & Trade Show,2026-06-23,Grapevine,TX,Viatec Inc.,viatec.us,,,,,,,,
Southeastern Electric Exchange (S.E.E.) Annual Conference & Trade Show 2026,Southeastern Electric Exchange (S.E.E.) Annual Conference & Trade Show,2026-06-23,Grapevine,TX,Pgc,pgc.com,,,,,,,,
Southeastern Electric Exchange (S.E.E.) Annual Conference & Trade Show 2026,Southeastern Electric Exchange (S.E.E.) Annual Conference & Trade Show,2026-06-23,Grapevine,TX,Center Phase Energy,centerphaseenergy.com,,,,,,,,
Southeastern Electric Exchange (S.E.E.) Annual Conference & Trade Show 2026,Southeastern Electric Exchange (S.E.E.) Annual Conference & Trade Show,2026-06-23,Grapevine,TX,Burns & McDonnell,burnsmcd.com,,,,,,,,
Southeastern Electric Exchange (S.E.E.) Annual Conference & Trade Show 2026,Southeastern Electric Exchange (S.E.E.) Annual Conference & Trade Show,2026-06-23,Grapevine,TX,Slingco Limited,slingco.com,,,,,,,,
Southeastern Electric Exchange (S.E.E.) Annual Conference & Trade Show 2026,Southeastern Electric Exchange (S.E.E.) Annual Conference & Trade Show,2026-06-23,Grapevine,TX,"Laminated Wood Systems, Inc.",lwsinc.com,,,,,,,,
Southeastern Electric Exchange (S.E.E.) Annual Conference & Trade Show 2026,Southeastern Electric Exchange (S.E.E.) Annual Conference & Trade Show,2026-06-23,Grapevine,TX,TCI Sales,tci-sales.com,,,,,,,,
Southeastern Electric Exchange (S.E.E.) Annual Conference & Trade Show 2026,Southeastern Electric Exchange (S.E.E.) Annual Conference & Trade Show,2026-06-23,Grapevine,TX,The VON Corporation,voncorp.com,,,,,,,,
Southeastern Electric Exchange (S.E.E.) Annual Conference & Trade Show 2026,Southeastern Electric Exchange (S.E.E.) Annual Conference & Trade Show,2026-06-23,Grapevine,TX,Australian Football League (AFL),afl.com.au,,,,,,,,
Southeastern Electric Exchange (S.E.E.) Annual Conference & Trade Show 2026,Southeastern Electric Exchange (S.E.E.) Annual Conference & Trade Show,2026-06-23,Grapevine,TX,Victory Powerline Services,victorypowerlineservices.com,,,,,YES,master-DQ,T3,
Southeastern Electric Exchange (S.E.E.) Annual Conference & Trade Show 2026,Southeastern Electric Exchange (S.E.E.) Annual Conference & Trade Show,2026-06-23,Grapevine,TX,Dica Usa,dicausa.com,,,,,,,,
Southeastern Electric Exchange (S.E.E.) Annual Conference & Trade Show 2026,Southeastern Electric Exchange (S.E.E.) Annual Conference & Trade Show,2026-06-23,Grapevine,TX,Industrial Tent Systems,boltonholdings.com,,,,,,,,
Southeastern Electric Exchange (S.E.E.) Annual Conference & Trade Show 2026,Southeastern Electric Exchange (S.E.E.) Annual Conference & Trade Show,2026-06-23,Grapevine,TX,"Digitalgrid, Inc.",digitalgridinc.com,,,,,,,,
Southeastern Electric Exchange (S.E.E.) Annual Conference & Trade Show 2026,Southeastern Electric Exchange (S.E.E.) Annual Conference & Trade Show,2026-06-23,Grapevine,TX,"Transmission And Distribution Services, Inc",tdsleakseal.com,,,,,,,,
Southeastern Electric Exchange (S.E.E.) Annual Conference & Trade Show 2026,Southeastern Electric Exchange (S.E.E.) Annual Conference & Trade Show,2026-06-23,Grapevine,TX,T&D PowerSkills,tdpowerskills.com,,,,,,,,
Southeastern Electric Exchange (S.E.E.) Annual Conference & Trade Show 2026,Southeastern Electric Exchange (S.E.E.) Annual Conference & Trade Show,2026-06-23,Grapevine,TX,FuelFox,fuelfox.net,,,,,,,,
Southeastern Electric Exchange (S.E.E.) Annual Conference & Trade Show 2026,Southeastern Electric Exchange (S.E.E.) Annual Conference & Trade Show,2026-06-23,Grapevine,TX,Storm Services,stormsl.com,,,,,,,,
Southeastern Electric Exchange (S.E.E.) Annual Conference & Trade Show 2026,Southeastern Electric Exchange (S.E.E.) Annual Conference & Trade Show,2026-06-23,Grapevine,TX,Meyer Utility Structures,meyerutilitystructures.com,,,,,,,,
Southeastern Electric Exchange (S.E.E.) Annual Conference & Trade Show 2026,Southeastern Electric Exchange (S.E.E.) Annual Conference & Trade Show,2026-06-23,Grapevine,TX,Hytorc North,hytorcnorth.com,,,,,,,,
Southeastern Electric Exchange (S.E.E.) Annual Conference & Trade Show 2026,Southeastern Electric Exchange (S.E.E.) Annual Conference & Trade Show,2026-06-23,Grapevine,TX,Sicame North America,sicame-north-america.com,,,,,,,,
Southeastern Electric Exchange (S.E.E.) Annual Conference & Trade Show 2026,Southeastern Electric Exchange (S.E.E.) Annual Conference & Trade Show,2026-06-23,Grapevine,TX,ATK Energy Group,atkenergygroup.com,,,,,,,,
Southeastern Electric Exchange (S.E.E.) Annual Conference & Trade Show 2026,Southeastern Electric Exchange (S.E.E.) Annual Conference & Trade Show,2026-06-23,Grapevine,TX,F P & L,fpl.com,,,,,,,,
Southeastern Electric Exchange (S.E.E.) Annual Conference & Trade Show 2026,Southeastern Electric Exchange (S.E.E.) Annual Conference & Trade Show,2026-06-23,Grapevine,TX,UTV International,utvint.com,,,,,,,,
Southeastern Electric Exchange (S.E.E.) Annual Conference & Trade Show 2026,Southeastern Electric Exchange (S.E.E.) Annual Conference & Trade Show,2026-06-23,Grapevine,TX,Inertia Engineering,inertiaeng.com.au,,,,,,,,
Southeastern Electric Exchange (S.E.E.) Annual Conference & Trade Show 2026,Southeastern Electric Exchange (S.E.E.) Annual Conference & Trade Show,2026-06-23,Grapevine,TX,Grey Stone Group Co,greystonegroupco.com,,,,,,,,
Southeastern Electric Exchange (S.E.E.) Annual Conference & Trade Show 2026,Southeastern Electric Exchange (S.E.E.) Annual Conference & Trade Show,2026-06-23,Grapevine,TX,Samlex America Inc.,samlexamerica.com,,,,,,,,
Utility Supply Management Alliance (USMA) Conference 2026,Utility Supply Management Alliance (USMA) Conference,2026-05-17,Port Charlotte,FL,Kiewit Corp.,kiewit.com,"Omaha, NE",121330,Bootstrapped,1884,,,,
Utility Supply Management Alliance (USMA) Conference 2026,Utility Supply Management Alliance (USMA) Conference,2026-05-17,Port Charlotte,FL,"Wesco International, Inc.",wesco.com,"Pittsburgh, PA",26465,Public,1922,,,,
Utility Supply Management Alliance (USMA) Conference 2026,Utility Supply Management Alliance (USMA) Conference,2026-05-17,Port Charlotte,FL,"Southwire Company, LLC.",southwire.com,"Carrollton, GA",14899,Investor Backed,1937,,,,
Utility Supply Management Alliance (USMA) Conference 2026,Utility Supply Management Alliance (USMA) Conference,2026-05-17,Port Charlotte,FL,Prolec Energy,prolec.energy,"Apodaca, Mexico",7474,Public Subsidiary,1969,,,,
Utility Supply Management Alliance (USMA) Conference 2026,Utility Supply Management Alliance (USMA) Conference,2026-05-17,Port Charlotte,FL,GEP,gep.com,"Dublin, Ireland",6998,Bootstrapped,1999,,,,
Utility Supply Management Alliance (USMA) Conference 2026,Utility Supply Management Alliance (USMA) Conference,2026-05-17,Port Charlotte,FL,ProcureAbility,procureability.com,,,,,,,,
Utility Supply Management Alliance (USMA) Conference 2026,Utility Supply Management Alliance (USMA) Conference,2026-05-17,Port Charlotte,FL,Eaton,cooperindustries.com,,,,,,,,
Utility Supply Management Alliance (USMA) Conference 2026,Utility Supply Management Alliance (USMA) Conference,2026-05-17,Port Charlotte,FL,Wesco Ag,wesco.ch,,,,,,,,
Utility Supply Management Alliance (USMA) Conference 2026,Utility Supply Management Alliance (USMA) Conference,2026-05-17,Port Charlotte,FL,My Oss,my-oss.com,,,,,,,,
Utility Supply Management Alliance (USMA) Conference 2026,Utility Supply Management Alliance (USMA) Conference,2026-05-17,Port Charlotte,FL,F P & L,fpl.com,,,,,,,,
Professional Electrical Apparatus Reconditioning League (PEARL) Conference 2023,Professional Electrical Apparatus Reconditioning League (PEARL) Conference,2023-04-14,Portland,OR,ABB Asea Brown Boveri Ltd.,abb.com,"Zürich, Switzerland",439252,Public,1988,,,,
Professional Electrical Apparatus Reconditioning League (PEARL) Conference 2023,Professional Electrical Apparatus Reconditioning League (PEARL) Conference,2023-04-14,Portland,OR,"Shermco Industries, Inc.",shermco.com,"Irving, TX",5459,Public Subsidiary,1974,,,,
Professional Electrical Apparatus Reconditioning League (PEARL) Conference 2023,Professional Electrical Apparatus Reconditioning League (PEARL) Conference,2023-04-14,Portland,OR,"Maddox Industrial Transformer, LLC",maddoxtransformer.com,"Greer, SC",245,Bootstrapped,2015,,,,
Professional Electrical Apparatus Reconditioning League (PEARL) Conference 2023,Professional Electrical Apparatus Reconditioning League (PEARL) Conference,2023-04-14,Portland,OR,"Circuit Breaker Sales Co., Inc",circuitbreaker.com,"Gainesville, TX",187,Private Subsidiary,1981,,,,
Professional Electrical Apparatus Reconditioning League (PEARL) Conference 2023,Professional Electrical Apparatus Reconditioning League (PEARL) Conference,2023-04-14,Portland,OR,A-Rent Test Equipment,a-rent.com,"Illinois, USA",137,Investor Backed,2019,,,,
Professional Electrical Apparatus Reconditioning League (PEARL) Conference 2023,Professional Electrical Apparatus Reconditioning League (PEARL) Conference,2023-04-14,Portland,OR,Southland Electrical Supply,southlandelectrical.com,,,,,,,,
Professional Electrical Apparatus Reconditioning League (PEARL) Conference 2023,Professional Electrical Apparatus Reconditioning League (PEARL) Conference,2023-04-14,Portland,OR,Odyssey Investment Partners,odysseyinvestment.com,,,,,,,,
Professional Electrical Apparatus Reconditioning League (PEARL) Conference 2023,Professional Electrical Apparatus Reconditioning League (PEARL) Conference,2023-04-14,Portland,OR,ETI Precision,etiprecision.com,,,,,,,,
Professional Electrical Apparatus Reconditioning League (PEARL) Conference 2023,Professional Electrical Apparatus Reconditioning League (PEARL) Conference,2023-04-14,Portland,OR,RNT Supply,rntsupply.com,,,,,,,,
Professional Electrical Apparatus Reconditioning League (PEARL) Conference 2023,Professional Electrical Apparatus Reconditioning League (PEARL) Conference,2023-04-14,Portland,OR,North American Switchgear,naswgr.com,,,,,YES,campaign-P3,T2,YES
Professional Electrical Apparatus Reconditioning League (PEARL) Conference 2023,Professional Electrical Apparatus Reconditioning League (PEARL) Conference,2023-04-14,Portland,OR,Monster Fuses,monsterelectrical.com,,,,,,,,
Professional Electrical Apparatus Reconditioning League (PEARL) Conference 2023,Professional Electrical Apparatus Reconditioning League (PEARL) Conference,2023-04-14,Portland,OR,Instel Inc,instelpower.com,,,,,YES,campaign-P2,T2,YES
Professional Electrical Apparatus Reconditioning League (PEARL) Conference 2023,Professional Electrical Apparatus Reconditioning League (PEARL) Conference,2023-04-14,Portland,OR,Quality Switchgear Inc,qualityswitchgear.com,,,,,YES,master-DQ,T2,
Professional Electrical Apparatus Reconditioning League (PEARL) Conference 2023,Professional Electrical Apparatus Reconditioning League (PEARL) Conference,2023-04-14,Portland,OR,"Oregon Breakers, inc.",oregonbreakers.com,,,,,,,,
Professional Electrical Apparatus Reconditioning League (PEARL) Conference 2023,Professional Electrical Apparatus Reconditioning League (PEARL) Conference,2023-04-14,Portland,OR,TrinityFix,trinityfix.com,,,,,,,,
Professional Electrical Apparatus Reconditioning League (PEARL) Conference 2023,Professional Electrical Apparatus Reconditioning League (PEARL) Conference,2023-04-14,Portland,OR,The Electrical Advertiser,electricaladvertiser.com,,,,,,,,
Electro-Mechanical Authority (EASA) Conventions & Solutions Expo 2026,The Electro-Mechanical Authority (EASA) Conventions + Solutions Expo,2026-06-13,Orlando,FL,ABB Asea Brown Boveri Ltd.,abb.com,"Zürich, Switzerland",439252,Public,1988,,,,
Electro-Mechanical Authority (EASA) Conventions & Solutions Expo 2026,The Electro-Mechanical Authority (EASA) Conventions + Solutions Expo,2026-06-13,Orlando,FL,Schaeffler AG,schaeffler.com,"Herzogenaurach, Germany",183044,Private Subsidiary,2011,,,,
Electro-Mechanical Authority (EASA) Conventions & Solutions Expo 2026,The Electro-Mechanical Authority (EASA) Conventions + Solutions Expo,2026-06-13,Orlando,FL,SKF Group,skf.com,"Göteborg, Sweden",81666,Public,1907,,,,
Electro-Mechanical Authority (EASA) Conventions & Solutions Expo 2026,The Electro-Mechanical Authority (EASA) Conventions + Solutions Expo,2026-06-13,Orlando,FL,Kohler Ventures,kohlercompany.com,"Kohler, WI",48129,Private Subsidiary,1873,,,,
Electro-Mechanical Authority (EASA) Conventions & Solutions Expo 2026,The Electro-Mechanical Authority (EASA) Conventions + Solutions Expo,2026-06-13,Orlando,FL,"Air Products and Chemicals, Inc.",airproducts.com,"Allentown, PA",43191,Public,1940,,,,
Electro-Mechanical Authority (EASA) Conventions & Solutions Expo 2026,The Electro-Mechanical Authority (EASA) Conventions + Solutions Expo,2026-06-13,Orlando,FL,Sulzer,sulzer.com,,,,,,,,
Electro-Mechanical Authority (EASA) Conventions & Solutions Expo 2026,The Electro-Mechanical Authority (EASA) Conventions + Solutions Expo,2026-06-13,Orlando,FL,The Timken Company,timken.com,,,,,,,,
Electro-Mechanical Authority (EASA) Conventions & Solutions Expo 2026,The Electro-Mechanical Authority (EASA) Conventions + Solutions Expo,2026-06-13,Orlando,FL,Texas A&M University,tamu.edu,,,,,,,,
Electro-Mechanical Authority (EASA) Conventions & Solutions Expo 2026,The Electro-Mechanical Authority (EASA) Conventions + Solutions Expo,2026-06-13,Orlando,FL,Estes Express Lines,estes-express.com,,,,,,,,
Electro-Mechanical Authority (EASA) Conventions & Solutions Expo 2026,The Electro-Mechanical Authority (EASA) Conventions + Solutions Expo,2026-06-13,Orlando,FL,General Electric Company,ge.com,,,,,,,,
Electro-Mechanical Authority (EASA) Conventions & Solutions Expo 2026,The Electro-Mechanical Authority (EASA) Conventions + Solutions Expo,2026-06-13,Orlando,FL,Regal Rexnord,regalrexnord.com,,,,,,,,
Electro-Mechanical Authority (EASA) Conventions & Solutions Expo 2026,The Electro-Mechanical Authority (EASA) Conventions + Solutions Expo,2026-06-13,Orlando,FL,Georgia Power Company,georgiapower.com,,,,,,,,
Electro-Mechanical Authority (EASA) Conventions & Solutions Expo 2026,The Electro-Mechanical Authority (EASA) Conventions + Solutions Expo,2026-06-13,Orlando,FL,JTEKT North America Corporation,jtekt-na.com,,,,,,,,
Electro-Mechanical Authority (EASA) Conventions & Solutions Expo 2026,The Electro-Mechanical Authority (EASA) Conventions + Solutions Expo,2026-06-13,Orlando,FL,Röchling Group,roechling.com,,,,,,,,
Electro-Mechanical Authority (EASA) Conventions & Solutions Expo 2026,The Electro-Mechanical Authority (EASA) Conventions + Solutions Expo,2026-06-13,Orlando,FL,Rehlko,heilatech.com,,,,,,,,
Electro-Mechanical Authority (EASA) Conventions & Solutions Expo 2026,The Electro-Mechanical Authority (EASA) Conventions + Solutions Expo,2026-06-13,Orlando,FL,Oerlikon,oerlikon.ru,,,,,,,,
Electro-Mechanical Authority (EASA) Conventions & Solutions Expo 2026,The Electro-Mechanical Authority (EASA) Conventions + Solutions Expo,2026-06-13,Orlando,FL,Morgan Advanced Materials,morganadvancedmaterials.com,,,,,,,,
Electro-Mechanical Authority (EASA) Conventions & Solutions Expo 2026,The Electro-Mechanical Authority (EASA) Conventions + Solutions Expo,2026-06-13,Orlando,FL,Miba AG,miba.com,,,,,,,,
Electro-Mechanical Authority (EASA) Conventions & Solutions Expo 2026,The Electro-Mechanical Authority (EASA) Conventions + Solutions Expo,2026-06-13,Orlando,FL,"Shermco Industries, Inc.",shermco.com,,,,,,,,
Electro-Mechanical Authority (EASA) Conventions & Solutions Expo 2026,The Electro-Mechanical Authority (EASA) Conventions + Solutions Expo,2026-06-13,Orlando,FL,"DXP Enterprises, Inc.",dxpe.com,,,,,,,,
Electro-Mechanical Authority (EASA) Conventions & Solutions Expo 2026,The Electro-Mechanical Authority (EASA) Conventions + Solutions Expo,2026-06-13,Orlando,FL,NTN Bearing Corporation,ntnamericas.com,,,,,,,,
Electro-Mechanical Authority (EASA) Conventions & Solutions Expo 2026,The Electro-Mechanical Authority (EASA) Conventions + Solutions Expo,2026-06-13,Orlando,FL,DELFINGEN,delfingen.com,,,,,,,,
Electro-Mechanical Authority (EASA) Conventions & Solutions Expo 2026,The Electro-Mechanical Authority (EASA) Conventions + Solutions Expo,2026-06-13,Orlando,FL,RENK Group AG,renk.com,,,,,,,,
Electro-Mechanical Authority (EASA) Conventions & Solutions Expo 2026,The Electro-Mechanical Authority (EASA) Conventions + Solutions Expo,2026-06-13,Orlando,FL,Innomotics,innomotics.com,,,,,,,,
Electro-Mechanical Authority (EASA) Conventions & Solutions Expo 2026,The Electro-Mechanical Authority (EASA) Conventions + Solutions Expo,2026-06-13,Orlando,FL,TMEIC,tmeic.com,,,,,,,,
Electro-Mechanical Authority (EASA) Conventions & Solutions Expo 2026,The Electro-Mechanical Authority (EASA) Conventions + Solutions Expo,2026-06-13,Orlando,FL,Megger Group Limited,megger.com,,,,,,,,
Electro-Mechanical Authority (EASA) Conventions & Solutions Expo 2026,The Electro-Mechanical Authority (EASA) Conventions + Solutions Expo,2026-06-13,Orlando,FL,Logan Aluminum,logan-aluminum.com,,,,,,,,
Electro-Mechanical Authority (EASA) Conventions & Solutions Expo 2026,The Electro-Mechanical Authority (EASA) Conventions + Solutions Expo,2026-06-13,Orlando,FL,"EIS Legacy, LLC",eis-inc.com,,,,,,,,
Electro-Mechanical Authority (EASA) Conventions & Solutions Expo 2026,The Electro-Mechanical Authority (EASA) Conventions + Solutions Expo,2026-06-13,Orlando,FL,"Improving Corporate Services, LLC",improving.com,,,,,,,,
Electro-Mechanical Authority (EASA) Conventions & Solutions Expo 2026,The Electro-Mechanical Authority (EASA) Conventions + Solutions Expo,2026-06-13,Orlando,FL,ISOVOLTA Group,isovolta.com,,,,,,,,
Electro-Mechanical Authority (EASA) Conventions & Solutions Expo 2026,The Electro-Mechanical Authority (EASA) Conventions + Solutions Expo,2026-06-13,Orlando,FL,Kirby Risk,kirbyrisk.com,,,,,,,,
Electro-Mechanical Authority (EASA) Conventions & Solutions Expo 2026,The Electro-Mechanical Authority (EASA) Conventions + Solutions Expo,2026-06-13,Orlando,FL,Ainsworth Inc,ainsworth.com,,,,,,,,
Electro-Mechanical Authority (EASA) Conventions & Solutions Expo 2026,The Electro-Mechanical Authority (EASA) Conventions + Solutions Expo,2026-06-13,Orlando,FL,"Elantas Pdg, Inc.",elantas.com,,,,,,,,
Electro-Mechanical Authority (EASA) Conventions & Solutions Expo 2026,The Electro-Mechanical Authority (EASA) Conventions + Solutions Expo,2026-06-13,Orlando,FL,Krempel,krempel.com,,,,,,,,
Electro-Mechanical Authority (EASA) Conventions & Solutions Expo 2026,The Electro-Mechanical Authority (EASA) Conventions + Solutions Expo,2026-06-13,Orlando,FL,Associated Electric Cooperative Inc.,aeci.org,,,,,,,,
Electro-Mechanical Authority (EASA) Conventions & Solutions Expo 2026,The Electro-Mechanical Authority (EASA) Conventions + Solutions Expo,2026-06-13,Orlando,FL,OTC Industrial Technologies,otcindustrial.com,,,,,,,,
Electro-Mechanical Authority (EASA) Conventions & Solutions Expo 2026,The Electro-Mechanical Authority (EASA) Conventions + Solutions Expo,2026-06-13,Orlando,FL,Marathon Motors & Generators,marathonelectric.com,,,,,,,,
Electro-Mechanical Authority (EASA) Conventions & Solutions Expo 2026,The Electro-Mechanical Authority (EASA) Conventions + Solutions Expo,2026-06-13,Orlando,FL,New York Blower Company,nyb.com,,,,,,,,
Electro-Mechanical Authority (EASA) Conventions & Solutions Expo 2026,The Electro-Mechanical Authority (EASA) Conventions + Solutions Expo,2026-06-13,Orlando,FL,"HD Hyundai Electric Co., Ltd.",hd-hyundaielectric.com,,,,,,,,
Electro-Mechanical Authority (EASA) Conventions & Solutions Expo 2026,The Electro-Mechanical Authority (EASA) Conventions + Solutions Expo,2026-06-13,Orlando,FL,EIS Software Limited,eisgroup.com,,,,,,,,
Electro-Mechanical Authority (EASA) Conventions & Solutions Expo 2026,The Electro-Mechanical Authority (EASA) Conventions + Solutions Expo,2026-06-13,Orlando,FL,Wolong Electric America,wolongamerica.com,,,,,,,,
Electro-Mechanical Authority (EASA) Conventions & Solutions Expo 2026,The Electro-Mechanical Authority (EASA) Conventions + Solutions Expo,2026-06-13,Orlando,FL,Echo Electric,echoelectric.com,,,,,,,,
Electro-Mechanical Authority (EASA) Conventions & Solutions Expo 2026,The Electro-Mechanical Authority (EASA) Conventions + Solutions Expo,2026-06-13,Orlando,FL,Doble Engineering Company,doble.com,,,,,,,,
Electro-Mechanical Authority (EASA) Conventions & Solutions Expo 2026,The Electro-Mechanical Authority (EASA) Conventions + Solutions Expo,2026-06-13,Orlando,FL,"FLANDERS, Inc.",flandersinc.com,,,,,,,,
Electro-Mechanical Authority (EASA) Conventions & Solutions Expo 2026,The Electro-Mechanical Authority (EASA) Conventions + Solutions Expo,2026-06-13,Orlando,FL,TDK Corporation,tdk.com,,,,,,,,
Electro-Mechanical Authority (EASA) Conventions & Solutions Expo 2026,The Electro-Mechanical Authority (EASA) Conventions + Solutions Expo,2026-06-13,Orlando,FL,Great Lakes Water Authority,glwater.org,,,,,,,,
Electro-Mechanical Authority (EASA) Conventions & Solutions Expo 2026,The Electro-Mechanical Authority (EASA) Conventions + Solutions Expo,2026-06-13,Orlando,FL,National Electric Coil,national-electric-coil.com,,,,,,,,
Electro-Mechanical Authority (EASA) Conventions & Solutions Expo 2026,The Electro-Mechanical Authority (EASA) Conventions + Solutions Expo,2026-06-13,Orlando,FL,"Benshaw, Inc.",benshaw.com,,,,,,,,
Electro-Mechanical Authority (EASA) Conventions & Solutions Expo 2026,The Electro-Mechanical Authority (EASA) Conventions + Solutions Expo,2026-06-13,Orlando,FL,Rockit Motors,rockitmotors.com,,,,,,,,
Electro-Mechanical Authority (EASA) Conventions & Solutions Expo 2026,The Electro-Mechanical Authority (EASA) Conventions + Solutions Expo,2026-06-13,Orlando,FL,DiversiTech Corporation,diversitech.com,,,,,,,,
Electro-Mechanical Authority (EASA) Conventions & Solutions Expo 2026,The Electro-Mechanical Authority (EASA) Conventions + Solutions Expo,2026-06-13,Orlando,FL,Helwig Carbon Products,helwigcarbon.com,,,,,,,,
Electro-Mechanical Authority (EASA) Conventions & Solutions Expo 2026,The Electro-Mechanical Authority (EASA) Conventions + Solutions Expo,2026-06-13,Orlando,FL,Quartzelec Limited,quartzelec.com,,,,,,,,
Electro-Mechanical Authority (EASA) Conventions & Solutions Expo 2026,The Electro-Mechanical Authority (EASA) Conventions + Solutions Expo,2026-06-13,Orlando,FL,The Gund Company,thegundcompany.com,,,,,,,,
Electro-Mechanical Authority (EASA) Conventions & Solutions Expo 2026,The Electro-Mechanical Authority (EASA) Conventions + Solutions Expo,2026-06-13,Orlando,FL,Rea Magnet Wire,reawire.com,,,,,,,,
Electro-Mechanical Authority (EASA) Conventions & Solutions Expo 2026,The Electro-Mechanical Authority (EASA) Conventions + Solutions Expo,2026-06-13,Orlando,FL,Malloy Electric,malloyelectric.com,,,,,,,,
Electro-Mechanical Authority (EASA) Conventions & Solutions Expo 2026,The Electro-Mechanical Authority (EASA) Conventions + Solutions Expo,2026-06-13,Orlando,FL,"Brandon & Clark, Inc",brandonclark.com,,,,,YES,campaign-P2,S7,YES
Electro-Mechanical Authority (EASA) Conventions & Solutions Expo 2026,The Electro-Mechanical Authority (EASA) Conventions + Solutions Expo,2026-06-13,Orlando,FL,"Motion & Control Enterprises, LLC (MCE)",mceautomation.com,,,,,,,,
Electro-Mechanical Authority (EASA) Conventions & Solutions Expo 2026,The Electro-Mechanical Authority (EASA) Conventions + Solutions Expo,2026-06-13,Orlando,FL,TECO-Westinghouse,tecowestinghouse.com,,,,,,,,
Electro-Mechanical Authority (EASA) Conventions & Solutions Expo 2026,The Electro-Mechanical Authority (EASA) Conventions + Solutions Expo,2026-06-13,Orlando,FL,Champlain Cable Corporation,champcable.com,,,,,,,,
Electro-Mechanical Authority (EASA) Conventions & Solutions Expo 2026,The Electro-Mechanical Authority (EASA) Conventions + Solutions Expo,2026-06-13,Orlando,FL,Jay Industrial Repair,jayindustrial.com,,,,,,,,
Electro-Mechanical Authority (EASA) Conventions & Solutions Expo 2026,The Electro-Mechanical Authority (EASA) Conventions + Solutions Expo,2026-06-13,Orlando,FL,Hupp Electric Motors,hupp-electric.com,,,,,,,,
Electro-Mechanical Authority (EASA) Conventions & Solutions Expo 2026,The Electro-Mechanical Authority (EASA) Conventions + Solutions Expo,2026-06-13,Orlando,FL,Air Hydro Power,airhydropower.com,,,,,,,,
Electro-Mechanical Authority (EASA) Conventions & Solutions Expo 2026,The Electro-Mechanical Authority (EASA) Conventions + Solutions Expo,2026-06-13,Orlando,FL,WorldWide Electric Corp.,worldwideelectric.com,,,,,,,,
Electro-Mechanical Authority (EASA) Conventions & Solutions Expo 2026,The Electro-Mechanical Authority (EASA) Conventions + Solutions Expo,2026-06-13,Orlando,FL,Alabama Specialty Product,alspi.com,,,,,,,,
Electro-Mechanical Authority (EASA) Conventions & Solutions Expo 2026,The Electro-Mechanical Authority (EASA) Conventions + Solutions Expo,2026-06-13,Orlando,FL,Setco,setco.com,,,,,,,,
Electro-Mechanical Authority (EASA) Conventions & Solutions Expo 2026,The Electro-Mechanical Authority (EASA) Conventions + Solutions Expo,2026-06-13,Orlando,FL,Preformed Windings Limited,preformedwindings.com,,,,,,,,
Electro-Mechanical Authority (EASA) Conventions & Solutions Expo 2026,The Electro-Mechanical Authority (EASA) Conventions + Solutions Expo,2026-06-13,Orlando,FL,Crossfire Consulting,crossfireconsulting.com,,,,,,,,
Electro-Mechanical Authority (EASA) Conventions & Solutions Expo 2026,The Electro-Mechanical Authority (EASA) Conventions + Solutions Expo,2026-06-13,Orlando,FL,Nachi America Inc.,nachiamerica.com,,,,,,,,
Electro-Mechanical Authority (EASA) Conventions & Solutions Expo 2026,The Electro-Mechanical Authority (EASA) Conventions + Solutions Expo,2026-06-13,Orlando,FL,R/S Electric Corp.,rselectriccorp.com,,,,,YES,campaign-P2,T4,YES
Electro-Mechanical Authority (EASA) Conventions & Solutions Expo 2026,The Electro-Mechanical Authority (EASA) Conventions + Solutions Expo,2026-06-13,Orlando,FL,Essex Brownell,essexbrownell.com,,,,,,,,
Electro-Mechanical Authority (EASA) Conventions & Solutions Expo 2026,The Electro-Mechanical Authority (EASA) Conventions + Solutions Expo,2026-06-13,Orlando,FL,Godfrey & Wing Inc.,godfreywing.com,,,,,,,,
Electro-Mechanical Authority (EASA) Conventions & Solutions Expo 2026,The Electro-Mechanical Authority (EASA) Conventions + Solutions Expo,2026-06-13,Orlando,FL,AVT Reliability,avtreliability.com,,,,,,,,
Electro-Mechanical Authority (EASA) Conventions & Solutions Expo 2026,The Electro-Mechanical Authority (EASA) Conventions + Solutions Expo,2026-06-13,Orlando,FL,Brehob Corporation,brehob.com,,,,,,,,
Electro-Mechanical Authority (EASA) Conventions & Solutions Expo 2026,The Electro-Mechanical Authority (EASA) Conventions + Solutions Expo,2026-06-13,Orlando,FL,Energy Management Corporation,goemc.com,,,,,YES,P3-candidate,S7,
Electro-Mechanical Authority (EASA) Conventions & Solutions Expo 2026,The Electro-Mechanical Authority (EASA) Conventions + Solutions Expo,2026-06-13,Orlando,FL,"Motor Technology, Inc.",motortechnologyinc.com,,,,,YES,master-P1,S7,
Electro-Mechanical Authority (EASA) Conventions & Solutions Expo 2026,The Electro-Mechanical Authority (EASA) Conventions + Solutions Expo,2026-06-13,Orlando,FL,Baldwin Supply Co.,baldwinsupply.com,,,,,,,,
Electro-Mechanical Authority (EASA) Conventions & Solutions Expo 2026,The Electro-Mechanical Authority (EASA) Conventions + Solutions Expo,2026-06-13,Orlando,FL,Northwest Energy Efficiency Alliance (NEEA),neea.org,,,,,,,,
Electro-Mechanical Authority (EASA) Conventions & Solutions Expo 2026,The Electro-Mechanical Authority (EASA) Conventions + Solutions Expo,2026-06-13,Orlando,FL,"AES, Inc.",aesintl.com,,,,,YES,valDQ-review,?,
Electro-Mechanical Authority (EASA) Conventions & Solutions Expo 2026,The Electro-Mechanical Authority (EASA) Conventions + Solutions Expo,2026-06-13,Orlando,FL,HECO,hecoinc.com,,,,,YES,master-DQ,S7,
Electro-Mechanical Authority (EASA) Conventions & Solutions Expo 2026,The Electro-Mechanical Authority (EASA) Conventions + Solutions Expo,2026-06-13,Orlando,FL,Electro Static Technology,est-aegis.com,,,,,,,,
Electro-Mechanical Authority (EASA) Conventions & Solutions Expo 2026,The Electro-Mechanical Authority (EASA) Conventions + Solutions Expo,2026-06-13,Orlando,FL,Motortronics,motortronics.com,,,,,,,,
Electro-Mechanical Authority (EASA) Conventions & Solutions Expo 2026,The Electro-Mechanical Authority (EASA) Conventions + Solutions Expo,2026-06-13,Orlando,FL,"Bartlett Bearing Company, Inc.",bartlettbearing.com,,,,,,,,
Electro-Mechanical Authority (EASA) Conventions & Solutions Expo 2026,The Electro-Mechanical Authority (EASA) Conventions + Solutions Expo,2026-06-13,Orlando,FL,RJW Engineering,rjweng.com,,,,,,,,
Electro-Mechanical Authority (EASA) Conventions & Solutions Expo 2026,The Electro-Mechanical Authority (EASA) Conventions + Solutions Expo,2026-06-13,Orlando,FL,The Electric Materials Company,elecmat.com,,,,,,,,
Electro-Mechanical Authority (EASA) Conventions & Solutions Expo 2026,The Electro-Mechanical Authority (EASA) Conventions + Solutions Expo,2026-06-13,Orlando,FL,"Dykman Electrical, Inc.",dykman.com,,,,,,,,
Electro-Mechanical Authority (EASA) Conventions & Solutions Expo 2026,The Electro-Mechanical Authority (EASA) Conventions + Solutions Expo,2026-06-13,Orlando,FL,A-Rent Test Equipment,a-rent.com,,,,,,,,
Electro-Mechanical Authority (EASA) Conventions & Solutions Expo 2026,The Electro-Mechanical Authority (EASA) Conventions + Solutions Expo,2026-06-13,Orlando,FL,Hansford Sensors Ltd,hansfordsensors.com,,,,,,,,
Electro-Mechanical Authority (EASA) Conventions & Solutions Expo 2026,The Electro-Mechanical Authority (EASA) Conventions + Solutions Expo,2026-06-13,Orlando,FL,"Cole Tech, Inc.",coleelectricms.com,,,,,YES,campaign-P2,S7,YES
Electro-Mechanical Authority (EASA) Conventions & Solutions Expo 2026,The Electro-Mechanical Authority (EASA) Conventions + Solutions Expo,2026-06-13,Orlando,FL,Precision Electric Motor Sales,pemsmotors.com,,,,,,,,
Electro-Mechanical Authority (EASA) Conventions & Solutions Expo 2026,The Electro-Mechanical Authority (EASA) Conventions + Solutions Expo,2026-06-13,Orlando,FL,Control Concepts Inc.,ccipower.com,,,,,,,,
Electro-Mechanical Authority (EASA) Conventions & Solutions Expo 2026,The Electro-Mechanical Authority (EASA) Conventions + Solutions Expo,2026-06-13,Orlando,FL,Acoem USA,acoem.us,,,,,,,,
Electro-Mechanical Authority (EASA) Conventions & Solutions Expo 2026,The Electro-Mechanical Authority (EASA) Conventions + Solutions Expo,2026-06-13,Orlando,FL,Phase Technologies,phasetechnologies.com,,,,,,,,
Electro-Mechanical Authority (EASA) Conventions & Solutions Expo 2026,The Electro-Mechanical Authority (EASA) Conventions + Solutions Expo,2026-06-13,Orlando,FL,Jenkins Electric Company,jenkinselectric.com,,,,,YES,campaign-P2,S7,YES
Electro-Mechanical Authority (EASA) Conventions & Solutions Expo 2026,The Electro-Mechanical Authority (EASA) Conventions + Solutions Expo,2026-06-13,Orlando,FL,Longo Electrical-Mechanical Inc.,elongo.com,,,,,YES,master-P1,S7,
Electro-Mechanical Authority (EASA) Conventions & Solutions Expo 2026,The Electro-Mechanical Authority (EASA) Conventions + Solutions Expo,2026-06-13,Orlando,FL,Parts Super Center,partssupercenter.com,,,,,,,,
Electro-Mechanical Authority (EASA) Conventions & Solutions Expo 2026,The Electro-Mechanical Authority (EASA) Conventions + Solutions Expo,2026-06-13,Orlando,FL,HeatTek Inc.,heattek.com,,,,,,,,
Electro-Mechanical Authority (EASA) Conventions & Solutions Expo 2026,The Electro-Mechanical Authority (EASA) Conventions + Solutions Expo,2026-06-13,Orlando,FL,Ems Industrial Inc,emsindustrial.com,,,,,YES,campaign-P2,S7,YES
Electro-Mechanical Authority (EASA) Conventions & Solutions Expo 2026,The Electro-Mechanical Authority (EASA) Conventions + Solutions Expo,2026-06-13,Orlando,FL,"Electric Motor Services, Inc.",electricmotorservices.net,,,,,YES,campaign-P2,S7,YES
Electro-Mechanical Authority (EASA) Conventions & Solutions Expo 2026,The Electro-Mechanical Authority (EASA) Conventions + Solutions Expo,2026-06-13,Orlando,FL,Ideal Electric Company,theidealelectric.com,,,,,,,,
Electro-Mechanical Authority (EASA) Conventions & Solutions Expo 2026,The Electro-Mechanical Authority (EASA) Conventions + Solutions Expo,2026-06-13,Orlando,FL,"Cutsforth, Inc.",cutsforth.com,,,,,,,,
Electro-Mechanical Authority (EASA) Conventions & Solutions Expo 2026,The Electro-Mechanical Authority (EASA) Conventions + Solutions Expo,2026-06-13,Orlando,FL,"Benko Products, Inc.",benkoproducts.com,"Sheffield, OH",100,Bootstrapped,1983,,,,
Electro-Mechanical Authority (EASA) Conventions & Solutions Expo 2026,The Electro-Mechanical Authority (EASA) Conventions + Solutions Expo,2026-06-13,Orlando,FL,York Repair Inc.,yorkrepair.com,"Bay City, MI",97,Bootstrapped,1971,YES,campaign-P2,S7,YES
Electro-Mechanical Authority (EASA) Conventions & Solutions Expo 2026,The Electro-Mechanical Authority (EASA) Conventions + Solutions Expo,2026-06-13,Orlando,FL,Precision Coil & Rotor,pecoil.com,"Birmingham, AL",97,Bootstrapped,,,,,
Electro-Mechanical Authority (EASA) Conventions & Solutions Expo 2026,The Electro-Mechanical Authority (EASA) Conventions + Solutions Expo,2026-06-13,Orlando,FL,Kurz Industrial Solutions,kurz.com,"Neenah, WI",97,Private Equity Platform,1918,,,,
Electro-Mechanical Authority (EASA) Conventions & Solutions Expo 2026,The Electro-Mechanical Authority (EASA) Conventions + Solutions Expo,2026-06-13,Orlando,FL,"Red Stick Armature Works, Inc.",rsaworks.com,"St. Francisville, LA",92,Bootstrapped,1959,,,,
Electro-Mechanical Authority (EASA) Conventions & Solutions Expo 2026,The Electro-Mechanical Authority (EASA) Conventions + Solutions Expo,2026-06-13,Orlando,FL,"Babbitting Service, Inc. (BSI)",babbitting.com,,,,,,,,
Electro-Mechanical Authority (EASA) Conventions & Solutions Expo 2026,The Electro-Mechanical Authority (EASA) Conventions + Solutions Expo,2026-06-13,Orlando,FL,"Decatur Industrial Electric, Inc.",decaturindustrial.com,,,,,YES,campaign-P2,S7,YES
Electro-Mechanical Authority (EASA) Conventions & Solutions Expo 2026,The Electro-Mechanical Authority (EASA) Conventions + Solutions Expo,2026-06-13,Orlando,FL,"Bradleys, Inc.",bradleysmotors.com,,,,,YES,campaign-P2,S7,YES
Electro-Mechanical Authority (EASA) Conventions & Solutions Expo 2026,The Electro-Mechanical Authority (EASA) Conventions + Solutions Expo,2026-06-13,Orlando,FL,Soles Electric Company,soleselectric.com,,,,,,,,
Electro-Mechanical Authority (EASA) Conventions & Solutions Expo 2026,The Electro-Mechanical Authority (EASA) Conventions + Solutions Expo,2026-06-13,Orlando,FL,Independent Electric Machinery Company,iemco.com,,,,,YES,campaign-P2,S7,YES
Electro-Mechanical Authority (EASA) Conventions & Solutions Expo 2026,The Electro-Mechanical Authority (EASA) Conventions + Solutions Expo,2026-06-13,Orlando,FL,"Advanced Rotors, Inc.",advrotors.com,,,,,,,,
Electro-Mechanical Authority (EASA) Conventions & Solutions Expo 2026,The Electro-Mechanical Authority (EASA) Conventions + Solutions Expo,2026-06-13,Orlando,FL,"Ludeca, Inc.",ludeca.com,,,,,YES,valDQ-review,?,
Electro-Mechanical Authority (EASA) Conventions & Solutions Expo 2026,The Electro-Mechanical Authority (EASA) Conventions + Solutions Expo,2026-06-13,Orlando,FL,"Force Control Industries, Inc.",forcecontrol.com,,,,,,,,
Electro-Mechanical Authority (EASA) Conventions & Solutions Expo 2026,The Electro-Mechanical Authority (EASA) Conventions + Solutions Expo,2026-06-13,Orlando,FL,Mohawk Industries,mohawkind.com,,,,,,,,
Electro-Mechanical Authority (EASA) Conventions & Solutions Expo 2026,The Electro-Mechanical Authority (EASA) Conventions + Solutions Expo,2026-06-13,Orlando,FL,Coil Manufacturing Inc,cmicoil.com,,,,,,,,
Electro-Mechanical Authority (EASA) Conventions & Solutions Expo 2026,The Electro-Mechanical Authority (EASA) Conventions + Solutions Expo,2026-06-13,Orlando,FL,Smith Services,smithservices.com,,,,,,,,
Electro-Mechanical Authority (EASA) Conventions & Solutions Expo 2026,The Electro-Mechanical Authority (EASA) Conventions + Solutions Expo,2026-06-13,Orlando,FL,The Flolo Corporation,flolo.com,,,,,YES,campaign-P2,S7,YES
Electro-Mechanical Authority (EASA) Conventions & Solutions Expo 2026,The Electro-Mechanical Authority (EASA) Conventions + Solutions Expo,2026-06-13,Orlando,FL,"H & N Electric, Power Systems by Timken",hnelectric.com,,,,,,,,
Electro-Mechanical Authority (EASA) Conventions & Solutions Expo 2026,The Electro-Mechanical Authority (EASA) Conventions + Solutions Expo,2026-06-13,Orlando,FL,CEC Motor & Utility Services,cecmotoru.com,,,,,YES,campaign-P2,S7,
Electro-Mechanical Authority (EASA) Conventions & Solutions Expo 2026,The Electro-Mechanical Authority (EASA) Conventions + Solutions Expo,2026-06-13,Orlando,FL,Warwood Armature,warwoodarmature.com,,,,,,,,
Electro-Mechanical Authority (EASA) Conventions & Solutions Expo 2026,The Electro-Mechanical Authority (EASA) Conventions + Solutions Expo,2026-06-13,Orlando,FL,Odyssey Investment Partners,odysseyinvestment.com,,,,,,,,
Electro-Mechanical Authority (EASA) Conventions & Solutions Expo 2026,The Electro-Mechanical Authority (EASA) Conventions + Solutions Expo,2026-06-13,Orlando,FL,"Astro Chemical Company, Inc.",astrochemical.com,,,,,,,,
Electro-Mechanical Authority (EASA) Conventions & Solutions Expo 2026,The Electro-Mechanical Authority (EASA) Conventions + Solutions Expo,2026-06-13,Orlando,FL,Techtop Industries,techtopind.com,,,,,,,,
Electro-Mechanical Authority (EASA) Conventions & Solutions Expo 2026,The Electro-Mechanical Authority (EASA) Conventions + Solutions Expo,2026-06-13,Orlando,FL,Walco Electric,walcokip.com,,,,,YES,campaign-P2,S7,YES
Electro-Mechanical Authority (EASA) Conventions & Solutions Expo 2026,The Electro-Mechanical Authority (EASA) Conventions + Solutions Expo,2026-06-13,Orlando,FL,Akard Commutator Of Tennessee (Act),act-inc.com,,,,,,,,
Electro-Mechanical Authority (EASA) Conventions & Solutions Expo 2026,The Electro-Mechanical Authority (EASA) Conventions + Solutions Expo,2026-06-13,Orlando,FL,Sifco ASC,sifcoasc.com,,,,,,,,
Electro-Mechanical Authority (EASA) Conventions & Solutions Expo 2026,The Electro-Mechanical Authority (EASA) Conventions + Solutions Expo,2026-06-13,Orlando,FL,Erbessd Instruments,erbessd-instruments.com,,,,,,,,
Electro-Mechanical Authority (EASA) Conventions & Solutions Expo 2026,The Electro-Mechanical Authority (EASA) Conventions + Solutions Expo,2026-06-13,Orlando,FL,Bearings & Drives Solutions,bds-usa.net,,,,,,,,
Electro-Mechanical Authority (EASA) Conventions & Solutions Expo 2026,The Electro-Mechanical Authority (EASA) Conventions + Solutions Expo,2026-06-13,Orlando,FL,"Lubbock Electric Company, LLC",lubbockelectric.com,,,,,,,,
Electro-Mechanical Authority (EASA) Conventions & Solutions Expo 2026,The Electro-Mechanical Authority (EASA) Conventions + Solutions Expo,2026-06-13,Orlando,FL,Westside Electric,westside-electric.com,,,,,YES,campaign-P2,T4,YES
Electro-Mechanical Authority (EASA) Conventions & Solutions Expo 2026,The Electro-Mechanical Authority (EASA) Conventions + Solutions Expo,2026-06-13,Orlando,FL,Southern Apparatus Services,southernapparatus.com,,,,,YES,campaign-P2,S7,YES
Electro-Mechanical Authority (EASA) Conventions & Solutions Expo 2026,The Electro-Mechanical Authority (EASA) Conventions + Solutions Expo,2026-06-13,Orlando,FL,Service First Processing,sfprocessing.com,,,,,,,,
Electro-Mechanical Authority (EASA) Conventions & Solutions Expo 2026,The Electro-Mechanical Authority (EASA) Conventions + Solutions Expo,2026-06-13,Orlando,FL,Nippon Rika,nipponrika.jp,,,,,,,,
Electro-Mechanical Authority (EASA) Conventions & Solutions Expo 2026,The Electro-Mechanical Authority (EASA) Conventions + Solutions Expo,2026-06-13,Orlando,FL,B+M Industrial,bmindustrial.com,,,,,,,,
Electro-Mechanical Authority (EASA) Conventions & Solutions Expo 2026,The Electro-Mechanical Authority (EASA) Conventions + Solutions Expo,2026-06-13,Orlando,FL,"Craig Wire Products, LLC",craigwire.com,,,,,,,,
Electro-Mechanical Authority (EASA) Conventions & Solutions Expo 2026,The Electro-Mechanical Authority (EASA) Conventions + Solutions Expo,2026-06-13,Orlando,FL,Hill's Industrial,hillsindustrial.com,,,,,YES,campaign-P2,S7,YES
Electro-Mechanical Authority (EASA) Conventions & Solutions Expo 2026,The Electro-Mechanical Authority (EASA) Conventions + Solutions Expo,2026-06-13,Orlando,FL,Vulcan Seals,vulcanseals.com,,,,,,,,
Electro-Mechanical Authority (EASA) Conventions & Solutions Expo 2026,The Electro-Mechanical Authority (EASA) Conventions + Solutions Expo,2026-06-13,Orlando,FL,Pollution Control Products Company,pcpconline.com,,,,,,,,
Electro-Mechanical Authority (EASA) Conventions & Solutions Expo 2026,The Electro-Mechanical Authority (EASA) Conventions + Solutions Expo,2026-06-13,Orlando,FL,Consortium for Energy Efficiency,cee1.org,,,,,,,,
Electro-Mechanical Authority (EASA) Conventions & Solutions Expo 2026,The Electro-Mechanical Authority (EASA) Conventions + Solutions Expo,2026-06-13,Orlando,FL,SmartD Technologies,smartd.tech,,,,,,,,
Electro-Mechanical Authority (EASA) Conventions & Solutions Expo 2026,The Electro-Mechanical Authority (EASA) Conventions + Solutions Expo,2026-06-13,Orlando,FL,SDT International SA/NV,sdtultrasound.com,,,,,,,,
Electro-Mechanical Authority (EASA) Conventions & Solutions Expo 2026,The Electro-Mechanical Authority (EASA) Conventions + Solutions Expo,2026-06-13,Orlando,FL,"Cascade Machinery & Electric, Inc.",cascade-machinery.com,,,,,YES,campaign-P2,S7,YES
Electro-Mechanical Authority (EASA) Conventions & Solutions Expo 2026,The Electro-Mechanical Authority (EASA) Conventions + Solutions Expo,2026-06-13,Orlando,FL,Midwest Promotional Group,midwestgrp.com,,,,,,,,
Electro-Mechanical Authority (EASA) Conventions & Solutions Expo 2026,The Electro-Mechanical Authority (EASA) Conventions + Solutions Expo,2026-06-13,Orlando,FL,Pittsburgh Electrical Insulation (PEI),peipittsburgh.com,,,,,,,,
Electro-Mechanical Authority (EASA) Conventions & Solutions Expo 2026,The Electro-Mechanical Authority (EASA) Conventions + Solutions Expo,2026-06-13,Orlando,FL,"Electrolock, Inc.",electrolock.com,,,,,,,,
Electro-Mechanical Authority (EASA) Conventions & Solutions Expo 2026,The Electro-Mechanical Authority (EASA) Conventions + Solutions Expo,2026-06-13,Orlando,FL,Holland Industrial,hollandindustrial.com,,,,,YES,master-P3,S7,
Electro-Mechanical Authority (EASA) Conventions & Solutions Expo 2026,The Electro-Mechanical Authority (EASA) Conventions + Solutions Expo,2026-06-13,Orlando,FL,PdMA Corporation,pdma.com,,,,,,,,
Electro-Mechanical Authority (EASA) Conventions & Solutions Expo 2026,The Electro-Mechanical Authority (EASA) Conventions + Solutions Expo,2026-06-13,Orlando,FL,Malton Electric Co.,maltonelectric.com,,,,,YES,campaign-P2,S7,YES
Electro-Mechanical Authority (EASA) Conventions & Solutions Expo 2026,The Electro-Mechanical Authority (EASA) Conventions + Solutions Expo,2026-06-13,Orlando,FL,A C Electric Corporation,acelec.com,,,,,,,,
Electro-Mechanical Authority (EASA) Conventions & Solutions Expo 2026,The Electro-Mechanical Authority (EASA) Conventions + Solutions Expo,2026-06-13,Orlando,FL,InterNational Electrical Testing Association (NETA),netaworld.org,,,,,,,,
Electro-Mechanical Authority (EASA) Conventions & Solutions Expo 2026,The Electro-Mechanical Authority (EASA) Conventions + Solutions Expo,2026-06-13,Orlando,FL,ICC International,iccinternational.com,,,,,,,,
Electro-Mechanical Authority (EASA) Conventions & Solutions Expo 2026,The Electro-Mechanical Authority (EASA) Conventions + Solutions Expo,2026-06-13,Orlando,FL,"ESR Motor Systems, LLC",esrmotors.com,,,,,,,,
Electro-Mechanical Authority (EASA) Conventions & Solutions Expo 2026,The Electro-Mechanical Authority (EASA) Conventions + Solutions Expo,2026-06-13,Orlando,FL,Gray Electric,grayelectricco.com,,,,,,,,
Electro-Mechanical Authority (EASA) Conventions & Solutions Expo 2026,The Electro-Mechanical Authority (EASA) Conventions + Solutions Expo,2026-06-13,Orlando,FL,Pye-Barker Engineered Solutions,pyebarker.com,,,,,,,,
Electro-Mechanical Authority (EASA) Conventions & Solutions Expo 2026,The Electro-Mechanical Authority (EASA) Conventions + Solutions Expo,2026-06-13,Orlando,FL,"A&W Electric, Inc.",aandwelectric.com,,,,,YES,campaign-P2,T4,YES
Electro-Mechanical Authority (EASA) Conventions & Solutions Expo 2026,The Electro-Mechanical Authority (EASA) Conventions + Solutions Expo,2026-06-13,Orlando,FL,"Burford Electric Service, Inc.",burfordinc.com,,,,,YES,campaign-P2,S7,YES
Electro-Mechanical Authority (EASA) Conventions & Solutions Expo 2026,The Electro-Mechanical Authority (EASA) Conventions + Solutions Expo,2026-06-13,Orlando,FL,Northwest Electric,nwelectric.com,,,,,,,,
Electro-Mechanical Authority (EASA) Conventions & Solutions Expo 2026,The Electro-Mechanical Authority (EASA) Conventions + Solutions Expo,2026-06-13,Orlando,FL,Globaltech Motor & Controls,globaltechmotors.com,,,,,,,,
Electro-Mechanical Authority (EASA) Conventions & Solutions Expo 2026,The Electro-Mechanical Authority (EASA) Conventions + Solutions Expo,2026-06-13,Orlando,FL,"Empower Label, LLC",empowerlabel.com,,,,,,,,
Electro-Mechanical Authority (EASA) Conventions & Solutions Expo 2026,The Electro-Mechanical Authority (EASA) Conventions + Solutions Expo,2026-06-13,Orlando,FL,CAM Innovation,caminnovation.com,,,,,,,,
Electro-Mechanical Authority (EASA) Conventions & Solutions Expo 2026,The Electro-Mechanical Authority (EASA) Conventions + Solutions Expo,2026-06-13,Orlando,FL,"Bay Motor Winding, Inc",baymotorwinding.com,,,,,,,,
Electro-Mechanical Authority (EASA) Conventions & Solutions Expo 2026,The Electro-Mechanical Authority (EASA) Conventions + Solutions Expo,2026-06-13,Orlando,FL,Industrial Electro Mechanics,iemsavannah.com,,,,,YES,campaign-Nurture,S7,YES
Electro-Mechanical Authority (EASA) Conventions & Solutions Expo 2026,The Electro-Mechanical Authority (EASA) Conventions + Solutions Expo,2026-06-13,Orlando,FL,"Allied Bearing & Supply, Inc.",alliedbearing.com,,,,,,,,
Electro-Mechanical Authority (EASA) Conventions & Solutions Expo 2026,The Electro-Mechanical Authority (EASA) Conventions + Solutions Expo,2026-06-13,Orlando,FL,Cahaba Media Group,cahabamedia.com,,,,,,,,
Electro-Mechanical Authority (EASA) Conventions & Solutions Expo 2026,The Electro-Mechanical Authority (EASA) Conventions + Solutions Expo,2026-06-13,Orlando,FL,Eagle Electric Machinery,eagleelectric.org,,,,,,,,
Electro-Mechanical Authority (EASA) Conventions & Solutions Expo 2026,The Electro-Mechanical Authority (EASA) Conventions + Solutions Expo,2026-06-13,Orlando,FL,IRD Balancing,irdproducts.com,,,,,,,,
Electro-Mechanical Authority (EASA) Conventions & Solutions Expo 2026,The Electro-Mechanical Authority (EASA) Conventions + Solutions Expo,2026-06-13,Orlando,FL,Hamar Laser Instruments,hamarlaser.com,,,,,,,,
Electro-Mechanical Authority (EASA) Conventions & Solutions Expo 2026,The Electro-Mechanical Authority (EASA) Conventions + Solutions Expo,2026-06-13,Orlando,FL,Electrom Instruments,electrominst.com,,,,,,,,
Electro-Mechanical Authority (EASA) Conventions & Solutions Expo 2026,The Electro-Mechanical Authority (EASA) Conventions + Solutions Expo,2026-06-13,Orlando,FL,Electric Motor Works,emflorida.com,,,,,,,,
Electro-Mechanical Authority (EASA) Conventions & Solutions Expo 2026,The Electro-Mechanical Authority (EASA) Conventions + Solutions Expo,2026-06-13,Orlando,FL,Hobgood Electric,hobgoodelectric.com,,,,,YES,master-P2,T4,
Electro-Mechanical Authority (EASA) Conventions & Solutions Expo 2026,The Electro-Mechanical Authority (EASA) Conventions + Solutions Expo,2026-06-13,Orlando,FL,Steelman Industries Inc,steelman.com,,,,,,,,
Electro-Mechanical Authority (EASA) Conventions & Solutions Expo 2026,The Electro-Mechanical Authority (EASA) Conventions + Solutions Expo,2026-06-13,Orlando,FL,Earnhardt Electric Service,earnhardtelectric.com,,,,,,,,
Electro-Mechanical Authority (EASA) Conventions & Solutions Expo 2026,The Electro-Mechanical Authority (EASA) Conventions + Solutions Expo,2026-06-13,Orlando,FL,Williers Electric Co Inc,willierelectric.com,,,,,,,,
Electro-Mechanical Authority (EASA) Conventions & Solutions Expo 2026,The Electro-Mechanical Authority (EASA) Conventions + Solutions Expo,2026-06-13,Orlando,FL,Torque Technologies,torq-tech.com,,,,,,,,
Electro-Mechanical Authority (EASA) Conventions & Solutions Expo 2026,The Electro-Mechanical Authority (EASA) Conventions + Solutions Expo,2026-06-13,Orlando,FL,Controls And Components,controlsandcomponents.com,,,,,,,,
Electro-Mechanical Authority (EASA) Conventions & Solutions Expo 2026,The Electro-Mechanical Authority (EASA) Conventions + Solutions Expo,2026-06-13,Orlando,FL,Chattanooga Industrial Motors,chattanoogaindustrialmotors.com,,,,,,,,
Electro-Mechanical Authority (EASA) Conventions & Solutions Expo 2026,The Electro-Mechanical Authority (EASA) Conventions + Solutions Expo,2026-06-13,Orlando,FL,MH&W International Corp.,mhw-intl.com,,,,,,,,
Electro-Mechanical Authority (EASA) Conventions & Solutions Expo 2026,The Electro-Mechanical Authority (EASA) Conventions + Solutions Expo,2026-06-13,Orlando,FL,"Precision Electric, Inc.",precision-elec.com,,,,,,,,
Electro-Mechanical Authority (EASA) Conventions & Solutions Expo 2026,The Electro-Mechanical Authority (EASA) Conventions + Solutions Expo,2026-06-13,Orlando,FL,"Stewart's Electric Motor Works, Inc.",semw.net,,,,,YES,campaign-P2,S7,YES
Electro-Mechanical Authority (EASA) Conventions & Solutions Expo 2026,The Electro-Mechanical Authority (EASA) Conventions + Solutions Expo,2026-06-13,Orlando,FL,Telco Intercontinental Corporation,telcointercon.com,,,,,,,,
Electro-Mechanical Authority (EASA) Conventions & Solutions Expo 2026,The Electro-Mechanical Authority (EASA) Conventions + Solutions Expo,2026-06-13,Orlando,FL,Seal Distributors Inc,sealdistributors.com,,,,,,,,
Electro-Mechanical Authority (EASA) Conventions & Solutions Expo 2026,The Electro-Mechanical Authority (EASA) Conventions + Solutions Expo,2026-06-13,Orlando,FL,McGilvra Electric,mcgilvraelectric.com,,,,,,,,
Electro-Mechanical Authority (EASA) Conventions & Solutions Expo 2026,The Electro-Mechanical Authority (EASA) Conventions + Solutions Expo,2026-06-13,Orlando,FL,Dings Co.,dingsbrakes.com,,,,,,,,
Electro-Mechanical Authority (EASA) Conventions & Solutions Expo 2026,The Electro-Mechanical Authority (EASA) Conventions + Solutions Expo,2026-06-13,Orlando,FL,Spring Point,springpt.com,,,,,,,,
Electro-Mechanical Authority (EASA) Conventions & Solutions Expo 2026,The Electro-Mechanical Authority (EASA) Conventions + Solutions Expo,2026-06-13,Orlando,FL,Reed Electric Company,reedelectric.com,,,,,,,,
Electro-Mechanical Authority (EASA) Conventions & Solutions Expo 2026,The Electro-Mechanical Authority (EASA) Conventions + Solutions Expo,2026-06-13,Orlando,FL,Tatung,tatung.com,,,,,,,,
Electro-Mechanical Authority (EASA) Conventions & Solutions Expo 2026,The Electro-Mechanical Authority (EASA) Conventions + Solutions Expo,2026-06-13,Orlando,FL,"Eemsco, Inc.",eemsco.com,,,,,YES,campaign-P2,S7,YES
Electro-Mechanical Authority (EASA) Conventions & Solutions Expo 2026,The Electro-Mechanical Authority (EASA) Conventions + Solutions Expo,2026-06-13,Orlando,FL,"Sidewinders, LLC.",sidewindersllc.com,,,,,YES,campaign-P2,S7,YES
Electro-Mechanical Authority (EASA) Conventions & Solutions Expo 2026,The Electro-Mechanical Authority (EASA) Conventions + Solutions Expo,2026-06-13,Orlando,FL,"HCP Pumps America, Inc.",hcppumpsofamerica.com,,,,,,,,
Electro-Mechanical Authority (EASA) Conventions & Solutions Expo 2026,The Electro-Mechanical Authority (EASA) Conventions + Solutions Expo,2026-06-13,Orlando,FL,Southern Winding Services,southernwinding.com,,,,,YES,campaign-P2,S7,YES
Electro-Mechanical Authority (EASA) Conventions & Solutions Expo 2026,The Electro-Mechanical Authority (EASA) Conventions + Solutions Expo,2026-06-13,Orlando,FL,Verona Industrial Equipment LLC,veronaie.com,,,,,,,,
Electro-Mechanical Authority (EASA) Conventions & Solutions Expo 2026,The Electro-Mechanical Authority (EASA) Conventions + Solutions Expo,2026-06-13,Orlando,FL,Infraspection Institute,infraspection.com,,,,,,,,
Electro-Mechanical Authority (EASA) Conventions & Solutions Expo 2026,The Electro-Mechanical Authority (EASA) Conventions + Solutions Expo,2026-06-13,Orlando,FL,Nidec,nidec.com,,,,,,,,
Electro-Mechanical Authority (EASA) Conventions & Solutions Expo 2026,The Electro-Mechanical Authority (EASA) Conventions + Solutions Expo,2026-06-13,Orlando,FL,VFDs.com,vfds.com,,,,,,,,
Electro-Mechanical Authority (EASA) Conventions & Solutions Expo 2026,The Electro-Mechanical Authority (EASA) Conventions + Solutions Expo,2026-06-13,Orlando,FL,Electric Motor Repair Inc.,emr-mn.com,,,,,,,,
Electro-Mechanical Authority (EASA) Conventions & Solutions Expo 2026,The Electro-Mechanical Authority (EASA) Conventions + Solutions Expo,2026-06-13,Orlando,FL,"Test Products International, Inc",testproductsintl.com,,,,,,,,
Electro-Mechanical Authority (EASA) Conventions & Solutions Expo 2026,The Electro-Mechanical Authority (EASA) Conventions + Solutions Expo,2026-06-13,Orlando,FL,Superior Services LLC,superiorservicesllc.com,,,,,,,,
Electro-Mechanical Authority (EASA) Conventions & Solutions Expo 2026,The Electro-Mechanical Authority (EASA) Conventions + Solutions Expo,2026-06-13,Orlando,FL,Rogers Equipment Sales Inc.,rogersequip.com,,,,,,,,
Electro-Mechanical Authority (EASA) Conventions & Solutions Expo 2026,The Electro-Mechanical Authority (EASA) Conventions + Solutions Expo,2026-06-13,Orlando,FL,"United Industrial Group, Inc.",uigcorp.com,,,,,YES,campaign-P2,S7,YES
Electro-Mechanical Authority (EASA) Conventions & Solutions Expo 2026,The Electro-Mechanical Authority (EASA) Conventions + Solutions Expo,2026-06-13,Orlando,FL,riemr,riemr.com,,,,,YES,campaign-Nurture,S7,YES
Electro-Mechanical Authority (EASA) Conventions & Solutions Expo 2026,The Electro-Mechanical Authority (EASA) Conventions + Solutions Expo,2026-06-13,Orlando,FL,The Association of Electrical and Mechanical Trades (AEMT),theaemt.com,"York, UK",17,,1945,,,,
Electro-Mechanical Authority (EASA) Conventions & Solutions Expo 2026,The Electro-Mechanical Authority (EASA) Conventions + Solutions Expo,2026-06-13,Orlando,FL,A&C Electric Company,acelectricmotorservice.com,"Warren, MI",17,Bootstrapped,1967,,,,
Electro-Mechanical Authority (EASA) Conventions & Solutions Expo 2026,The Electro-Mechanical Authority (EASA) Conventions + Solutions Expo,2026-06-13,Orlando,FL,Ace Viking Electric Motor Co,aceviking.com,"Erie, PA",16,Bootstrapped,1988,YES,campaign-Nurture,S7,YES
Electro-Mechanical Authority (EASA) Conventions & Solutions Expo 2026,The Electro-Mechanical Authority (EASA) Conventions + Solutions Expo,2026-06-13,Orlando,FL,Samatic,samatic.com,"Fayetteville, NY",16,Bootstrapped,,,,,
Electro-Mechanical Authority (EASA) Conventions & Solutions Expo 2026,The Electro-Mechanical Authority (EASA) Conventions + Solutions Expo,2026-06-13,Orlando,FL,"Gateway Engineering, Inc.",gatewayeng.com,"Clovis, CA",16,Bootstrapped,2006,,,,
Electro-Mechanical Authority (EASA) Conventions & Solutions Expo 2026,The Electro-Mechanical Authority (EASA) Conventions + Solutions Expo,2026-06-13,Orlando,FL,Motor Diagnostic Systems Inc,motordiagnosticsystems.com,,,,,,,,
Electro-Mechanical Authority (EASA) Conventions & Solutions Expo 2026,The Electro-Mechanical Authority (EASA) Conventions + Solutions Expo,2026-06-13,Orlando,FL,Jemco-Maxair,jemco-maxair.com,,,,,,,,
Electro-Mechanical Authority (EASA) Conventions & Solutions Expo 2026,The Electro-Mechanical Authority (EASA) Conventions + Solutions Expo,2026-06-13,Orlando,FL,Universal Coil Mfr,universalcoil.com,,,,,,,,
Electro-Mechanical Authority (EASA) Conventions & Solutions Expo 2026,The Electro-Mechanical Authority (EASA) Conventions + Solutions Expo,2026-06-13,Orlando,FL,Reliable Pump & Motor,rpmindustrial.com,,,,,,,,
Electro-Mechanical Authority (EASA) Conventions & Solutions Expo 2026,The Electro-Mechanical Authority (EASA) Conventions + Solutions Expo,2026-06-13,Orlando,FL,OMEC Electric,omecelectric.com,,,,,,,,
Electro-Mechanical Authority (EASA) Conventions & Solutions Expo 2026,The Electro-Mechanical Authority (EASA) Conventions + Solutions Expo,2026-06-13,Orlando,FL,Phase Electric Motors,phaseelectric.com,,,,,,,,
Electro-Mechanical Authority (EASA) Conventions & Solutions Expo 2026,The Electro-Mechanical Authority (EASA) Conventions + Solutions Expo,2026-06-13,Orlando,FL,"Bundy Group, LLC",bundygroup.com,,,,,,,,
Electro-Mechanical Authority (EASA) Conventions & Solutions Expo 2026,The Electro-Mechanical Authority (EASA) Conventions + Solutions Expo,2026-06-13,Orlando,FL,ECO Burn-Off Ovens,ecoburnoff.com,,,,,,,,
Electro-Mechanical Authority (EASA) Conventions & Solutions Expo 2026,The Electro-Mechanical Authority (EASA) Conventions + Solutions Expo,2026-06-13,Orlando,FL,Eastland Industries Limited,eimotors.com,,,,,,,,
Electro-Mechanical Authority (EASA) Conventions & Solutions Expo 2026,The Electro-Mechanical Authority (EASA) Conventions + Solutions Expo,2026-06-13,Orlando,FL,Owensboro Electric Motor,owensboroelectricmotor.com,,,,,YES,campaign-Nurture,S7,YES
Electro-Mechanical Authority (EASA) Conventions & Solutions Expo 2026,The Electro-Mechanical Authority (EASA) Conventions + Solutions Expo,2026-06-13,Orlando,FL,East Coast Electrical Equipment Company,eastcoastmotor.com,,,,,,,,
Electro-Mechanical Authority (EASA) Conventions & Solutions Expo 2026,The Electro-Mechanical Authority (EASA) Conventions + Solutions Expo,2026-06-13,Orlando,FL,Accelerated Solutions,acceleratedsolutions.com,,,,,,,,
Electro-Mechanical Authority (EASA) Conventions & Solutions Expo 2026,The Electro-Mechanical Authority (EASA) Conventions + Solutions Expo,2026-06-13,Orlando,FL,Laser Technologies Inc.,lasertechnologiesinc.com,,,,,,,,
Electro-Mechanical Authority (EASA) Conventions & Solutions Expo 2026,The Electro-Mechanical Authority (EASA) Conventions + Solutions Expo,2026-06-13,Orlando,FL,Wilde Electric Motors,wildeelectricmotors.com,,,,,YES,campaign-Nurture,S7,YES
Electro-Mechanical Authority (EASA) Conventions & Solutions Expo 2026,The Electro-Mechanical Authority (EASA) Conventions + Solutions Expo,2026-06-13,Orlando,FL,Daily Electric Motor Inc,dailyelectricmotor.net,,,,,,,,
Electro-Mechanical Authority (EASA) Conventions & Solutions Expo 2026,The Electro-Mechanical Authority (EASA) Conventions + Solutions Expo,2026-06-13,Orlando,FL,Octava Engineering,octavaengineering.com,,,,,,,,
Electro-Mechanical Authority (EASA) Conventions & Solutions Expo 2026,The Electro-Mechanical Authority (EASA) Conventions + Solutions Expo,2026-06-13,Orlando,FL,Wyse Electric Motor Repair,wyseemr.com,,,,,,,,
Electro-Mechanical Authority (EASA) Conventions & Solutions Expo 2026,The Electro-Mechanical Authority (EASA) Conventions + Solutions Expo,2026-06-13,Orlando,FL,4X Diagnostics,4xdiagnostics.com,,,,,,,,
Electro-Mechanical Authority (EASA) Conventions & Solutions Expo 2026,The Electro-Mechanical Authority (EASA) Conventions + Solutions Expo,2026-06-13,Orlando,FL,EMI power & automation,emipower.net,,,,,,,,
Electro-Mechanical Authority (EASA) Conventions & Solutions Expo 2026,The Electro-Mechanical Authority (EASA) Conventions + Solutions Expo,2026-06-13,Orlando,FL,OpX Solutions,opxsolutionsllc.com,,,,,,,,
Electro-Mechanical Authority (EASA) Conventions & Solutions Expo 2026,The Electro-Mechanical Authority (EASA) Conventions + Solutions Expo,2026-06-13,Orlando,FL,Warden Electric Co,wardenelectric.com,,,,,YES,campaign-Nurture,S7,YES
Electro-Mechanical Authority (EASA) Conventions & Solutions Expo 2026,The Electro-Mechanical Authority (EASA) Conventions + Solutions Expo,2026-06-13,Orlando,FL,"Mitchell Electronics, Inc.",mitchell-electronics.com,,,,,,,,
Electro-Mechanical Authority (EASA) Conventions & Solutions Expo 2026,The Electro-Mechanical Authority (EASA) Conventions + Solutions Expo,2026-06-13,Orlando,FL,MotorDocLLC,motordoc.com,,,,,,,,
Electro-Mechanical Authority (EASA) Conventions & Solutions Expo 2026,The Electro-Mechanical Authority (EASA) Conventions + Solutions Expo,2026-06-13,Orlando,FL,Advance Electrical,advanceelectricalco.com,,,,,,,,
Electro-Mechanical Authority (EASA) Conventions & Solutions Expo 2026,The Electro-Mechanical Authority (EASA) Conventions + Solutions Expo,2026-06-13,Orlando,FL,SW Services,swservicesinc.com,,,,,,,,
Electro-Mechanical Authority (EASA) Conventions & Solutions Expo 2026,The Electro-Mechanical Authority (EASA) Conventions + Solutions Expo,2026-06-13,Orlando,FL,Connex Industrial Corp,go-connex.com,,,,,,,,
Electro-Mechanical Authority (EASA) Conventions & Solutions Expo 2026,The Electro-Mechanical Authority (EASA) Conventions + Solutions Expo,2026-06-13,Orlando,FL,Calumet Armature & Electric,calumetarmature.com,,,,,,,,
Electro-Mechanical Authority (EASA) Conventions & Solutions Expo 2026,The Electro-Mechanical Authority (EASA) Conventions + Solutions Expo,2026-06-13,Orlando,FL,Data Engenharia,data.com.br,,,,,,,,
Electro-Mechanical Authority (EASA) Conventions & Solutions Expo 2026,The Electro-Mechanical Authority (EASA) Conventions + Solutions Expo,2026-06-13,Orlando,FL,Bmr Usa,bmr-usa.com,,,,,,,,
Electro-Mechanical Authority (EASA) Conventions & Solutions Expo 2026,The Electro-Mechanical Authority (EASA) Conventions + Solutions Expo,2026-06-13,Orlando,FL,Moline Electric Motor & Machine Inc,molineelectric.com,,,,,,,,
Electro-Mechanical Authority (EASA) Conventions & Solutions Expo 2026,The Electro-Mechanical Authority (EASA) Conventions + Solutions Expo,2026-06-13,Orlando,FL,P&P Distributors Inc,ppdistributors.com,,,,,,,,
Electro-Mechanical Authority (EASA) Conventions & Solutions Expo 2026,The Electro-Mechanical Authority (EASA) Conventions + Solutions Expo,2026-06-13,Orlando,FL,TT Electric,ttelectricusa.com,,,,,,,,
Electro-Mechanical Authority (EASA) Conventions & Solutions Expo 2026,The Electro-Mechanical Authority (EASA) Conventions + Solutions Expo,2026-06-13,Orlando,FL,IER Services,ierservices.com,,,,,,,,
Electro-Mechanical Authority (EASA) Conventions & Solutions Expo 2026,The Electro-Mechanical Authority (EASA) Conventions + Solutions Expo,2026-06-13,Orlando,FL,WEG S.A.,weg.net,,,,,,,,
Electro-Mechanical Authority (EASA) Conventions & Solutions Expo 2026,The Electro-Mechanical Authority (EASA) Conventions + Solutions Expo,2026-06-13,Orlando,FL,Skyline Electric Company,skylineec.com,,,,,,,,
Electro-Mechanical Authority (EASA) Conventions & Solutions Expo 2026,The Electro-Mechanical Authority (EASA) Conventions + Solutions Expo,2026-06-13,Orlando,FL,Alternative Wire and Cable,altwc.com,,,,,,,,
Electro-Mechanical Authority (EASA) Conventions & Solutions Expo 2026,The Electro-Mechanical Authority (EASA) Conventions + Solutions Expo,2026-06-13,Orlando,FL,Mid-Kansas Winding,midkansaswinding.com,,,,,YES,campaign-Nurture,S7,YES
Electro-Mechanical Authority (EASA) Conventions & Solutions Expo 2026,The Electro-Mechanical Authority (EASA) Conventions + Solutions Expo,2026-06-13,Orlando,FL,Vaughen's Price Publishing CO,vaughens.com,,,,,,,,
Electro-Mechanical Authority (EASA) Conventions & Solutions Expo 2026,The Electro-Mechanical Authority (EASA) Conventions + Solutions Expo,2026-06-13,Orlando,FL,"Barks Publications, Inc.",barks.com,,,,,,,,
Electro-Mechanical Authority (EASA) Conventions & Solutions Expo 2026,The Electro-Mechanical Authority (EASA) Conventions + Solutions Expo,2026-06-13,Orlando,FL,Vibration Institute,vi-institute.org,,,,,,,,
Electro-Mechanical Authority (EASA) Conventions & Solutions Expo 2026,The Electro-Mechanical Authority (EASA) Conventions + Solutions Expo,2026-06-13,Orlando,FL,Ganz Transformers and Electric Rotating Machines Ltd.,ganzelectric.com,,,,,,,,
Electro-Mechanical Authority (EASA) Conventions & Solutions Expo 2026,The Electro-Mechanical Authority (EASA) Conventions + Solutions Expo,2026-06-13,Orlando,FL,Coiltec,coiltec.com,,,,,,,,
Electro-Mechanical Authority (EASA) Conventions & Solutions Expo 2026,The Electro-Mechanical Authority (EASA) Conventions + Solutions Expo,2026-06-13,Orlando,FL,Darnell Bearing,darnellbearing.com,,,,,,,,
Electro-Mechanical Authority (EASA) Conventions & Solutions Expo 2026,The Electro-Mechanical Authority (EASA) Conventions + Solutions Expo,2026-06-13,Orlando,FL,Martindale Electric Company,martindaleco.com,,,,,,,,
Electro-Mechanical Authority (EASA) Conventions & Solutions Expo 2026,The Electro-Mechanical Authority (EASA) Conventions + Solutions Expo,2026-06-13,Orlando,FL,Alpine Industrial Services,alpineindustrial.net,,,,,,,,
Electro-Mechanical Authority (EASA) Conventions & Solutions Expo 2026,The Electro-Mechanical Authority (EASA) Conventions + Solutions Expo,2026-06-13,Orlando,FL,Electric Motors and Drives,emd-inc.com,,,,,,,,
Electro-Mechanical Authority (EASA) Conventions & Solutions Expo 2026,The Electro-Mechanical Authority (EASA) Conventions + Solutions Expo,2026-06-13,Orlando,FL,Run 'Em Again Motors,runemagainmotors.com,,,,,,,,
Electro-Mechanical Authority (EASA) Conventions & Solutions Expo 2026,The Electro-Mechanical Authority (EASA) Conventions + Solutions Expo,2026-06-13,Orlando,FL,"Kevin Brown Enterprises, LLC",kevinbrownspeaks.com,,,,,,,,
Electro-Mechanical Authority (EASA) Conventions & Solutions Expo 2026,The Electro-Mechanical Authority (EASA) Conventions + Solutions Expo,2026-06-13,Orlando,FL,"Sales Professional Training, Inc.",salesprofessionaltraining.com,,,,,,,,
Electro-Mechanical Authority (EASA) Conventions & Solutions Expo 2026,The Electro-Mechanical Authority (EASA) Conventions + Solutions Expo,2026-06-13,Orlando,FL,"Greater Pump Management, Inc",greaterpumpmanagement.com,,,,,,,,
Electro-Mechanical Authority (EASA) Conventions & Solutions Expo 2026,The Electro-Mechanical Authority (EASA) Conventions + Solutions Expo,2026-06-13,Orlando,FL,A&A Electric Motors,aaelectricmotors.com,,,,,,,,
Electro-Mechanical Authority (EASA) Conventions & Solutions Expo 2026,The Electro-Mechanical Authority (EASA) Conventions + Solutions Expo,2026-06-13,Orlando,FL,ORANGE1 Holding,orange1.eu,,,,,,,,
Electro-Mechanical Authority (EASA) Conventions & Solutions Expo 2026,The Electro-Mechanical Authority (EASA) Conventions + Solutions Expo,2026-06-13,Orlando,FL,ELK Motor,elkmotor.com.tr,,,,,,,,
Electro-Mechanical Authority (EASA) Conventions & Solutions Expo 2026,The Electro-Mechanical Authority (EASA) Conventions + Solutions Expo,2026-06-13,Orlando,FL,Armada Inc,armadaintel.com,,,,,,,,
Electro-Mechanical Authority (EASA) Conventions & Solutions Expo 2026,The Electro-Mechanical Authority (EASA) Conventions + Solutions Expo,2026-06-13,Orlando,FL,Temple Electric Motor Service Inc,temple-ems.com,,,,,,,,
Electro-Mechanical Authority (EASA) Conventions & Solutions Expo 2026,The Electro-Mechanical Authority (EASA) Conventions + Solutions Expo,2026-06-13,Orlando,FL,Birr Machines Ltd.,birr-machines.com,,,,,,,,
Electro-Mechanical Authority (EASA) Conventions & Solutions Expo 2026,The Electro-Mechanical Authority (EASA) Conventions + Solutions Expo,2026-06-13,Orlando,FL,Bakker Repair+Services,bakker-repair.nl,,,,,,,,
Electro-Mechanical Authority (EASA) Conventions & Solutions Expo 2026,The Electro-Mechanical Authority (EASA) Conventions + Solutions Expo,2026-06-13,Orlando,FL,PARTZSCH Unternehmensgruppe,partzsch.de,,,,,,,,
Electro-Mechanical Authority (EASA) Conventions & Solutions Expo 2026,The Electro-Mechanical Authority (EASA) Conventions + Solutions Expo,2026-06-13,Orlando,FL,Avonmore Electrical Co. Ltd,avonmore-electrical.com,,,,,,,,
Electro-Mechanical Authority (EASA) Conventions & Solutions Expo 2026,The Electro-Mechanical Authority (EASA) Conventions + Solutions Expo,2026-06-13,Orlando,FL,Coil Partners,coilpartners.com,,,,,,,,
Electro-Mechanical Authority (EASA) Conventions & Solutions Expo 2026,The Electro-Mechanical Authority (EASA) Conventions + Solutions Expo,2026-06-13,Orlando,FL,BEM Testers,bemtesters.net,,,,,,,,
Electro-Mechanical Authority (EASA) Conventions & Solutions Expo 2026,The Electro-Mechanical Authority (EASA) Conventions + Solutions Expo,2026-06-13,Orlando,FL,Cincinnati Babbitt Bearing,cinbab.com,,,,,,,,
Electro-Mechanical Authority (EASA) Conventions & Solutions Expo 2026,The Electro-Mechanical Authority (EASA) Conventions + Solutions Expo,2026-06-13,Orlando,FL,EMTorq,emtorq.com,,,,,,,,
Electro-Mechanical Authority (EASA) Conventions & Solutions Expo 2026,The Electro-Mechanical Authority (EASA) Conventions + Solutions Expo,2026-06-13,Orlando,FL,MEMCO,memcodmv.com,,,,,,,,
Electro-Mechanical Authority (EASA) Conventions & Solutions Expo 2026,The Electro-Mechanical Authority (EASA) Conventions + Solutions Expo,2026-06-13,Orlando,FL,Avtron Encoders,nidec-avtronencoders.com,,,,,,,,
Electro-Mechanical Authority (EASA) Conventions & Solutions Expo 2026,The Electro-Mechanical Authority (EASA) Conventions + Solutions Expo,2026-06-13,Orlando,FL,Heartland Motors Inc.,heartland-motors.com,,,,,,,,
Electro-Mechanical Authority (EASA) Conventions & Solutions Expo 2026,The Electro-Mechanical Authority (EASA) Conventions + Solutions Expo,2026-06-13,Orlando,FL,Toledo Commutator Co,toledocommutator.com,,,,,,,,
Electro-Mechanical Authority (EASA) Conventions & Solutions Expo 2026,The Electro-Mechanical Authority (EASA) Conventions + Solutions Expo,2026-06-13,Orlando,FL,Nelson Ele,nelsonele.com,,,,,YES,campaign-P2,S7,YES
Electro-Mechanical Authority (EASA) Conventions & Solutions Expo 2026,The Electro-Mechanical Authority (EASA) Conventions + Solutions Expo,2026-06-13,Orlando,FL,West State Electric,west-state.net,,,,,,,,
Electro-Mechanical Authority (EASA) Conventions & Solutions Expo 2026,The Electro-Mechanical Authority (EASA) Conventions + Solutions Expo,2026-06-13,Orlando,FL,Bailey Surplus,bailey-surplus.com,,,,,,,,
Electro-Mechanical Authority (EASA) Conventions & Solutions Expo 2026,The Electro-Mechanical Authority (EASA) Conventions + Solutions Expo,2026-06-13,Orlando,FL,Cal Co Companies,calcocompanies.com,,,,,,,,
Electro-Mechanical Authority (EASA) Conventions & Solutions Expo 2026,The Electro-Mechanical Authority (EASA) Conventions + Solutions Expo,2026-06-13,Orlando,FL,Coral Engineering Works,coralengineeringworks.com,,,,,,,,
Electro-Mechanical Authority (EASA) Conventions & Solutions Expo 2026,The Electro-Mechanical Authority (EASA) Conventions + Solutions Expo,2026-06-13,Orlando,FL,AtlasElektro,atlaselektro.com,,,,,,,,
Electro-Mechanical Authority (EASA) Conventions & Solutions Expo 2026,The Electro-Mechanical Authority (EASA) Conventions + Solutions Expo,2026-06-13,Orlando,FL,Wavepoint Growth Strategies,wavepoint.net,,,,,,,,
Electro-Mechanical Authority (EASA) Conventions & Solutions Expo 2026,The Electro-Mechanical Authority (EASA) Conventions + Solutions Expo,2026-06-13,Orlando,FL,Manville Motor,manvillesolutions.com,,,,,,,,
Electro-Mechanical Authority (EASA) Conventions & Solutions Expo 2026,The Electro-Mechanical Authority (EASA) Conventions + Solutions Expo,2026-06-13,Orlando,FL,Brooks Motor and Electric,brooksmotorandelectric.com,,,,,,,,
Electro-Mechanical Authority (EASA) Conventions & Solutions Expo 2026,The Electro-Mechanical Authority (EASA) Conventions + Solutions Expo,2026-06-13,Orlando,FL,"Servo Solutions, Inc.",servosolutionsinc.com,,,,,,,,
Electro-Mechanical Authority (EASA) Conventions & Solutions Expo 2026,The Electro-Mechanical Authority (EASA) Conventions + Solutions Expo,2026-06-13,Orlando,FL,Jasper Electric Motors,jasperelectricmotorsinc.com,,,,,,,,
Electro-Mechanical Authority (EASA) Conventions & Solutions Expo 2026,The Electro-Mechanical Authority (EASA) Conventions + Solutions Expo,2026-06-13,Orlando,FL,Quality Bearings Belts and Roller Chain,qualitybearingsbeltsandchain.com,,,,,,,,
Electro-Mechanical Authority (EASA) Conventions & Solutions Expo 2026,The Electro-Mechanical Authority (EASA) Conventions + Solutions Expo,2026-06-13,Orlando,FL,Drekan-Group,drekan.com,,,,,,,,
Electro-Mechanical Authority (EASA) Conventions & Solutions Expo 2026,The Electro-Mechanical Authority (EASA) Conventions + Solutions Expo,2026-06-13,Orlando,FL,Menzel Elektromotoren,menzel-motors.com,,,,,,,,
Electro-Mechanical Authority (EASA) Conventions & Solutions Expo 2026,The Electro-Mechanical Authority (EASA) Conventions + Solutions Expo,2026-06-13,Orlando,FL,"Suzhou Volsun Electronics Technology Co.,Ltd",szvolsun.com,,,,,,,,
Electro-Mechanical Authority (EASA) Conventions & Solutions Expo 2026,The Electro-Mechanical Authority (EASA) Conventions + Solutions Expo,2026-06-13,Orlando,FL,Royal Diamond,royal-insulation.com,,,,,,,,
Electro-Mechanical Authority (EASA) Conventions & Solutions Expo 2026,The Electro-Mechanical Authority (EASA) Conventions + Solutions Expo,2026-06-13,Orlando,FL,VMF,vmfspa.it,,,,,,,,
Electro-Mechanical Authority (EASA) Conventions & Solutions Expo 2026,The Electro-Mechanical Authority (EASA) Conventions + Solutions Expo,2026-06-13,Orlando,FL,Lm 1947,lm1947.com,,,,,,,,
Electro-Mechanical Authority (EASA) Conventions & Solutions Expo 2026,The Electro-Mechanical Authority (EASA) Conventions + Solutions Expo,2026-06-13,Orlando,FL,Continental Electrical Motor Services,continental-electric.com,,,,,,,,
Electro-Mechanical Authority (EASA) Conventions & Solutions Expo 2026,The Electro-Mechanical Authority (EASA) Conventions + Solutions Expo,2026-06-13,Orlando,FL,Guspro Inc.,guspro.com,,,,,,,,
Electro-Mechanical Authority (EASA) Conventions & Solutions Expo 2026,The Electro-Mechanical Authority (EASA) Conventions + Solutions Expo,2026-06-13,Orlando,FL,Electrowind,electro-wind.com,,,,,,,,
Electro-Mechanical Authority (EASA) Conventions & Solutions Expo 2026,The Electro-Mechanical Authority (EASA) Conventions + Solutions Expo,2026-06-13,Orlando,FL,Electric Motor Coil Co.,emccltd.ca,,,,,,,,
Electro-Mechanical Authority (EASA) Conventions & Solutions Expo 2026,The Electro-Mechanical Authority (EASA) Conventions + Solutions Expo,2026-06-13,Orlando,FL,Lafert North America,lafertna.com,,,,,,,,
Electro-Mechanical Authority (EASA) Conventions & Solutions Expo 2026,The Electro-Mechanical Authority (EASA) Conventions + Solutions Expo,2026-06-13,Orlando,FL,"Rimes Electro Mecanica, C.A.",rimes.com.ve,,,,,,,,
Electro-Mechanical Authority (EASA) Conventions & Solutions Expo 2026,The Electro-Mechanical Authority (EASA) Conventions + Solutions Expo,2026-06-13,Orlando,FL,West Fraser Electro/Mechanical,west-fraser.com,,,,,,,,
Electro-Mechanical Authority (EASA) Conventions & Solutions Expo 2026,The Electro-Mechanical Authority (EASA) Conventions + Solutions Expo,2026-06-13,Orlando,FL,Mep-Drives-Limited,mep.ca,,,,,,,,
Electro-Mechanical Authority (EASA) Conventions & Solutions Expo 2026,The Electro-Mechanical Authority (EASA) Conventions + Solutions Expo,2026-06-13,Orlando,FL,Neutronic Technologies,neutronictechnologies.com,,,,,,,,
Electro-Mechanical Authority (EASA) Conventions & Solutions Expo 2026,The Electro-Mechanical Authority (EASA) Conventions + Solutions Expo,2026-06-13,Orlando,FL,CPM Engineering,cpm-uk.com,,,,,,,,
Electro-Mechanical Authority (EASA) Conventions & Solutions Expo 2026,The Electro-Mechanical Authority (EASA) Conventions + Solutions Expo,2026-06-13,Orlando,FL,Stockdales Electric Motor Corporation,semc.ca,"Saskatoon, Canada",30,Private Subsidiary,1981,,,,
Electro-Mechanical Authority (EASA) Conventions & Solutions Expo 2026,The Electro-Mechanical Authority (EASA) Conventions + Solutions Expo,2026-06-13,Orlando,FL,West Coast Rewind,wcrewind.com.au,"Perth, Australia",28,Bootstrapped,,,,,
Electro-Mechanical Authority (EASA) Conventions & Solutions Expo 2026,The Electro-Mechanical Authority (EASA) Conventions + Solutions Expo,2026-06-13,Orlando,FL,Armature Electric Ltd.,armatureelectric.com,"Burnaby, Canada",26,Bootstrapped,1929,,,,
Electro-Mechanical Authority (EASA) Conventions & Solutions Expo 2026,The Electro-Mechanical Authority (EASA) Conventions + Solutions Expo,2026-06-13,Orlando,FL,Eura Drives Flagship Products,euradrives.com,"Yantai Shi, China",22,Bootstrapped,,,,,
Electro-Mechanical Authority (EASA) Conventions & Solutions Expo 2026,The Electro-Mechanical Authority (EASA) Conventions + Solutions Expo,2026-06-13,Orlando,FL,Milbank Industrial Electric,milbank.co.nz,"Kawerau, New Zealand",21,Bootstrapped,,,,,
Electro-Mechanical Authority (EASA) Conventions & Solutions Expo 2026,The Electro-Mechanical Authority (EASA) Conventions + Solutions Expo,2026-06-13,Orlando,FL,Lehmus,lehmus.pt,,,,,,,,
Electro-Mechanical Authority (EASA) Conventions & Solutions Expo 2026,The Electro-Mechanical Authority (EASA) Conventions + Solutions Expo,2026-06-13,Orlando,FL,Lekter Industrial Services Inc,lekter.net,,,,,,,,
Electro-Mechanical Authority (EASA) Conventions & Solutions Expo 2026,The Electro-Mechanical Authority (EASA) Conventions + Solutions Expo,2026-06-13,Orlando,FL,Bater Electric Ltd,baterelectric.com,,,,,,,,
Electro-Mechanical Authority (EASA) Conventions & Solutions Expo 2026,The Electro-Mechanical Authority (EASA) Conventions + Solutions Expo,2026-06-13,Orlando,FL,FD México,fdmexico.com,,,,,,,,
Electro-Mechanical Authority (EASA) Conventions & Solutions Expo 2026,The Electro-Mechanical Authority (EASA) Conventions + Solutions Expo,2026-06-13,Orlando,FL,SeymourSmith Electric,seymoursmith.com,,,,,,,,
Electro-Mechanical Authority (EASA) Conventions & Solutions Expo 2026,The Electro-Mechanical Authority (EASA) Conventions + Solutions Expo,2026-06-13,Orlando,FL,Grupo CF Querétaro,grupocf.com.mx,,,,,,,,
Electro-Mechanical Authority (EASA) Conventions & Solutions Expo 2026,The Electro-Mechanical Authority (EASA) Conventions + Solutions Expo,2026-06-13,Orlando,FL,Aaki Corp,aaki.ca,,,,,,,,
Electro-Mechanical Authority (EASA) Conventions & Solutions Expo 2026,The Electro-Mechanical Authority (EASA) Conventions + Solutions Expo,2026-06-13,Orlando,FL,Murray Hydronics Limited,murrayhydronics.com,,,,,,,,
Electro-Mechanical Authority (EASA) Conventions & Solutions Expo 2026,The Electro-Mechanical Authority (EASA) Conventions + Solutions Expo,2026-06-13,Orlando,FL,EMiR Software provided by Solutions in I.T.,solutionsinit.com,,,,,,,,
Electro-Mechanical Authority (EASA) Conventions & Solutions Expo 2026,The Electro-Mechanical Authority (EASA) Conventions + Solutions Expo,2026-06-13,Orlando,FL,Insta Controls,instacontrols.com,,,,,,,,
Electro-Mechanical Authority (EASA) Conventions & Solutions Expo 2026,The Electro-Mechanical Authority (EASA) Conventions + Solutions Expo,2026-06-13,Orlando,FL,Carbon Brush Supply,carbonbrushsupply.com,,,,,,,,
Electro-Mechanical Authority (EASA) Conventions & Solutions Expo 2026,The Electro-Mechanical Authority (EASA) Conventions + Solutions Expo,2026-06-13,Orlando,FL,Madison,madison.ca,,,,,,,,
Electro-Mechanical Authority (EASA) Conventions & Solutions Expo 2026,The Electro-Mechanical Authority (EASA) Conventions + Solutions Expo,2026-06-13,Orlando,FL,"Anhui Wannan Electric Machine Co., Ltd.",wannanmotor.net,,,,,,,,
Electro-Mechanical Authority (EASA) Conventions & Solutions Expo 2026,The Electro-Mechanical Authority (EASA) Conventions + Solutions Expo,2026-06-13,Orlando,FL,"Shenzhen Xingte Technology Co., Ltd",xingtekj.com,,,,,,,,
Electro-Mechanical Authority (EASA) Conventions & Solutions Expo 2026,The Electro-Mechanical Authority (EASA) Conventions + Solutions Expo,2026-06-13,Orlando,FL,Keliang.Com,keliang.com,,,,,,,,
Electro-Mechanical Authority (EASA) Conventions & Solutions Expo 2026,The Electro-Mechanical Authority (EASA) Conventions + Solutions Expo,2026-06-13,Orlando,FL,Shandong Sunvim Motor Co.,sunvimmotor.com,,,,,,,,
Electro-Mechanical Authority (EASA) Conventions & Solutions Expo 2026,The Electro-Mechanical Authority (EASA) Conventions + Solutions Expo,2026-06-13,Orlando,FL,Areurmot,areurmot.com,,,,,,,,
Electro-Mechanical Authority (EASA) Conventions & Solutions Expo 2026,The Electro-Mechanical Authority (EASA) Conventions + Solutions Expo,2026-06-13,Orlando,FL,Rotary Electrical,rotaryelectrical.co.uk,,,,,,,,
Electro-Mechanical Authority (EASA) Conventions & Solutions Expo 2026,The Electro-Mechanical Authority (EASA) Conventions + Solutions Expo,2026-06-13,Orlando,FL,Hrbobinados,hrbobinados.com,,,,,,,,
Electro-Mechanical Authority (EASA) Conventions & Solutions Expo 2026,The Electro-Mechanical Authority (EASA) Conventions + Solutions Expo,2026-06-13,Orlando,FL,Ltesas,ltesas.com,,,,,,,,
Electro-Mechanical Authority (EASA) Conventions & Solutions Expo 2026,The Electro-Mechanical Authority (EASA) Conventions + Solutions Expo,2026-06-13,Orlando,FL,Motoresconcepcion,motoresconcepcion.cl,,,,,,,,
Electro-Mechanical Authority (EASA) Conventions & Solutions Expo 2026,The Electro-Mechanical Authority (EASA) Conventions + Solutions Expo,2026-06-13,Orlando,FL,Sertekglobal.Com.Mx,sertekglobal.com.mx,,,,,,,,
Electro-Mechanical Authority (EASA) Conventions & Solutions Expo 2026,The Electro-Mechanical Authority (EASA) Conventions + Solutions Expo,2026-06-13,Orlando,FL,Emrconsulting.No,emrconsulting.no,,,,,,,,
Electro-Mechanical Authority (EASA) Conventions & Solutions Expo 2026,The Electro-Mechanical Authority (EASA) Conventions + Solutions Expo,2026-06-13,Orlando,FL,Kamcosales.Net,kamcosales.net,,,,,,,,
Electro-Mechanical Authority (EASA) Conventions & Solutions Expo 2026,The Electro-Mechanical Authority (EASA) Conventions + Solutions Expo,2026-06-13,Orlando,FL,Green Group Llc,greengrouppr.com,,,,,,,,
Electro-Mechanical Authority (EASA) Conventions & Solutions Expo 2026,The Electro-Mechanical Authority (EASA) Conventions + Solutions Expo,2026-06-13,Orlando,FL,Larry Electric,larryelectric.ca,,,,,,,,
Electro-Mechanical Authority (EASA) Conventions & Solutions Expo 2026,The Electro-Mechanical Authority (EASA) Conventions + Solutions Expo,2026-06-13,Orlando,FL,TMR Electric Motor Rewind,tismtrrewind.com,,,,,,,,
Electro-Mechanical Authority (EASA) Conventions & Solutions Expo 2026,The Electro-Mechanical Authority (EASA) Conventions + Solutions Expo,2026-06-13,Orlando,FL,Houghton International,houghton-international.com,,,,,,,,
Electro-Mechanical Authority (EASA) Conventions & Solutions Expo 2026,The Electro-Mechanical Authority (EASA) Conventions + Solutions Expo,2026-06-13,Orlando,FL,Complete Electric,completeelectric.ca,,,,,,,,
Electro-Mechanical Authority (EASA) Conventions & Solutions Expo 2026,The Electro-Mechanical Authority (EASA) Conventions + Solutions Expo,2026-06-13,Orlando,FL,"Glong Electric Co., Ltd.",glong-motor.com,,,,,,,,
Electro-Mechanical Authority (EASA) Conventions & Solutions Expo 2026,The Electro-Mechanical Authority (EASA) Conventions + Solutions Expo,2026-06-13,Orlando,FL,Yen Shen Electric,yen-shen.com,,,,,,,,
Transmission & Substation Design & Operation Symposium (TSDOS) 2022,Transmission & Substation Design & Operation Symposium (TSDOS),2022-09-07,Frisco,TX,GE Vernova Inc.,gevernova.com,"Cambridge, MA",237540,Public,2022,,,,
Transmission & Substation Design & Operation Symposium (TSDOS) 2022,Transmission & Substation Design & Operation Symposium (TSDOS),2022-09-07,Frisco,TX,Kiewit Corp.,kiewit.com,"Omaha, NE",121330,Bootstrapped,1884,,,,
Transmission & Substation Design & Operation Symposium (TSDOS) 2022,Transmission & Substation Design & Operation Symposium (TSDOS),2022-09-07,Frisco,TX,3M Company,3m.com,"Saint Paul, MN",94469,Public,1902,,,,
Transmission & Substation Design & Operation Symposium (TSDOS) 2022,Transmission & Substation Design & Operation Symposium (TSDOS),2022-09-07,Frisco,TX,Stantec Inc.,stantec.com,"Edmonton, Canada",52766,Public,1954,,,,
Transmission & Substation Design & Operation Symposium (TSDOS) 2022,Transmission & Substation Design & Operation Symposium (TSDOS),2022-09-07,Frisco,TX,"United Rentals, Inc.",unitedrentals.com,"Stamford, CT",45059,Public,1997,,,,
Transmission & Substation Design & Operation Symposium (TSDOS) 2022,Transmission & Substation Design & Operation Symposium (TSDOS),2022-09-07,Frisco,TX,DNV AS,dnv.com,,,,,,,,
Transmission & Substation Design & Operation Symposium (TSDOS) 2022,Transmission & Substation Design & Operation Symposium (TSDOS),2022-09-07,Frisco,TX,"Leidos, Inc.",leidos.com,,,,,,,,
Transmission & Substation Design & Operation Symposium (TSDOS) 2022,Transmission & Substation Design & Operation Symposium (TSDOS),2022-09-07,Frisco,TX,HDR Inc.,hdrinc.com,,,,,,,,
Transmission & Substation Design & Operation Symposium (TSDOS) 2022,Transmission & Substation Design & Operation Symposium (TSDOS),2022-09-07,Frisco,TX,"Wesco International, Inc.",wesco.com,,,,,,,,
Transmission & Substation Design & Operation Symposium (TSDOS) 2022,Transmission & Substation Design & Operation Symposium (TSDOS),2022-09-07,Frisco,TX,Hubbell Incorporated,hubbell.com,,,,,,,,
Transmission & Substation Design & Operation Symposium (TSDOS) 2022,Transmission & Substation Design & Operation Symposium (TSDOS),2022-09-07,Frisco,TX,Black & Veatch,bv.com,,,,,,,,
Transmission & Substation Design & Operation Symposium (TSDOS) 2022,Transmission & Substation Design & Operation Symposium (TSDOS),2022-09-07,Frisco,TX,"Southwire Company, LLC.",southwire.com,,,,,,,,
Transmission & Substation Design & Operation Symposium (TSDOS) 2022,Transmission & Substation Design & Operation Symposium (TSDOS),2022-09-07,Frisco,TX,ICF International Inc.,icf.com,,,,,,,,
Transmission & Substation Design & Operation Symposium (TSDOS) 2022,Transmission & Substation Design & Operation Symposium (TSDOS),2022-09-07,Frisco,TX,"Osmose Pty., Ltd.",osmose.com,,,,,,,,
Transmission & Substation Design & Operation Symposium (TSDOS) 2022,Transmission & Substation Design & Operation Symposium (TSDOS),2022-09-07,Frisco,TX,TRC,trccompanies.com,,,,,,,,
Transmission & Substation Design & Operation Symposium (TSDOS) 2022,Transmission & Substation Design & Operation Symposium (TSDOS),2022-09-07,Frisco,TX,Pike Corp.,pike.com,,,,,,,,
Transmission & Substation Design & Operation Symposium (TSDOS) 2022,Transmission & Substation Design & Operation Symposium (TSDOS),2022-09-07,Frisco,TX,"Terracon Consultants, Inc. (Terracon)",terracon.com,,,,,,,,
Transmission & Substation Design & Operation Symposium (TSDOS) 2022,Transmission & Substation Design & Operation Symposium (TSDOS),2022-09-07,Frisco,TX,Prolec Energy,prolec.energy,,,,,,,,
Transmission & Substation Design & Operation Symposium (TSDOS) 2022,Transmission & Substation Design & Operation Symposium (TSDOS),2022-09-07,Frisco,TX,LCRA,lcra.org,,,,,,,,
Transmission & Substation Design & Operation Symposium (TSDOS) 2022,Transmission & Substation Design & Operation Symposium (TSDOS),2022-09-07,Frisco,TX,"Electrical Consultants, Inc. (ECI)",eciusa.com,,,,,,,,
Transmission & Substation Design & Operation Symposium (TSDOS) 2022,Transmission & Substation Design & Operation Symposium (TSDOS),2022-09-07,Frisco,TX,"Sabre Industries, Inc.",sabreindustries.com,,,,,,,,
Transmission & Substation Design & Operation Symposium (TSDOS) 2022,Transmission & Substation Design & Operation Symposium (TSDOS),2022-09-07,Frisco,TX,Dashiell Corporation,dashiell.com,,,,,,,,
Transmission & Substation Design & Operation Symposium (TSDOS) 2022,Transmission & Substation Design & Operation Symposium (TSDOS),2022-09-07,Frisco,TX,Vaisala,vaisala.com,,,,,,,,
Transmission & Substation Design & Operation Symposium (TSDOS) 2022,Transmission & Substation Design & Operation Symposium (TSDOS),2022-09-07,Frisco,TX,Austin Energy,austinenergy.com,,,,,,,,
Transmission & Substation Design & Operation Symposium (TSDOS) 2022,Transmission & Substation Design & Operation Symposium (TSDOS),2022-09-07,Frisco,TX,Renewable Energy Systems (RES),res-group.com,,,,,,,,
Transmission & Substation Design & Operation Symposium (TSDOS) 2022,Transmission & Substation Design & Operation Symposium (TSDOS),2022-09-07,Frisco,TX,"Surveying And Mapping, LLC (SAM)",sam.biz,,,,,,,,
Transmission & Substation Design & Operation Symposium (TSDOS) 2022,Transmission & Substation Design & Operation Symposium (TSDOS),2022-09-07,Frisco,TX,Oncor Electric Delivery,oncor.com,,,,,,,,
Transmission & Substation Design & Operation Symposium (TSDOS) 2022,Transmission & Substation Design & Operation Symposium (TSDOS),2022-09-07,Frisco,TX,Olsson,olsson.com,,,,,,,,
Transmission & Substation Design & Operation Symposium (TSDOS) 2022,Transmission & Substation Design & Operation Symposium (TSDOS),2022-09-07,Frisco,TX,Michels Corporation,michels.us,,,,,,,,
Transmission & Substation Design & Operation Symposium (TSDOS) 2022,Transmission & Substation Design & Operation Symposium (TSDOS),2022-09-07,Frisco,TX,"Bowman Consulting Group, Ltd",bowman.com,,,,,,,,
Transmission & Substation Design & Operation Symposium (TSDOS) 2022,Transmission & Substation Design & Operation Symposium (TSDOS),2022-09-07,Frisco,TX,Megger Group Limited,megger.com,,,,,,,,
Transmission & Substation Design & Operation Symposium (TSDOS) 2022,Transmission & Substation Design & Operation Symposium (TSDOS),2022-09-07,Frisco,TX,Pike Engineering,pikeengineering.com,,,,,,,,
Transmission & Substation Design & Operation Symposium (TSDOS) 2022,Transmission & Substation Design & Operation Symposium (TSDOS),2022-09-07,Frisco,TX,"Ulteig Engineers, Inc.",ulteig.com,,,,,,,,
Transmission & Substation Design & Operation Symposium (TSDOS) 2022,Transmission & Substation Design & Operation Symposium (TSDOS),2022-09-07,Frisco,TX,"Saber Power, LLC",saberpower.com,,,,,,,,
Transmission & Substation Design & Operation Symposium (TSDOS) 2022,Transmission & Substation Design & Operation Symposium (TSDOS),2022-09-07,Frisco,TX,Kinectrics,kinectrics.com,,,,,,,,
Transmission & Substation Design & Operation Symposium (TSDOS) 2022,Transmission & Substation Design & Operation Symposium (TSDOS),2022-09-07,Frisco,TX,"Great Southwestern Construction, Inc.",gswc.us,,,,,,,,
Transmission & Substation Design & Operation Symposium (TSDOS) 2022,Transmission & Substation Design & Operation Symposium (TSDOS),2022-09-07,Frisco,TX,"Mesa Associates, Inc",mesainc.com,,,,,,,,
Transmission & Substation Design & Operation Symposium (TSDOS) 2022,Transmission & Substation Design & Operation Symposium (TSDOS),2022-09-07,Frisco,TX,Chain Electric Company,chainelectric.com,,,,,,,,
Transmission & Substation Design & Operation Symposium (TSDOS) 2022,Transmission & Substation Design & Operation Symposium (TSDOS),2022-09-07,Frisco,TX,"Electric Power Engineers, Inc",epeconsulting.com,,,,,,,,
Transmission & Substation Design & Operation Symposium (TSDOS) 2022,Transmission & Substation Design & Operation Symposium (TSDOS),2022-09-07,Frisco,TX,Arkansas Electric Cooperative Corporation,aecc.com,,,,,,,,
Transmission & Substation Design & Operation Symposium (TSDOS) 2022,Transmission & Substation Design & Operation Symposium (TSDOS),2022-09-07,Frisco,TX,Qualitrol,qualitrolcorp.com,,,,,,,,
Transmission & Substation Design & Operation Symposium (TSDOS) 2022,Transmission & Substation Design & Operation Symposium (TSDOS),2022-09-07,Frisco,TX,"Bird Electric Enterprises, LLC",birdelectricinc.com,,,,,,,,
Transmission & Substation Design & Operation Symposium (TSDOS) 2022,Transmission & Substation Design & Operation Symposium (TSDOS),2022-09-07,Frisco,TX,Sediver,sediver.com,,,,,,,,
Transmission & Substation Design & Operation Symposium (TSDOS) 2022,Transmission & Substation Design & Operation Symposium (TSDOS),2022-09-07,Frisco,TX,Expanse Electrical Co.,expanseelectrical.com,,,,,,,,
Transmission & Substation Design & Operation Symposium (TSDOS) 2022,Transmission & Substation Design & Operation Symposium (TSDOS),2022-09-07,Frisco,TX,"GAI Consultants, Inc.",gaiconsultants.com,,,,,,,,
Transmission & Substation Design & Operation Symposium (TSDOS) 2022,Transmission & Substation Design & Operation Symposium (TSDOS),2022-09-07,Frisco,TX,NPK International Inc.,npki.com,,,,,,,,
Transmission & Substation Design & Operation Symposium (TSDOS) 2022,Transmission & Substation Design & Operation Symposium (TSDOS),2022-09-07,Frisco,TX,"DIS-TRAN Steel, LLC",distransteel.com,,,,,,,,
Transmission & Substation Design & Operation Symposium (TSDOS) 2022,Transmission & Substation Design & Operation Symposium (TSDOS),2022-09-07,Frisco,TX,Crest Industries LLC,crestoperations.com,,,,,,,,
Transmission & Substation Design & Operation Symposium (TSDOS) 2022,Transmission & Substation Design & Operation Symposium (TSDOS),2022-09-07,Frisco,TX,LS Power,lspower.com,,,,,,,,
Transmission & Substation Design & Operation Symposium (TSDOS) 2022,Transmission & Substation Design & Operation Symposium (TSDOS),2022-09-07,Frisco,TX,Parkline Inc,parkline.com,,,,,,,,
Transmission & Substation Design & Operation Symposium (TSDOS) 2022,Transmission & Substation Design & Operation Symposium (TSDOS),2022-09-07,Frisco,TX,IREN,iren.com,,,,,,,,
Transmission & Substation Design & Operation Symposium (TSDOS) 2022,Transmission & Substation Design & Operation Symposium (TSDOS),2022-09-07,Frisco,TX,"Threaded Fasteners, Inc.",threadedfasteners.com,,,,,,,,
Transmission & Substation Design & Operation Symposium (TSDOS) 2022,Transmission & Substation Design & Operation Symposium (TSDOS),2022-09-07,Frisco,TX,kVP Energy Services,kvpenergy.com,,,,,,,,
Transmission & Substation Design & Operation Symposium (TSDOS) 2022,Transmission & Substation Design & Operation Symposium (TSDOS),2022-09-07,Frisco,TX,Bell Lumber and Pole Company,blpole.com,,,,,,,,
Transmission & Substation Design & Operation Symposium (TSDOS) 2022,Transmission & Substation Design & Operation Symposium (TSDOS),2022-09-07,Frisco,TX,Mustang Extreme Environmental Services,mustangextreme.com,,,,,,,,
Transmission & Substation Design & Operation Symposium (TSDOS) 2022,Transmission & Substation Design & Operation Symposium (TSDOS),2022-09-07,Frisco,TX,MICA Steelworks,micasteelworks.com,,,,,,,,
Transmission & Substation Design & Operation Symposium (TSDOS) 2022,Transmission & Substation Design & Operation Symposium (TSDOS),2022-09-07,Frisco,TX,"Teague Nall and Perkins, Inc.",tnpinc.com,,,,,,,,
Transmission & Substation Design & Operation Symposium (TSDOS) 2022,Transmission & Substation Design & Operation Symposium (TSDOS),2022-09-07,Frisco,TX,"Landpoint, LLC.",landpoint.net,,,,,,,,
Transmission & Substation Design & Operation Symposium (TSDOS) 2022,Transmission & Substation Design & Operation Symposium (TSDOS),2022-09-07,Frisco,TX,All-Pro Fasteners Inc.,apf.com,,,,,,,,
Transmission & Substation Design & Operation Symposium (TSDOS) 2022,Transmission & Substation Design & Operation Symposium (TSDOS),2022-09-07,Frisco,TX,CEC,connectcec.com,,,,,,,,
Transmission & Substation Design & Operation Symposium (TSDOS) 2022,Transmission & Substation Design & Operation Symposium (TSDOS),2022-09-07,Frisco,TX,Campos EPC,camposepc.com,,,,,,,,
Transmission & Substation Design & Operation Symposium (TSDOS) 2022,Transmission & Substation Design & Operation Symposium (TSDOS),2022-09-07,Frisco,TX,"Commonwealth Associates, Inc.",cai-engr.com,,,,,,,,
Transmission & Substation Design & Operation Symposium (TSDOS) 2022,Transmission & Substation Design & Operation Symposium (TSDOS),2022-09-07,Frisco,TX,Austin Engineering Company Limited,aec.com,,,,,,,,
Transmission & Substation Design & Operation Symposium (TSDOS) 2022,Transmission & Substation Design & Operation Symposium (TSDOS),2022-09-07,Frisco,TX,M&I Materials Limited,mimaterials.com,,,,,,,,
Transmission & Substation Design & Operation Symposium (TSDOS) 2022,Transmission & Substation Design & Operation Symposium (TSDOS),2022-09-07,Frisco,TX,Crown Technical Systems,crowntechnicalsystems.com,,,,,,,,
Transmission & Substation Design & Operation Symposium (TSDOS) 2022,Transmission & Substation Design & Operation Symposium (TSDOS),2022-09-07,Frisco,TX,"Force Electrical Services, LLC",forceelect.com,,,,,,,,
Transmission & Substation Design & Operation Symposium (TSDOS) 2022,Transmission & Substation Design & Operation Symposium (TSDOS),2022-09-07,Frisco,TX,ExecuPOWER LLC,execupower.com,,,,,,,,
Transmission & Substation Design & Operation Symposium (TSDOS) 2022,Transmission & Substation Design & Operation Symposium (TSDOS),2022-09-07,Frisco,TX,Sterling Solutions,sterlingsolutions.com,,,,,,,,
Transmission & Substation Design & Operation Symposium (TSDOS) 2022,Transmission & Substation Design & Operation Symposium (TSDOS),2022-09-07,Frisco,TX,Exo Grouop,exoinc.com,,,,,,,,
Transmission & Substation Design & Operation Symposium (TSDOS) 2022,Transmission & Substation Design & Operation Symposium (TSDOS),2022-09-07,Frisco,TX,"TAPP, inc.",tappinc.com,,,,,,,,
Transmission & Substation Design & Operation Symposium (TSDOS) 2022,Transmission & Substation Design & Operation Symposium (TSDOS),2022-09-07,Frisco,TX,SEnergy,poweredbysenergy.com,,,,,,,,
Transmission & Substation Design & Operation Symposium (TSDOS) 2022,Transmission & Substation Design & Operation Symposium (TSDOS),2022-09-07,Frisco,TX,CPP Wind Engineering Consultants,cppwind.com,,,,,,,,
Transmission & Substation Design & Operation Symposium (TSDOS) 2022,Transmission & Substation Design & Operation Symposium (TSDOS),2022-09-07,Frisco,TX,"Techline, Inc.",techline-inc.com,,,,,,,,
Transmission & Substation Design & Operation Symposium (TSDOS) 2022,Transmission & Substation Design & Operation Symposium (TSDOS),2022-09-07,Frisco,TX,Southeast Power Corporation,southeastpower.com,,,,,,,,
Transmission & Substation Design & Operation Symposium (TSDOS) 2022,Transmission & Substation Design & Operation Symposium (TSDOS),2022-09-07,Frisco,TX,Pickett USA,pickettusa.com,,,,,,,,
Transmission & Substation Design & Operation Symposium (TSDOS) 2022,Transmission & Substation Design & Operation Symposium (TSDOS),2022-09-07,Frisco,TX,A-Rent Test Equipment,a-rent.com,,,,,,,,
Transmission & Substation Design & Operation Symposium (TSDOS) 2022,Transmission & Substation Design & Operation Symposium (TSDOS),2022-09-07,Frisco,TX,Equagen Llc,equagen.com,,,,,,,,
Transmission & Substation Design & Operation Symposium (TSDOS) 2022,Transmission & Substation Design & Operation Symposium (TSDOS),2022-09-07,Frisco,TX,Incab America,incabamerica.com,,,,,,,,
Transmission & Substation Design & Operation Symposium (TSDOS) 2022,Transmission & Substation Design & Operation Symposium (TSDOS),2022-09-07,Frisco,TX,Grid Structures,gridstructures.com,,,,,,,,
Transmission & Substation Design & Operation Symposium (TSDOS) 2022,Transmission & Substation Design & Operation Symposium (TSDOS),2022-09-07,Frisco,TX,Principleservices.Com,principleservices.com,,,,,,,,
Transmission & Substation Design & Operation Symposium (TSDOS) 2022,Transmission & Substation Design & Operation Symposium (TSDOS),2022-09-07,Frisco,TX,ASEC Engineers,asec-engineers.com,,,,,,,,
Transmission & Substation Design & Operation Symposium (TSDOS) 2022,Transmission & Substation Design & Operation Symposium (TSDOS),2022-09-07,Frisco,TX,AMICO Security,amicosecurity.com,,,,,,,,
Transmission & Substation Design & Operation Symposium (TSDOS) 2022,Transmission & Substation Design & Operation Symposium (TSDOS),2022-09-07,Frisco,TX,"Spartan Infrastructure, Inc.",spartaninfra.com,,,,,,,,
Transmission & Substation Design & Operation Symposium (TSDOS) 2022,Transmission & Substation Design & Operation Symposium (TSDOS),2022-09-07,Frisco,TX,Permacast,permacastwalls.com,,,,,,,,
Transmission & Substation Design & Operation Symposium (TSDOS) 2022,Transmission & Substation Design & Operation Symposium (TSDOS),2022-09-07,Frisco,TX,"McCord Engineering, Inc.",mccordeng.com,,,,,YES,valDQ-review,?,
Transmission & Substation Design & Operation Symposium (TSDOS) 2022,Transmission & Substation Design & Operation Symposium (TSDOS),2022-09-07,Frisco,TX,"Normandy Machine Company, Inc.",normandymachine.com,,,,,,,,
Transmission & Substation Design & Operation Symposium (TSDOS) 2022,Transmission & Substation Design & Operation Symposium (TSDOS),2022-09-07,Frisco,TX,"Synchrogrid Limited, Llc",synchrogrid.com,,,,,,,,
Transmission & Substation Design & Operation Symposium (TSDOS) 2022,Transmission & Substation Design & Operation Symposium (TSDOS),2022-09-07,Frisco,TX,"CHM Industries, Inc.",chmindustries.com,,,,,,,,
Transmission & Substation Design & Operation Symposium (TSDOS) 2022,Transmission & Substation Design & Operation Symposium (TSDOS),2022-09-07,Frisco,TX,Power Consulting Associates,powerconsultingassociates.com,,,,,YES,master-P3,E12,
Transmission & Substation Design & Operation Symposium (TSDOS) 2022,Transmission & Substation Design & Operation Symposium (TSDOS),2022-09-07,Frisco,TX,Energy Reps,energyreps.com,,,,,,,,
Transmission & Substation Design & Operation Symposium (TSDOS) 2022,Transmission & Substation Design & Operation Symposium (TSDOS),2022-09-07,Frisco,TX,Butler & Land Inc,butlerandland.com,,,,,,,,
Transmission & Substation Design & Operation Symposium (TSDOS) 2022,Transmission & Substation Design & Operation Symposium (TSDOS),2022-09-07,Frisco,TX,Ampjack Industries Ltd.,ampjack.ca,,,,,,,,
Transmission & Substation Design & Operation Symposium (TSDOS) 2022,Transmission & Substation Design & Operation Symposium (TSDOS),2022-09-07,Frisco,TX,K D Johnson Inc,kdjinc.com,,,,,,,,
Transmission & Substation Design & Operation Symposium (TSDOS) 2022,Transmission & Substation Design & Operation Symposium (TSDOS),2022-09-07,Frisco,TX,"J.H. Davidson & Associates, LLC",jhdavidson.com,,,,,,,,
Transmission & Substation Design & Operation Symposium (TSDOS) 2022,Transmission & Substation Design & Operation Symposium (TSDOS),2022-09-07,Frisco,TX,"Sempco Surveying, Inc.",sempcosurveying.com,,,,,,,,
Transmission & Substation Design & Operation Symposium (TSDOS) 2022,Transmission & Substation Design & Operation Symposium (TSDOS),2022-09-07,Frisco,TX,"3 Phase Technologies, LLC.",3phasetech.com,,,,,,,,
Transmission & Substation Design & Operation Symposium (TSDOS) 2022,Transmission & Substation Design & Operation Symposium (TSDOS),2022-09-07,Frisco,TX,"EHV Solutions, LLC.",ehvsolutions.com,,,,,,,,
Transmission & Substation Design & Operation Symposium (TSDOS) 2022,Transmission & Substation Design & Operation Symposium (TSDOS),2022-09-07,Frisco,TX,Mitas Industry,mitasindustry.com,,,,,,,,
Transmission & Substation Design & Operation Symposium (TSDOS) 2022,Transmission & Substation Design & Operation Symposium (TSDOS),2022-09-07,Frisco,TX,Burns & McDonnell,burnsmcd.com,,,,,,,,
Transmission & Substation Design & Operation Symposium (TSDOS) 2022,Transmission & Substation Design & Operation Symposium (TSDOS),2022-09-07,Frisco,TX,O'Brien Realty Advisors LLC,obrien-row.com,,,,,,,,
Transmission & Substation Design & Operation Symposium (TSDOS) 2022,Transmission & Substation Design & Operation Symposium (TSDOS),2022-09-07,Frisco,TX,"POWER Engineers, Incorporated",powereng.com,,,,,,,,
Transmission & Substation Design & Operation Symposium (TSDOS) 2022,Transmission & Substation Design & Operation Symposium (TSDOS),2022-09-07,Frisco,TX,Keasler Associates,keasler.com,,,,,,,,
Transmission & Substation Design & Operation Symposium (TSDOS) 2022,Transmission & Substation Design & Operation Symposium (TSDOS),2022-09-07,Frisco,TX,Utility Sales Agents of North Texas,usantx.com,,,,,,,,
Transmission & Substation Design & Operation Symposium (TSDOS) 2022,Transmission & Substation Design & Operation Symposium (TSDOS),2022-09-07,Frisco,TX,Oberlender & Associates,oberlender.com,,,,,,,,
Transmission & Substation Design & Operation Symposium (TSDOS) 2022,Transmission & Substation Design & Operation Symposium (TSDOS),2022-09-07,Frisco,TX,"Elgin B. Robertson, Inc. (EBR)",elginbrobertson.com,,,,,,,,
Transmission & Substation Design & Operation Symposium (TSDOS) 2022,Transmission & Substation Design & Operation Symposium (TSDOS),2022-09-07,Frisco,TX,Deloney Company,deloney.com,,,,,,,,
Transmission & Substation Design & Operation Symposium (TSDOS) 2022,Transmission & Substation Design & Operation Symposium (TSDOS),2022-09-07,Frisco,TX,"Hawrylak & Associates, LLC",hawkandassociates.com,,,,,,,,
Transmission & Substation Design & Operation Symposium (TSDOS) 2022,Transmission & Substation Design & Operation Symposium (TSDOS),2022-09-07,Frisco,TX,ŞA-RA Şirketler Grubu,sara.com.tr,,,,,,,,
Transmission & Substation Design & Operation Symposium (TSDOS) 2022,Transmission & Substation Design & Operation Symposium (TSDOS),2022-09-07,Frisco,TX,The University of Texas at Arlington,uta.edu,,,,,,,,
Transmission & Substation Design & Operation Symposium (TSDOS) 2022,Transmission & Substation Design & Operation Symposium (TSDOS),2022-09-07,Frisco,TX,City Transformer,citytransformer.com,,,,,,,,
Transmission & Substation Design & Operation Symposium (TSDOS) 2022,Transmission & Substation Design & Operation Symposium (TSDOS),2022-09-07,Frisco,TX,Kenner Chain Wall,kennerchainwall.com,,,,,,,,
Transmission & Substation Design & Operation Symposium (TSDOS) 2022,Transmission & Substation Design & Operation Symposium (TSDOS),2022-09-07,Frisco,TX,T-CORR,tcorr.com,,,,,,,,
Transmission & Substation Design & Operation Symposium (TSDOS) 2022,Transmission & Substation Design & Operation Symposium (TSDOS),2022-09-07,Frisco,TX,Sanpec Excellence,sanpec-excellence.com,,,,,,,,
Transmission & Substation Design & Operation Symposium (TSDOS) 2024,Transmission & Substation Design & Operation Symposium (TSDOS),2024-09-04,Frisco,TX,Duke Energy Corporation,duke-energy.com,"Charlotte, NC",72470,Public Subsidiary,1904,,,,
Transmission & Substation Design & Operation Symposium (TSDOS) 2024,Transmission & Substation Design & Operation Symposium (TSDOS),2024-09-04,Frisco,TX,"American Electric Power Company, Inc.",aep.com,"Columbus, OH",35962,Public,1906,,,,
Transmission & Substation Design & Operation Symposium (TSDOS) 2024,Transmission & Substation Design & Operation Symposium (TSDOS),2024-09-04,Frisco,TX,"Quanta Services, Inc.",quantaservices.com,"Houston, TX",30004,Public,1997,,,,
Transmission & Substation Design & Operation Symposium (TSDOS) 2024,Transmission & Substation Design & Operation Symposium (TSDOS),2024-09-04,Frisco,TX,Ameren,ameren.com,"St. Louis, MO",7036,Public,1881,,,,
Transmission & Substation Design & Operation Symposium (TSDOS) 2024,Transmission & Substation Design & Operation Symposium (TSDOS),2024-09-04,Frisco,TX,Bentley systems Incorporated,bentley.com,"Exton, PA",5637,Public,1984,,,,
Transmission & Substation Design & Operation Symposium (TSDOS) 2024,Transmission & Substation Design & Operation Symposium (TSDOS),2024-09-04,Frisco,TX,Dashiell Corporation,dashiell.com,,,,,,,,
Transmission & Substation Design & Operation Symposium (TSDOS) 2024,Transmission & Substation Design & Operation Symposium (TSDOS),2024-09-04,Frisco,TX,OGE Energy Corp.,oge.com,,,,,,,,
Transmission & Substation Design & Operation Symposium (TSDOS) 2024,Transmission & Substation Design & Operation Symposium (TSDOS),2024-09-04,Frisco,TX,Megger Group Limited,megger.com,,,,,,,,
Transmission & Substation Design & Operation Symposium (TSDOS) 2024,Transmission & Substation Design & Operation Symposium (TSDOS),2024-09-04,Frisco,TX,"Ulteig Engineers, Inc.",ulteig.com,,,,,,,,
Transmission & Substation Design & Operation Symposium (TSDOS) 2024,Transmission & Substation Design & Operation Symposium (TSDOS),2024-09-04,Frisco,TX,Qualus Corp.,qualuscorp.com,,,,,,,,
Transmission & Substation Design & Operation Symposium (TSDOS) 2024,Transmission & Substation Design & Operation Symposium (TSDOS),2024-09-04,Frisco,TX,Qualitrol,qualitrolcorp.com,,,,,,,,
Transmission & Substation Design & Operation Symposium (TSDOS) 2024,Transmission & Substation Design & Operation Symposium (TSDOS),2024-09-04,Frisco,TX,NPK International Inc.,npki.com,,,,,,,,
Transmission & Substation Design & Operation Symposium (TSDOS) 2024,Transmission & Substation Design & Operation Symposium (TSDOS),2024-09-04,Frisco,TX,Brazos Electric Power Cooperative,brazoselectric.com,,,,,,,,
Transmission & Substation Design & Operation Symposium (TSDOS) 2024,Transmission & Substation Design & Operation Symposium (TSDOS),2024-09-04,Frisco,TX,"Commonwealth Associates, Inc.",cai-engr.com,,,,,,,,
Transmission & Substation Design & Operation Symposium (TSDOS) 2024,Transmission & Substation Design & Operation Symposium (TSDOS),2024-09-04,Frisco,TX,Think Power Solutions,thinkpowersolutions.com,,,,,,,,
Transmission & Substation Design & Operation Symposium (TSDOS) 2024,Transmission & Substation Design & Operation Symposium (TSDOS),2024-09-04,Frisco,TX,Pickett USA,pickettusa.com,,,,,,,,
Transmission & Substation Design & Operation Symposium (TSDOS) 2024,Transmission & Substation Design & Operation Symposium (TSDOS),2024-09-04,Frisco,TX,"Intellirent Co., Ltd.",intellirentco.com,,,,,,,,
Transmission & Substation Design & Operation Symposium (TSDOS) 2024,Transmission & Substation Design & Operation Symposium (TSDOS),2024-09-04,Frisco,TX,Imcorp,imcorp.com,,,,,,,,
Transmission & Substation Design & Operation Symposium (TSDOS) 2024,Transmission & Substation Design & Operation Symposium (TSDOS),2024-09-04,Frisco,TX,"5 Star Electric, LLC",5-starelectric.com,,,,,,,,
Transmission & Substation Design & Operation Symposium (TSDOS) 2024,Transmission & Substation Design & Operation Symposium (TSDOS),2024-09-04,Frisco,TX,Principleservices.Com,principleservices.com,,,,,,,,
Transmission & Substation Design & Operation Symposium (TSDOS) 2024,Transmission & Substation Design & Operation Symposium (TSDOS),2024-09-04,Frisco,TX,Texas Tech University,ttu.edu,,,,,,,,
Transmission & Substation Design & Operation Symposium (TSDOS) 2024,Transmission & Substation Design & Operation Symposium (TSDOS),2024-09-04,Frisco,TX,Power Line Systems,powerlinesystems.com,,,,,,,,
Transmission & Substation Design & Operation Symposium (TSDOS) 2024,Transmission & Substation Design & Operation Symposium (TSDOS),2024-09-04,Frisco,TX,Intellirent,myintellirent.com,,,,,,,,
Transmission & Substation Design & Operation Symposium (TSDOS) 2024,Transmission & Substation Design & Operation Symposium (TSDOS),2024-09-04,Frisco,TX,Meyer Utility Structures,meyerutilitystructures.com,,,,,,,,
The Expo at PowerXchange and TechAdvantage 2026,The Expo at PowerXchange and TechAdvantage,2026-03-09,Nashville,TN,Cintas,cintas.com,"Cincinnati, OH",176402,Public,1968,,,,
The Expo at PowerXchange and TechAdvantage 2026,The Expo at PowerXchange and TechAdvantage,2026-03-09,Nashville,TN,Ford Motor Company,ford.com,"Dearborn, MI",623131,Public,1959,,,,
The Expo at PowerXchange and TechAdvantage 2026,The Expo at PowerXchange and TechAdvantage,2026-03-09,Nashville,TN,"Honeywell International, Inc.",honeywell.com,"Oak Creek, WI",435180,Private Subsidiary,1906,,,,
The Expo at PowerXchange and TechAdvantage 2026,The Expo at PowerXchange and TechAdvantage,2026-03-09,Nashville,TN,Safran Group,safran-group.com,"Paris, France",249893,Public,1924,,,,
The Expo at PowerXchange and TechAdvantage 2026,The Expo at PowerXchange and TechAdvantage,2026-03-09,Nashville,TN,ABB Asea Brown Boveri Ltd.,abb.com,"Zürich, Switzerland",439252,Public,1988,,,,
The Expo at PowerXchange and TechAdvantage 2026,The Expo at PowerXchange and TechAdvantage,2026-03-09,Nashville,TN,Oracle,oracle.com,,,,,,,,
The Expo at PowerXchange and TechAdvantage 2026,The Expo at PowerXchange and TechAdvantage,2026-03-09,Nashville,TN,Hitachi Energy Ltd.,hitachienergy.com,,,,,,,,
The Expo at PowerXchange and TechAdvantage 2026,The Expo at PowerXchange and TechAdvantage,2026-03-09,Nashville,TN,Schneider Electric,se.com,,,,,,,,
The Expo at PowerXchange and TechAdvantage 2026,The Expo at PowerXchange and TechAdvantage,2026-03-09,Nashville,TN,"Dominion Energy, Inc",dominionenergy.com,,,,,,,,
The Expo at PowerXchange and TechAdvantage 2026,The Expo at PowerXchange and TechAdvantage,2026-03-09,Nashville,TN,"Xylem, Inc.",xylem.com,,,,,,,,
The Expo at PowerXchange and TechAdvantage 2026,The Expo at PowerXchange and TechAdvantage,2026-03-09,Nashville,TN,DNV AS,dnv.com,,,,,,,,
The Expo at PowerXchange and TechAdvantage 2026,The Expo at PowerXchange and TechAdvantage,2026-03-09,Nashville,TN,RWE AG,rwe.com,,,,,,,,
The Expo at PowerXchange and TechAdvantage 2026,The Expo at PowerXchange and TechAdvantage,2026-03-09,Nashville,TN,Panasonic Corporation of North America,panasonic.com,,,,,,,,
The Expo at PowerXchange and TechAdvantage 2026,The Expo at PowerXchange and TechAdvantage,2026-03-09,Nashville,TN,CDW LLC,cdw.com,,,,,,,,
The Expo at PowerXchange and TechAdvantage 2026,The Expo at PowerXchange and TechAdvantage,2026-03-09,Nashville,TN,Parsons Corporation,parsons.com,,,,,,,,
The Expo at PowerXchange and TechAdvantage 2026,The Expo at PowerXchange and TechAdvantage,2026-03-09,Nashville,TN,CommScope Technologies LLC,commscope.com,,,,,,,,
The Expo at PowerXchange and TechAdvantage 2026,The Expo at PowerXchange and TechAdvantage,2026-03-09,Nashville,TN,"Quanta Services, Inc.",quantaservices.com,,,,,,,,
The Expo at PowerXchange and TechAdvantage 2026,The Expo at PowerXchange and TechAdvantage,2026-03-09,Nashville,TN,"Asplundh Tree Expert, LLC",asplundh.com,,,,,,,,
The Expo at PowerXchange and TechAdvantage 2026,The Expo at PowerXchange and TechAdvantage,2026-03-09,Nashville,TN,"Wesco International, Inc.",wesco.com,,,,,,,,
The Expo at PowerXchange and TechAdvantage 2026,The Expo at PowerXchange and TechAdvantage,2026-03-09,Nashville,TN,Hubbell Incorporated,hubbell.com,,,,,,,,
The Expo at PowerXchange and TechAdvantage 2026,The Expo at PowerXchange and TechAdvantage,2026-03-09,Nashville,TN,Directv,usdirect.com,,,,,,,,
The Expo at PowerXchange and TechAdvantage 2026,The Expo at PowerXchange and TechAdvantage,2026-03-09,Nashville,TN,"Southwire Company, LLC.",southwire.com,,,,,,,,
The Expo at PowerXchange and TechAdvantage 2026,The Expo at PowerXchange and TechAdvantage,2026-03-09,Nashville,TN,ICF International Inc.,icf.com,,,,,,,,
The Expo at PowerXchange and TechAdvantage 2026,The Expo at PowerXchange and TechAdvantage,2026-03-09,Nashville,TN,"Osmose Pty., Ltd.",osmose.com,,,,,,,,
The Expo at PowerXchange and TechAdvantage 2026,The Expo at PowerXchange and TechAdvantage,2026-03-09,Nashville,TN,"Itron, Inc.",itron.com,,,,,,,,
The Expo at PowerXchange and TechAdvantage 2026,The Expo at PowerXchange and TechAdvantage,2026-03-09,Nashville,TN,"Belden, Inc.",belden.com,,,,,,,,
The Expo at PowerXchange and TechAdvantage 2026,The Expo at PowerXchange and TechAdvantage,2026-03-09,Nashville,TN,Rheem Manufacturing Company,rheem.com,,,,,,,,
The Expo at PowerXchange and TechAdvantage 2026,The Expo at PowerXchange and TechAdvantage,2026-03-09,Nashville,TN,TRC,trccompanies.com,,,,,,,,
The Expo at PowerXchange and TechAdvantage 2026,The Expo at PowerXchange and TechAdvantage,2026-03-09,Nashville,TN,Pike Corp.,pike.com,,,,,,,,
The Expo at PowerXchange and TechAdvantage 2026,The Expo at PowerXchange and TechAdvantage,2026-03-09,Nashville,TN,"Kontoor Brands, Inc.",kontoorbrands.com,,,,,,,,
The Expo at PowerXchange and TechAdvantage 2026,The Expo at PowerXchange and TechAdvantage,2026-03-09,Nashville,TN,Sagemcom,sagemcom.com,,,,,,,,
The Expo at PowerXchange and TechAdvantage 2026,The Expo at PowerXchange and TechAdvantage,2026-03-09,Nashville,TN,Landis+Gyr,landisgyr.eu,,,,,,,,
The Expo at PowerXchange and TechAdvantage 2026,The Expo at PowerXchange and TechAdvantage,2026-03-09,Nashville,TN,"H&M Shared Services, Inc.",henkels.com,,,,,,,,
The Expo at PowerXchange and TechAdvantage 2026,The Expo at PowerXchange and TechAdvantage,2026-03-09,Nashville,TN,"Centuri Group, Inc.",centuri.com,,,,,,,,
The Expo at PowerXchange and TechAdvantage 2026,The Expo at PowerXchange and TechAdvantage,2026-03-09,Nashville,TN,USIC LLC,usicllc.com,,,,,,,,
The Expo at PowerXchange and TechAdvantage 2026,The Expo at PowerXchange and TechAdvantage,2026-03-09,Nashville,TN,AWP Safety,awpsafety.com,,,,,,,,
The Expo at PowerXchange and TechAdvantage 2026,The Expo at PowerXchange and TechAdvantage,2026-03-09,Nashville,TN,Terex Corporation,terex.com,,,,,,,,
The Expo at PowerXchange and TechAdvantage 2026,The Expo at PowerXchange and TechAdvantage,2026-03-09,Nashville,TN,"Graybar Electric Company, Inc.",graybar.com,,,,,,,,
The Expo at PowerXchange and TechAdvantage 2026,The Expo at PowerXchange and TechAdvantage,2026-03-09,Nashville,TN,Prolec Energy,prolec.energy,,,,,,,,
The Expo at PowerXchange and TechAdvantage 2026,The Expo at PowerXchange and TechAdvantage,2026-03-09,Nashville,TN,Esri,esri.com,,,,,,,,
The Expo at PowerXchange and TechAdvantage 2026,The Expo at PowerXchange and TechAdvantage,2026-03-09,Nashville,TN,Tesco,tesco-careers.com,,,,,,,,
The Expo at PowerXchange and TechAdvantage 2026,The Expo at PowerXchange and TechAdvantage,2026-03-09,Nashville,TN,"Schweitzer Engineering Laboratories, Inc. (SEL)",selinc.com,,,,,,,,
The Expo at PowerXchange and TechAdvantage 2026,The Expo at PowerXchange and TechAdvantage,2026-03-09,Nashville,TN,"Wright Tree Service, Inc.",wrighttree.com,,,,,,,,
The Expo at PowerXchange and TechAdvantage 2026,The Expo at PowerXchange and TechAdvantage,2026-03-09,Nashville,TN,"CCI Systems, Inc.",ccisystems.com,,,,,,,,
The Expo at PowerXchange and TechAdvantage 2026,The Expo at PowerXchange and TechAdvantage,2026-03-09,Nashville,TN,Bentley systems Incorporated,bentley.com,,,,,,,,
The Expo at PowerXchange and TechAdvantage 2026,The Expo at PowerXchange and TechAdvantage,2026-03-09,Nashville,TN,Adtran,adtran.com,,,,,,,,
The Expo at PowerXchange and TechAdvantage 2026,The Expo at PowerXchange and TechAdvantage,2026-03-09,Nashville,TN,Altec Industries,altec.com,,,,,,,,
The Expo at PowerXchange and TechAdvantage 2026,The Expo at PowerXchange and TechAdvantage,2026-03-09,Nashville,TN,Border States,borderstates.com,,,,,,,,
The Expo at PowerXchange and TechAdvantage 2026,The Expo at PowerXchange and TechAdvantage,2026-03-09,Nashville,TN,Vaisala,vaisala.com,,,,,,,,
The Expo at PowerXchange and TechAdvantage 2026,The Expo at PowerXchange and TechAdvantage,2026-03-09,Nashville,TN,"KCI Technologies, Inc.",kci.com,,,,,,,,
The Expo at PowerXchange and TechAdvantage 2026,The Expo at PowerXchange and TechAdvantage,2026-03-09,Nashville,TN,"Ariat International, Inc. (Ariat)",ariat.com,,,,,,,,
The Expo at PowerXchange and TechAdvantage 2026,The Expo at PowerXchange and TechAdvantage,2026-03-09,Nashville,TN,Alubar,alubar.net.br,,,,,,,,
The Expo at PowerXchange and TechAdvantage 2026,The Expo at PowerXchange and TechAdvantage,2026-03-09,Nashville,TN,Bobcat Company,bobcat.com,,,,,,,,
The Expo at PowerXchange and TechAdvantage 2026,The Expo at PowerXchange and TechAdvantage,2026-03-09,Nashville,TN,Avient Corporation,avient.com,,,,,,,,
The Expo at PowerXchange and TechAdvantage 2026,The Expo at PowerXchange and TechAdvantage,2026-03-09,Nashville,TN,"Ribbon Communications Operating Company, Inc.",ribboncommunications.com,,,,,,,,
The Expo at PowerXchange and TechAdvantage 2026,The Expo at PowerXchange and TechAdvantage,2026-03-09,Nashville,TN,Aspen Technology Inc,aspentech.com,,,,,,,,
The Expo at PowerXchange and TechAdvantage 2026,The Expo at PowerXchange and TechAdvantage,2026-03-09,Nashville,TN,Stella-Jones,stella-jones.com,,,,,,,,
The Expo at PowerXchange and TechAdvantage 2026,The Expo at PowerXchange and TechAdvantage,2026-03-09,Nashville,TN,Arxada AG,arxada.com,,,,,,,,
The Expo at PowerXchange and TechAdvantage 2026,The Expo at PowerXchange and TechAdvantage,2026-03-09,Nashville,TN,Olsson,olsson.com,,,,,,,,
The Expo at PowerXchange and TechAdvantage 2026,The Expo at PowerXchange and TechAdvantage,2026-03-09,Nashville,TN,Michels Corporation,michels.us,,,,,,,,
The Expo at PowerXchange and TechAdvantage 2026,The Expo at PowerXchange and TechAdvantage,2026-03-09,Nashville,TN,AFL Telecommunications,aflglobal.com,,,,,,,,
The Expo at PowerXchange and TechAdvantage 2026,The Expo at PowerXchange and TechAdvantage,2026-03-09,Nashville,TN,Howard Industries,howard.com,,,,,,,,
The Expo at PowerXchange and TechAdvantage 2026,The Expo at PowerXchange and TechAdvantage,2026-03-09,Nashville,TN,Koppers Inc.,koppers.com,,,,,,,,
The Expo at PowerXchange and TechAdvantage 2026,The Expo at PowerXchange and TechAdvantage,2026-03-09,Nashville,TN,ENGIE North America Inc.,engie-na.com,,,,,,,,
The Expo at PowerXchange and TechAdvantage 2026,The Expo at PowerXchange and TechAdvantage,2026-03-09,Nashville,TN,"Dycom Industries, Inc",dycomind.com,,,,,,,,
The Expo at PowerXchange and TechAdvantage 2026,The Expo at PowerXchange and TechAdvantage,2026-03-09,Nashville,TN,The Davey Tree Expert Company,davey.com,,,,,,,,
The Expo at PowerXchange and TechAdvantage 2026,The Expo at PowerXchange and TechAdvantage,2026-03-09,Nashville,TN,Carhartt,carhartt.com,,,,,,,,
The Expo at PowerXchange and TechAdvantage 2026,The Expo at PowerXchange and TechAdvantage,2026-03-09,Nashville,TN,"Mitsubishi Electric Power Products, Inc.",meppi.com,,,,,,,,
The Expo at PowerXchange and TechAdvantage 2026,The Expo at PowerXchange and TechAdvantage,2026-03-09,Nashville,TN,G&W Electric Co.,gwelectric.com,,,,,,,,
The Expo at PowerXchange and TechAdvantage 2026,The Expo at PowerXchange and TechAdvantage,2026-03-09,Nashville,TN,Basin Electric Power Cooperative,basinelectric.com,,,,,,,,
The Expo at PowerXchange and TechAdvantage 2026,The Expo at PowerXchange and TechAdvantage,2026-03-09,Nashville,TN,Virginia Transformer Corp,vatransformer.com,,,,,,,,
The Expo at PowerXchange and TechAdvantage 2026,The Expo at PowerXchange and TechAdvantage,2026-03-09,Nashville,TN,S&C Electric Company,sandc.com,,,,,,,,
The Expo at PowerXchange and TechAdvantage 2026,The Expo at PowerXchange and TechAdvantage,2026-03-09,Nashville,TN,"Oldcastle Infrastructure, Inc.",oldcastleinfrastructure.com,,,,,,,,
The Expo at PowerXchange and TechAdvantage 2026,The Expo at PowerXchange and TechAdvantage,2026-03-09,Nashville,TN,"Ameresco, Inc.",ameresco.com,,,,,,,,
The Expo at PowerXchange and TechAdvantage 2026,The Expo at PowerXchange and TechAdvantage,2026-03-09,Nashville,TN,"Calix, Inc.",calix.com,,,,,,,,
The Expo at PowerXchange and TechAdvantage 2026,The Expo at PowerXchange and TechAdvantage,2026-03-09,Nashville,TN,Ermco-Eci,ermco-eci.com,,,,,,,,
The Expo at PowerXchange and TechAdvantage 2026,The Expo at PowerXchange and TechAdvantage,2026-03-09,Nashville,TN,KGP Services,kgpco.com,,,,,,,,
The Expo at PowerXchange and TechAdvantage 2026,The Expo at PowerXchange and TechAdvantage,2026-03-09,Nashville,TN,CoBank,cobank.com,,,,,,,,
The Expo at PowerXchange and TechAdvantage 2026,The Expo at PowerXchange and TechAdvantage,2026-03-09,Nashville,TN,"Delta Star, Inc.",deltastar.com,,,,,,,,
The Expo at PowerXchange and TechAdvantage 2026,The Expo at PowerXchange and TechAdvantage,2026-03-09,Nashville,TN,Olameter,olameter.com,,,,,,,,
The Expo at PowerXchange and TechAdvantage 2026,The Expo at PowerXchange and TechAdvantage,2026-03-09,Nashville,TN,Crawford,crawfordelectricsupply.com,,,,,,,,
The Expo at PowerXchange and TechAdvantage 2026,The Expo at PowerXchange and TechAdvantage,2026-03-09,Nashville,TN,"ITG Communications, LLC",itgcomm.com,,,,,,,,
The Expo at PowerXchange and TechAdvantage 2026,The Expo at PowerXchange and TechAdvantage,2026-03-09,Nashville,TN,Preformed Line Products,preformed.com,,,,,,,,
The Expo at PowerXchange and TechAdvantage 2026,The Expo at PowerXchange and TechAdvantage,2026-03-09,Nashville,TN,New River Electrical Corporation,newriverelectrical.com,,,,,,,,
The Expo at PowerXchange and TechAdvantage 2026,The Expo at PowerXchange and TechAdvantage,2026-03-09,Nashville,TN,Netceed,netceed.com,,,,,,,,
The Expo at PowerXchange and TechAdvantage 2026,The Expo at PowerXchange and TechAdvantage,2026-03-09,Nashville,TN,The Okonite Company,okonite.com,,,,,,,,
The Expo at PowerXchange and TechAdvantage 2026,The Expo at PowerXchange and TechAdvantage,2026-03-09,Nashville,TN,"Great Southwestern Construction, Inc.",gswc.us,,,,,,,,
The Expo at PowerXchange and TechAdvantage 2026,The Expo at PowerXchange and TechAdvantage,2026-03-09,Nashville,TN,"Nelson Tree Service, LLC",nelsontree.com,,,,,,,,
The Expo at PowerXchange and TechAdvantage 2026,The Expo at PowerXchange and TechAdvantage,2026-03-09,Nashville,TN,Xylem Tree Experts,xylemtree.com,,,,,,,,
The Expo at PowerXchange and TechAdvantage 2026,The Expo at PowerXchange and TechAdvantage,2026-03-09,Nashville,TN,Prinoth AG,prinoth.com,,,,,,,,
The Expo at PowerXchange and TechAdvantage 2026,The Expo at PowerXchange and TechAdvantage,2026-03-09,Nashville,TN,"Mesa Associates, Inc",mesainc.com,,,,,,,,
The Expo at PowerXchange and TechAdvantage 2026,The Expo at PowerXchange and TechAdvantage,2026-03-09,Nashville,TN,Danella Companies,danella.com,,,,,,,,
The Expo at PowerXchange and TechAdvantage 2026,The Expo at PowerXchange and TechAdvantage,2026-03-09,Nashville,TN,Kendall Vegetation Services,kendallco.net,,,,,,,,
The Expo at PowerXchange and TechAdvantage 2026,The Expo at PowerXchange and TechAdvantage,2026-03-09,Nashville,TN,Chain Electric Company,chainelectric.com,,,,,,,,
The Expo at PowerXchange and TechAdvantage 2026,The Expo at PowerXchange and TechAdvantage,2026-03-09,Nashville,TN,"Hog Slat, Incorporated",hogslat.com,,,,,,,,
The Expo at PowerXchange and TechAdvantage 2026,The Expo at PowerXchange and TechAdvantage,2026-03-09,Nashville,TN,Gresham Smith,greshamsmith.com,,,,,,,,
The Expo at PowerXchange and TechAdvantage 2026,The Expo at PowerXchange and TechAdvantage,2026-03-09,Nashville,TN,Leatherman,leatherman.com,,,,,,,,
The Expo at PowerXchange and TechAdvantage 2026,The Expo at PowerXchange and TechAdvantage,2026-03-09,Nashville,TN,Meridian Cooperative,meridian.coop,,,,,,,,
The Expo at PowerXchange and TechAdvantage 2026,The Expo at PowerXchange and TechAdvantage,2026-03-09,Nashville,TN,United Utility Services LLC,unitedutility.com,,,,,,,,
The Expo at PowerXchange and TechAdvantage 2026,The Expo at PowerXchange and TechAdvantage,2026-03-09,Nashville,TN,"Ferreira Construction Co., Inc.",ferreiraconstruction.com,,,,,,,,
The Expo at PowerXchange and TechAdvantage 2026,The Expo at PowerXchange and TechAdvantage,2026-03-09,Nashville,TN,"McWane, Inc.",mcwane.com,"Birmingham, USA",1337,Bootstrapped,1921,,,,
The Expo at PowerXchange and TechAdvantage 2026,The Expo at PowerXchange and TechAdvantage,2026-03-09,Nashville,TN,National OnDemand,nationalondemand.com,"Burlington, NC",1335,Investor Backed,2017,,,,
The Expo at PowerXchange and TechAdvantage 2026,The Expo at PowerXchange and TechAdvantage,2026-03-09,Nashville,TN,"Davis H. Elliot Company, Inc.",dhec.com,"Lexington, KY",1318,,1946,,,,
The Expo at PowerXchange and TechAdvantage 2026,The Expo at PowerXchange and TechAdvantage,2026-03-09,Nashville,TN,NISC,nisc.coop,"Lake St. Louis, MO",1294,Private Equity Add-On,2000,,,,
The Expo at PowerXchange and TechAdvantage 2026,The Expo at PowerXchange and TechAdvantage,2026-03-09,Nashville,TN,Arkansas Electric Cooperative Corporation,aecc.com,"Little Rock, AR",1233,Private Subsidiary,1949,,,,
The Expo at PowerXchange and TechAdvantage 2026,The Expo at PowerXchange and TechAdvantage,2026-03-09,Nashville,TN,"ElectriCom, LLC",electricomllc.com,,,,,,,,
The Expo at PowerXchange and TechAdvantage 2026,The Expo at PowerXchange and TechAdvantage,2026-03-09,Nashville,TN,"I & S Group, Inc (Isg)",isginc.com,,,,,,,,
The Expo at PowerXchange and TechAdvantage 2026,The Expo at PowerXchange and TechAdvantage,2026-03-09,Nashville,TN,Hexatronic,hexatronic.com,,,,,,,,
The Expo at PowerXchange and TechAdvantage 2026,The Expo at PowerXchange and TechAdvantage,2026-03-09,Nashville,TN,"Trees, LLC",trees-llc.com,,,,,,,,
The Expo at PowerXchange and TechAdvantage 2026,The Expo at PowerXchange and TechAdvantage,2026-03-09,Nashville,TN,"Bird Electric Enterprises, LLC",birdelectricinc.com,,,,,,,,
The Expo at PowerXchange and TechAdvantage 2026,The Expo at PowerXchange and TechAdvantage,2026-03-09,Nashville,TN,NRECA,electric.coop,,,,,,,,
The Expo at PowerXchange and TechAdvantage 2026,The Expo at PowerXchange and TechAdvantage,2026-03-09,Nashville,TN,Sunbelt Solomon,sunbeltsolomon.com,,,,,,,,
The Expo at PowerXchange and TechAdvantage 2026,The Expo at PowerXchange and TechAdvantage,2026-03-09,Nashville,TN,Electro-Mechanical,electro-mechanical.com,,,,,,,,
The Expo at PowerXchange and TechAdvantage 2026,The Expo at PowerXchange and TechAdvantage,2026-03-09,Nashville,TN,Intermatic Incorporated,intermatic.com,,,,,,,,
The Expo at PowerXchange and TechAdvantage 2026,The Expo at PowerXchange and TechAdvantage,2026-03-09,Nashville,TN,"Concentric, LLC",concentricusa.com,,,,,,,,
The Expo at PowerXchange and TechAdvantage 2026,The Expo at PowerXchange and TechAdvantage,2026-03-09,Nashville,TN,Milbank | Energy at Work,milbankworks.com,,,,,,,,
The Expo at PowerXchange and TechAdvantage 2026,The Expo at PowerXchange and TechAdvantage,2026-03-09,Nashville,TN,"Open Access Technology International, Inc.",oati.com,,,,,,,,
The Expo at PowerXchange and TechAdvantage 2026,The Expo at PowerXchange and TechAdvantage,2026-03-09,Nashville,TN,"Helix Traffic Solutions, LLC",helixtraffic.com,,,,,,,,
The Expo at PowerXchange and TechAdvantage 2026,The Expo at PowerXchange and TechAdvantage,2026-03-09,Nashville,TN,CHANNELL COMMERCIAL CORPORATION,channell.com,,,,,,,,
The Expo at PowerXchange and TechAdvantage 2026,The Expo at PowerXchange and TechAdvantage,2026-03-09,Nashville,TN,"John Staurulakis, LLC",jsitel.com,,,,,,,,
The Expo at PowerXchange and TechAdvantage 2026,The Expo at PowerXchange and TechAdvantage,2026-03-09,Nashville,TN,Geotek Llc,geotek.com,,,,,,,,
The Expo at PowerXchange and TechAdvantage 2026,The Expo at PowerXchange and TechAdvantage,2026-03-09,Nashville,TN,"PowerSecure, Inc.",powersecure.com,,,,,,,,
The Expo at PowerXchange and TechAdvantage 2026,The Expo at PowerXchange and TechAdvantage,2026-03-09,Nashville,TN,UniTek Global Services,unitekglobalservices.com,,,,,,,,
The Expo at PowerXchange and TechAdvantage 2026,The Expo at PowerXchange and TechAdvantage,2026-03-09,Nashville,TN,"NSI Industries, LLC",nsiindustries.com,,,,,,,,
The Expo at PowerXchange and TechAdvantage 2026,The Expo at PowerXchange and TechAdvantage,2026-03-09,Nashville,TN,Middle Tennessee Electric,mte.com,,,,,,,,
The Expo at PowerXchange and TechAdvantage 2026,The Expo at PowerXchange and TechAdvantage,2026-03-09,Nashville,TN,TPC Wire & Cable,tpcwire.com,,,,,,,,
The Expo at PowerXchange and TechAdvantage 2026,The Expo at PowerXchange and TechAdvantage,2026-03-09,Nashville,TN,"Energy Systems Group, LLC",energysystemsgroup.com,,,,,,,,
The Expo at PowerXchange and TechAdvantage 2026,The Expo at PowerXchange and TechAdvantage,2026-03-09,Nashville,TN,Resilient Structures,resilient-structures.com,,,,,,,,
The Expo at PowerXchange and TechAdvantage 2026,The Expo at PowerXchange and TechAdvantage,2026-03-09,Nashville,TN,National Rural Utilities Cooperative Finance Corporation (NRUCFC),nrucfc.coop,,,,,,,,
The Expo at PowerXchange and TechAdvantage 2026,The Expo at PowerXchange and TechAdvantage,2026-03-09,Nashville,TN,Sunrise Telecom Inc,sunrisetele.com,,,,,,,,
The Expo at PowerXchange and TechAdvantage 2026,The Expo at PowerXchange and TechAdvantage,2026-03-09,Nashville,TN,IEEE Power & Energy Society,ieee-pes.org,,,,,,,,
The Expo at PowerXchange and TechAdvantage 2026,The Expo at PowerXchange and TechAdvantage,2026-03-09,Nashville,TN,Vantage Point Solutions,vantagepnt.com,,,,,,,,
The Expo at PowerXchange and TechAdvantage 2026,The Expo at PowerXchange and TechAdvantage,2026-03-09,Nashville,TN,Clearfield,seeclearfield.com,,,,,,,,
The Expo at PowerXchange and TechAdvantage 2026,The Expo at PowerXchange and TechAdvantage,2026-03-09,Nashville,TN,"Panelmatic, Inc",panelmatic.com,,,,,,,,
The Expo at PowerXchange and TechAdvantage 2026,The Expo at PowerXchange and TechAdvantage,2026-03-09,Nashville,TN,ETAP,etap.com,,,,,,,,
The Expo at PowerXchange and TechAdvantage 2026,The Expo at PowerXchange and TechAdvantage,2026-03-09,Nashville,TN,Marmon Utility,marmonutility.com,,,,,,,,
The Expo at PowerXchange and TechAdvantage 2026,The Expo at PowerXchange and TechAdvantage,2026-03-09,Nashville,TN,The Durham Company,durhamusa.com,,,,,,,,
The Expo at PowerXchange and TechAdvantage 2026,The Expo at PowerXchange and TechAdvantage,2026-03-09,Nashville,TN,"Conexon, LLC",conexon.us,,,,,,,,
The Expo at PowerXchange and TechAdvantage 2026,The Expo at PowerXchange and TechAdvantage,2026-03-09,Nashville,TN,DiversiTech Corporation,diversitech.com,,,,,,,,
The Expo at PowerXchange and TechAdvantage 2026,The Expo at PowerXchange and TechAdvantage,2026-03-09,Nashville,TN,Thermo Bond Buildings,thermobond.com,,,,,,,,
The Expo at PowerXchange and TechAdvantage 2026,The Expo at PowerXchange and TechAdvantage,2026-03-09,Nashville,TN,"Tarana Wireless, Inc.",taranawireless.com,,,,,,,,
The Expo at PowerXchange and TechAdvantage 2026,The Expo at PowerXchange and TechAdvantage,2026-03-09,Nashville,TN,"Mainspring Energy, Inc.",mainspringenergy.com,,,,,,,,
The Expo at PowerXchange and TechAdvantage 2026,The Expo at PowerXchange and TechAdvantage,2026-03-09,Nashville,TN,Versalift,versalift.com,,,,,,,,
The Expo at PowerXchange and TechAdvantage 2026,The Expo at PowerXchange and TechAdvantage,2026-03-09,Nashville,TN,Gridco Inc.,gridcompany.com,,,,,,,,
The Expo at PowerXchange and TechAdvantage 2026,The Expo at PowerXchange and TechAdvantage,2026-03-09,Nashville,TN,"Finley Engineering Company,Inc.",finleyusa.com,,,,,,,,
The Expo at PowerXchange and TechAdvantage 2026,The Expo at PowerXchange and TechAdvantage,2026-03-09,Nashville,TN,Hughes Brothers,hughesbros.com,,,,,,,,
The Expo at PowerXchange and TechAdvantage 2026,The Expo at PowerXchange and TechAdvantage,2026-03-09,Nashville,TN,Lecom Utility Contractors,lecomutility.com,,,,,,,,
The Expo at PowerXchange and TechAdvantage 2026,The Expo at PowerXchange and TechAdvantage,2026-03-09,Nashville,TN,Bell Lumber and Pole Company,blpole.com,,,,,,,,
The Expo at PowerXchange and TechAdvantage 2026,The Expo at PowerXchange and TechAdvantage,2026-03-09,Nashville,TN,SECO Energy,secoenergy.com,,,,,,,,
The Expo at PowerXchange and TechAdvantage 2026,The Expo at PowerXchange and TechAdvantage,2026-03-09,Nashville,TN,AiDash Inc,aidash.com,,,,,,,,
The Expo at PowerXchange and TechAdvantage 2026,The Expo at PowerXchange and TechAdvantage,2026-03-09,Nashville,TN,Southern States LLC,southernstatesllc.com,,,,,,,,
The Expo at PowerXchange and TechAdvantage 2026,The Expo at PowerXchange and TechAdvantage,2026-03-09,Nashville,TN,Gamber-Johnson LLC,gamberjohnson.com,,,,,,,,
The Expo at PowerXchange and TechAdvantage 2026,The Expo at PowerXchange and TechAdvantage,2026-03-09,Nashville,TN,Cyberhawk,thecyberhawk.com,,,,,,,,
The Expo at PowerXchange and TechAdvantage 2026,The Expo at PowerXchange and TechAdvantage,2026-03-09,Nashville,TN,"Milner, Inc.",milner.com,,,,,,,,
The Expo at PowerXchange and TechAdvantage 2026,The Expo at PowerXchange and TechAdvantage,2026-03-09,Nashville,TN,Cobb EMC,cobbemc.com,,,,,,,,
The Expo at PowerXchange and TechAdvantage 2026,The Expo at PowerXchange and TechAdvantage,2026-03-09,Nashville,TN,Trilliant,trilliant.com,,,,,,,,
The Expo at PowerXchange and TechAdvantage 2026,The Expo at PowerXchange and TechAdvantage,2026-03-09,Nashville,TN,Accuenergy Inc.,accuenergy.com,,,,,,,,
The Expo at PowerXchange and TechAdvantage 2026,The Expo at PowerXchange and TechAdvantage,2026-03-09,Nashville,TN,Power & Tel,ptsupply.com,,,,,,,,
The Expo at PowerXchange and TechAdvantage 2026,The Expo at PowerXchange and TechAdvantage,2026-03-09,Nashville,TN,"Cooperative Response Center, Inc.",crc.coop,,,,,,,,
The Expo at PowerXchange and TechAdvantage 2026,The Expo at PowerXchange and TechAdvantage,2026-03-09,Nashville,TN,"Multilink, Inc.",gomultilink.com,,,,,,,,
The Expo at PowerXchange and TechAdvantage 2026,The Expo at PowerXchange and TechAdvantage,2026-03-09,Nashville,TN,Mrcool,mrcool.com,,,,,,,,
The Expo at PowerXchange and TechAdvantage 2026,The Expo at PowerXchange and TechAdvantage,2026-03-09,Nashville,TN,"Gresco Utility Supply, Inc.",gresco.com,,,,,,,,
The Expo at PowerXchange and TechAdvantage 2026,The Expo at PowerXchange and TechAdvantage,2026-03-09,Nashville,TN,"Sherman + Reilly, Inc.",sherman-reilly.com,,,,,,,,
The Expo at PowerXchange and TechAdvantage 2026,The Expo at PowerXchange and TechAdvantage,2026-03-09,Nashville,TN,FlexGen,flexgen.com,,,,,,,,
The Expo at PowerXchange and TechAdvantage 2026,The Expo at PowerXchange and TechAdvantage,2026-03-09,Nashville,TN,Milwaukee Tool,milwaukeetool.com,,,,,,,,
The Expo at PowerXchange and TechAdvantage 2026,The Expo at PowerXchange and TechAdvantage,2026-03-09,Nashville,TN,"GDS Associates, Inc Engineers & Consultants",gdsassociates.com,,,,,,,,
The Expo at PowerXchange and TechAdvantage 2026,The Expo at PowerXchange and TechAdvantage,2026-03-09,Nashville,TN,American Chemistry Council,americanchemistry.com,,,,,,,,
The Expo at PowerXchange and TechAdvantage 2026,The Expo at PowerXchange and TechAdvantage,2026-03-09,Nashville,TN,Emerald Transformer,emeraldtransformer.com,,,,,,,,
The Expo at PowerXchange and TechAdvantage 2026,The Expo at PowerXchange and TechAdvantage,2026-03-09,Nashville,TN,Evans Consoles,evansonline.com,,,,,,,,
The Expo at PowerXchange and TechAdvantage 2026,The Expo at PowerXchange and TechAdvantage,2026-03-09,Nashville,TN,Texas Electric Cooperatives,texas-ec.org,,,,,,,,
The Expo at PowerXchange and TechAdvantage 2026,The Expo at PowerXchange and TechAdvantage,2026-03-09,Nashville,TN,Eaton,cooperindustries.com,,,,,,,,
The Expo at PowerXchange and TechAdvantage 2026,The Expo at PowerXchange and TechAdvantage,2026-03-09,Nashville,TN,"Mi-Tech Services, Inc.",mi-tech.us,,,,,,,,
The Expo at PowerXchange and TechAdvantage 2026,The Expo at PowerXchange and TechAdvantage,2026-03-09,Nashville,TN,"ISPN, LLC.",ispn.net,,,,,,,,
The Expo at PowerXchange and TechAdvantage 2026,The Expo at PowerXchange and TechAdvantage,2026-03-09,Nashville,TN,"T&R Electric Supply Company, Inc.",t-r.com,,,,,,,,
The Expo at PowerXchange and TechAdvantage 2026,The Expo at PowerXchange and TechAdvantage,2026-03-09,Nashville,TN,"Maddox Industrial Transformer, LLC",maddoxtransformer.com,,,,,,,,
The Expo at PowerXchange and TechAdvantage 2026,The Expo at PowerXchange and TechAdvantage,2026-03-09,Nashville,TN,"Toth and Associates, Inc.",tothassociates.com,,,,,,,,
The Expo at PowerXchange and TechAdvantage 2026,The Expo at PowerXchange and TechAdvantage,2026-03-09,Nashville,TN,Arcos Llc,arcos-inc.com,,,,,,,,
The Expo at PowerXchange and TechAdvantage 2026,The Expo at PowerXchange and TechAdvantage,2026-03-09,Nashville,TN,"Knet Co.,Ltd.",e-knet.com,,,,,,,,
The Expo at PowerXchange and TechAdvantage 2026,The Expo at PowerXchange and TechAdvantage,2026-03-09,Nashville,TN,American Wire Group,buyawg.com,,,,,,,,
The Expo at PowerXchange and TechAdvantage 2026,The Expo at PowerXchange and TechAdvantage,2026-03-09,Nashville,TN,Tantalus Systems,tantalus.com,,,,,,,,
The Expo at PowerXchange and TechAdvantage 2026,The Expo at PowerXchange and TechAdvantage,2026-03-09,Nashville,TN,"Fiber Instrument Sales, Inc.",fiberinstrumentsales.com,,,,,,,,
The Expo at PowerXchange and TechAdvantage 2026,The Expo at PowerXchange and TechAdvantage,2026-03-09,Nashville,TN,"Copperweld Bimetallics, LLC",copperweld.com,,,,,,,,
The Expo at PowerXchange and TechAdvantage 2026,The Expo at PowerXchange and TechAdvantage,2026-03-09,Nashville,TN,Vertical Supply Group (VSG),verticalsupplygroup.com,,,,,,,,
The Expo at PowerXchange and TechAdvantage 2026,The Expo at PowerXchange and TechAdvantage,2026-03-09,Nashville,TN,Exo Grouop,exoinc.com,,,,,,,,
The Expo at PowerXchange and TechAdvantage 2026,The Expo at PowerXchange and TechAdvantage,2026-03-09,Nashville,TN,"Radian Research, Inc.",radianresearch.com,,,,,,,,
The Expo at PowerXchange and TechAdvantage 2026,The Expo at PowerXchange and TechAdvantage,2026-03-09,Nashville,TN,"NovaTech, LLC",novatechautomation.com,,,,,,,,
The Expo at PowerXchange and TechAdvantage 2026,The Expo at PowerXchange and TechAdvantage,2026-03-09,Nashville,TN,Power System Engineering,powersystem.org,,,,,,,,
The Expo at PowerXchange and TechAdvantage 2026,The Expo at PowerXchange and TechAdvantage,2026-03-09,Nashville,TN,"Alamon, Inc",alamon.com,,,,,,,,
The Expo at PowerXchange and TechAdvantage 2026,The Expo at PowerXchange and TechAdvantage,2026-03-09,Nashville,TN,Wolf Line Construction,wolflineconst.com,,,,,,,,
The Expo at PowerXchange and TechAdvantage 2026,The Expo at PowerXchange and TechAdvantage,2026-03-09,Nashville,TN,ORing Industrial Networking Corp.,oringnet.com,,,,,,,,
The Expo at PowerXchange and TechAdvantage 2026,The Expo at PowerXchange and TechAdvantage,2026-03-09,Nashville,TN,Survalent,survalent.com,,,,,,,,
The Expo at PowerXchange and TechAdvantage 2026,The Expo at PowerXchange and TechAdvantage,2026-03-09,Nashville,TN,Vfp Inc.,vfpinc.com,,,,,,,,
The Expo at PowerXchange and TechAdvantage 2026,The Expo at PowerXchange and TechAdvantage,2026-03-09,Nashville,TN,Thompson Consulting Services,thompsoncs.net,,,,,,,,
The Expo at PowerXchange and TechAdvantage 2026,The Expo at PowerXchange and TechAdvantage,2026-03-09,Nashville,TN,Aerial Solutions,aerialsolutionsinc.com,,,,,,,,
The Expo at PowerXchange and TechAdvantage 2026,The Expo at PowerXchange and TechAdvantage,2026-03-09,Nashville,TN,"Ubicquia, Inc.",ubicquia.com,,,,,,,,
The Expo at PowerXchange and TechAdvantage 2026,The Expo at PowerXchange and TechAdvantage,2026-03-09,Nashville,TN,Convey,goconvey.com,,,,,,,,
The Expo at PowerXchange and TechAdvantage 2026,The Expo at PowerXchange and TechAdvantage,2026-03-09,Nashville,TN,RITZ USA,ritzusa.com,,,,,,,,
The Expo at PowerXchange and TechAdvantage 2026,The Expo at PowerXchange and TechAdvantage,2026-03-09,Nashville,TN,Rural Electric Supply Cooperative (RESCO),resco1.com,,,,,,,,
The Expo at PowerXchange and TechAdvantage 2026,The Expo at PowerXchange and TechAdvantage,2026-03-09,Nashville,TN,Fiber Broadband Association,fiberbroadband.org,,,,,,,,
The Expo at PowerXchange and TechAdvantage 2026,The Expo at PowerXchange and TechAdvantage,2026-03-09,Nashville,TN,"Innovative Systems, LLC",innovsys.com,,,,,,,,
The Expo at PowerXchange and TechAdvantage 2026,The Expo at PowerXchange and TechAdvantage,2026-03-09,Nashville,TN,Infratech Corporation,infratechcorp.com,"Kennesaw, GA",177,Bootstrapped,1994,,,,
The Expo at PowerXchange and TechAdvantage 2026,The Expo at PowerXchange and TechAdvantage,2026-03-09,Nashville,TN,Genics Inc.,genicsinc.com,"Acheson, Canada",175,Bootstrapped,1979,,,,
The Expo at PowerXchange and TechAdvantage 2026,The Expo at PowerXchange and TechAdvantage,2026-03-09,Nashville,TN,"Techline, Inc.",techline-inc.com,"Austin, TX",174,Bootstrapped,,,,,
The Expo at PowerXchange and TechAdvantage 2026,The Expo at PowerXchange and TechAdvantage,2026-03-09,Nashville,TN,"Thayer Power and Communication Line Construction Co., LLC",thayerpc.com,"Pataskala, OH",167,Private Equity Platform,1964,,,,
The Expo at PowerXchange and TechAdvantage 2026,The Expo at PowerXchange and TechAdvantage,2026-03-09,Nashville,TN,"Blackwood Solutions, Inc",bwoodsolutions.com,"Bloomington, IN",167,Private Subsidiary,2016,,,,
The Expo at PowerXchange and TechAdvantage 2026,The Expo at PowerXchange and TechAdvantage,2026-03-09,Nashville,TN,Leotek Electronics USA LLC,leotek.com,,,,,,,,
The Expo at PowerXchange and TechAdvantage 2026,The Expo at PowerXchange and TechAdvantage,2026-03-09,Nashville,TN,LIVE EO,live-eo.com,,,,,,,,
The Expo at PowerXchange and TechAdvantage 2026,The Expo at PowerXchange and TechAdvantage,2026-03-09,Nashville,TN,OTC Services Inc.,otcservices.com,,,,,,,,
The Expo at PowerXchange and TechAdvantage 2026,The Expo at PowerXchange and TechAdvantage,2026-03-09,Nashville,TN,"Advanced Media Technologies, Inc.",goamt.com,,,,,,,,
The Expo at PowerXchange and TechAdvantage 2026,The Expo at PowerXchange and TechAdvantage,2026-03-09,Nashville,TN,Guernsey,guernsey.us,,,,,,,,
The Expo at PowerXchange and TechAdvantage 2026,The Expo at PowerXchange and TechAdvantage,2026-03-09,Nashville,TN,Overstory,overstory.com,,,,,,,,
The Expo at PowerXchange and TechAdvantage 2026,The Expo at PowerXchange and TechAdvantage,2026-03-09,Nashville,TN,AP Equipment Financing Inc.,apfinancing.com,,,,,,,,
The Expo at PowerXchange and TechAdvantage 2026,The Expo at PowerXchange and TechAdvantage,2026-03-09,Nashville,TN,"Advanced Pedestals, Ltd",api-plastics.com,,,,,,,,
The Expo at PowerXchange and TechAdvantage 2026,The Expo at PowerXchange and TechAdvantage,2026-03-09,Nashville,TN,"SALCo, Inc",salcoinc.net,,,,,,,,
The Expo at PowerXchange and TechAdvantage 2026,The Expo at PowerXchange and TechAdvantage,2026-03-09,Nashville,TN,"Allgeier, Martin And Associates, Inc.",amce.com,,,,,,,,
The Expo at PowerXchange and TechAdvantage 2026,The Expo at PowerXchange and TechAdvantage,2026-03-09,Nashville,TN,Milsoft Utility Solutions,milsoft.com,,,,,,,,
The Expo at PowerXchange and TechAdvantage 2026,The Expo at PowerXchange and TechAdvantage,2026-03-09,Nashville,TN,GeoDigital,geodigital.com,,,,,,,,
The Expo at PowerXchange and TechAdvantage 2026,The Expo at PowerXchange and TechAdvantage,2026-03-09,Nashville,TN,"Clean Power Research, L.L.C.",cleanpower.com,,,,,,,,
The Expo at PowerXchange and TechAdvantage 2026,The Expo at PowerXchange and TechAdvantage,2026-03-09,Nashville,TN,Firmatek,firmatek.com,,,,,,,,
The Expo at PowerXchange and TechAdvantage 2026,The Expo at PowerXchange and TechAdvantage,2026-03-09,Nashville,TN,LS Cable & System USA,lscsusa.com,,,,,,,,
The Expo at PowerXchange and TechAdvantage 2026,The Expo at PowerXchange and TechAdvantage,2026-03-09,Nashville,TN,EMPACT Engineering LLC,empactengineering.com,,,,,,,,
The Expo at PowerXchange and TechAdvantage 2026,The Expo at PowerXchange and TechAdvantage,2026-03-09,Nashville,TN,ONLINE Information Services,onlineis.com,,,,,,,,
The Expo at PowerXchange and TechAdvantage 2026,The Expo at PowerXchange and TechAdvantage,2026-03-09,Nashville,TN,DCMC Partners,dcmcpartners.com,,,,,,,,
The Expo at PowerXchange and TechAdvantage 2026,The Expo at PowerXchange and TechAdvantage,2026-03-09,Nashville,TN,TS Conductor,tsconductor.com,,,,,,,,
The Expo at PowerXchange and TechAdvantage 2026,The Expo at PowerXchange and TechAdvantage,2026-03-09,Nashville,TN,Russ Bassett Corporation,russbassett.com,,,,,,,,
The Expo at PowerXchange and TechAdvantage 2026,The Expo at PowerXchange and TechAdvantage,2026-03-09,Nashville,TN,Sentient Energy,sentientenergy.com,,,,,,,,
The Expo at PowerXchange and TechAdvantage 2026,The Expo at PowerXchange and TechAdvantage,2026-03-09,Nashville,TN,Silicon Ranch Legal Department,siliconranch.com,,,,,,,,
The Expo at PowerXchange and TechAdvantage 2026,The Expo at PowerXchange and TechAdvantage,2026-03-09,Nashville,TN,"American Power Systems, LLC",ampowersys.com,,,,,,,,
The Expo at PowerXchange and TechAdvantage 2026,The Expo at PowerXchange and TechAdvantage,2026-03-09,Nashville,TN,Palmetto Engineering & Consulting,palmettoeng.com,,,,,,,,
The Expo at PowerXchange and TechAdvantage 2026,The Expo at PowerXchange and TechAdvantage,2026-03-09,Nashville,TN,Maverick Corporation,maverickcorporation.com,,,,,,,,
The Expo at PowerXchange and TechAdvantage 2026,The Expo at PowerXchange and TechAdvantage,2026-03-09,Nashville,TN,"MDR Construction, Inc.",mdrpowerline.com,,,,,YES,campaign-P2,T3,YES
The Expo at PowerXchange and TechAdvantage 2026,The Expo at PowerXchange and TechAdvantage,2026-03-09,Nashville,TN,Kelly and Company,kellyandcompany.com,,,,,,,,
The Expo at PowerXchange and TechAdvantage 2026,The Expo at PowerXchange and TechAdvantage,2026-03-09,Nashville,TN,UtiliSource LLC,utilisource.us,,,,,,,,
The Expo at PowerXchange and TechAdvantage 2026,The Expo at PowerXchange and TechAdvantage,2026-03-09,Nashville,TN,Xybix Systems Inc,xybix.com,,,,,,,,
The Expo at PowerXchange and TechAdvantage 2026,The Expo at PowerXchange and TechAdvantage,2026-03-09,Nashville,TN,Gunnison Company,gunnisoncompany.com,,,,,,,,
The Expo at PowerXchange and TechAdvantage 2026,The Expo at PowerXchange and TechAdvantage,2026-03-09,Nashville,TN,Wilson Bohannan Lock Company,padlocks.com,,,,,,,,
The Expo at PowerXchange and TechAdvantage 2026,The Expo at PowerXchange and TechAdvantage,2026-03-09,Nashville,TN,Weschler Instruments,weschler.com,,,,,,,,
The Expo at PowerXchange and TechAdvantage 2026,The Expo at PowerXchange and TechAdvantage,2026-03-09,Nashville,TN,"MWResource, Inc.",mwresource.com,,,,,,,,
The Expo at PowerXchange and TechAdvantage 2026,The Expo at PowerXchange and TechAdvantage,2026-03-09,Nashville,TN,Almetek Industries,almetek.com,,,,,,,,
The Expo at PowerXchange and TechAdvantage 2026,The Expo at PowerXchange and TechAdvantage,2026-03-09,Nashville,TN,Federated Rural Electric Insurance Exchange,federatedrural.com,,,,,,,,
The Expo at PowerXchange and TechAdvantage 2026,The Expo at PowerXchange and TechAdvantage,2026-03-09,Nashville,TN,IND Technology,ind-technology.com.au,,,,,,,,
The Expo at PowerXchange and TechAdvantage 2026,The Expo at PowerXchange and TechAdvantage,2026-03-09,Nashville,TN,REI Utility Services,reiutilityservices.com,,,,,,,,
The Expo at PowerXchange and TechAdvantage 2026,The Expo at PowerXchange and TechAdvantage,2026-03-09,Nashville,TN,Safety Test,safetytest.net,,,,,,,,
The Expo at PowerXchange and TechAdvantage 2026,The Expo at PowerXchange and TechAdvantage,2026-03-09,Nashville,TN,"Alpine Communication, LLC",alpinecommunication.com,,,,,,,,
The Expo at PowerXchange and TechAdvantage 2026,The Expo at PowerXchange and TechAdvantage,2026-03-09,Nashville,TN,"McCall-Thomas Engineering Company, Inc.",mccallthomas.com,,,,,,,,
The Expo at PowerXchange and TechAdvantage 2026,The Expo at PowerXchange and TechAdvantage,2026-03-09,Nashville,TN,"Constant Technologies, Inc.",constanttech.com,,,,,,,,
The Expo at PowerXchange and TechAdvantage 2026,The Expo at PowerXchange and TechAdvantage,2026-03-09,Nashville,TN,"Viance, LLC",treatedwood.com,,,,,,,,
The Expo at PowerXchange and TechAdvantage 2026,The Expo at PowerXchange and TechAdvantage,2026-03-09,Nashville,TN,Virtual Peaker,virtual-peaker.com,,,,,,,,
The Expo at PowerXchange and TechAdvantage 2026,The Expo at PowerXchange and TechAdvantage,2026-03-09,Nashville,TN,Futura Systems,futuragis.com,,,,,,,,
The Expo at PowerXchange and TechAdvantage 2026,The Expo at PowerXchange and TechAdvantage,2026-03-09,Nashville,TN,"Katapult Engineering, Inc.",katapultengineering.com,,,,,,,,
The Expo at PowerXchange and TechAdvantage 2026,The Expo at PowerXchange and TechAdvantage,2026-03-09,Nashville,TN,"Daupler, Inc.",daupler.com,,,,,,,,
The Expo at PowerXchange and TechAdvantage 2026,The Expo at PowerXchange and TechAdvantage,2026-03-09,Nashville,TN,GLDS,glds.com,,,,,,,,
The Expo at PowerXchange and TechAdvantage 2026,The Expo at PowerXchange and TechAdvantage,2026-03-09,Nashville,TN,OneSource Restoration LLC,onesourcerestorationllc.com,,,,,YES,campaign-P2,T3,YES
The Expo at PowerXchange and TechAdvantage 2026,The Expo at PowerXchange and TechAdvantage,2026-03-09,Nashville,TN,PSP Products,pspproducts.com,,,,,,,,
The Expo at PowerXchange and TechAdvantage 2026,The Expo at PowerXchange and TechAdvantage,2026-03-09,Nashville,TN,"CellSite Solutions, LLC",cellsitesolutions.com,,,,,,,,
The Expo at PowerXchange and TechAdvantage 2026,The Expo at PowerXchange and TechAdvantage,2026-03-09,Nashville,TN,Maschinenfabrik Reinhausen,reinhausen.com,,,,,,,,
The Expo at PowerXchange and TechAdvantage 2026,The Expo at PowerXchange and TechAdvantage,2026-03-09,Nashville,TN,Ofil,ofilsystems.com,,,,,,,,
The Expo at PowerXchange and TechAdvantage 2026,The Expo at PowerXchange and TechAdvantage,2026-03-09,Nashville,TN,Phoenix Contact USA,phoenixcontact.com,,,,,,,,
The Expo at PowerXchange and TechAdvantage 2026,The Expo at PowerXchange and TechAdvantage,2026-03-09,Nashville,TN,"Tech Products, Inc.",techproducts.com,,,,,,,,
The Expo at PowerXchange and TechAdvantage 2026,The Expo at PowerXchange and TechAdvantage,2026-03-09,Nashville,TN,Clear Path Utility Solutions LLC,clearpathutilityconsulting.com,,,,,,,,
The Expo at PowerXchange and TechAdvantage 2026,The Expo at PowerXchange and TechAdvantage,2026-03-09,Nashville,TN,"Vanguard Electric, LLC",vanguardelec.com,,,,,,,,
The Expo at PowerXchange and TechAdvantage 2026,The Expo at PowerXchange and TechAdvantage,2026-03-09,Nashville,TN,"CLP Engineering, LLC",clp-engineering.com,,,,,YES,master-P3,E12,
The Expo at PowerXchange and TechAdvantage 2026,The Expo at PowerXchange and TechAdvantage,2026-03-09,Nashville,TN,AESI Acumen Engineered Solutions International Inc.,aesi-inc.com,,,,,,,,
The Expo at PowerXchange and TechAdvantage 2026,The Expo at PowerXchange and TechAdvantage,2026-03-09,Nashville,TN,"Communication Network Engineering, Inc. (CNE)",cnesolutions.com,,,,,,,,
The Expo at PowerXchange and TechAdvantage 2026,The Expo at PowerXchange and TechAdvantage,2026-03-09,Nashville,TN,United Utility Supply,uus.coop,,,,,,,,
The Expo at PowerXchange and TechAdvantage 2026,The Expo at PowerXchange and TechAdvantage,2026-03-09,Nashville,TN,Dur-A-Lift Inc.,dur-a-lift.com,,,,,,,,
The Expo at PowerXchange and TechAdvantage 2026,The Expo at PowerXchange and TechAdvantage,2026-03-09,Nashville,TN,Systems With Intelligence Inc.,systemswithintelligence.com,,,,,,,,
The Expo at PowerXchange and TechAdvantage 2026,The Expo at PowerXchange and TechAdvantage,2026-03-09,Nashville,TN,"BEC Technologies, Inc.",bectechnologies.net,,,,,,,,
The Expo at PowerXchange and TechAdvantage 2026,The Expo at PowerXchange and TechAdvantage,2026-03-09,Nashville,TN,Build Cbs,buildcbs.com,,,,,,,,
The Expo at PowerXchange and TechAdvantage 2026,The Expo at PowerXchange and TechAdvantage,2026-03-09,Nashville,TN,GMB Powerline Services,gmbpowerlineservices.com,,,,,,,,
The Expo at PowerXchange and TechAdvantage 2026,The Expo at PowerXchange and TechAdvantage,2026-03-09,Nashville,TN,Ronk,ronkelectrical.com,,,,,,,,
The Expo at PowerXchange and TechAdvantage 2026,The Expo at PowerXchange and TechAdvantage,2026-03-09,Nashville,TN,FirstPower Group LLC,firstpowergroupllc.com,,,,,YES,campaign-Nurture,T2,YES
The Expo at PowerXchange and TechAdvantage 2026,The Expo at PowerXchange and TechAdvantage,2026-03-09,Nashville,TN,NexGen Utility Sales,nexgenutilitysales.com,,,,,,,,
The Expo at PowerXchange and TechAdvantage 2026,The Expo at PowerXchange and TechAdvantage,2026-03-09,Nashville,TN,Uticom Systems Inc,uticom.net,,,,,,,,
The Expo at PowerXchange and TechAdvantage 2026,The Expo at PowerXchange and TechAdvantage,2026-03-09,Nashville,TN,"Basic Concepts, Inc.",basicconcepts.com,,,,,,,,
The Expo at PowerXchange and TechAdvantage 2026,The Expo at PowerXchange and TechAdvantage,2026-03-09,Nashville,TN,CallNet Call Center Services,callnetservices.com,,,,,,,,
The Expo at PowerXchange and TechAdvantage 2026,The Expo at PowerXchange and TechAdvantage,2026-03-09,Nashville,TN,Integral Analytics,integralanalytics.com,,,,,,,,
The Expo at PowerXchange and TechAdvantage 2026,The Expo at PowerXchange and TechAdvantage,2026-03-09,Nashville,TN,Power Line Sentry,powerlinesentry.com,,,,,,,,
The Expo at PowerXchange and TechAdvantage 2026,The Expo at PowerXchange and TechAdvantage,2026-03-09,Nashville,TN,Innovative Chemical Products Group,icpgroup.com,,,,,,,,
The Expo at PowerXchange and TechAdvantage 2026,The Expo at PowerXchange and TechAdvantage,2026-03-09,Nashville,TN,Sunbelt Rentals,sunbeltrentals.com,,,,,,,,
The Expo at PowerXchange and TechAdvantage 2026,The Expo at PowerXchange and TechAdvantage,2026-03-09,Nashville,TN,"Schaefer, Inc",schaeferpower.com,,,,,,,,
The Expo at PowerXchange and TechAdvantage 2026,The Expo at PowerXchange and TechAdvantage,2026-03-09,Nashville,TN,"Actif.ai, Inc.",actif.ai,,,,,,,,
The Expo at PowerXchange and TechAdvantage 2026,The Expo at PowerXchange and TechAdvantage,2026-03-09,Nashville,TN,Hercules Industries Inc.,herculock.com,,,,,,,,
The Expo at PowerXchange and TechAdvantage 2026,The Expo at PowerXchange and TechAdvantage,2026-03-09,Nashville,TN,Evluma,evluma.com,,,,,,,,
The Expo at PowerXchange and TechAdvantage 2026,The Expo at PowerXchange and TechAdvantage,2026-03-09,Nashville,TN,Future Grid,future-grid.com,,,,,,,,
The Expo at PowerXchange and TechAdvantage 2026,The Expo at PowerXchange and TechAdvantage,2026-03-09,Nashville,TN,Hawk Line Construction,hawklineconstruction.com,,,,,,,,
The Expo at PowerXchange and TechAdvantage 2026,The Expo at PowerXchange and TechAdvantage,2026-03-09,Nashville,TN,TCA Telcom Consulting,tcatel.com,,,,,,,,
The Expo at PowerXchange and TechAdvantage 2026,The Expo at PowerXchange and TechAdvantage,2026-03-09,Nashville,TN,Ziegler Es,ziegleres.com,,,,,,,,
The Expo at PowerXchange and TechAdvantage 2026,The Expo at PowerXchange and TechAdvantage,2026-03-09,Nashville,TN,Safeguard Equipment,safeguardequipment.com,,,,,,,,
The Expo at PowerXchange and TechAdvantage 2026,The Expo at PowerXchange and TechAdvantage,2026-03-09,Nashville,TN,Kaddas Enterprises Inc,kaddas.com,,,,,,,,
The Expo at PowerXchange and TechAdvantage 2026,The Expo at PowerXchange and TechAdvantage,2026-03-09,Nashville,TN,"Epoch Solutions Group, LLC",epochsg.com,,,,,,,,
The Expo at PowerXchange and TechAdvantage 2026,The Expo at PowerXchange and TechAdvantage,2026-03-09,Nashville,TN,Noteworthy AI,noteworthy.ai,,,,,,,,
The Expo at PowerXchange and TechAdvantage 2026,The Expo at PowerXchange and TechAdvantage,2026-03-09,Nashville,TN,"Professional Computer Solutions, LLC",pcs-csa.com,,,,,,,,
The Expo at PowerXchange and TechAdvantage 2026,The Expo at PowerXchange and TechAdvantage,2026-03-09,Nashville,TN,BrilliT,brillit.co,,,,,,,,
The Expo at PowerXchange and TechAdvantage 2026,The Expo at PowerXchange and TechAdvantage,2026-03-09,Nashville,TN,Penn-Union Corp.,penn-union.com,,,,,,,,
The Expo at PowerXchange and TechAdvantage 2026,The Expo at PowerXchange and TechAdvantage,2026-03-09,Nashville,TN,FARR Technologies,farrtechnologies.com,,,,,,,,
The Expo at PowerXchange and TechAdvantage 2026,The Expo at PowerXchange and TechAdvantage,2026-03-09,Nashville,TN,"Micatu, Inc.",micatu.com,,,,,,,,
The Expo at PowerXchange and TechAdvantage 2026,The Expo at PowerXchange and TechAdvantage,2026-03-09,Nashville,TN,Rhizome,rhizomedata.com,,,,,,,,
The Expo at PowerXchange and TechAdvantage 2026,The Expo at PowerXchange and TechAdvantage,2026-03-09,Nashville,TN,Senpilot Inc.,senpilot.com,,,,,,,,
The Expo at PowerXchange and TechAdvantage 2026,The Expo at PowerXchange and TechAdvantage,2026-03-09,Nashville,TN,Insulated Tools Ltd,insulatedtools.co.uk,,,,,,,,
The Expo at PowerXchange and TechAdvantage 2026,The Expo at PowerXchange and TechAdvantage,2026-03-09,Nashville,TN,Integrity Data Solutions,accessids.com,"Phoenix, AZ",26,Private Equity Platform,1999,,,,
The Expo at PowerXchange and TechAdvantage 2026,The Expo at PowerXchange and TechAdvantage,2026-03-09,Nashville,TN,Burns & McDonnell,burnsmcd.com,"Kansas City, MO",26,Investor Backed,1898,,,,
The Expo at PowerXchange and TechAdvantage 2026,The Expo at PowerXchange and TechAdvantage,2026-03-09,Nashville,TN,SkyHelm,skyhelm.com,"Oklahoma City, OK",24,Bootstrapped,2015,,,,
The Expo at PowerXchange and TechAdvantage 2026,The Expo at PowerXchange and TechAdvantage,2026-03-09,Nashville,TN,"Laminated Wood Systems, Inc.",lwsinc.com,"Seward, NE",24,Bootstrapped,1992,,,,
The Expo at PowerXchange and TechAdvantage 2026,The Expo at PowerXchange and TechAdvantage,2026-03-09,Nashville,TN,Brooks Manufacturing Co.,brooksmfg.com,"Bellingham, WA",23,Public Subsidiary,1915,,,,
The Expo at PowerXchange and TechAdvantage 2026,The Expo at PowerXchange and TechAdvantage,2026-03-09,Nashville,TN,Ensight Plus,ensightplus.com,,,,,,,,
The Expo at PowerXchange and TechAdvantage 2026,The Expo at PowerXchange and TechAdvantage,2026-03-09,Nashville,TN,Neutron USA,neutronusa.com,,,,,,,,
The Expo at PowerXchange and TechAdvantage 2026,The Expo at PowerXchange and TechAdvantage,2026-03-09,Nashville,TN,GeoGraph Technologies,geograph.tech,,,,,,,,
The Expo at PowerXchange and TechAdvantage 2026,The Expo at PowerXchange and TechAdvantage,2026-03-09,Nashville,TN,Enxchange,enxenergy.com,,,,,,,,
The Expo at PowerXchange and TechAdvantage 2026,The Expo at PowerXchange and TechAdvantage,2026-03-09,Nashville,TN,The VON Corporation,voncorp.com,,,,,,,,
The Expo at PowerXchange and TechAdvantage 2026,The Expo at PowerXchange and TechAdvantage,2026-03-09,Nashville,TN,"EnerVision, Inc.",enervision-inc.com,,,,,,,,
The Expo at PowerXchange and TechAdvantage 2026,The Expo at PowerXchange and TechAdvantage,2026-03-09,Nashville,TN,Velarium,velariumenergy.com,,,,,,,,
The Expo at PowerXchange and TechAdvantage 2026,The Expo at PowerXchange and TechAdvantage,2026-03-09,Nashville,TN,Camvio,camv.io,,,,,,,,
The Expo at PowerXchange and TechAdvantage 2026,The Expo at PowerXchange and TechAdvantage,2026-03-09,Nashville,TN,Utility Structural Systems,utilitystructural.com,,,,,,,,
The Expo at PowerXchange and TechAdvantage 2026,The Expo at PowerXchange and TechAdvantage,2026-03-09,Nashville,TN,NetWatch.Ai,netwatch.ai,,,,,,,,
The Expo at PowerXchange and TechAdvantage 2026,The Expo at PowerXchange and TechAdvantage,2026-03-09,Nashville,TN,FlexEnergi,flexenergi.com,,,,,,,,
The Expo at PowerXchange and TechAdvantage 2026,The Expo at PowerXchange and TechAdvantage,2026-03-09,Nashville,TN,"Communication Network Engineering, Inc.",cnefargo.com,,,,,,,,
The Expo at PowerXchange and TechAdvantage 2026,The Expo at PowerXchange and TechAdvantage,2026-03-09,Nashville,TN,"Sieyuan Electric Co.,Ltd",sieyuan.com,,,,,,,,
The Expo at PowerXchange and TechAdvantage 2026,The Expo at PowerXchange and TechAdvantage,2026-03-09,Nashville,TN,Franklin Electric Grid Solutions,franklingrid.com,,,,,,,,
The Expo at PowerXchange and TechAdvantage 2026,The Expo at PowerXchange and TechAdvantage,2026-03-09,Nashville,TN,MinMax Technologies,minmaxtech.com,,,,,,,,
The Expo at PowerXchange and TechAdvantage 2026,The Expo at PowerXchange and TechAdvantage,2026-03-09,Nashville,TN,Scopito,scopito.com,,,,,,,,
The Expo at PowerXchange and TechAdvantage 2026,The Expo at PowerXchange and TechAdvantage,2026-03-09,Nashville,TN,Nehrwess USA Inc.,nehrwess.com,,,,,,,,
The Expo at PowerXchange and TechAdvantage 2026,The Expo at PowerXchange and TechAdvantage,2026-03-09,Nashville,TN,Asset Resource,asset-resource.com,,,,,,,,
The Expo at PowerXchange and TechAdvantage 2026,The Expo at PowerXchange and TechAdvantage,2026-03-09,Nashville,TN,"Renovo Automation, LLC",renovoautomation.com,,,,,,,,
The Expo at PowerXchange and TechAdvantage 2026,The Expo at PowerXchange and TechAdvantage,2026-03-09,Nashville,TN,Yuga Solutions,yuga-solutions.com,,,,,,,,
The Expo at PowerXchange and TechAdvantage 2026,The Expo at PowerXchange and TechAdvantage,2026-03-09,Nashville,TN,Themisintelligence.Ai,themisintelligence.ai,,,,,,,,
The Expo at PowerXchange and TechAdvantage 2026,The Expo at PowerXchange and TechAdvantage,2026-03-09,Nashville,TN,Lidarusa,lidarusa.com,,,,,,,,
The Expo at PowerXchange and TechAdvantage 2026,The Expo at PowerXchange and TechAdvantage,2026-03-09,Nashville,TN,inLighten,inlighten.net,,,,,,,,
The Expo at PowerXchange and TechAdvantage 2026,The Expo at PowerXchange and TechAdvantage,2026-03-09,Nashville,TN,Wasion Group,wasion.com,,,,,,,,
The Expo at PowerXchange and TechAdvantage 2026,The Expo at PowerXchange and TechAdvantage,2026-03-09,Nashville,TN,Komodo Wifi,komodosystems.com,,,,,,,,
The Expo at PowerXchange and TechAdvantage 2026,The Expo at PowerXchange and TechAdvantage,2026-03-09,Nashville,TN,Zeus Power Supplies LLC,zeustx.com,,,,,,,,
The Expo at PowerXchange and TechAdvantage 2026,The Expo at PowerXchange and TechAdvantage,2026-03-09,Nashville,TN,Big Sky Aerial Solutions,bigskyaerialsolutions.com,,,,,,,,
The Expo at PowerXchange and TechAdvantage 2026,The Expo at PowerXchange and TechAdvantage,2026-03-09,Nashville,TN,Kenick,kenick.com,,,,,,,,
The Expo at PowerXchange and TechAdvantage 2026,The Expo at PowerXchange and TechAdvantage,2026-03-09,Nashville,TN,Cherokee MFG,cherokee-mfg.com,,,,,,,,
The Expo at PowerXchange and TechAdvantage 2026,The Expo at PowerXchange and TechAdvantage,2026-03-09,Nashville,TN,PowerOutage.us,poweroutage.us,,,,,,,,
The Expo at PowerXchange and TechAdvantage 2026,The Expo at PowerXchange and TechAdvantage,2026-03-09,Nashville,TN,BluemaxUSA,bluemaxusa.com,,,,,,,,
The Expo at PowerXchange and TechAdvantage 2026,The Expo at PowerXchange and TechAdvantage,2026-03-09,Nashville,TN,Custom Coating Innovations,customcoatinginnovations.com,,,,,,,,
The Expo at PowerXchange and TechAdvantage 2026,The Expo at PowerXchange and TechAdvantage,2026-03-09,Nashville,TN,DRT Cyber Inc.,drtcyber.com,,,,,,,,
The Expo at PowerXchange and TechAdvantage 2026,The Expo at PowerXchange and TechAdvantage,2026-03-09,Nashville,TN,Grid Graphics,gridgraphics.com,,,,,,,,
The Expo at PowerXchange and TechAdvantage 2026,The Expo at PowerXchange and TechAdvantage,2026-03-09,Nashville,TN,Smart Grid Solutions,smartgridsolutions.com,,,,,,,,
The Expo at PowerXchange and TechAdvantage 2026,The Expo at PowerXchange and TechAdvantage,2026-03-09,Nashville,TN,Glasmasters,glasmasters.com,,,,,,,,
The Expo at PowerXchange and TechAdvantage 2026,The Expo at PowerXchange and TechAdvantage,2026-03-09,Nashville,TN,"VaOpto, LLC",vaopto.com,,,,,,,,
The Expo at PowerXchange and TechAdvantage 2026,The Expo at PowerXchange and TechAdvantage,2026-03-09,Nashville,TN,Plugin Optics,pluginoptics.com,,,,,,,,
The Expo at PowerXchange and TechAdvantage 2026,The Expo at PowerXchange and TechAdvantage,2026-03-09,Nashville,TN,Sy Tis,sytis.com,,,,,,,,
The Expo at PowerXchange and TechAdvantage 2026,The Expo at PowerXchange and TechAdvantage,2026-03-09,Nashville,TN,Sterling Security Systems,sterlingsecuritysystems.com,,,,,,,,
The Expo at PowerXchange and TechAdvantage 2026,The Expo at PowerXchange and TechAdvantage,2026-03-09,Nashville,TN,"Skymira, LLC",skymira.com,,,,,,,,
The Expo at PowerXchange and TechAdvantage 2026,The Expo at PowerXchange and TechAdvantage,2026-03-09,Nashville,TN,LDR Leadership,ldrleadership.com,,,,,,,,
The Expo at PowerXchange and TechAdvantage 2026,The Expo at PowerXchange and TechAdvantage,2026-03-09,Nashville,TN,AeroVision Global,aerovisionglobal.com,,,,,,,,
The Expo at PowerXchange and TechAdvantage 2026,The Expo at PowerXchange and TechAdvantage,2026-03-09,Nashville,TN,Bloom Spatial,bloomspatial.com,,,,,,,,
The Expo at PowerXchange and TechAdvantage 2026,The Expo at PowerXchange and TechAdvantage,2026-03-09,Nashville,TN,WEG S.A.,weg.net,,,,,,,,
The Expo at PowerXchange and TechAdvantage 2026,The Expo at PowerXchange and TechAdvantage,2026-03-09,Nashville,TN,"GridWrap, Inc.",gridwrap.com,,,,,,,,
The Expo at PowerXchange and TechAdvantage 2026,The Expo at PowerXchange and TechAdvantage,2026-03-09,Nashville,TN,Telescada,telescada.com,,,,,,,,
The Expo at PowerXchange and TechAdvantage 2026,The Expo at PowerXchange and TechAdvantage,2026-03-09,Nashville,TN,EDMI Limited,edmi-meters.com,,,,,,,,
The Expo at PowerXchange and TechAdvantage 2026,The Expo at PowerXchange and TechAdvantage,2026-03-09,Nashville,TN,Hellenic Cables,cablel.com,,,,,,,,
The Expo at PowerXchange and TechAdvantage 2026,The Expo at PowerXchange and TechAdvantage,2026-03-09,Nashville,TN,Live Wall Media,livewallmedia.com,,,,,,,,
The Expo at PowerXchange and TechAdvantage 2026,The Expo at PowerXchange and TechAdvantage,2026-03-09,Nashville,TN,Storm Services,stormsl.com,,,,,,,,
The Expo at PowerXchange and TechAdvantage 2026,The Expo at PowerXchange and TechAdvantage,2026-03-09,Nashville,TN,Slccneca,slccneca.org,,,,,,,,
The Expo at PowerXchange and TechAdvantage 2026,The Expo at PowerXchange and TechAdvantage,2026-03-09,Nashville,TN,GridIntel,gridintel.com,,,,,,,,
The Expo at PowerXchange and TechAdvantage 2026,The Expo at PowerXchange and TechAdvantage,2026-03-09,Nashville,TN,Cunext Group,cunext.com,,,,,,,,
The Expo at PowerXchange and TechAdvantage 2026,The Expo at PowerXchange and TechAdvantage,2026-03-09,Nashville,TN,EUDA,eudaonline.com,,,,,,,,
The Expo at PowerXchange and TechAdvantage 2026,The Expo at PowerXchange and TechAdvantage,2026-03-09,Nashville,TN,Townsend Tree Service,townsendtree.com,,,,,,,,
The Expo at PowerXchange and TechAdvantage 2026,The Expo at PowerXchange and TechAdvantage,2026-03-09,Nashville,TN,Twistarp,twistarp.com,,,,,,,,
The Expo at PowerXchange and TechAdvantage 2026,The Expo at PowerXchange and TechAdvantage,2026-03-09,Nashville,TN,Cooperative Family Fund,cooperativefamilyfund.com,,,,,,,,
The Expo at PowerXchange and TechAdvantage 2026,The Expo at PowerXchange and TechAdvantage,2026-03-09,Nashville,TN,Americanresources.Com,americanresources.com,,,,,,,,
The Expo at PowerXchange and TechAdvantage 2026,The Expo at PowerXchange and TechAdvantage,2026-03-09,Nashville,TN,Skellerup Footwear,skellerupfootwear.us,,,,,,,,
The Expo at PowerXchange and TechAdvantage 2026,The Expo at PowerXchange and TechAdvantage,2026-03-09,Nashville,TN,MacLean Network Solutions,macleannetworksolutions.com,,,,,,,,
The Expo at PowerXchange and TechAdvantage 2026,The Expo at PowerXchange and TechAdvantage,2026-03-09,Nashville,TN,Stellantis Fleet & Business Solutions,stellantisfleet.com,,,,,,,,
The Expo at PowerXchange and TechAdvantage 2026,The Expo at PowerXchange and TechAdvantage,2026-03-09,Nashville,TN,Utilismart Corporation,utilismartcorp.com,,,,,,,,
The Expo at PowerXchange and TechAdvantage 2026,The Expo at PowerXchange and TechAdvantage,2026-03-09,Nashville,TN,Touchstone Energy,touchstoneenergy.com,,,,,,,,
The Expo at PowerXchange and TechAdvantage 2026,The Expo at PowerXchange and TechAdvantage,2026-03-09,Nashville,TN,Petram Technologies,petramtechnologies.com,,,,,,,,
The Expo at PowerXchange and TechAdvantage 2026,The Expo at PowerXchange and TechAdvantage,2026-03-09,Nashville,TN,Palfinger Ag,palfinger.com,,,,,,,,
The Expo at PowerXchange and TechAdvantage 2026,The Expo at PowerXchange and TechAdvantage,2026-03-09,Nashville,TN,Sparus Holdings,sparusholdings.com,,,,,,,,
The Expo at PowerXchange and TechAdvantage 2026,The Expo at PowerXchange and TechAdvantage,2026-03-09,Nashville,TN,LineWise Utility Products,line-wise.com,,,,,,,,
The Expo at PowerXchange and TechAdvantage 2026,The Expo at PowerXchange and TechAdvantage,2026-03-09,Nashville,TN,E-ISAC,eisac.com,,,,,,,,
The Expo at PowerXchange and TechAdvantage 2026,The Expo at PowerXchange and TechAdvantage,2026-03-09,Nashville,TN,BMK Products,bmkproducts.com,,,,,,,,
The Expo at PowerXchange and TechAdvantage 2026,The Expo at PowerXchange and TechAdvantage,2026-03-09,Nashville,TN,UTV International,utvint.com,,,,,,,,
The Expo at PowerXchange and TechAdvantage 2026,The Expo at PowerXchange and TechAdvantage,2026-03-09,Nashville,TN,Jobasi,jobasi-sa.com,,,,,,,,
The Expo at PowerXchange and TechAdvantage 2026,The Expo at PowerXchange and TechAdvantage,2026-03-09,Nashville,TN,Enline,enline.energy,,,,,,,,
The Expo at PowerXchange and TechAdvantage 2026,The Expo at PowerXchange and TechAdvantage,2026-03-09,Nashville,TN,TIREBOSS Tire Pressure Control,tireboss.com,,,,,,,,
The Expo at PowerXchange and TechAdvantage 2026,The Expo at PowerXchange and TechAdvantage,2026-03-09,Nashville,TN,Delta-X Research,deltaxresearch.com,,,,,,,,
The Expo at PowerXchange and TechAdvantage 2026,The Expo at PowerXchange and TechAdvantage,2026-03-09,Nashville,TN,Edge Zero,edgezero.co,,,,,,,,
The Expo at PowerXchange and TechAdvantage 2026,The Expo at PowerXchange and TechAdvantage,2026-03-09,Nashville,TN,Adaion,adaion.energy,,,,,,,,
The Expo at PowerXchange and TechAdvantage 2026,The Expo at PowerXchange and TechAdvantage,2026-03-09,Nashville,TN,Techsylvania,techsylvania.com,,,,,,,,
The Expo at PowerXchange and TechAdvantage 2026,The Expo at PowerXchange and TechAdvantage,2026-03-09,Nashville,TN,Meinberg Funkuhren Gmbh & Co.Kg,meinberg.de,,,,,,,,
The Expo at PowerXchange and TechAdvantage 2026,The Expo at PowerXchange and TechAdvantage,2026-03-09,Nashville,TN,SubProTech,subprotech.com,,,,,,,,
The Expo at PowerXchange and TechAdvantage 2026,The Expo at PowerXchange and TechAdvantage,2026-03-09,Nashville,TN,Sicuro,sicurousa.com,,,,,,,,
The Expo at PowerXchange and TechAdvantage 2026,The Expo at PowerXchange and TechAdvantage,2026-03-09,Nashville,TN,Groupduncan.Com,groupduncan.com,,,,,,,,
Transmission & Substation Design & Operation Symposium (TSDOS) 2026,Transmission & Substation Design & Operation Symposium (TSDOS),2026-09-02,Arlington,TX,Kiewit Corp.,kiewit.com,"Omaha, NE",121330,Bootstrapped,1884,,,,
Transmission & Substation Design & Operation Symposium (TSDOS) 2026,Transmission & Substation Design & Operation Symposium (TSDOS),2026-09-02,Arlington,TX,"WSP Global, Inc.",wsp.com,"Montreal, Canada",69579,Public,1959,,,,
Transmission & Substation Design & Operation Symposium (TSDOS) 2026,Transmission & Substation Design & Operation Symposium (TSDOS),2026-09-02,Arlington,TX,"United Rentals, Inc.",unitedrentals.com,"Stamford, CT",45059,Public,1997,,,,
Transmission & Substation Design & Operation Symposium (TSDOS) 2026,Transmission & Substation Design & Operation Symposium (TSDOS),2026-09-02,Arlington,TX,Arup,arup.com,"London, UK",43900,Investor Backed,1946,,,,
Transmission & Substation Design & Operation Symposium (TSDOS) 2026,Transmission & Substation Design & Operation Symposium (TSDOS),2026-09-02,Arlington,TX,"Leidos, Inc.",leidos.com,"Reston, VA",36531,Public,1969,,,,
Transmission & Substation Design & Operation Symposium (TSDOS) 2026,Transmission & Substation Design & Operation Symposium (TSDOS),2026-09-02,Arlington,TX,"American Electric Power Company, Inc.",aep.com,,,,,,,,
Transmission & Substation Design & Operation Symposium (TSDOS) 2026,Transmission & Substation Design & Operation Symposium (TSDOS),2026-09-02,Arlington,TX,Nucor Corporation,nucor.com,,,,,,,,
Transmission & Substation Design & Operation Symposium (TSDOS) 2026,Transmission & Substation Design & Operation Symposium (TSDOS),2026-09-02,Arlington,TX,"Quanta Services, Inc.",quantaservices.com,,,,,,,,
Transmission & Substation Design & Operation Symposium (TSDOS) 2026,Transmission & Substation Design & Operation Symposium (TSDOS),2026-09-02,Arlington,TX,HDR Inc.,hdrinc.com,,,,,,,,
Transmission & Substation Design & Operation Symposium (TSDOS) 2026,Transmission & Substation Design & Operation Symposium (TSDOS),2026-09-02,Arlington,TX,"Wesco International, Inc.",wesco.com,,,,,,,,
Transmission & Substation Design & Operation Symposium (TSDOS) 2026,Transmission & Substation Design & Operation Symposium (TSDOS),2026-09-02,Arlington,TX,Primoris Services Corp.,prim.com,,,,,,,,
Transmission & Substation Design & Operation Symposium (TSDOS) 2026,Transmission & Substation Design & Operation Symposium (TSDOS),2026-09-02,Arlington,TX,Hubbell Incorporated,hubbell.com,,,,,,,,
Transmission & Substation Design & Operation Symposium (TSDOS) 2026,Transmission & Substation Design & Operation Symposium (TSDOS),2026-09-02,Arlington,TX,Black & Veatch,bv.com,,,,,,,,
Transmission & Substation Design & Operation Symposium (TSDOS) 2026,Transmission & Substation Design & Operation Symposium (TSDOS),2026-09-02,Arlington,TX,"Southwire Company, LLC.",southwire.com,,,,,,,,
Transmission & Substation Design & Operation Symposium (TSDOS) 2026,Transmission & Substation Design & Operation Symposium (TSDOS),2026-09-02,Arlington,TX,"Osmose Pty., Ltd.",osmose.com,,,,,,,,
Transmission & Substation Design & Operation Symposium (TSDOS) 2026,Transmission & Substation Design & Operation Symposium (TSDOS),2026-09-02,Arlington,TX,TRC,trccompanies.com,,,,,,,,
Transmission & Substation Design & Operation Symposium (TSDOS) 2026,Transmission & Substation Design & Operation Symposium (TSDOS),2026-09-02,Arlington,TX,Pike Corp.,pike.com,,,,,,,,
Transmission & Substation Design & Operation Symposium (TSDOS) 2026,Transmission & Substation Design & Operation Symposium (TSDOS),2026-09-02,Arlington,TX,"Terracon Consultants, Inc. (Terracon)",terracon.com,,,,,,,,
Transmission & Substation Design & Operation Symposium (TSDOS) 2026,Transmission & Substation Design & Operation Symposium (TSDOS),2026-09-02,Arlington,TX,"Valmont Industries, Inc.",valmont.com,,,,,,,,
Transmission & Substation Design & Operation Symposium (TSDOS) 2026,Transmission & Substation Design & Operation Symposium (TSDOS),2026-09-02,Arlington,TX,nVent Management Company,nvent.com,,,,,,,,
Transmission & Substation Design & Operation Symposium (TSDOS) 2026,Transmission & Substation Design & Operation Symposium (TSDOS),2026-09-02,Arlington,TX,Prolec Energy,prolec.energy,,,,,,,,
Transmission & Substation Design & Operation Symposium (TSDOS) 2026,Transmission & Substation Design & Operation Symposium (TSDOS),2026-09-02,Arlington,TX,CPS Energy,cpsenergy.com,,,,,,,,
Transmission & Substation Design & Operation Symposium (TSDOS) 2026,Transmission & Substation Design & Operation Symposium (TSDOS),2026-09-02,Arlington,TX,"Schweitzer Engineering Laboratories, Inc. (SEL)",selinc.com,,,,,,,,
Transmission & Substation Design & Operation Symposium (TSDOS) 2026,Transmission & Substation Design & Operation Symposium (TSDOS),2026-09-02,Arlington,TX,CenterPoint Energy,centerpointenergy.com,,,,,,,,
Transmission & Substation Design & Operation Symposium (TSDOS) 2026,Transmission & Substation Design & Operation Symposium (TSDOS),2026-09-02,Arlington,TX,LCRA,lcra.org,,,,,,,,
Transmission & Substation Design & Operation Symposium (TSDOS) 2026,Transmission & Substation Design & Operation Symposium (TSDOS),2026-09-02,Arlington,TX,"Electrical Consultants, Inc. (ECI)",eciusa.com,,,,,,,,
Transmission & Substation Design & Operation Symposium (TSDOS) 2026,Transmission & Substation Design & Operation Symposium (TSDOS),2026-09-02,Arlington,TX,"Sabre Industries, Inc.",sabreindustries.com,,,,,,,,
Transmission & Substation Design & Operation Symposium (TSDOS) 2026,Transmission & Substation Design & Operation Symposium (TSDOS),2026-09-02,Arlington,TX,OGE Energy Corp.,oge.com,,,,,,,,
Transmission & Substation Design & Operation Symposium (TSDOS) 2026,Transmission & Substation Design & Operation Symposium (TSDOS),2026-09-02,Arlington,TX,Vaisala,vaisala.com,,,,,,,,
Transmission & Substation Design & Operation Symposium (TSDOS) 2026,Transmission & Substation Design & Operation Symposium (TSDOS),2026-09-02,Arlington,TX,Austin Energy,austinenergy.com,,,,,,,,
Transmission & Substation Design & Operation Symposium (TSDOS) 2026,Transmission & Substation Design & Operation Symposium (TSDOS),2026-09-02,Arlington,TX,"Custom Truck One Source, Inc.",customtruck.com,,,,,,,,
Transmission & Substation Design & Operation Symposium (TSDOS) 2026,Transmission & Substation Design & Operation Symposium (TSDOS),2026-09-02,Arlington,TX,"Surveying And Mapping, LLC (SAM)",sam.biz,,,,,,,,
Transmission & Substation Design & Operation Symposium (TSDOS) 2026,Transmission & Substation Design & Operation Symposium (TSDOS),2026-09-02,Arlington,TX,Oncor Electric Delivery,oncor.com,,,,,,,,
Transmission & Substation Design & Operation Symposium (TSDOS) 2026,Transmission & Substation Design & Operation Symposium (TSDOS),2026-09-02,Arlington,TX,Stella-Jones,stella-jones.com,,,,,,,,
Transmission & Substation Design & Operation Symposium (TSDOS) 2026,Transmission & Substation Design & Operation Symposium (TSDOS),2026-09-02,Arlington,TX,Michels Corporation,michels.us,,,,,,,,
Transmission & Substation Design & Operation Symposium (TSDOS) 2026,Transmission & Substation Design & Operation Symposium (TSDOS),2026-09-02,Arlington,TX,Roxtec Group,roxtec.com,,,,,,,,
Transmission & Substation Design & Operation Symposium (TSDOS) 2026,Transmission & Substation Design & Operation Symposium (TSDOS),2026-09-02,Arlington,TX,Megger Group Limited,megger.com,,,,,,,,
Transmission & Substation Design & Operation Symposium (TSDOS) 2026,Transmission & Substation Design & Operation Symposium (TSDOS),2026-09-02,Arlington,TX,"Enercon Services, Inc.",enercon.com,,,,,,,,
Transmission & Substation Design & Operation Symposium (TSDOS) 2026,Transmission & Substation Design & Operation Symposium (TSDOS),2026-09-02,Arlington,TX,"Mitsubishi Electric Power Products, Inc.",meppi.com,,,,,,,,
Transmission & Substation Design & Operation Symposium (TSDOS) 2026,Transmission & Substation Design & Operation Symposium (TSDOS),2026-09-02,Arlington,TX,"Powell Industries International, Inc.",powellind.com,,,,,,,,
Transmission & Substation Design & Operation Symposium (TSDOS) 2026,Transmission & Substation Design & Operation Symposium (TSDOS),2026-09-02,Arlington,TX,Trench Group,trench-group.com,,,,,,,,
Transmission & Substation Design & Operation Symposium (TSDOS) 2026,Transmission & Substation Design & Operation Symposium (TSDOS),2026-09-02,Arlington,TX,"Saber Power, LLC",saberpower.com,,,,,,,,
Transmission & Substation Design & Operation Symposium (TSDOS) 2026,Transmission & Substation Design & Operation Symposium (TSDOS),2026-09-02,Arlington,TX,Verdantas,verdantas.com,,,,,,,,
Transmission & Substation Design & Operation Symposium (TSDOS) 2026,Transmission & Substation Design & Operation Symposium (TSDOS),2026-09-02,Arlington,TX,Qualus Corp.,qualuscorp.com,,,,,,,,
Transmission & Substation Design & Operation Symposium (TSDOS) 2026,Transmission & Substation Design & Operation Symposium (TSDOS),2026-09-02,Arlington,TX,Crawford,crawfordelectricsupply.com,,,,,,,,
Transmission & Substation Design & Operation Symposium (TSDOS) 2026,Transmission & Substation Design & Operation Symposium (TSDOS),2026-09-02,Arlington,TX,Preformed Line Products,preformed.com,,,,,,,,
Transmission & Substation Design & Operation Symposium (TSDOS) 2026,Transmission & Substation Design & Operation Symposium (TSDOS),2026-09-02,Arlington,TX,Merrick & Company,merrick.com,,,,,,,,
Transmission & Substation Design & Operation Symposium (TSDOS) 2026,Transmission & Substation Design & Operation Symposium (TSDOS),2026-09-02,Arlington,TX,New River Electrical Corporation,newriverelectrical.com,,,,,,,,
Transmission & Substation Design & Operation Symposium (TSDOS) 2026,Transmission & Substation Design & Operation Symposium (TSDOS),2026-09-02,Arlington,TX,"Great Southwestern Construction, Inc.",gswc.us,,,,,,,,
Transmission & Substation Design & Operation Symposium (TSDOS) 2026,Transmission & Substation Design & Operation Symposium (TSDOS),2026-09-02,Arlington,TX,"Mesa Associates, Inc",mesainc.com,,,,,,,,
Transmission & Substation Design & Operation Symposium (TSDOS) 2026,Transmission & Substation Design & Operation Symposium (TSDOS),2026-09-02,Arlington,TX,Chain Electric Company,chainelectric.com,,,,,,,,
Transmission & Substation Design & Operation Symposium (TSDOS) 2026,Transmission & Substation Design & Operation Symposium (TSDOS),2026-09-02,Arlington,TX,EPLAN,eplan.com,,,,,,,,
Transmission & Substation Design & Operation Symposium (TSDOS) 2026,Transmission & Substation Design & Operation Symposium (TSDOS),2026-09-02,Arlington,TX,Stanley Consultants,stanleyconsultants.com,,,,,,,,
Transmission & Substation Design & Operation Symposium (TSDOS) 2026,Transmission & Substation Design & Operation Symposium (TSDOS),2026-09-02,Arlington,TX,Qualitrol,qualitrolcorp.com,,,,,,,,
Transmission & Substation Design & Operation Symposium (TSDOS) 2026,Transmission & Substation Design & Operation Symposium (TSDOS),2026-09-02,Arlington,TX,"Bird Electric Enterprises, LLC",birdelectricinc.com,,,,,,,,
Transmission & Substation Design & Operation Symposium (TSDOS) 2026,Transmission & Substation Design & Operation Symposium (TSDOS),2026-09-02,Arlington,TX,ERCOT,ercot.com,,,,,,,,
Transmission & Substation Design & Operation Symposium (TSDOS) 2026,Transmission & Substation Design & Operation Symposium (TSDOS),2026-09-02,Arlington,TX,Sediver,sediver.com,,,,,,,,
Transmission & Substation Design & Operation Symposium (TSDOS) 2026,Transmission & Substation Design & Operation Symposium (TSDOS),2026-09-02,Arlington,TX,E2 Consulting,e2.com,,,,,,,,
Transmission & Substation Design & Operation Symposium (TSDOS) 2026,Transmission & Substation Design & Operation Symposium (TSDOS),2026-09-02,Arlington,TX,NPK International Inc.,npki.com,,,,,,,,
Transmission & Substation Design & Operation Symposium (TSDOS) 2026,Transmission & Substation Design & Operation Symposium (TSDOS),2026-09-02,Arlington,TX,"DIS-TRAN Steel, LLC",distransteel.com,,,,,,,,
Transmission & Substation Design & Operation Symposium (TSDOS) 2026,Transmission & Substation Design & Operation Symposium (TSDOS),2026-09-02,Arlington,TX,M&S Engineering,msengr.com,,,,,,,,
Transmission & Substation Design & Operation Symposium (TSDOS) 2026,Transmission & Substation Design & Operation Symposium (TSDOS),2026-09-02,Arlington,TX,Brazos Electric Power Cooperative,brazoselectric.com,,,,,,,,
Transmission & Substation Design & Operation Symposium (TSDOS) 2026,Transmission & Substation Design & Operation Symposium (TSDOS),2026-09-02,Arlington,TX,Signature Systems,signature-systems.com,,,,,,,,
Transmission & Substation Design & Operation Symposium (TSDOS) 2026,Transmission & Substation Design & Operation Symposium (TSDOS),2026-09-02,Arlington,TX,TechServ,techserv.com,,,,,,,,
Transmission & Substation Design & Operation Symposium (TSDOS) 2026,Transmission & Substation Design & Operation Symposium (TSDOS),2026-09-02,Arlington,TX,"Threaded Fasteners, Inc.",threadedfasteners.com,,,,,,,,
Transmission & Substation Design & Operation Symposium (TSDOS) 2026,Transmission & Substation Design & Operation Symposium (TSDOS),2026-09-02,Arlington,TX,"Tolunay-Wong Engineers, Inc.",tweinc.com,,,,,,,,
Transmission & Substation Design & Operation Symposium (TSDOS) 2026,Transmission & Substation Design & Operation Symposium (TSDOS),2026-09-02,Arlington,TX,Bell Lumber and Pole Company,blpole.com,,,,,,,,
Transmission & Substation Design & Operation Symposium (TSDOS) 2026,Transmission & Substation Design & Operation Symposium (TSDOS),2026-09-02,Arlington,TX,Georgia Transmission Corporation,gatransmission.com,,,,,,,,
Transmission & Substation Design & Operation Symposium (TSDOS) 2026,Transmission & Substation Design & Operation Symposium (TSDOS),2026-09-02,Arlington,TX,Mustang Extreme Environmental Services,mustangextreme.com,,,,,,,,
Transmission & Substation Design & Operation Symposium (TSDOS) 2026,Transmission & Substation Design & Operation Symposium (TSDOS),2026-09-02,Arlington,TX,MICA Steelworks,micasteelworks.com,,,,,,,,
Transmission & Substation Design & Operation Symposium (TSDOS) 2026,Transmission & Substation Design & Operation Symposium (TSDOS),2026-09-02,Arlington,TX,"Landpoint, LLC.",landpoint.net,,,,,,,,
Transmission & Substation Design & Operation Symposium (TSDOS) 2026,Transmission & Substation Design & Operation Symposium (TSDOS),2026-09-02,Arlington,TX,All-Pro Fasteners Inc.,apf.com,,,,,,,,
Transmission & Substation Design & Operation Symposium (TSDOS) 2026,Transmission & Substation Design & Operation Symposium (TSDOS),2026-09-02,Arlington,TX,CEC,connectcec.com,,,,,,,,
Transmission & Substation Design & Operation Symposium (TSDOS) 2026,Transmission & Substation Design & Operation Symposium (TSDOS),2026-09-02,Arlington,TX,"Commonwealth Associates, Inc.",cai-engr.com,,,,,,,,
Transmission & Substation Design & Operation Symposium (TSDOS) 2026,Transmission & Substation Design & Operation Symposium (TSDOS),2026-09-02,Arlington,TX,Crown Technical Systems,crowntechnicalsystems.com,,,,,,,,
Transmission & Substation Design & Operation Symposium (TSDOS) 2026,Transmission & Substation Design & Operation Symposium (TSDOS),2026-09-02,Arlington,TX,DFI,dfipiling.com,,,,,,,,
Transmission & Substation Design & Operation Symposium (TSDOS) 2026,Transmission & Substation Design & Operation Symposium (TSDOS),2026-09-02,Arlington,TX,EKHO Infrastructure Solutions,ekhois.com,,,,,,,,
Transmission & Substation Design & Operation Symposium (TSDOS) 2026,Transmission & Substation Design & Operation Symposium (TSDOS),2026-09-02,Arlington,TX,"Force Electrical Services, LLC",forceelect.com,,,,,,,,
Transmission & Substation Design & Operation Symposium (TSDOS) 2026,Transmission & Substation Design & Operation Symposium (TSDOS),2026-09-02,Arlington,TX,"Copperweld Bimetallics, LLC",copperweld.com,,,,,,,,
Transmission & Substation Design & Operation Symposium (TSDOS) 2026,Transmission & Substation Design & Operation Symposium (TSDOS),2026-09-02,Arlington,TX,Sterling Solutions,sterlingsolutions.com,,,,,,,,
Transmission & Substation Design & Operation Symposium (TSDOS) 2026,Transmission & Substation Design & Operation Symposium (TSDOS),2026-09-02,Arlington,TX,Exo Grouop,exoinc.com,,,,,,,,
Transmission & Substation Design & Operation Symposium (TSDOS) 2026,Transmission & Substation Design & Operation Symposium (TSDOS),2026-09-02,Arlington,TX,"TAPP, inc.",tappinc.com,,,,,,,,
Transmission & Substation Design & Operation Symposium (TSDOS) 2026,Transmission & Substation Design & Operation Symposium (TSDOS),2026-09-02,Arlington,TX,SEnergy,poweredbysenergy.com,,,,,,,,
Transmission & Substation Design & Operation Symposium (TSDOS) 2026,Transmission & Substation Design & Operation Symposium (TSDOS),2026-09-02,Arlington,TX,"Techline, Inc.",techline-inc.com,,,,,,,,
Transmission & Substation Design & Operation Symposium (TSDOS) 2026,Transmission & Substation Design & Operation Symposium (TSDOS),2026-09-02,Arlington,TX,Datapoint Surveying and Mapping,data-point.us,,,,,,,,
Transmission & Substation Design & Operation Symposium (TSDOS) 2026,Transmission & Substation Design & Operation Symposium (TSDOS),2026-09-02,Arlington,TX,Southeast Power Corporation,southeastpower.com,,,,,,,,
Transmission & Substation Design & Operation Symposium (TSDOS) 2026,Transmission & Substation Design & Operation Symposium (TSDOS),2026-09-02,Arlington,TX,"RMS Energy Co., LLC",rmsenergy.com,,,,,,,,
Transmission & Substation Design & Operation Symposium (TSDOS) 2026,Transmission & Substation Design & Operation Symposium (TSDOS),2026-09-02,Arlington,TX,CDS Muery,cdsmuery.com,,,,,,,,
Transmission & Substation Design & Operation Symposium (TSDOS) 2026,Transmission & Substation Design & Operation Symposium (TSDOS),2026-09-02,Arlington,TX,TorcSill Foundations,torcsill.com,,,,,,,,
Transmission & Substation Design & Operation Symposium (TSDOS) 2026,Transmission & Substation Design & Operation Symposium (TSDOS),2026-09-02,Arlington,TX,Pickett USA,pickettusa.com,,,,,,,,
Transmission & Substation Design & Operation Symposium (TSDOS) 2026,Transmission & Substation Design & Operation Symposium (TSDOS),2026-09-02,Arlington,TX,Wagner-Smith Equipment Co.,wagnersmith.com,,,,,,,,
Transmission & Substation Design & Operation Symposium (TSDOS) 2026,Transmission & Substation Design & Operation Symposium (TSDOS),2026-09-02,Arlington,TX,"Intellirent Co., Ltd.",intellirentco.com,,,,,,,,
Transmission & Substation Design & Operation Symposium (TSDOS) 2026,Transmission & Substation Design & Operation Symposium (TSDOS),2026-09-02,Arlington,TX,"Primary Utility Services, LLC",primaryus.com,,,,,YES,master-P1,T3,
Transmission & Substation Design & Operation Symposium (TSDOS) 2026,Transmission & Substation Design & Operation Symposium (TSDOS),2026-09-02,Arlington,TX,Incab America,incabamerica.com,,,,,,,,
Transmission & Substation Design & Operation Symposium (TSDOS) 2026,Transmission & Substation Design & Operation Symposium (TSDOS),2026-09-02,Arlington,TX,Grid Structures,gridstructures.com,,,,,,,,
Transmission & Substation Design & Operation Symposium (TSDOS) 2026,Transmission & Substation Design & Operation Symposium (TSDOS),2026-09-02,Arlington,TX,"5 Star Electric, LLC",5-starelectric.com,,,,,,,,
Transmission & Substation Design & Operation Symposium (TSDOS) 2026,Transmission & Substation Design & Operation Symposium (TSDOS),2026-09-02,Arlington,TX,Principleservices.Com,principleservices.com,,,,,,,,
Transmission & Substation Design & Operation Symposium (TSDOS) 2026,Transmission & Substation Design & Operation Symposium (TSDOS),2026-09-02,Arlington,TX,DIS-TRAN Packaged Substations,distransubstations.com,,,,,,,,
Transmission & Substation Design & Operation Symposium (TSDOS) 2026,Transmission & Substation Design & Operation Symposium (TSDOS),2026-09-02,Arlington,TX,Preferred Sales Agency,preferred-sales.com,,,,,,,,
Transmission & Substation Design & Operation Symposium (TSDOS) 2026,Transmission & Substation Design & Operation Symposium (TSDOS),2026-09-02,Arlington,TX,Victor Insulators Inc,victorinsulators.com,,,,,,,,
Transmission & Substation Design & Operation Symposium (TSDOS) 2026,Transmission & Substation Design & Operation Symposium (TSDOS),2026-09-02,Arlington,TX,"McCord Engineering, Inc.",mccordeng.com,"College Station, TX",83,Bootstrapped,1985,YES,valDQ-review,?,
Transmission & Substation Design & Operation Symposium (TSDOS) 2026,Transmission & Substation Design & Operation Symposium (TSDOS),2026-09-02,Arlington,TX,"Synchrogrid Limited, Llc",synchrogrid.com,"Texas, USA",71,Investor Backed,2012,,,,
Transmission & Substation Design & Operation Symposium (TSDOS) 2026,Transmission & Substation Design & Operation Symposium (TSDOS),2026-09-02,Arlington,TX,"CHM Industries, Inc.",chmindustries.com,"Saginaw, TX",70,Bootstrapped,,,,,
Transmission & Substation Design & Operation Symposium (TSDOS) 2026,Transmission & Substation Design & Operation Symposium (TSDOS),2026-09-02,Arlington,TX,American Concrete Products,amconco.com,"Valley, NE",67,Bootstrapped,,,,,
Transmission & Substation Design & Operation Symposium (TSDOS) 2026,Transmission & Substation Design & Operation Symposium (TSDOS),2026-09-02,Arlington,TX,Titan Utility Services LLC,titanutility.net,"Tickfaw, LA",60,Bootstrapped,2014,,,,
Transmission & Substation Design & Operation Symposium (TSDOS) 2026,Transmission & Substation Design & Operation Symposium (TSDOS),2026-09-02,Arlington,TX,Energy Reps,energyreps.com,,,,,,,,
Transmission & Substation Design & Operation Symposium (TSDOS) 2026,Transmission & Substation Design & Operation Symposium (TSDOS),2026-09-02,Arlington,TX,"Superior Concrete Products, Inc.",concretefence.com,,,,,,,,
Transmission & Substation Design & Operation Symposium (TSDOS) 2026,Transmission & Substation Design & Operation Symposium (TSDOS),2026-09-02,Arlington,TX,ECS Limited,ecslimited.com,,,,,,,,
Transmission & Substation Design & Operation Symposium (TSDOS) 2026,Transmission & Substation Design & Operation Symposium (TSDOS),2026-09-02,Arlington,TX,"7Arrows Land Staff, LLC",7arrowsland.com,,,,,,,,
Transmission & Substation Design & Operation Symposium (TSDOS) 2026,Transmission & Substation Design & Operation Symposium (TSDOS),2026-09-02,Arlington,TX,Butler & Land Inc,butlerandland.com,,,,,,,,
Transmission & Substation Design & Operation Symposium (TSDOS) 2026,Transmission & Substation Design & Operation Symposium (TSDOS),2026-09-02,Arlington,TX,AZCO Corp.,azcocorp.com,,,,,,,,
Transmission & Substation Design & Operation Symposium (TSDOS) 2026,Transmission & Substation Design & Operation Symposium (TSDOS),2026-09-02,Arlington,TX,K D Johnson Inc,kdjinc.com,,,,,,,,
Transmission & Substation Design & Operation Symposium (TSDOS) 2026,Transmission & Substation Design & Operation Symposium (TSDOS),2026-09-02,Arlington,TX,"J.H. Davidson & Associates, LLC",jhdavidson.com,,,,,,,,
Transmission & Substation Design & Operation Symposium (TSDOS) 2026,Transmission & Substation Design & Operation Symposium (TSDOS),2026-09-02,Arlington,TX,"Sempco Surveying, Inc.",sempcosurveying.com,,,,,,,,
Transmission & Substation Design & Operation Symposium (TSDOS) 2026,Transmission & Substation Design & Operation Symposium (TSDOS),2026-09-02,Arlington,TX,"3 Phase Technologies, LLC.",3phasetech.com,,,,,,,,
Transmission & Substation Design & Operation Symposium (TSDOS) 2026,Transmission & Substation Design & Operation Symposium (TSDOS),2026-09-02,Arlington,TX,"EHV Solutions, LLC.",ehvsolutions.com,,,,,,,,
Transmission & Substation Design & Operation Symposium (TSDOS) 2026,Transmission & Substation Design & Operation Symposium (TSDOS),2026-09-02,Arlington,TX,Burns & McDonnell,burnsmcd.com,,,,,,,,
Transmission & Substation Design & Operation Symposium (TSDOS) 2026,Transmission & Substation Design & Operation Symposium (TSDOS),2026-09-02,Arlington,TX,"Midsun Group, Inc.",midsungroup.com,,,,,,,,
Transmission & Substation Design & Operation Symposium (TSDOS) 2026,Transmission & Substation Design & Operation Symposium (TSDOS),2026-09-02,Arlington,TX,"Laminated Wood Systems, Inc.",lwsinc.com,,,,,,,,
Transmission & Substation Design & Operation Symposium (TSDOS) 2026,Transmission & Substation Design & Operation Symposium (TSDOS),2026-09-02,Arlington,TX,Electrical Technologies and Supply Inc,electrical-technologies.com,,,,,,,,
Transmission & Substation Design & Operation Symposium (TSDOS) 2026,Transmission & Substation Design & Operation Symposium (TSDOS),2026-09-02,Arlington,TX,Power Line Systems,powerlinesystems.com,,,,,,,,
Transmission & Substation Design & Operation Symposium (TSDOS) 2026,Transmission & Substation Design & Operation Symposium (TSDOS),2026-09-02,Arlington,TX,Keasler Associates,keasler.com,,,,,,,,
Transmission & Substation Design & Operation Symposium (TSDOS) 2026,Transmission & Substation Design & Operation Symposium (TSDOS),2026-09-02,Arlington,TX,Utility Sales Agents of North Texas,usantx.com,,,,,,,,
Transmission & Substation Design & Operation Symposium (TSDOS) 2026,Transmission & Substation Design & Operation Symposium (TSDOS),2026-09-02,Arlington,TX,Drillers' Choice Inc,drillerschoice.com,,,,,,,,
Transmission & Substation Design & Operation Symposium (TSDOS) 2026,Transmission & Substation Design & Operation Symposium (TSDOS),2026-09-02,Arlington,TX,Oberlender & Associates,oberlender.com,,,,,,,,
Transmission & Substation Design & Operation Symposium (TSDOS) 2026,Transmission & Substation Design & Operation Symposium (TSDOS),2026-09-02,Arlington,TX,Natina,natina.com,,,,,,,,
Transmission & Substation Design & Operation Symposium (TSDOS) 2026,Transmission & Substation Design & Operation Symposium (TSDOS),2026-09-02,Arlington,TX,"Elgin B. Robertson, Inc. (EBR)",elginbrobertson.com,,,,,,,,
Transmission & Substation Design & Operation Symposium (TSDOS) 2026,Transmission & Substation Design & Operation Symposium (TSDOS),2026-09-02,Arlington,TX,Fisher Improvement Technologies,improvewithfit.com,,,,,,,,
Transmission & Substation Design & Operation Symposium (TSDOS) 2026,Transmission & Substation Design & Operation Symposium (TSDOS),2026-09-02,Arlington,TX,Deloney Company,deloney.com,,,,,,,,
Transmission & Substation Design & Operation Symposium (TSDOS) 2026,Transmission & Substation Design & Operation Symposium (TSDOS),2026-09-02,Arlington,TX,Utility Pole Solutions,utilitypolesolutions.com,,,,,,,,
Transmission & Substation Design & Operation Symposium (TSDOS) 2026,Transmission & Substation Design & Operation Symposium (TSDOS),2026-09-02,Arlington,TX,Pwrxservices,pwrxservices.com,,,,,,,,
Transmission & Substation Design & Operation Symposium (TSDOS) 2026,Transmission & Substation Design & Operation Symposium (TSDOS),2026-09-02,Arlington,TX,"Hawrylak & Associates, LLC",hawkandassociates.com,,,,,,,,
Transmission & Substation Design & Operation Symposium (TSDOS) 2026,Transmission & Substation Design & Operation Symposium (TSDOS),2026-09-02,Arlington,TX,Institute for Safety in Powerline Construction,ispconline.com,,,,,,,,
Transmission & Substation Design & Operation Symposium (TSDOS) 2026,Transmission & Substation Design & Operation Symposium (TSDOS),2026-09-02,Arlington,TX,Meyer Utility Structures,meyerutilitystructures.com,,,,,,,,
Transmission & Substation Design & Operation Symposium (TSDOS) 2026,Transmission & Substation Design & Operation Symposium (TSDOS),2026-09-02,Arlington,TX,Mavrik Sales LLC,mavrik-solutions.com,,,,,,,,
Transmission & Substation Design & Operation Symposium (TSDOS) 2026,Transmission & Substation Design & Operation Symposium (TSDOS),2026-09-02,Arlington,TX,"Utility Power Solutions, LLC",utilitypowers.com,,,,,,,,
Transmission & Substation Design & Operation Symposium (TSDOS) 2026,Transmission & Substation Design & Operation Symposium (TSDOS),2026-09-02,Arlington,TX,SI Utility,siutility.com,,,,,,,,
Transmission & Substation Design & Operation Symposium (TSDOS) 2026,Transmission & Substation Design & Operation Symposium (TSDOS),2026-09-02,Arlington,TX,Fabrimet,fabrimet.com,,,,,,,,
Transmission & Substation Design & Operation Symposium (TSDOS) 2026,Transmission & Substation Design & Operation Symposium (TSDOS),2026-09-02,Arlington,TX,Delta-X Research,deltaxresearch.com,,,,,,,,
Transmission & Substation Design & Operation Symposium (TSDOS) 2026,Transmission & Substation Design & Operation Symposium (TSDOS),2026-09-02,Arlington,TX,Kenner Chain Wall,kennerchainwall.com,,,,,,,,
Transmission & Substation Design & Operation Symposium (TSDOS) 2026,Transmission & Substation Design & Operation Symposium (TSDOS),2026-09-02,Arlington,TX,T-CORR,tcorr.com,,,,,,,,
Transmission & Substation Design & Operation Symposium (TSDOS) 2026,Transmission & Substation Design & Operation Symposium (TSDOS),2026-09-02,Arlington,TX,Sanpec Excellence,sanpec-excellence.com,,,,,,,,
Transmission & Substation Design & Operation Symposium (TSDOS) 2026,Transmission & Substation Design & Operation Symposium (TSDOS),2026-09-02,Arlington,TX,Alubar Group,alubar.com,,,,,,,,
Transmission & Substation Design & Operation Symposium (TSDOS) 2026,Transmission & Substation Design & Operation Symposium (TSDOS),2026-09-02,Arlington,TX,Voltsubstations.Com,voltsubstations.com,,,,,,,,
Data Center World POWER 2026,Data Center World POWER,2026-09-21,Grapevine,TX,Informa PLC,informa.com,"London, UK",20673,Private Equity Platform,1998,,,,
Data Center World POWER 2026,Data Center World POWER,2026-09-21,Grapevine,TX,"AMETEK, Inc.",ametek.com,"Berwyn, PA",13416,Public,1930,,,,
Data Center World POWER 2026,Data Center World POWER,2026-09-21,Grapevine,TX,"Arista Networks, Inc.",arista.com,"Santa Clara, CA",5826,Public,2004,,,,
Data Center World POWER 2026,Data Center World POWER,2026-09-21,Grapevine,TX,Virginia Transformer Corp,vatransformer.com,"Roanoke, VA",2853,Bootstrapped,1971,,,,
Data Center World POWER 2026,Data Center World POWER,2026-09-21,Grapevine,TX,ERCOT,ercot.com,"Taylor, TX",1119,,1986,,,,
Data Center World POWER 2026,Data Center World POWER,2026-09-21,Grapevine,TX,Industrial Info Resources,industrialinfo.com,,,,,,,,
Data Center World POWER 2026,Data Center World POWER,2026-09-21,Grapevine,TX,VoltaGrid,voltagrid.com,,,,,,,,
Data Center World POWER 2026,Data Center World POWER,2026-09-21,Grapevine,TX,Omega Flex Incorporated,omegaflex.com,,,,,,,,
Data Center World POWER 2026,Data Center World POWER,2026-09-21,Grapevine,TX,Hug Engineering,hug-engineering.com,,,,,,,,
Data Center World POWER 2026,Data Center World POWER,2026-09-21,Grapevine,TX,MELTRIC Corporation,meltric.com,,,,,,,,
Data Center World POWER 2026,Data Center World POWER,2026-09-21,Grapevine,TX,"Maddox Industrial Transformer, LLC",maddoxtransformer.com,,,,,,,,
Data Center World POWER 2026,Data Center World POWER,2026-09-21,Grapevine,TX,Midwest Cooling Towers,midwesttowers.com,,,,,,,,
Data Center World POWER 2026,Data Center World POWER,2026-09-21,Grapevine,TX,All Metals Fabricating,ametals.com,,,,,,,,
Data Center World POWER 2026,Data Center World POWER,2026-09-21,Grapevine,TX,"SENS Holdings, LLC",sens-usa.com,,,,,,,,
Data Center World POWER 2026,Data Center World POWER,2026-09-21,Grapevine,TX,Lancium,lancium.com,,,,,,,,
Data Center World POWER 2026,Data Center World POWER,2026-09-21,Grapevine,TX,Philatron Wire & Cable,philatron.com,,,,,,,,
Data Center World POWER 2026,Data Center World POWER,2026-09-21,Grapevine,TX,Lake Shore Electric Corporation,lake-shore-electric.com,,,,,,,,
Data Center World POWER 2026,Data Center World POWER,2026-09-21,Grapevine,TX,Universal Load Banks,universalloadbanks.com,,,,,,,,
Data Center World POWER 2026,Data Center World POWER,2026-09-21,Grapevine,TX,AK Power Solutions,akpowers.com,,,,,,,,
Data Center World POWER 2026,Data Center World POWER,2026-09-21,Grapevine,TX,TURBINE-X Energy Inc.,x-group.com,,,,,,,,
Data Center World POWER 2026,Data Center World POWER,2026-09-21,Grapevine,TX,Eae Usa,eaeusa.us,,,,,,,,
Data Center World POWER 2026,Data Center World POWER,2026-09-21,Grapevine,TX,Dell Technologies Capital,delltechnologiescapital.com,,,,,,,,
Data Center World POWER 2026,Data Center World POWER,2026-09-21,Grapevine,TX,Urban Solution Group,urbansolutiongroup.com,,,,,,,,
Data Center World POWER 2026,Data Center World POWER,2026-09-21,Grapevine,TX,D-Volt.Co,d-volt.co,,,,,,,,
Data Center World POWER 2026,Data Center World POWER,2026-09-21,Grapevine,TX,Chicago Valves & Controls,chicagovalves.com,,,,,,,,
Data Center World POWER 2026,Data Center World POWER,2026-09-21,Grapevine,TX,Service Desk USA,servicedeskusa.com,,,,,,,,
Data Center World POWER 2026,Data Center World POWER,2026-09-21,Grapevine,TX,TEC Group,tecgrouprep.com,,,,,,,,
Data Center World POWER 2026,Data Center World POWER,2026-09-21,Grapevine,TX,Langley Holdings Plc,langleyholdings.com,,,,,,,,
Data Center World POWER 2026,Data Center World POWER,2026-09-21,Grapevine,TX,PowerSafe Energy Services Inc.,powersafe.ca,,,,,,,,
Data Center World POWER 2026,Data Center World POWER,2026-09-21,Grapevine,TX,ProEnergy GbR,proenergy-info.de,,,,,,,,
Data Center World POWER 2026,Data Center World POWER,2026-09-21,Grapevine,TX,Compass,compassteam.gr,,,,,,,,
The Electro-Mechanical Authority (EASA) Conventions + Solutions Expo 2022,The Electro-Mechanical Authority (EASA) Conventions + Solutions Expo,2022-06-26,St. Louis,MO,Schaeffler AG,schaeffler.com,"Herzogenaurach, Germany",183044,Private Subsidiary,2011,,,,
The Electro-Mechanical Authority (EASA) Conventions + Solutions Expo 2022,The Electro-Mechanical Authority (EASA) Conventions + Solutions Expo,2022-06-26,St. Louis,MO,Siemens AG,siemens.com,"München, Germany",611022,Private Subsidiary,1847,,,,
The Electro-Mechanical Authority (EASA) Conventions + Solutions Expo 2022,The Electro-Mechanical Authority (EASA) Conventions + Solutions Expo,2022-06-26,St. Louis,MO,Sulzer,sulzer.com,"Winterthur, Switzerland",33945,Public,1919,,,,
The Electro-Mechanical Authority (EASA) Conventions + Solutions Expo 2022,The Electro-Mechanical Authority (EASA) Conventions + Solutions Expo,2022-06-26,St. Louis,MO,Hubbell Incorporated,hubbell.com,"Shelton, CT",24056,Public,1962,,,,
The Electro-Mechanical Authority (EASA) Conventions + Solutions Expo 2022,The Electro-Mechanical Authority (EASA) Conventions + Solutions Expo,2022-06-26,St. Louis,MO,"Axalta Coating Systems, LLC",axalta.com,"Philadelphia, PA",24026,Public Subsidiary,2013,,,,
The Electro-Mechanical Authority (EASA) Conventions + Solutions Expo 2022,The Electro-Mechanical Authority (EASA) Conventions + Solutions Expo,2022-06-26,St. Louis,MO,JTEKT North America Corporation,jtekt-na.com,,,,,,,,
The Electro-Mechanical Authority (EASA) Conventions + Solutions Expo 2022,The Electro-Mechanical Authority (EASA) Conventions + Solutions Expo,2022-06-26,St. Louis,MO,Morgan Advanced Materials,morganadvancedmaterials.com,,,,,,,,
The Electro-Mechanical Authority (EASA) Conventions + Solutions Expo 2022,The Electro-Mechanical Authority (EASA) Conventions + Solutions Expo,2022-06-26,St. Louis,MO,Schunk Group,schunk-group.com,,,,,,,,
The Electro-Mechanical Authority (EASA) Conventions + Solutions Expo 2022,The Electro-Mechanical Authority (EASA) Conventions + Solutions Expo,2022-06-26,St. Louis,MO,Yellow,myyellow.com,,,,,,,,
The Electro-Mechanical Authority (EASA) Conventions + Solutions Expo 2022,The Electro-Mechanical Authority (EASA) Conventions + Solutions Expo,2022-06-26,St. Louis,MO,Miba AG,miba.com,,,,,,,,
The Electro-Mechanical Authority (EASA) Conventions + Solutions Expo 2022,The Electro-Mechanical Authority (EASA) Conventions + Solutions Expo,2022-06-26,St. Louis,MO,NTN Bearing Corporation,ntnamericas.com,,,,,,,,
The Electro-Mechanical Authority (EASA) Conventions + Solutions Expo 2022,The Electro-Mechanical Authority (EASA) Conventions + Solutions Expo,2022-06-26,St. Louis,MO,Megger Group Limited,megger.com,,,,,,,,
The Electro-Mechanical Authority (EASA) Conventions + Solutions Expo 2022,The Electro-Mechanical Authority (EASA) Conventions + Solutions Expo,2022-06-26,St. Louis,MO,Aptean,aptean.com,,,,,,,,
The Electro-Mechanical Authority (EASA) Conventions + Solutions Expo 2022,The Electro-Mechanical Authority (EASA) Conventions + Solutions Expo,2022-06-26,St. Louis,MO,"EIS Legacy, LLC",eis-inc.com,,,,,,,,
The Electro-Mechanical Authority (EASA) Conventions + Solutions Expo 2022,The Electro-Mechanical Authority (EASA) Conventions + Solutions Expo,2022-06-26,St. Louis,MO,ISOVOLTA Group,isovolta.com,,,,,,,,
The Electro-Mechanical Authority (EASA) Conventions + Solutions Expo 2022,The Electro-Mechanical Authority (EASA) Conventions + Solutions Expo,2022-06-26,St. Louis,MO,"Elantas Pdg, Inc.",elantas.com,,,,,,,,
The Electro-Mechanical Authority (EASA) Conventions + Solutions Expo 2022,The Electro-Mechanical Authority (EASA) Conventions + Solutions Expo,2022-06-26,St. Louis,MO,Toshiba Corporation.,toshiba.com,,,,,,,,
The Electro-Mechanical Authority (EASA) Conventions + Solutions Expo 2022,The Electro-Mechanical Authority (EASA) Conventions + Solutions Expo,2022-06-26,St. Louis,MO,Dellner Bubenzer,dellnerbubenzer.com,,,,,,,,
The Electro-Mechanical Authority (EASA) Conventions + Solutions Expo 2022,The Electro-Mechanical Authority (EASA) Conventions + Solutions Expo,2022-06-26,St. Louis,MO,"Benshaw, Inc.",benshaw.com,,,,,,,,
The Electro-Mechanical Authority (EASA) Conventions + Solutions Expo 2022,The Electro-Mechanical Authority (EASA) Conventions + Solutions Expo,2022-06-26,St. Louis,MO,DiversiTech Corporation,diversitech.com,,,,,,,,
The Electro-Mechanical Authority (EASA) Conventions + Solutions Expo 2022,The Electro-Mechanical Authority (EASA) Conventions + Solutions Expo,2022-06-26,St. Louis,MO,Helwig Carbon Products,helwigcarbon.com,,,,,,,,
The Electro-Mechanical Authority (EASA) Conventions + Solutions Expo 2022,The Electro-Mechanical Authority (EASA) Conventions + Solutions Expo,2022-06-26,St. Louis,MO,The Gund Company,thegundcompany.com,,,,,,,,
The Electro-Mechanical Authority (EASA) Conventions + Solutions Expo 2022,The Electro-Mechanical Authority (EASA) Conventions + Solutions Expo,2022-06-26,St. Louis,MO,Rea Magnet Wire,reawire.com,,,,,,,,
The Electro-Mechanical Authority (EASA) Conventions + Solutions Expo 2022,The Electro-Mechanical Authority (EASA) Conventions + Solutions Expo,2022-06-26,St. Louis,MO,TECO-Westinghouse,tecowestinghouse.com,,,,,,,,
The Electro-Mechanical Authority (EASA) Conventions + Solutions Expo 2022,The Electro-Mechanical Authority (EASA) Conventions + Solutions Expo,2022-06-26,St. Louis,MO,MTE Corporation,mtecorp.com,,,,,,,,
The Electro-Mechanical Authority (EASA) Conventions + Solutions Expo 2022,The Electro-Mechanical Authority (EASA) Conventions + Solutions Expo,2022-06-26,St. Louis,MO,Alabama Specialty Product,alspi.com,,,,,,,,
The Electro-Mechanical Authority (EASA) Conventions + Solutions Expo 2022,The Electro-Mechanical Authority (EASA) Conventions + Solutions Expo,2022-06-26,St. Louis,MO,Preformed Windings Limited,preformedwindings.com,,,,,,,,
The Electro-Mechanical Authority (EASA) Conventions + Solutions Expo 2022,The Electro-Mechanical Authority (EASA) Conventions + Solutions Expo,2022-06-26,St. Louis,MO,Nachi America Inc.,nachiamerica.com,,,,,,,,
The Electro-Mechanical Authority (EASA) Conventions + Solutions Expo 2022,The Electro-Mechanical Authority (EASA) Conventions + Solutions Expo,2022-06-26,St. Louis,MO,Essex Brownell,essexbrownell.com,,,,,,,,
The Electro-Mechanical Authority (EASA) Conventions + Solutions Expo 2022,The Electro-Mechanical Authority (EASA) Conventions + Solutions Expo,2022-06-26,St. Louis,MO,"Sun Capital Partners, Inc.",suncappart.com,,,,,,,,
The Electro-Mechanical Authority (EASA) Conventions + Solutions Expo 2022,The Electro-Mechanical Authority (EASA) Conventions + Solutions Expo,2022-06-26,St. Louis,MO,Von Roll,vonroll.com,,,,,,,,
The Electro-Mechanical Authority (EASA) Conventions + Solutions Expo 2022,The Electro-Mechanical Authority (EASA) Conventions + Solutions Expo,2022-06-26,St. Louis,MO,Electro Static Technology,est-aegis.com,,,,,,,,
The Electro-Mechanical Authority (EASA) Conventions + Solutions Expo 2022,The Electro-Mechanical Authority (EASA) Conventions + Solutions Expo,2022-06-26,St. Louis,MO,"Bartlett Bearing Company, Inc.",bartlettbearing.com,,,,,,,,
The Electro-Mechanical Authority (EASA) Conventions + Solutions Expo 2022,The Electro-Mechanical Authority (EASA) Conventions + Solutions Expo,2022-06-26,St. Louis,MO,The Electric Materials Company,elecmat.com,,,,,,,,
The Electro-Mechanical Authority (EASA) Conventions + Solutions Expo 2022,The Electro-Mechanical Authority (EASA) Conventions + Solutions Expo,2022-06-26,St. Louis,MO,"Dykman Electrical, Inc.",dykman.com,,,,,,,,
The Electro-Mechanical Authority (EASA) Conventions + Solutions Expo 2022,The Electro-Mechanical Authority (EASA) Conventions + Solutions Expo,2022-06-26,St. Louis,MO,"Flex-A-Seal, Inc.",flexaseal.com,,,,,,,,
The Electro-Mechanical Authority (EASA) Conventions + Solutions Expo 2022,The Electro-Mechanical Authority (EASA) Conventions + Solutions Expo,2022-06-26,St. Louis,MO,Dreisilker Electric Motors Inc.,dreisilker.com,,,,,YES,campaign-P2,S7,YES
The Electro-Mechanical Authority (EASA) Conventions + Solutions Expo 2022,The Electro-Mechanical Authority (EASA) Conventions + Solutions Expo,2022-06-26,St. Louis,MO,Hansford Sensors Ltd,hansfordsensors.com,,,,,,,,
The Electro-Mechanical Authority (EASA) Conventions + Solutions Expo 2022,The Electro-Mechanical Authority (EASA) Conventions + Solutions Expo,2022-06-26,St. Louis,MO,Relayr,relayr.io,,,,,,,,
The Electro-Mechanical Authority (EASA) Conventions + Solutions Expo 2022,The Electro-Mechanical Authority (EASA) Conventions + Solutions Expo,2022-06-26,St. Louis,MO,Precision Electric Motor Sales,pemsmotors.com,,,,,,,,
The Electro-Mechanical Authority (EASA) Conventions + Solutions Expo 2022,The Electro-Mechanical Authority (EASA) Conventions + Solutions Expo,2022-06-26,St. Louis,MO,Jenkins Electric Company,jenkinselectric.com,,,,,YES,campaign-P2,S7,YES
The Electro-Mechanical Authority (EASA) Conventions + Solutions Expo 2022,The Electro-Mechanical Authority (EASA) Conventions + Solutions Expo,2022-06-26,St. Louis,MO,Ideal Electric Company,theidealelectric.com,,,,,,,,
The Electro-Mechanical Authority (EASA) Conventions + Solutions Expo 2022,The Electro-Mechanical Authority (EASA) Conventions + Solutions Expo,2022-06-26,St. Louis,MO,Precision Coil & Rotor,pecoil.com,,,,,,,,
The Electro-Mechanical Authority (EASA) Conventions + Solutions Expo 2022,The Electro-Mechanical Authority (EASA) Conventions + Solutions Expo,2022-06-26,St. Louis,MO,"North American Electric, Inc.",naemotors.com,,,,,,,,
The Electro-Mechanical Authority (EASA) Conventions + Solutions Expo 2022,The Electro-Mechanical Authority (EASA) Conventions + Solutions Expo,2022-06-26,St. Louis,MO,Torque Technologies LLC.,torquetek.com,,,,,,,,
The Electro-Mechanical Authority (EASA) Conventions + Solutions Expo 2022,The Electro-Mechanical Authority (EASA) Conventions + Solutions Expo,2022-06-26,St. Louis,MO,"Bradleys, Inc.",bradleysmotors.com,,,,,YES,campaign-P2,S7,YES
The Electro-Mechanical Authority (EASA) Conventions + Solutions Expo 2022,The Electro-Mechanical Authority (EASA) Conventions + Solutions Expo,2022-06-26,St. Louis,MO,"Advanced Rotors, Inc.",advrotors.com,,,,,,,,
The Electro-Mechanical Authority (EASA) Conventions + Solutions Expo 2022,The Electro-Mechanical Authority (EASA) Conventions + Solutions Expo,2022-06-26,St. Louis,MO,"Ludeca, Inc.",ludeca.com,,,,,YES,valDQ-review,?,
The Electro-Mechanical Authority (EASA) Conventions + Solutions Expo 2022,The Electro-Mechanical Authority (EASA) Conventions + Solutions Expo,2022-06-26,St. Louis,MO,"Force Control Industries, Inc.",forcecontrol.com,,,,,,,,
The Electro-Mechanical Authority (EASA) Conventions + Solutions Expo 2022,The Electro-Mechanical Authority (EASA) Conventions + Solutions Expo,2022-06-26,St. Louis,MO,Kirkwood Holding,kirkwoodholding.com,,,,,,,,
The Electro-Mechanical Authority (EASA) Conventions + Solutions Expo 2022,The Electro-Mechanical Authority (EASA) Conventions + Solutions Expo,2022-06-26,St. Louis,MO,AEMC Instruments,aemc.com,,,,,,,,
The Electro-Mechanical Authority (EASA) Conventions + Solutions Expo 2022,The Electro-Mechanical Authority (EASA) Conventions + Solutions Expo,2022-06-26,St. Louis,MO,Techtop Industries,techtopind.com,,,,,,,,
The Electro-Mechanical Authority (EASA) Conventions + Solutions Expo 2022,The Electro-Mechanical Authority (EASA) Conventions + Solutions Expo,2022-06-26,St. Louis,MO,Akard Commutator Of Tennessee (Act),act-inc.com,,,,,,,,
The Electro-Mechanical Authority (EASA) Conventions + Solutions Expo 2022,The Electro-Mechanical Authority (EASA) Conventions + Solutions Expo,2022-06-26,St. Louis,MO,Sifco ASC,sifcoasc.com,,,,,,,,
The Electro-Mechanical Authority (EASA) Conventions + Solutions Expo 2022,The Electro-Mechanical Authority (EASA) Conventions + Solutions Expo,2022-06-26,St. Louis,MO,RDI Technologies Inc.,rditechnologies.com,,,,,,,,
The Electro-Mechanical Authority (EASA) Conventions + Solutions Expo 2022,The Electro-Mechanical Authority (EASA) Conventions + Solutions Expo,2022-06-26,St. Louis,MO,Service First Processing,sfprocessing.com,,,,,,,,
The Electro-Mechanical Authority (EASA) Conventions + Solutions Expo 2022,The Electro-Mechanical Authority (EASA) Conventions + Solutions Expo,2022-06-26,St. Louis,MO,Nippon Rika,nipponrika.jp,,,,,,,,
The Electro-Mechanical Authority (EASA) Conventions + Solutions Expo 2022,The Electro-Mechanical Authority (EASA) Conventions + Solutions Expo,2022-06-26,St. Louis,MO,Advanced Energy,advancedenergy.org,,,,,,,,
The Electro-Mechanical Authority (EASA) Conventions + Solutions Expo 2022,The Electro-Mechanical Authority (EASA) Conventions + Solutions Expo,2022-06-26,St. Louis,MO,Pollution Control Products Company,pcpconline.com,,,,,,,,
The Electro-Mechanical Authority (EASA) Conventions + Solutions Expo 2022,The Electro-Mechanical Authority (EASA) Conventions + Solutions Expo,2022-06-26,St. Louis,MO,Midwest Promotional Group,midwestgrp.com,,,,,,,,
The Electro-Mechanical Authority (EASA) Conventions + Solutions Expo 2022,The Electro-Mechanical Authority (EASA) Conventions + Solutions Expo,2022-06-26,St. Louis,MO,Pittsburgh Electrical Insulation (PEI),peipittsburgh.com,,,,,,,,
The Electro-Mechanical Authority (EASA) Conventions + Solutions Expo 2022,The Electro-Mechanical Authority (EASA) Conventions + Solutions Expo,2022-06-26,St. Louis,MO,Powertec,powertecmotors.com,,,,,,,,
The Electro-Mechanical Authority (EASA) Conventions + Solutions Expo 2022,The Electro-Mechanical Authority (EASA) Conventions + Solutions Expo,2022-06-26,St. Louis,MO,PdMA Corporation,pdma.com,,,,,,,,
The Electro-Mechanical Authority (EASA) Conventions + Solutions Expo 2022,The Electro-Mechanical Authority (EASA) Conventions + Solutions Expo,2022-06-26,St. Louis,MO,ICC International,iccinternational.com,,,,,,,,
The Electro-Mechanical Authority (EASA) Conventions + Solutions Expo 2022,The Electro-Mechanical Authority (EASA) Conventions + Solutions Expo,2022-06-26,St. Louis,MO,"High Voltage, Inc.",hvinc.com,,,,,,,,
The Electro-Mechanical Authority (EASA) Conventions + Solutions Expo 2022,The Electro-Mechanical Authority (EASA) Conventions + Solutions Expo,2022-06-26,St. Louis,MO,"ESR Motor Systems, LLC",esrmotors.com,,,,,,,,
The Electro-Mechanical Authority (EASA) Conventions + Solutions Expo 2022,The Electro-Mechanical Authority (EASA) Conventions + Solutions Expo,2022-06-26,St. Louis,MO,CAM Innovation,caminnovation.com,,,,,,,,
The Electro-Mechanical Authority (EASA) Conventions + Solutions Expo 2022,The Electro-Mechanical Authority (EASA) Conventions + Solutions Expo,2022-06-26,St. Louis,MO,Cahaba Media Group,cahabamedia.com,,,,,,,,
The Electro-Mechanical Authority (EASA) Conventions + Solutions Expo 2022,The Electro-Mechanical Authority (EASA) Conventions + Solutions Expo,2022-06-26,St. Louis,MO,IRD Balancing,irdproducts.com,,,,,,,,
The Electro-Mechanical Authority (EASA) Conventions + Solutions Expo 2022,The Electro-Mechanical Authority (EASA) Conventions + Solutions Expo,2022-06-26,St. Louis,MO,Electrom Instruments,electrominst.com,,,,,,,,
The Electro-Mechanical Authority (EASA) Conventions + Solutions Expo 2022,The Electro-Mechanical Authority (EASA) Conventions + Solutions Expo,2022-06-26,St. Louis,MO,M.G.M. Electric Motors,mgmelectricmotors.com,,,,,,,,
The Electro-Mechanical Authority (EASA) Conventions + Solutions Expo 2022,The Electro-Mechanical Authority (EASA) Conventions + Solutions Expo,2022-06-26,St. Louis,MO,Steelman Industries Inc,steelman.com,,,,,,,,
The Electro-Mechanical Authority (EASA) Conventions + Solutions Expo 2022,The Electro-Mechanical Authority (EASA) Conventions + Solutions Expo,2022-06-26,St. Louis,MO,Isostatic Industries,isostatic.com,,,,,,,,
The Electro-Mechanical Authority (EASA) Conventions + Solutions Expo 2022,The Electro-Mechanical Authority (EASA) Conventions + Solutions Expo,2022-06-26,St. Louis,MO,Cogebi Inc.,cogebi.com,,,,,,,,
The Electro-Mechanical Authority (EASA) Conventions + Solutions Expo 2022,The Electro-Mechanical Authority (EASA) Conventions + Solutions Expo,2022-06-26,St. Louis,MO,Adventech LLC,adventechinc.com,,,,,,,,
The Electro-Mechanical Authority (EASA) Conventions + Solutions Expo 2022,The Electro-Mechanical Authority (EASA) Conventions + Solutions Expo,2022-06-26,St. Louis,MO,"STAR Technology, Inc.",star-technology.com,,,,,,,,
The Electro-Mechanical Authority (EASA) Conventions + Solutions Expo 2022,The Electro-Mechanical Authority (EASA) Conventions + Solutions Expo,2022-06-26,St. Louis,MO,Dings Co. Magnetic Group,dingsmagnets.com,,,,,,,,
The Electro-Mechanical Authority (EASA) Conventions + Solutions Expo 2022,The Electro-Mechanical Authority (EASA) Conventions + Solutions Expo,2022-06-26,St. Louis,MO,Stimple and Ward Company,swcoils.com,,,,,,,,
The Electro-Mechanical Authority (EASA) Conventions + Solutions Expo 2022,The Electro-Mechanical Authority (EASA) Conventions + Solutions Expo,2022-06-26,St. Louis,MO,Spring Point,springpt.com,,,,,,,,
The Electro-Mechanical Authority (EASA) Conventions + Solutions Expo 2022,The Electro-Mechanical Authority (EASA) Conventions + Solutions Expo,2022-06-26,St. Louis,MO,Tatung,tatung.com,,,,,,,,
The Electro-Mechanical Authority (EASA) Conventions + Solutions Expo 2022,The Electro-Mechanical Authority (EASA) Conventions + Solutions Expo,2022-06-26,St. Louis,MO,EASA,easa.com,,,,,,,,
The Electro-Mechanical Authority (EASA) Conventions + Solutions Expo 2022,The Electro-Mechanical Authority (EASA) Conventions + Solutions Expo,2022-06-26,St. Louis,MO,Connex Industrial Corporation,connex-electric.com,,,,,,,,
The Electro-Mechanical Authority (EASA) Conventions + Solutions Expo 2022,The Electro-Mechanical Authority (EASA) Conventions + Solutions Expo,2022-06-26,St. Louis,MO,Nidec,nidec.com,,,,,,,,
The Electro-Mechanical Authority (EASA) Conventions + Solutions Expo 2022,The Electro-Mechanical Authority (EASA) Conventions + Solutions Expo,2022-06-26,St. Louis,MO,"Test Products International, Inc",testproductsintl.com,,,,,,,,
The Electro-Mechanical Authority (EASA) Conventions + Solutions Expo 2022,The Electro-Mechanical Authority (EASA) Conventions + Solutions Expo,2022-06-26,St. Louis,MO,Superior Services LLC,superiorservicesllc.com,,,,,,,,
The Electro-Mechanical Authority (EASA) Conventions + Solutions Expo 2022,The Electro-Mechanical Authority (EASA) Conventions + Solutions Expo,2022-06-26,St. Louis,MO,Apex Sealing Inc.,apexsealing.com,,,,,,,,
The Electro-Mechanical Authority (EASA) Conventions + Solutions Expo 2022,The Electro-Mechanical Authority (EASA) Conventions + Solutions Expo,2022-06-26,St. Louis,MO,Artesis Technology Systems,artesis.com,,,,,,,,
The Electro-Mechanical Authority (EASA) Conventions + Solutions Expo 2022,The Electro-Mechanical Authority (EASA) Conventions + Solutions Expo,2022-06-26,St. Louis,MO,Rogers Equipment Sales Inc.,rogersequip.com,,,,,,,,
The Electro-Mechanical Authority (EASA) Conventions + Solutions Expo 2022,The Electro-Mechanical Authority (EASA) Conventions + Solutions Expo,2022-06-26,St. Louis,MO,Berliss Companies,berliss.com,,,,,,,,
The Electro-Mechanical Authority (EASA) Conventions + Solutions Expo 2022,The Electro-Mechanical Authority (EASA) Conventions + Solutions Expo,2022-06-26,St. Louis,MO,Advanced Coil Technology,advancedcoiltechnology.com,,,,,,,,
The Electro-Mechanical Authority (EASA) Conventions + Solutions Expo 2022,The Electro-Mechanical Authority (EASA) Conventions + Solutions Expo,2022-06-26,St. Louis,MO,Electric Coil Service Inc,electriccoil.com,,,,,,,,
The Electro-Mechanical Authority (EASA) Conventions + Solutions Expo 2022,The Electro-Mechanical Authority (EASA) Conventions + Solutions Expo,2022-06-26,St. Louis,MO,Universal Coil Mfr,universalcoil.com,,,,,,,,
The Electro-Mechanical Authority (EASA) Conventions + Solutions Expo 2022,The Electro-Mechanical Authority (EASA) Conventions + Solutions Expo,2022-06-26,St. Louis,MO,ECO Burn-Off Ovens,ecoburnoff.com,,,,,,,,
The Electro-Mechanical Authority (EASA) Conventions + Solutions Expo 2022,The Electro-Mechanical Authority (EASA) Conventions + Solutions Expo,2022-06-26,St. Louis,MO,AdashAmerica,adashamerica.com,,,,,,,,
The Electro-Mechanical Authority (EASA) Conventions + Solutions Expo 2022,The Electro-Mechanical Authority (EASA) Conventions + Solutions Expo,2022-06-26,St. Louis,MO,East Coast Electrical Equipment Company,eastcoastmotor.com,,,,,,,,
The Electro-Mechanical Authority (EASA) Conventions + Solutions Expo 2022,The Electro-Mechanical Authority (EASA) Conventions + Solutions Expo,2022-06-26,St. Louis,MO,Laser Laminations,laserlaminations.com,,,,,,,,
The Electro-Mechanical Authority (EASA) Conventions + Solutions Expo 2022,The Electro-Mechanical Authority (EASA) Conventions + Solutions Expo,2022-06-26,St. Louis,MO,Designmotors,designmotors.net,,,,,,,,
The Electro-Mechanical Authority (EASA) Conventions + Solutions Expo 2022,The Electro-Mechanical Authority (EASA) Conventions + Solutions Expo,2022-06-26,St. Louis,MO,Laser Technologies Inc.,lasertechnologiesinc.com,,,,,,,,
The Electro-Mechanical Authority (EASA) Conventions + Solutions Expo 2022,The Electro-Mechanical Authority (EASA) Conventions + Solutions Expo,2022-06-26,St. Louis,MO,Octava Engineering,octavaengineering.com,,,,,,,,
The Electro-Mechanical Authority (EASA) Conventions + Solutions Expo 2022,The Electro-Mechanical Authority (EASA) Conventions + Solutions Expo,2022-06-26,St. Louis,MO,Lucrescent Bearing Corporation,lucre-usa.com,,,,,,,,
The Electro-Mechanical Authority (EASA) Conventions + Solutions Expo 2022,The Electro-Mechanical Authority (EASA) Conventions + Solutions Expo,2022-06-26,St. Louis,MO,Green Motors Practices Group,greenmotors.org,"Boise, ID",7,,2006,,,,
The Electro-Mechanical Authority (EASA) Conventions + Solutions Expo 2022,The Electro-Mechanical Authority (EASA) Conventions + Solutions Expo,2022-06-26,St. Louis,MO,Bmr Usa,bmr-usa.com,"Scottsdale, AZ",6,Bootstrapped,,,,,
The Electro-Mechanical Authority (EASA) Conventions + Solutions Expo 2022,The Electro-Mechanical Authority (EASA) Conventions + Solutions Expo,2022-06-26,St. Louis,MO,TT Electric,ttelectricusa.com,"Pewaukee, WI",6,Bootstrapped,2011,,,,
The Electro-Mechanical Authority (EASA) Conventions + Solutions Expo 2022,The Electro-Mechanical Authority (EASA) Conventions + Solutions Expo,2022-06-26,St. Louis,MO,Allied Industrial Marketing,alliedindustrialmarketing.com,"Wisconsin, USA",6,Bootstrapped,2002,,,,
The Electro-Mechanical Authority (EASA) Conventions + Solutions Expo 2022,The Electro-Mechanical Authority (EASA) Conventions + Solutions Expo,2022-06-26,St. Louis,MO,WEG S.A.,weg.net,"Georgia, USA",5,Public,1991,,,,
The Electro-Mechanical Authority (EASA) Conventions + Solutions Expo 2022,The Electro-Mechanical Authority (EASA) Conventions + Solutions Expo,2022-06-26,St. Louis,MO,Vaughen's Price Publishing CO,vaughens.com,,,,,,,,
The Electro-Mechanical Authority (EASA) Conventions + Solutions Expo 2022,The Electro-Mechanical Authority (EASA) Conventions + Solutions Expo,2022-06-26,St. Louis,MO,"Barks Publications, Inc.",barks.com,,,,,,,,
The Electro-Mechanical Authority (EASA) Conventions + Solutions Expo 2022,The Electro-Mechanical Authority (EASA) Conventions + Solutions Expo,2022-06-26,St. Louis,MO,Vibration Institute,vi-institute.org,,,,,,,,
The Electro-Mechanical Authority (EASA) Conventions + Solutions Expo 2022,The Electro-Mechanical Authority (EASA) Conventions + Solutions Expo,2022-06-26,St. Louis,MO,Martindale Electric Company,martindaleco.com,,,,,,,,
The Electro-Mechanical Authority (EASA) Conventions + Solutions Expo 2022,The Electro-Mechanical Authority (EASA) Conventions + Solutions Expo,2022-06-26,St. Louis,MO,Dynamics Research Corp,dynamicsresearch.net,,,,,YES,P3-candidate,S7,
The Electro-Mechanical Authority (EASA) Conventions + Solutions Expo 2022,The Electro-Mechanical Authority (EASA) Conventions + Solutions Expo,2022-06-26,St. Louis,MO,JFE Shoji Power Canada Inc.,jfeshojipower.com,,,,,,,,
The Electro-Mechanical Authority (EASA) Conventions + Solutions Expo 2022,The Electro-Mechanical Authority (EASA) Conventions + Solutions Expo,2022-06-26,St. Louis,MO,US Seal Inc,ussealmfg.com,,,,,,,,
The Electro-Mechanical Authority (EASA) Conventions + Solutions Expo 2022,The Electro-Mechanical Authority (EASA) Conventions + Solutions Expo,2022-06-26,St. Louis,MO,Windsor Stevens,windsor-stevens.com,,,,,,,,
The Electro-Mechanical Authority (EASA) Conventions + Solutions Expo 2022,The Electro-Mechanical Authority (EASA) Conventions + Solutions Expo,2022-06-26,St. Louis,MO,"SensOS, LLC",sens-os.com,,,,,,,,
The Electro-Mechanical Authority (EASA) Conventions + Solutions Expo 2022,The Electro-Mechanical Authority (EASA) Conventions + Solutions Expo,2022-06-26,St. Louis,MO,Coil Partners,coilpartners.com,,,,,,,,
The Electro-Mechanical Authority (EASA) Conventions + Solutions Expo 2022,The Electro-Mechanical Authority (EASA) Conventions + Solutions Expo,2022-06-26,St. Louis,MO,Cincinnati Babbitt Bearing,cinbab.com,,,,,,,,
The Electro-Mechanical Authority (EASA) Conventions + Solutions Expo 2022,The Electro-Mechanical Authority (EASA) Conventions + Solutions Expo,2022-06-26,St. Louis,MO,Empowering Pumps & Equipment,empoweringpumps.com,,,,,,,,
The Electro-Mechanical Authority (EASA) Conventions + Solutions Expo 2022,The Electro-Mechanical Authority (EASA) Conventions + Solutions Expo,2022-06-26,St. Louis,MO,TEquipment,tequipment.net,,,,,,,,
The Electro-Mechanical Authority (EASA) Conventions + Solutions Expo 2022,The Electro-Mechanical Authority (EASA) Conventions + Solutions Expo,2022-06-26,St. Louis,MO,Jasper Electric Motors,jasperelectricmotorsinc.com,,,,,,,,
The Electro-Mechanical Authority (EASA) Conventions + Solutions Expo 2022,The Electro-Mechanical Authority (EASA) Conventions + Solutions Expo,2022-06-26,St. Louis,MO,eldec Induction,eldec.net,,,,,,,,
The Electro-Mechanical Authority (EASA) Conventions + Solutions Expo 2022,The Electro-Mechanical Authority (EASA) Conventions + Solutions Expo,2022-06-26,St. Louis,MO,"Industrias Kirkwood, S.A. de C.V.",kirkwood.com.mx,,,,,,,,
The Electro-Mechanical Authority (EASA) Conventions + Solutions Expo 2022,The Electro-Mechanical Authority (EASA) Conventions + Solutions Expo,2022-06-26,St. Louis,MO,Temporiti s.r.l.,temporiti.it,,,,,,,,
The Electro-Mechanical Authority (EASA) Conventions + Solutions Expo 2022,The Electro-Mechanical Authority (EASA) Conventions + Solutions Expo,2022-06-26,St. Louis,MO,Guspro Inc.,guspro.com,,,,,,,,
The Electro-Mechanical Authority (EASA) Conventions + Solutions Expo 2022,The Electro-Mechanical Authority (EASA) Conventions + Solutions Expo,2022-06-26,St. Louis,MO,Electric Motor Coil Co.,emccltd.ca,,,,,,,,
The Electro-Mechanical Authority (EASA) Conventions + Solutions Expo 2022,The Electro-Mechanical Authority (EASA) Conventions + Solutions Expo,2022-06-26,St. Louis,MO,Lafert North America,lafertna.com,,,,,,,,
The Electro-Mechanical Authority (EASA) Conventions + Solutions Expo 2022,The Electro-Mechanical Authority (EASA) Conventions + Solutions Expo,2022-06-26,St. Louis,MO,Insolutions,insolutions.global,,,,,,,,
The Electro-Mechanical Authority (EASA) Conventions + Solutions Expo 2022,The Electro-Mechanical Authority (EASA) Conventions + Solutions Expo,2022-06-26,St. Louis,MO,Oxyweld snc,oweld.com,,,,,,,,
The Electro-Mechanical Authority (EASA) Conventions + Solutions Expo 2022,The Electro-Mechanical Authority (EASA) Conventions + Solutions Expo,2022-06-26,St. Louis,MO,Eura Drives Flagship Products,euradrives.com,,,,,,,,
The Electro-Mechanical Authority (EASA) Conventions + Solutions Expo 2022,The Electro-Mechanical Authority (EASA) Conventions + Solutions Expo,2022-06-26,St. Louis,MO,"EMZ Industries, Inc",emzmotor.com,,,,,,,,
Electrical Apparatus Service Association (EASA) Convention & Solutions Expo 2024,Electrical Apparatus Service Association (EASA) Convention & Solutions Expo,2024-06-23,Las Vegas,NV,ABB Asea Brown Boveri Ltd.,abb.com,"Zürich, Switzerland",439252,Public,1988,,,,
Electrical Apparatus Service Association (EASA) Convention & Solutions Expo 2024,Electrical Apparatus Service Association (EASA) Convention & Solutions Expo,2024-06-23,Las Vegas,NV,Google,google.com,"Mountain View, CA",319402,Public Subsidiary,1998,,,,
Electrical Apparatus Service Association (EASA) Convention & Solutions Expo 2024,Electrical Apparatus Service Association (EASA) Convention & Solutions Expo,2024-06-23,Las Vegas,NV,Sulzer,sulzer.com,"Winterthur, Switzerland",33945,Public,1919,,,,
Electrical Apparatus Service Association (EASA) Convention & Solutions Expo 2024,Electrical Apparatus Service Association (EASA) Convention & Solutions Expo,2024-06-23,Las Vegas,NV,Estes Express Lines,estes-express.com,"Richmond, VA",29644,Bootstrapped,1931,,,,
Electrical Apparatus Service Association (EASA) Convention & Solutions Expo 2024,Electrical Apparatus Service Association (EASA) Convention & Solutions Expo,2024-06-23,Las Vegas,NV,General Electric Company,ge.com,"Boston, MA",22570,Public Subsidiary,1892,,,,
Electrical Apparatus Service Association (EASA) Convention & Solutions Expo 2024,Electrical Apparatus Service Association (EASA) Convention & Solutions Expo,2024-06-23,Las Vegas,NV,JTEKT North America Corporation,jtekt-na.com,,,,,,,,
Electrical Apparatus Service Association (EASA) Convention & Solutions Expo 2024,Electrical Apparatus Service Association (EASA) Convention & Solutions Expo,2024-06-23,Las Vegas,NV,Morgan Advanced Materials,morganadvancedmaterials.com,,,,,,,,
Electrical Apparatus Service Association (EASA) Convention & Solutions Expo 2024,Electrical Apparatus Service Association (EASA) Convention & Solutions Expo,2024-06-23,Las Vegas,NV,NTN Bearing Corporation,ntnamericas.com,,,,,,,,
Electrical Apparatus Service Association (EASA) Convention & Solutions Expo 2024,Electrical Apparatus Service Association (EASA) Convention & Solutions Expo,2024-06-23,Las Vegas,NV,Innomotics,innomotics.com,,,,,,,,
Electrical Apparatus Service Association (EASA) Convention & Solutions Expo 2024,Electrical Apparatus Service Association (EASA) Convention & Solutions Expo,2024-06-23,Las Vegas,NV,Megger Group Limited,megger.com,,,,,,,,
Electrical Apparatus Service Association (EASA) Convention & Solutions Expo 2024,Electrical Apparatus Service Association (EASA) Convention & Solutions Expo,2024-06-23,Las Vegas,NV,"EIS Legacy, LLC",eis-inc.com,,,,,,,,
Electrical Apparatus Service Association (EASA) Convention & Solutions Expo 2024,Electrical Apparatus Service Association (EASA) Convention & Solutions Expo,2024-06-23,Las Vegas,NV,ITT Goulds Pumps,gouldspumps.com,,,,,,,,
Electrical Apparatus Service Association (EASA) Convention & Solutions Expo 2024,Electrical Apparatus Service Association (EASA) Convention & Solutions Expo,2024-06-23,Las Vegas,NV,ISOVOLTA Group,isovolta.com,,,,,,,,
Electrical Apparatus Service Association (EASA) Convention & Solutions Expo 2024,Electrical Apparatus Service Association (EASA) Convention & Solutions Expo,2024-06-23,Las Vegas,NV,"Elantas Pdg, Inc.",elantas.com,,,,,,,,
Electrical Apparatus Service Association (EASA) Convention & Solutions Expo 2024,Electrical Apparatus Service Association (EASA) Convention & Solutions Expo,2024-06-23,Las Vegas,NV,New York Blower Company,nyb.com,,,,,,,,
Electrical Apparatus Service Association (EASA) Convention & Solutions Expo 2024,Electrical Apparatus Service Association (EASA) Convention & Solutions Expo,2024-06-23,Las Vegas,NV,Toshiba Corporation.,toshiba.com,,,,,,,,
Electrical Apparatus Service Association (EASA) Convention & Solutions Expo 2024,Electrical Apparatus Service Association (EASA) Convention & Solutions Expo,2024-06-23,Las Vegas,NV,Wolong Electric America,wolongamerica.com,,,,,,,,
Electrical Apparatus Service Association (EASA) Convention & Solutions Expo 2024,Electrical Apparatus Service Association (EASA) Convention & Solutions Expo,2024-06-23,Las Vegas,NV,Doble Engineering Company,doble.com,,,,,,,,
Electrical Apparatus Service Association (EASA) Convention & Solutions Expo 2024,Electrical Apparatus Service Association (EASA) Convention & Solutions Expo,2024-06-23,Las Vegas,NV,Kübler Group,kuebler.com,,,,,,,,
Electrical Apparatus Service Association (EASA) Convention & Solutions Expo 2024,Electrical Apparatus Service Association (EASA) Convention & Solutions Expo,2024-06-23,Las Vegas,NV,Ue Systems,uesystems.com,,,,,,,,
Electrical Apparatus Service Association (EASA) Convention & Solutions Expo 2024,Electrical Apparatus Service Association (EASA) Convention & Solutions Expo,2024-06-23,Las Vegas,NV,National Electric Coil,national-electric-coil.com,,,,,,,,
Electrical Apparatus Service Association (EASA) Convention & Solutions Expo 2024,Electrical Apparatus Service Association (EASA) Convention & Solutions Expo,2024-06-23,Las Vegas,NV,"Benshaw, Inc.",benshaw.com,,,,,,,,
Electrical Apparatus Service Association (EASA) Convention & Solutions Expo 2024,Electrical Apparatus Service Association (EASA) Convention & Solutions Expo,2024-06-23,Las Vegas,NV,Helwig Carbon Products,helwigcarbon.com,,,,,,,,
Electrical Apparatus Service Association (EASA) Convention & Solutions Expo 2024,Electrical Apparatus Service Association (EASA) Convention & Solutions Expo,2024-06-23,Las Vegas,NV,The Gund Company,thegundcompany.com,,,,,,,,
Electrical Apparatus Service Association (EASA) Convention & Solutions Expo 2024,Electrical Apparatus Service Association (EASA) Convention & Solutions Expo,2024-06-23,Las Vegas,NV,Rea Magnet Wire,reawire.com,,,,,,,,
Electrical Apparatus Service Association (EASA) Convention & Solutions Expo 2024,Electrical Apparatus Service Association (EASA) Convention & Solutions Expo,2024-06-23,Las Vegas,NV,TECO-Westinghouse,tecowestinghouse.com,,,,,,,,
Electrical Apparatus Service Association (EASA) Convention & Solutions Expo 2024,Electrical Apparatus Service Association (EASA) Convention & Solutions Expo,2024-06-23,Las Vegas,NV,WorldWide Electric Corp.,worldwideelectric.com,,,,,,,,
Electrical Apparatus Service Association (EASA) Convention & Solutions Expo 2024,Electrical Apparatus Service Association (EASA) Convention & Solutions Expo,2024-06-23,Las Vegas,NV,MTE Corporation,mtecorp.com,,,,,,,,
Electrical Apparatus Service Association (EASA) Convention & Solutions Expo 2024,Electrical Apparatus Service Association (EASA) Convention & Solutions Expo,2024-06-23,Las Vegas,NV,Alabama Specialty Product,alspi.com,,,,,,,,
Electrical Apparatus Service Association (EASA) Convention & Solutions Expo 2024,Electrical Apparatus Service Association (EASA) Convention & Solutions Expo,2024-06-23,Las Vegas,NV,Preformed Windings Limited,preformedwindings.com,,,,,,,,
Electrical Apparatus Service Association (EASA) Convention & Solutions Expo 2024,Electrical Apparatus Service Association (EASA) Convention & Solutions Expo,2024-06-23,Las Vegas,NV,Nachi America Inc.,nachiamerica.com,,,,,,,,
Electrical Apparatus Service Association (EASA) Convention & Solutions Expo 2024,Electrical Apparatus Service Association (EASA) Convention & Solutions Expo,2024-06-23,Las Vegas,NV,Essex Brownell,essexbrownell.com,,,,,,,,
Electrical Apparatus Service Association (EASA) Convention & Solutions Expo 2024,Electrical Apparatus Service Association (EASA) Convention & Solutions Expo,2024-06-23,Las Vegas,NV,Godfrey & Wing Inc.,godfreywing.com,,,,,,,,
Electrical Apparatus Service Association (EASA) Convention & Solutions Expo 2024,Electrical Apparatus Service Association (EASA) Convention & Solutions Expo,2024-06-23,Las Vegas,NV,"Sun Capital Partners, Inc.",suncappart.com,,,,,,,,
Electrical Apparatus Service Association (EASA) Convention & Solutions Expo 2024,Electrical Apparatus Service Association (EASA) Convention & Solutions Expo,2024-06-23,Las Vegas,NV,Electro Static Technology,est-aegis.com,,,,,,,,
Electrical Apparatus Service Association (EASA) Convention & Solutions Expo 2024,Electrical Apparatus Service Association (EASA) Convention & Solutions Expo,2024-06-23,Las Vegas,NV,"Bartlett Bearing Company, Inc.",bartlettbearing.com,,,,,,,,
Electrical Apparatus Service Association (EASA) Convention & Solutions Expo 2024,Electrical Apparatus Service Association (EASA) Convention & Solutions Expo,2024-06-23,Las Vegas,NV,The Electric Materials Company,elecmat.com,,,,,,,,
Electrical Apparatus Service Association (EASA) Convention & Solutions Expo 2024,Electrical Apparatus Service Association (EASA) Convention & Solutions Expo,2024-06-23,Las Vegas,NV,"Dykman Electrical, Inc.",dykman.com,,,,,,,,
Electrical Apparatus Service Association (EASA) Convention & Solutions Expo 2024,Electrical Apparatus Service Association (EASA) Convention & Solutions Expo,2024-06-23,Las Vegas,NV,"Flex-A-Seal, Inc.",flexaseal.com,,,,,,,,
Electrical Apparatus Service Association (EASA) Convention & Solutions Expo 2024,Electrical Apparatus Service Association (EASA) Convention & Solutions Expo,2024-06-23,Las Vegas,NV,Hansford Sensors Ltd,hansfordsensors.com,,,,,,,,
Electrical Apparatus Service Association (EASA) Convention & Solutions Expo 2024,Electrical Apparatus Service Association (EASA) Convention & Solutions Expo,2024-06-23,Las Vegas,NV,Precision Electric Motor Sales,pemsmotors.com,,,,,,,,
Electrical Apparatus Service Association (EASA) Convention & Solutions Expo 2024,Electrical Apparatus Service Association (EASA) Convention & Solutions Expo,2024-06-23,Las Vegas,NV,Acoem USA,acoem.us,,,,,,,,
Electrical Apparatus Service Association (EASA) Convention & Solutions Expo 2024,Electrical Apparatus Service Association (EASA) Convention & Solutions Expo,2024-06-23,Las Vegas,NV,Jenkins Electric Company,jenkinselectric.com,,,,,YES,campaign-P2,S7,YES
Electrical Apparatus Service Association (EASA) Convention & Solutions Expo 2024,Electrical Apparatus Service Association (EASA) Convention & Solutions Expo,2024-06-23,Las Vegas,NV,Packard Inc.,packardonline.com,,,,,,,,
Electrical Apparatus Service Association (EASA) Convention & Solutions Expo 2024,Electrical Apparatus Service Association (EASA) Convention & Solutions Expo,2024-06-23,Las Vegas,NV,Parts Super Center,partssupercenter.com,,,,,,,,
Electrical Apparatus Service Association (EASA) Convention & Solutions Expo 2024,Electrical Apparatus Service Association (EASA) Convention & Solutions Expo,2024-06-23,Las Vegas,NV,Treon,treon.fi,,,,,,,,
Electrical Apparatus Service Association (EASA) Convention & Solutions Expo 2024,Electrical Apparatus Service Association (EASA) Convention & Solutions Expo,2024-06-23,Las Vegas,NV,Ideal Electric Company,theidealelectric.com,,,,,,,,
Electrical Apparatus Service Association (EASA) Convention & Solutions Expo 2024,Electrical Apparatus Service Association (EASA) Convention & Solutions Expo,2024-06-23,Las Vegas,NV,"Cutsforth, Inc.",cutsforth.com,,,,,,,,
Electrical Apparatus Service Association (EASA) Convention & Solutions Expo 2024,Electrical Apparatus Service Association (EASA) Convention & Solutions Expo,2024-06-23,Las Vegas,NV,"Benko Products, Inc.",benkoproducts.com,,,,,,,,
Electrical Apparatus Service Association (EASA) Convention & Solutions Expo 2024,Electrical Apparatus Service Association (EASA) Convention & Solutions Expo,2024-06-23,Las Vegas,NV,Precision Coil & Rotor,pecoil.com,,,,,,,,
Electrical Apparatus Service Association (EASA) Convention & Solutions Expo 2024,Electrical Apparatus Service Association (EASA) Convention & Solutions Expo,2024-06-23,Las Vegas,NV,"Advanced Rotors, Inc.",advrotors.com,,,,,,,,
Electrical Apparatus Service Association (EASA) Convention & Solutions Expo 2024,Electrical Apparatus Service Association (EASA) Convention & Solutions Expo,2024-06-23,Las Vegas,NV,"Ludeca, Inc.",ludeca.com,,,,,YES,valDQ-review,?,
Electrical Apparatus Service Association (EASA) Convention & Solutions Expo 2024,Electrical Apparatus Service Association (EASA) Convention & Solutions Expo,2024-06-23,Las Vegas,NV,"Force Control Industries, Inc.",forcecontrol.com,,,,,,,,
Electrical Apparatus Service Association (EASA) Convention & Solutions Expo 2024,Electrical Apparatus Service Association (EASA) Convention & Solutions Expo,2024-06-23,Las Vegas,NV,AEMC Instruments,aemc.com,,,,,,,,
Electrical Apparatus Service Association (EASA) Convention & Solutions Expo 2024,Electrical Apparatus Service Association (EASA) Convention & Solutions Expo,2024-06-23,Las Vegas,NV,Coil Manufacturing Inc,cmicoil.com,,,,,,,,
Electrical Apparatus Service Association (EASA) Convention & Solutions Expo 2024,Electrical Apparatus Service Association (EASA) Convention & Solutions Expo,2024-06-23,Las Vegas,NV,Techtop Industries,techtopind.com,,,,,,,,
Electrical Apparatus Service Association (EASA) Convention & Solutions Expo 2024,Electrical Apparatus Service Association (EASA) Convention & Solutions Expo,2024-06-23,Las Vegas,NV,Akard Commutator Of Tennessee (Act),act-inc.com,,,,,,,,
Electrical Apparatus Service Association (EASA) Convention & Solutions Expo 2024,Electrical Apparatus Service Association (EASA) Convention & Solutions Expo,2024-06-23,Las Vegas,NV,Sifco ASC,sifcoasc.com,,,,,,,,
Electrical Apparatus Service Association (EASA) Convention & Solutions Expo 2024,Electrical Apparatus Service Association (EASA) Convention & Solutions Expo,2024-06-23,Las Vegas,NV,RDI Technologies Inc.,rditechnologies.com,,,,,,,,
Electrical Apparatus Service Association (EASA) Convention & Solutions Expo 2024,Electrical Apparatus Service Association (EASA) Convention & Solutions Expo,2024-06-23,Las Vegas,NV,Erbessd Instruments,erbessd-instruments.com,,,,,,,,
Electrical Apparatus Service Association (EASA) Convention & Solutions Expo 2024,Electrical Apparatus Service Association (EASA) Convention & Solutions Expo,2024-06-23,Las Vegas,NV,Service First Processing,sfprocessing.com,,,,,,,,
Electrical Apparatus Service Association (EASA) Convention & Solutions Expo 2024,Electrical Apparatus Service Association (EASA) Convention & Solutions Expo,2024-06-23,Las Vegas,NV,Nippon Rika,nipponrika.jp,,,,,,,,
Electrical Apparatus Service Association (EASA) Convention & Solutions Expo 2024,Electrical Apparatus Service Association (EASA) Convention & Solutions Expo,2024-06-23,Las Vegas,NV,Advanced Energy,advancedenergy.org,,,,,,,,
Electrical Apparatus Service Association (EASA) Convention & Solutions Expo 2024,Electrical Apparatus Service Association (EASA) Convention & Solutions Expo,2024-06-23,Las Vegas,NV,Pollution Control Products Company,pcpconline.com,,,,,,,,
Electrical Apparatus Service Association (EASA) Convention & Solutions Expo 2024,Electrical Apparatus Service Association (EASA) Convention & Solutions Expo,2024-06-23,Las Vegas,NV,SmartD Technologies,smartd.tech,,,,,,,,
Electrical Apparatus Service Association (EASA) Convention & Solutions Expo 2024,Electrical Apparatus Service Association (EASA) Convention & Solutions Expo,2024-06-23,Las Vegas,NV,SDT International SA/NV,sdtultrasound.com,,,,,,,,
Electrical Apparatus Service Association (EASA) Convention & Solutions Expo 2024,Electrical Apparatus Service Association (EASA) Convention & Solutions Expo,2024-06-23,Las Vegas,NV,Pittsburgh Electrical Insulation (PEI),peipittsburgh.com,,,,,,,,
Electrical Apparatus Service Association (EASA) Convention & Solutions Expo 2024,Electrical Apparatus Service Association (EASA) Convention & Solutions Expo,2024-06-23,Las Vegas,NV,"Electrolock, Inc.",electrolock.com,,,,,,,,
Electrical Apparatus Service Association (EASA) Convention & Solutions Expo 2024,Electrical Apparatus Service Association (EASA) Convention & Solutions Expo,2024-06-23,Las Vegas,NV,Powertec,powertecmotors.com,,,,,,,,
Electrical Apparatus Service Association (EASA) Convention & Solutions Expo 2024,Electrical Apparatus Service Association (EASA) Convention & Solutions Expo,2024-06-23,Las Vegas,NV,PdMA Corporation,pdma.com,,,,,,,,
Electrical Apparatus Service Association (EASA) Convention & Solutions Expo 2024,Electrical Apparatus Service Association (EASA) Convention & Solutions Expo,2024-06-23,Las Vegas,NV,InterNational Electrical Testing Association (NETA),netaworld.org,,,,,,,,
Electrical Apparatus Service Association (EASA) Convention & Solutions Expo 2024,Electrical Apparatus Service Association (EASA) Convention & Solutions Expo,2024-06-23,Las Vegas,NV,ICC International,iccinternational.com,,,,,,,,
Electrical Apparatus Service Association (EASA) Convention & Solutions Expo 2024,Electrical Apparatus Service Association (EASA) Convention & Solutions Expo,2024-06-23,Las Vegas,NV,"High Voltage, Inc.",hvinc.com,,,,,,,,
Electrical Apparatus Service Association (EASA) Convention & Solutions Expo 2024,Electrical Apparatus Service Association (EASA) Convention & Solutions Expo,2024-06-23,Las Vegas,NV,"ESR Motor Systems, LLC",esrmotors.com,,,,,,,,
Electrical Apparatus Service Association (EASA) Convention & Solutions Expo 2024,Electrical Apparatus Service Association (EASA) Convention & Solutions Expo,2024-06-23,Las Vegas,NV,ABRO Balancing,abrobalancing.com,,,,,,,,
Electrical Apparatus Service Association (EASA) Convention & Solutions Expo 2024,Electrical Apparatus Service Association (EASA) Convention & Solutions Expo,2024-06-23,Las Vegas,NV,"Fusion Babbitting Co., Inc.",fusionbabbitting.com,,,,,,,,
Electrical Apparatus Service Association (EASA) Convention & Solutions Expo 2024,Electrical Apparatus Service Association (EASA) Convention & Solutions Expo,2024-06-23,Las Vegas,NV,CAM Innovation,caminnovation.com,,,,,,,,
Electrical Apparatus Service Association (EASA) Convention & Solutions Expo 2024,Electrical Apparatus Service Association (EASA) Convention & Solutions Expo,2024-06-23,Las Vegas,NV,Cahaba Media Group,cahabamedia.com,,,,,,,,
Electrical Apparatus Service Association (EASA) Convention & Solutions Expo 2024,Electrical Apparatus Service Association (EASA) Convention & Solutions Expo,2024-06-23,Las Vegas,NV,IRD Balancing,irdproducts.com,,,,,,,,
Electrical Apparatus Service Association (EASA) Convention & Solutions Expo 2024,Electrical Apparatus Service Association (EASA) Convention & Solutions Expo,2024-06-23,Las Vegas,NV,Electrom Instruments,electrominst.com,,,,,,,,
Electrical Apparatus Service Association (EASA) Convention & Solutions Expo 2024,Electrical Apparatus Service Association (EASA) Convention & Solutions Expo,2024-06-23,Las Vegas,NV,M.G.M. Electric Motors,mgmelectricmotors.com,,,,,,,,
Electrical Apparatus Service Association (EASA) Convention & Solutions Expo 2024,Electrical Apparatus Service Association (EASA) Convention & Solutions Expo,2024-06-23,Las Vegas,NV,Steelman Industries Inc,steelman.com,,,,,,,,
Electrical Apparatus Service Association (EASA) Convention & Solutions Expo 2024,Electrical Apparatus Service Association (EASA) Convention & Solutions Expo,2024-06-23,Las Vegas,NV,Asheville Mica Company,ashevillemica.com,,,,,,,,
Electrical Apparatus Service Association (EASA) Convention & Solutions Expo 2024,Electrical Apparatus Service Association (EASA) Convention & Solutions Expo,2024-06-23,Las Vegas,NV,"Ohio Carbon Industries, Inc.",ohiocarbon.com,,,,,,,,
Electrical Apparatus Service Association (EASA) Convention & Solutions Expo 2024,Electrical Apparatus Service Association (EASA) Convention & Solutions Expo,2024-06-23,Las Vegas,NV,Mesco Corporation,mescocorp.com,,,,,,,,
Electrical Apparatus Service Association (EASA) Convention & Solutions Expo 2024,Electrical Apparatus Service Association (EASA) Convention & Solutions Expo,2024-06-23,Las Vegas,NV,"STAR Technology, Inc.",star-technology.com,,,,,,,,
Electrical Apparatus Service Association (EASA) Convention & Solutions Expo 2024,Electrical Apparatus Service Association (EASA) Convention & Solutions Expo,2024-06-23,Las Vegas,NV,Dings Co.,dingsbrakes.com,,,,,,,,
Electrical Apparatus Service Association (EASA) Convention & Solutions Expo 2024,Electrical Apparatus Service Association (EASA) Convention & Solutions Expo,2024-06-23,Las Vegas,NV,Spring Point,springpt.com,,,,,,,,
Electrical Apparatus Service Association (EASA) Convention & Solutions Expo 2024,Electrical Apparatus Service Association (EASA) Convention & Solutions Expo,2024-06-23,Las Vegas,NV,Tatung,tatung.com,,,,,,,,
Electrical Apparatus Service Association (EASA) Convention & Solutions Expo 2024,Electrical Apparatus Service Association (EASA) Convention & Solutions Expo,2024-06-23,Las Vegas,NV,Arlon Innovations,arloninnovations.com,,,,,,,,
Electrical Apparatus Service Association (EASA) Convention & Solutions Expo 2024,Electrical Apparatus Service Association (EASA) Convention & Solutions Expo,2024-06-23,Las Vegas,NV,"HCP Pumps America, Inc.",hcppumpsofamerica.com,,,,,,,,
Electrical Apparatus Service Association (EASA) Convention & Solutions Expo 2024,Electrical Apparatus Service Association (EASA) Convention & Solutions Expo,2024-06-23,Las Vegas,NV,Nidec,nidec.com,,,,,,,,
Electrical Apparatus Service Association (EASA) Convention & Solutions Expo 2024,Electrical Apparatus Service Association (EASA) Convention & Solutions Expo,2024-06-23,Las Vegas,NV,VFDs.com,vfds.com,,,,,,,,
Electrical Apparatus Service Association (EASA) Convention & Solutions Expo 2024,Electrical Apparatus Service Association (EASA) Convention & Solutions Expo,2024-06-23,Las Vegas,NV,"Test Products International, Inc",testproductsintl.com,,,,,,,,
Electrical Apparatus Service Association (EASA) Convention & Solutions Expo 2024,Electrical Apparatus Service Association (EASA) Convention & Solutions Expo,2024-06-23,Las Vegas,NV,Superior Services LLC,superiorservicesllc.com,,,,,,,,
Electrical Apparatus Service Association (EASA) Convention & Solutions Expo 2024,Electrical Apparatus Service Association (EASA) Convention & Solutions Expo,2024-06-23,Las Vegas,NV,Apex Sealing Inc.,apexsealing.com,,,,,,,,
Electrical Apparatus Service Association (EASA) Convention & Solutions Expo 2024,Electrical Apparatus Service Association (EASA) Convention & Solutions Expo,2024-06-23,Las Vegas,NV,Rogers Equipment Sales Inc.,rogersequip.com,,,,,,,,
Electrical Apparatus Service Association (EASA) Convention & Solutions Expo 2024,Electrical Apparatus Service Association (EASA) Convention & Solutions Expo,2024-06-23,Las Vegas,NV,Electric Coil Service Inc,electriccoil.com,,,,,,,,
Electrical Apparatus Service Association (EASA) Convention & Solutions Expo 2024,Electrical Apparatus Service Association (EASA) Convention & Solutions Expo,2024-06-23,Las Vegas,NV,Samatic,samatic.com,,,,,,,,
Electrical Apparatus Service Association (EASA) Convention & Solutions Expo 2024,Electrical Apparatus Service Association (EASA) Convention & Solutions Expo,2024-06-23,Las Vegas,NV,Motor Diagnostic Systems Inc,motordiagnosticsystems.com,,,,,,,,
Electrical Apparatus Service Association (EASA) Convention & Solutions Expo 2024,Electrical Apparatus Service Association (EASA) Convention & Solutions Expo,2024-06-23,Las Vegas,NV,Universal Coil Mfr,universalcoil.com,"Belle Chasse, LA",15,Bootstrapped,2000,,,,
Electrical Apparatus Service Association (EASA) Convention & Solutions Expo 2024,Electrical Apparatus Service Association (EASA) Convention & Solutions Expo,2024-06-23,Las Vegas,NV,German Machine Tools of America (GMTA),gmtamerica.com,"Ann Arbor, MI",15,Private Subsidiary,1991,,,,
Electrical Apparatus Service Association (EASA) Convention & Solutions Expo 2024,Electrical Apparatus Service Association (EASA) Convention & Solutions Expo,2024-06-23,Las Vegas,NV,Zhejiang Lisheng Spring,lispring.com,"Wenzhou Shi, China",14,Bootstrapped,2009,,,,
Electrical Apparatus Service Association (EASA) Convention & Solutions Expo 2024,Electrical Apparatus Service Association (EASA) Convention & Solutions Expo,2024-06-23,Las Vegas,NV,ECO Burn-Off Ovens,ecoburnoff.com,"Dallas, TX",13,Bootstrapped,,,,,
Electrical Apparatus Service Association (EASA) Convention & Solutions Expo 2024,Electrical Apparatus Service Association (EASA) Convention & Solutions Expo,2024-06-23,Las Vegas,NV,East Coast Electrical Equipment Company,eastcoastmotor.com,"Youngsville, NC",11,Bootstrapped,1968,,,,
Electrical Apparatus Service Association (EASA) Convention & Solutions Expo 2024,Electrical Apparatus Service Association (EASA) Convention & Solutions Expo,2024-06-23,Las Vegas,NV,Laser Technologies Inc.,lasertechnologiesinc.com,,,,,,,,
Electrical Apparatus Service Association (EASA) Convention & Solutions Expo 2024,Electrical Apparatus Service Association (EASA) Convention & Solutions Expo,2024-06-23,Las Vegas,NV,Octava Engineering,octavaengineering.com,,,,,,,,
Electrical Apparatus Service Association (EASA) Convention & Solutions Expo 2024,Electrical Apparatus Service Association (EASA) Convention & Solutions Expo,2024-06-23,Las Vegas,NV,Power Quality Components,pqcomponents.com,,,,,,,,
Electrical Apparatus Service Association (EASA) Convention & Solutions Expo 2024,Electrical Apparatus Service Association (EASA) Convention & Solutions Expo,2024-06-23,Las Vegas,NV,Green Motors Practices Group,greenmotors.org,,,,,,,,
Electrical Apparatus Service Association (EASA) Convention & Solutions Expo 2024,Electrical Apparatus Service Association (EASA) Convention & Solutions Expo,2024-06-23,Las Vegas,NV,Connex Industrial Corp,go-connex.com,,,,,,,,
Electrical Apparatus Service Association (EASA) Convention & Solutions Expo 2024,Electrical Apparatus Service Association (EASA) Convention & Solutions Expo,2024-06-23,Las Vegas,NV,Bmr Usa,bmr-usa.com,,,,,,,,
Electrical Apparatus Service Association (EASA) Convention & Solutions Expo 2024,Electrical Apparatus Service Association (EASA) Convention & Solutions Expo,2024-06-23,Las Vegas,NV,TT Electric,ttelectricusa.com,,,,,,,,
Electrical Apparatus Service Association (EASA) Convention & Solutions Expo 2024,Electrical Apparatus Service Association (EASA) Convention & Solutions Expo,2024-06-23,Las Vegas,NV,WEG S.A.,weg.net,,,,,,,,
Electrical Apparatus Service Association (EASA) Convention & Solutions Expo 2024,Electrical Apparatus Service Association (EASA) Convention & Solutions Expo,2024-06-23,Las Vegas,NV,Vaughen's Price Publishing CO,vaughens.com,,,,,,,,
Electrical Apparatus Service Association (EASA) Convention & Solutions Expo 2024,Electrical Apparatus Service Association (EASA) Convention & Solutions Expo,2024-06-23,Las Vegas,NV,"Barks Publications, Inc.",barks.com,,,,,,,,
Electrical Apparatus Service Association (EASA) Convention & Solutions Expo 2024,Electrical Apparatus Service Association (EASA) Convention & Solutions Expo,2024-06-23,Las Vegas,NV,Vibration Institute,vi-institute.org,,,,,,,,
Electrical Apparatus Service Association (EASA) Convention & Solutions Expo 2024,Electrical Apparatus Service Association (EASA) Convention & Solutions Expo,2024-06-23,Las Vegas,NV,Ganz Transformers and Electric Rotating Machines Ltd.,ganzelectric.com,,,,,,,,
Electrical Apparatus Service Association (EASA) Convention & Solutions Expo 2024,Electrical Apparatus Service Association (EASA) Convention & Solutions Expo,2024-06-23,Las Vegas,NV,Coiltec,coiltec.com,,,,,,,,
Electrical Apparatus Service Association (EASA) Convention & Solutions Expo 2024,Electrical Apparatus Service Association (EASA) Convention & Solutions Expo,2024-06-23,Las Vegas,NV,Martindale Electric Company,martindaleco.com,,,,,,,,
Electrical Apparatus Service Association (EASA) Convention & Solutions Expo 2024,Electrical Apparatus Service Association (EASA) Convention & Solutions Expo,2024-06-23,Las Vegas,NV,US Seal Inc,ussealmfg.com,,,,,,,,
Electrical Apparatus Service Association (EASA) Convention & Solutions Expo 2024,Electrical Apparatus Service Association (EASA) Convention & Solutions Expo,2024-06-23,Las Vegas,NV,"SensOS, LLC",sens-os.com,,,,,,,,
Electrical Apparatus Service Association (EASA) Convention & Solutions Expo 2024,Electrical Apparatus Service Association (EASA) Convention & Solutions Expo,2024-06-23,Las Vegas,NV,Rice Pump And Motor Repair,rpmshop.com,,,,,,,,
Electrical Apparatus Service Association (EASA) Convention & Solutions Expo 2024,Electrical Apparatus Service Association (EASA) Convention & Solutions Expo,2024-06-23,Las Vegas,NV,Coil Partners,coilpartners.com,,,,,,,,
Electrical Apparatus Service Association (EASA) Convention & Solutions Expo 2024,Electrical Apparatus Service Association (EASA) Convention & Solutions Expo,2024-06-23,Las Vegas,NV,BEM Testers,bemtesters.net,,,,,,,,
Electrical Apparatus Service Association (EASA) Convention & Solutions Expo 2024,Electrical Apparatus Service Association (EASA) Convention & Solutions Expo,2024-06-23,Las Vegas,NV,Cincinnati Babbitt Bearing,cinbab.com,,,,,,,,
Electrical Apparatus Service Association (EASA) Convention & Solutions Expo 2024,Electrical Apparatus Service Association (EASA) Convention & Solutions Expo,2024-06-23,Las Vegas,NV,Thermolex,thermolex.com,,,,,,,,
Electrical Apparatus Service Association (EASA) Convention & Solutions Expo 2024,Electrical Apparatus Service Association (EASA) Convention & Solutions Expo,2024-06-23,Las Vegas,NV,VibePro Powered by B&D Industrial,vibepro.com,,,,,,,,
Electrical Apparatus Service Association (EASA) Convention & Solutions Expo 2024,Electrical Apparatus Service Association (EASA) Convention & Solutions Expo,2024-06-23,Las Vegas,NV,Heartland Motors Inc.,heartland-motors.com,,,,,,,,
Electrical Apparatus Service Association (EASA) Convention & Solutions Expo 2024,Electrical Apparatus Service Association (EASA) Convention & Solutions Expo,2024-06-23,Las Vegas,NV,Toledo Commutator Co,toledocommutator.com,,,,,,,,
Electrical Apparatus Service Association (EASA) Convention & Solutions Expo 2024,Electrical Apparatus Service Association (EASA) Convention & Solutions Expo,2024-06-23,Las Vegas,NV,Power-Flo Pumps & Systems,powerflopumps.com,,,,,,,,
Electrical Apparatus Service Association (EASA) Convention & Solutions Expo 2024,Electrical Apparatus Service Association (EASA) Convention & Solutions Expo,2024-06-23,Las Vegas,NV,Jasper Electric Motors,jasperelectricmotorsinc.com,,,,,,,,
Electrical Apparatus Service Association (EASA) Convention & Solutions Expo 2024,Electrical Apparatus Service Association (EASA) Convention & Solutions Expo,2024-06-23,Las Vegas,NV,Drekan-Group,drekan.com,,,,,,,,
Electrical Apparatus Service Association (EASA) Convention & Solutions Expo 2024,Electrical Apparatus Service Association (EASA) Convention & Solutions Expo,2024-06-23,Las Vegas,NV,Ome C Motors,omecmotors.com,,,,,,,,
Electrical Apparatus Service Association (EASA) Convention & Solutions Expo 2024,Electrical Apparatus Service Association (EASA) Convention & Solutions Expo,2024-06-23,Las Vegas,NV,"Tianjin Santroll Electric Technology Co., Ltd.",santroll.com,,,,,,,,
Electrical Apparatus Service Association (EASA) Convention & Solutions Expo 2024,Electrical Apparatus Service Association (EASA) Convention & Solutions Expo,2024-06-23,Las Vegas,NV,Guspro Inc.,guspro.com,,,,,,,,
Electrical Apparatus Service Association (EASA) Convention & Solutions Expo 2024,Electrical Apparatus Service Association (EASA) Convention & Solutions Expo,2024-06-23,Las Vegas,NV,Electrowind,electro-wind.com,,,,,,,,
Electrical Apparatus Service Association (EASA) Convention & Solutions Expo 2024,Electrical Apparatus Service Association (EASA) Convention & Solutions Expo,2024-06-23,Las Vegas,NV,Electric Motor Coil Co.,emccltd.ca,,,,,,,,
Electrical Apparatus Service Association (EASA) Convention & Solutions Expo 2024,Electrical Apparatus Service Association (EASA) Convention & Solutions Expo,2024-06-23,Las Vegas,NV,Lafert North America,lafertna.com,,,,,,,,
Electrical Apparatus Service Association (EASA) Convention & Solutions Expo 2024,Electrical Apparatus Service Association (EASA) Convention & Solutions Expo,2024-06-23,Las Vegas,NV,Saftty,saftty.com,,,,,,,,
Electrical Apparatus Service Association (EASA) Convention & Solutions Expo 2024,Electrical Apparatus Service Association (EASA) Convention & Solutions Expo,2024-06-23,Las Vegas,NV,Insolutions,insolutions.global,,,,,,,,
Electrical Apparatus Service Association (EASA) Convention & Solutions Expo 2024,Electrical Apparatus Service Association (EASA) Convention & Solutions Expo,2024-06-23,Las Vegas,NV,Hf Motor,hfmotor.com.cn,,,,,,,,
Electrical Apparatus Service Association (EASA) Convention & Solutions Expo 2024,Electrical Apparatus Service Association (EASA) Convention & Solutions Expo,2024-06-23,Las Vegas,NV,Spartakus APM,apm.spartakustech.com,,,,,,,,
Electrical Apparatus Service Association (EASA) Convention & Solutions Expo 2024,Electrical Apparatus Service Association (EASA) Convention & Solutions Expo,2024-06-23,Las Vegas,NV,Eura Drives Flagship Products,euradrives.com,,,,,,,,
Electrical Apparatus Service Association (EASA) Convention & Solutions Expo 2024,Electrical Apparatus Service Association (EASA) Convention & Solutions Expo,2024-06-23,Las Vegas,NV,"Cixi Waylead Motor Manufacturing Co., Ltd.",waylead.com.cn,,,,,,,,
Electrical Apparatus Service Association (EASA) Convention & Solutions Expo 2024,Electrical Apparatus Service Association (EASA) Convention & Solutions Expo,2024-06-23,Las Vegas,NV,"EMZ Industries, Inc",emzmotor.com,,,,,,,,
Electrical Apparatus Service Association (EASA) Convention & Solutions Expo 2024,Electrical Apparatus Service Association (EASA) Convention & Solutions Expo,2024-06-23,Las Vegas,NV,"Anhui Wannan Electric Machine Co., Ltd.",wannanmotor.net,,,,,,,,
Electrical Apparatus Service Association (EASA) Convention & Solutions Expo 2024,Electrical Apparatus Service Association (EASA) Convention & Solutions Expo,2024-06-23,Las Vegas,NV,"Jinhua Dongda Pump Co., Ltd.",dongdapumps.com,,,,,,,,
Electrical Apparatus Service Association (EASA) Convention & Solutions Expo 2024,Electrical Apparatus Service Association (EASA) Convention & Solutions Expo,2024-06-23,Las Vegas,NV,Huanchi Bearing Group,hchbearing.com,,,,,,,,
Electrical Apparatus Service Association (EASA) Convention & Solutions Expo 2024,Electrical Apparatus Service Association (EASA) Convention & Solutions Expo,2024-06-23,Las Vegas,NV,Houghton International,houghton-international.com,,,,,,,,
Electrical Apparatus Service Association (EASA) Convention & Solutions Expo 2024,Electrical Apparatus Service Association (EASA) Convention & Solutions Expo,2024-06-23,Las Vegas,NV,"Glong Electric Co., Ltd.",glong-motor.com,,,,,,,,
